ARM GAS  C:\Users\Domagoj\AppData\Local\Temp\ccLVGXpg.s 			page 1


   1              		.cpu cortex-m0plus
   2              		.arch armv6s-m
   3              		.fpu softvfp
   4              		.eabi_attribute 20, 1
   5              		.eabi_attribute 21, 1
   6              		.eabi_attribute 23, 3
   7              		.eabi_attribute 24, 1
   8              		.eabi_attribute 25, 1
   9              		.eabi_attribute 26, 1
  10              		.eabi_attribute 30, 1
  11              		.eabi_attribute 34, 0
  12              		.eabi_attribute 18, 4
  13              		.file	"stm32g0xx_hal.c"
  14              		.text
  15              	.Ltext0:
  16              		.cfi_sections	.debug_frame
  17              		.file 1 "Drivers/STM32G0xx_HAL_Driver/Src/stm32g0xx_hal.c"
  18              		.section	.text.HAL_MspInit,"ax",%progbits
  19              		.align	1
  20              		.weak	HAL_MspInit
  21              		.syntax unified
  22              		.code	16
  23              		.thumb_func
  25              	HAL_MspInit:
  26              	.LFB365:
   1:Drivers/STM32G0xx_HAL_Driver/Src/stm32g0xx_hal.c **** /**
   2:Drivers/STM32G0xx_HAL_Driver/Src/stm32g0xx_hal.c ****   ******************************************************************************
   3:Drivers/STM32G0xx_HAL_Driver/Src/stm32g0xx_hal.c ****   * @file    stm32g0xx_hal.c
   4:Drivers/STM32G0xx_HAL_Driver/Src/stm32g0xx_hal.c ****   * @author  MCD Application Team
   5:Drivers/STM32G0xx_HAL_Driver/Src/stm32g0xx_hal.c ****   * @brief   HAL module driver.
   6:Drivers/STM32G0xx_HAL_Driver/Src/stm32g0xx_hal.c ****   *          This is the common part of the HAL initialization
   7:Drivers/STM32G0xx_HAL_Driver/Src/stm32g0xx_hal.c ****   *
   8:Drivers/STM32G0xx_HAL_Driver/Src/stm32g0xx_hal.c ****   ******************************************************************************
   9:Drivers/STM32G0xx_HAL_Driver/Src/stm32g0xx_hal.c ****   * @attention
  10:Drivers/STM32G0xx_HAL_Driver/Src/stm32g0xx_hal.c ****   *
  11:Drivers/STM32G0xx_HAL_Driver/Src/stm32g0xx_hal.c ****   * Copyright (c) 2018 STMicroelectronics. 
  12:Drivers/STM32G0xx_HAL_Driver/Src/stm32g0xx_hal.c ****   * All rights reserved.
  13:Drivers/STM32G0xx_HAL_Driver/Src/stm32g0xx_hal.c ****   *
  14:Drivers/STM32G0xx_HAL_Driver/Src/stm32g0xx_hal.c ****   * This software is licensed under terms that can be found in the LICENSE file
  15:Drivers/STM32G0xx_HAL_Driver/Src/stm32g0xx_hal.c ****   * in the root directory of this software component.
  16:Drivers/STM32G0xx_HAL_Driver/Src/stm32g0xx_hal.c ****   * If no LICENSE file comes with this software, it is provided AS-IS.
  17:Drivers/STM32G0xx_HAL_Driver/Src/stm32g0xx_hal.c ****   *
  18:Drivers/STM32G0xx_HAL_Driver/Src/stm32g0xx_hal.c ****   ******************************************************************************
  19:Drivers/STM32G0xx_HAL_Driver/Src/stm32g0xx_hal.c ****   @verbatim
  20:Drivers/STM32G0xx_HAL_Driver/Src/stm32g0xx_hal.c ****   ==============================================================================
  21:Drivers/STM32G0xx_HAL_Driver/Src/stm32g0xx_hal.c ****                      ##### How to use this driver #####
  22:Drivers/STM32G0xx_HAL_Driver/Src/stm32g0xx_hal.c ****   ==============================================================================
  23:Drivers/STM32G0xx_HAL_Driver/Src/stm32g0xx_hal.c ****     [..]
  24:Drivers/STM32G0xx_HAL_Driver/Src/stm32g0xx_hal.c ****     The common HAL driver contains a set of generic and common APIs that can be
  25:Drivers/STM32G0xx_HAL_Driver/Src/stm32g0xx_hal.c ****     used by the PPP peripheral drivers and the user to start using the HAL.
  26:Drivers/STM32G0xx_HAL_Driver/Src/stm32g0xx_hal.c ****     [..]
  27:Drivers/STM32G0xx_HAL_Driver/Src/stm32g0xx_hal.c ****     The HAL contains two APIs categories:
  28:Drivers/STM32G0xx_HAL_Driver/Src/stm32g0xx_hal.c ****          (+) Common HAL APIs
  29:Drivers/STM32G0xx_HAL_Driver/Src/stm32g0xx_hal.c ****          (+) Services HAL APIs
  30:Drivers/STM32G0xx_HAL_Driver/Src/stm32g0xx_hal.c **** 
  31:Drivers/STM32G0xx_HAL_Driver/Src/stm32g0xx_hal.c ****   @endverbatim
  32:Drivers/STM32G0xx_HAL_Driver/Src/stm32g0xx_hal.c ****   ******************************************************************************
ARM GAS  C:\Users\Domagoj\AppData\Local\Temp\ccLVGXpg.s 			page 2


  33:Drivers/STM32G0xx_HAL_Driver/Src/stm32g0xx_hal.c ****   */
  34:Drivers/STM32G0xx_HAL_Driver/Src/stm32g0xx_hal.c **** 
  35:Drivers/STM32G0xx_HAL_Driver/Src/stm32g0xx_hal.c **** /* Includes ------------------------------------------------------------------*/
  36:Drivers/STM32G0xx_HAL_Driver/Src/stm32g0xx_hal.c **** #include "stm32g0xx_hal.h"
  37:Drivers/STM32G0xx_HAL_Driver/Src/stm32g0xx_hal.c **** 
  38:Drivers/STM32G0xx_HAL_Driver/Src/stm32g0xx_hal.c **** /** @addtogroup STM32G0xx_HAL_Driver
  39:Drivers/STM32G0xx_HAL_Driver/Src/stm32g0xx_hal.c ****   * @{
  40:Drivers/STM32G0xx_HAL_Driver/Src/stm32g0xx_hal.c ****   */
  41:Drivers/STM32G0xx_HAL_Driver/Src/stm32g0xx_hal.c **** 
  42:Drivers/STM32G0xx_HAL_Driver/Src/stm32g0xx_hal.c **** /** @addtogroup HAL
  43:Drivers/STM32G0xx_HAL_Driver/Src/stm32g0xx_hal.c ****   * @brief HAL module driver
  44:Drivers/STM32G0xx_HAL_Driver/Src/stm32g0xx_hal.c ****   * @{
  45:Drivers/STM32G0xx_HAL_Driver/Src/stm32g0xx_hal.c ****   */
  46:Drivers/STM32G0xx_HAL_Driver/Src/stm32g0xx_hal.c **** 
  47:Drivers/STM32G0xx_HAL_Driver/Src/stm32g0xx_hal.c **** #ifdef HAL_MODULE_ENABLED
  48:Drivers/STM32G0xx_HAL_Driver/Src/stm32g0xx_hal.c **** 
  49:Drivers/STM32G0xx_HAL_Driver/Src/stm32g0xx_hal.c **** /* Private typedef -----------------------------------------------------------*/
  50:Drivers/STM32G0xx_HAL_Driver/Src/stm32g0xx_hal.c **** /* Private define ------------------------------------------------------------*/
  51:Drivers/STM32G0xx_HAL_Driver/Src/stm32g0xx_hal.c **** 
  52:Drivers/STM32G0xx_HAL_Driver/Src/stm32g0xx_hal.c **** /** @defgroup HAL_Private_Constants HAL Private Constants
  53:Drivers/STM32G0xx_HAL_Driver/Src/stm32g0xx_hal.c ****   * @{
  54:Drivers/STM32G0xx_HAL_Driver/Src/stm32g0xx_hal.c ****   */
  55:Drivers/STM32G0xx_HAL_Driver/Src/stm32g0xx_hal.c **** /**
  56:Drivers/STM32G0xx_HAL_Driver/Src/stm32g0xx_hal.c ****   * @brief STM32G0xx HAL Driver version number
  57:Drivers/STM32G0xx_HAL_Driver/Src/stm32g0xx_hal.c ****   */
  58:Drivers/STM32G0xx_HAL_Driver/Src/stm32g0xx_hal.c **** #define __STM32G0xx_HAL_VERSION_MAIN   (0x01UL) /*!< [31:24] main version */
  59:Drivers/STM32G0xx_HAL_Driver/Src/stm32g0xx_hal.c **** #define __STM32G0xx_HAL_VERSION_SUB1   (0x04UL) /*!< [23:16] sub1 version */
  60:Drivers/STM32G0xx_HAL_Driver/Src/stm32g0xx_hal.c **** #define __STM32G0xx_HAL_VERSION_SUB2   (0x07UL) /*!< [15:8]  sub2 version */
  61:Drivers/STM32G0xx_HAL_Driver/Src/stm32g0xx_hal.c **** #define __STM32G0xx_HAL_VERSION_RC     (0x00UL) /*!< [7:0]  release candidate */
  62:Drivers/STM32G0xx_HAL_Driver/Src/stm32g0xx_hal.c **** #define __STM32G0xx_HAL_VERSION         ((__STM32G0xx_HAL_VERSION_MAIN << 24UL)\
  63:Drivers/STM32G0xx_HAL_Driver/Src/stm32g0xx_hal.c ****                                         |(__STM32G0xx_HAL_VERSION_SUB1 << 16UL)\
  64:Drivers/STM32G0xx_HAL_Driver/Src/stm32g0xx_hal.c ****                                         |(__STM32G0xx_HAL_VERSION_SUB2 << 8UL )\
  65:Drivers/STM32G0xx_HAL_Driver/Src/stm32g0xx_hal.c ****                                         |(__STM32G0xx_HAL_VERSION_RC))
  66:Drivers/STM32G0xx_HAL_Driver/Src/stm32g0xx_hal.c **** 
  67:Drivers/STM32G0xx_HAL_Driver/Src/stm32g0xx_hal.c **** #if defined(VREFBUF)
  68:Drivers/STM32G0xx_HAL_Driver/Src/stm32g0xx_hal.c **** #define VREFBUF_TIMEOUT_VALUE     10U   /*!<  10 ms */
  69:Drivers/STM32G0xx_HAL_Driver/Src/stm32g0xx_hal.c **** #endif /* VREFBUF */
  70:Drivers/STM32G0xx_HAL_Driver/Src/stm32g0xx_hal.c **** 
  71:Drivers/STM32G0xx_HAL_Driver/Src/stm32g0xx_hal.c **** /**
  72:Drivers/STM32G0xx_HAL_Driver/Src/stm32g0xx_hal.c ****   * @}
  73:Drivers/STM32G0xx_HAL_Driver/Src/stm32g0xx_hal.c ****   */
  74:Drivers/STM32G0xx_HAL_Driver/Src/stm32g0xx_hal.c **** 
  75:Drivers/STM32G0xx_HAL_Driver/Src/stm32g0xx_hal.c **** /* Private macro -------------------------------------------------------------*/
  76:Drivers/STM32G0xx_HAL_Driver/Src/stm32g0xx_hal.c **** /* Exported variables ---------------------------------------------------------*/
  77:Drivers/STM32G0xx_HAL_Driver/Src/stm32g0xx_hal.c **** /** @defgroup HAL_Exported_Variables HAL Exported Variables
  78:Drivers/STM32G0xx_HAL_Driver/Src/stm32g0xx_hal.c ****   * @{
  79:Drivers/STM32G0xx_HAL_Driver/Src/stm32g0xx_hal.c ****   */
  80:Drivers/STM32G0xx_HAL_Driver/Src/stm32g0xx_hal.c **** __IO uint32_t uwTick;
  81:Drivers/STM32G0xx_HAL_Driver/Src/stm32g0xx_hal.c **** uint32_t uwTickPrio = (1UL << __NVIC_PRIO_BITS); /* Invalid PRIO */
  82:Drivers/STM32G0xx_HAL_Driver/Src/stm32g0xx_hal.c **** HAL_TickFreqTypeDef uwTickFreq = HAL_TICK_FREQ_DEFAULT;  /* 1KHz */
  83:Drivers/STM32G0xx_HAL_Driver/Src/stm32g0xx_hal.c **** /**
  84:Drivers/STM32G0xx_HAL_Driver/Src/stm32g0xx_hal.c ****   * @}
  85:Drivers/STM32G0xx_HAL_Driver/Src/stm32g0xx_hal.c ****   */
  86:Drivers/STM32G0xx_HAL_Driver/Src/stm32g0xx_hal.c **** 
  87:Drivers/STM32G0xx_HAL_Driver/Src/stm32g0xx_hal.c **** /* Private function prototypes -----------------------------------------------*/
  88:Drivers/STM32G0xx_HAL_Driver/Src/stm32g0xx_hal.c **** /* Exported functions --------------------------------------------------------*/
  89:Drivers/STM32G0xx_HAL_Driver/Src/stm32g0xx_hal.c **** 
ARM GAS  C:\Users\Domagoj\AppData\Local\Temp\ccLVGXpg.s 			page 3


  90:Drivers/STM32G0xx_HAL_Driver/Src/stm32g0xx_hal.c **** /** @addtogroup HAL_Exported_Functions
  91:Drivers/STM32G0xx_HAL_Driver/Src/stm32g0xx_hal.c ****   * @{
  92:Drivers/STM32G0xx_HAL_Driver/Src/stm32g0xx_hal.c ****   */
  93:Drivers/STM32G0xx_HAL_Driver/Src/stm32g0xx_hal.c **** 
  94:Drivers/STM32G0xx_HAL_Driver/Src/stm32g0xx_hal.c **** /** @addtogroup HAL_Exported_Functions_Group1
  95:Drivers/STM32G0xx_HAL_Driver/Src/stm32g0xx_hal.c ****  *  @brief    HAL Initialization and Configuration functions
  96:Drivers/STM32G0xx_HAL_Driver/Src/stm32g0xx_hal.c ****  *
  97:Drivers/STM32G0xx_HAL_Driver/Src/stm32g0xx_hal.c **** @verbatim
  98:Drivers/STM32G0xx_HAL_Driver/Src/stm32g0xx_hal.c ****  ===============================================================================
  99:Drivers/STM32G0xx_HAL_Driver/Src/stm32g0xx_hal.c ****            ##### HAL Initialization and Configuration functions #####
 100:Drivers/STM32G0xx_HAL_Driver/Src/stm32g0xx_hal.c ****  ===============================================================================
 101:Drivers/STM32G0xx_HAL_Driver/Src/stm32g0xx_hal.c ****     [..]  This section provides functions allowing to:
 102:Drivers/STM32G0xx_HAL_Driver/Src/stm32g0xx_hal.c ****       (+) Initialize the Flash interface the NVIC allocation and initial time base
 103:Drivers/STM32G0xx_HAL_Driver/Src/stm32g0xx_hal.c ****           clock configuration.
 104:Drivers/STM32G0xx_HAL_Driver/Src/stm32g0xx_hal.c ****       (+) De-initialize common part of the HAL.
 105:Drivers/STM32G0xx_HAL_Driver/Src/stm32g0xx_hal.c ****       (+) Configure the time base source to have 1ms time base with a dedicated
 106:Drivers/STM32G0xx_HAL_Driver/Src/stm32g0xx_hal.c ****           Tick interrupt priority.
 107:Drivers/STM32G0xx_HAL_Driver/Src/stm32g0xx_hal.c ****         (++) SysTick timer is used by default as source of time base, but user
 108:Drivers/STM32G0xx_HAL_Driver/Src/stm32g0xx_hal.c ****              can eventually implement his proper time base source (a general purpose
 109:Drivers/STM32G0xx_HAL_Driver/Src/stm32g0xx_hal.c ****              timer for example or other time source), keeping in mind that Time base
 110:Drivers/STM32G0xx_HAL_Driver/Src/stm32g0xx_hal.c ****              duration should be kept 1ms since PPP_TIMEOUT_VALUEs are defined and
 111:Drivers/STM32G0xx_HAL_Driver/Src/stm32g0xx_hal.c ****              handled in milliseconds basis.
 112:Drivers/STM32G0xx_HAL_Driver/Src/stm32g0xx_hal.c ****         (++) Time base configuration function (HAL_InitTick ()) is called automatically
 113:Drivers/STM32G0xx_HAL_Driver/Src/stm32g0xx_hal.c ****              at the beginning of the program after reset by HAL_Init() or at any time
 114:Drivers/STM32G0xx_HAL_Driver/Src/stm32g0xx_hal.c ****              when clock is configured, by HAL_RCC_ClockConfig().
 115:Drivers/STM32G0xx_HAL_Driver/Src/stm32g0xx_hal.c ****         (++) Source of time base is configured  to generate interrupts at regular
 116:Drivers/STM32G0xx_HAL_Driver/Src/stm32g0xx_hal.c ****              time intervals. Care must be taken if HAL_Delay() is called from a
 117:Drivers/STM32G0xx_HAL_Driver/Src/stm32g0xx_hal.c ****              peripheral ISR process, the Tick interrupt line must have higher priority
 118:Drivers/STM32G0xx_HAL_Driver/Src/stm32g0xx_hal.c ****             (numerically lower) than the peripheral interrupt. Otherwise the caller
 119:Drivers/STM32G0xx_HAL_Driver/Src/stm32g0xx_hal.c ****             ISR process will be blocked.
 120:Drivers/STM32G0xx_HAL_Driver/Src/stm32g0xx_hal.c ****        (++) functions affecting time base configurations are declared as __weak
 121:Drivers/STM32G0xx_HAL_Driver/Src/stm32g0xx_hal.c ****              to make  override possible  in case of other  implementations in user file.
 122:Drivers/STM32G0xx_HAL_Driver/Src/stm32g0xx_hal.c **** @endverbatim
 123:Drivers/STM32G0xx_HAL_Driver/Src/stm32g0xx_hal.c ****   * @{
 124:Drivers/STM32G0xx_HAL_Driver/Src/stm32g0xx_hal.c ****   */
 125:Drivers/STM32G0xx_HAL_Driver/Src/stm32g0xx_hal.c **** 
 126:Drivers/STM32G0xx_HAL_Driver/Src/stm32g0xx_hal.c **** /**
 127:Drivers/STM32G0xx_HAL_Driver/Src/stm32g0xx_hal.c ****   * @brief  Configure the Flash prefetch and the Instruction cache,
 128:Drivers/STM32G0xx_HAL_Driver/Src/stm32g0xx_hal.c ****   *         the time base source, NVIC and any required global low level hardware
 129:Drivers/STM32G0xx_HAL_Driver/Src/stm32g0xx_hal.c ****   *         by calling the HAL_MspInit() callback function to be optionally defined in user file
 130:Drivers/STM32G0xx_HAL_Driver/Src/stm32g0xx_hal.c ****   *         stm32g0xx_hal_msp.c.
 131:Drivers/STM32G0xx_HAL_Driver/Src/stm32g0xx_hal.c ****   *
 132:Drivers/STM32G0xx_HAL_Driver/Src/stm32g0xx_hal.c ****   * @note   HAL_Init() function is called at the beginning of program after reset and before
 133:Drivers/STM32G0xx_HAL_Driver/Src/stm32g0xx_hal.c ****   *         the clock configuration.
 134:Drivers/STM32G0xx_HAL_Driver/Src/stm32g0xx_hal.c ****   *
 135:Drivers/STM32G0xx_HAL_Driver/Src/stm32g0xx_hal.c ****   * @note   In the default implementation the System Timer (Systick) is used as source of time base
 136:Drivers/STM32G0xx_HAL_Driver/Src/stm32g0xx_hal.c ****   *         The Systick configuration is based on HSI clock, as HSI is the clock
 137:Drivers/STM32G0xx_HAL_Driver/Src/stm32g0xx_hal.c ****   *         used after a system Reset.
 138:Drivers/STM32G0xx_HAL_Driver/Src/stm32g0xx_hal.c ****   *         Once done, time base tick starts incrementing: the tick variable counter is incremented
 139:Drivers/STM32G0xx_HAL_Driver/Src/stm32g0xx_hal.c ****   *         each 1ms in the SysTick_Handler() interrupt handler.
 140:Drivers/STM32G0xx_HAL_Driver/Src/stm32g0xx_hal.c ****   *
 141:Drivers/STM32G0xx_HAL_Driver/Src/stm32g0xx_hal.c ****   * @retval HAL status
 142:Drivers/STM32G0xx_HAL_Driver/Src/stm32g0xx_hal.c ****   */
 143:Drivers/STM32G0xx_HAL_Driver/Src/stm32g0xx_hal.c **** HAL_StatusTypeDef HAL_Init(void)
 144:Drivers/STM32G0xx_HAL_Driver/Src/stm32g0xx_hal.c **** {
 145:Drivers/STM32G0xx_HAL_Driver/Src/stm32g0xx_hal.c ****   HAL_StatusTypeDef  status = HAL_OK;
 146:Drivers/STM32G0xx_HAL_Driver/Src/stm32g0xx_hal.c **** 
ARM GAS  C:\Users\Domagoj\AppData\Local\Temp\ccLVGXpg.s 			page 4


 147:Drivers/STM32G0xx_HAL_Driver/Src/stm32g0xx_hal.c ****   /* Configure Flash prefetch, Instruction cache             */
 148:Drivers/STM32G0xx_HAL_Driver/Src/stm32g0xx_hal.c ****   /* Default configuration at reset is:                      */
 149:Drivers/STM32G0xx_HAL_Driver/Src/stm32g0xx_hal.c ****   /* - Prefetch disabled                                     */
 150:Drivers/STM32G0xx_HAL_Driver/Src/stm32g0xx_hal.c ****   /* - Instruction cache enabled                             */
 151:Drivers/STM32G0xx_HAL_Driver/Src/stm32g0xx_hal.c **** 
 152:Drivers/STM32G0xx_HAL_Driver/Src/stm32g0xx_hal.c **** #if (INSTRUCTION_CACHE_ENABLE == 0U)
 153:Drivers/STM32G0xx_HAL_Driver/Src/stm32g0xx_hal.c ****   __HAL_FLASH_INSTRUCTION_CACHE_DISABLE();
 154:Drivers/STM32G0xx_HAL_Driver/Src/stm32g0xx_hal.c **** #endif /* INSTRUCTION_CACHE_ENABLE */
 155:Drivers/STM32G0xx_HAL_Driver/Src/stm32g0xx_hal.c **** 
 156:Drivers/STM32G0xx_HAL_Driver/Src/stm32g0xx_hal.c **** #if (PREFETCH_ENABLE != 0U)
 157:Drivers/STM32G0xx_HAL_Driver/Src/stm32g0xx_hal.c ****   __HAL_FLASH_PREFETCH_BUFFER_ENABLE();
 158:Drivers/STM32G0xx_HAL_Driver/Src/stm32g0xx_hal.c **** #endif /* PREFETCH_ENABLE */
 159:Drivers/STM32G0xx_HAL_Driver/Src/stm32g0xx_hal.c **** 
 160:Drivers/STM32G0xx_HAL_Driver/Src/stm32g0xx_hal.c ****   /* Use SysTick as time base source and configure 1ms tick (default clock after Reset is HSI) */
 161:Drivers/STM32G0xx_HAL_Driver/Src/stm32g0xx_hal.c ****   if (HAL_InitTick(TICK_INT_PRIORITY) != HAL_OK)
 162:Drivers/STM32G0xx_HAL_Driver/Src/stm32g0xx_hal.c ****   {
 163:Drivers/STM32G0xx_HAL_Driver/Src/stm32g0xx_hal.c ****     status = HAL_ERROR;
 164:Drivers/STM32G0xx_HAL_Driver/Src/stm32g0xx_hal.c ****   }
 165:Drivers/STM32G0xx_HAL_Driver/Src/stm32g0xx_hal.c ****   else
 166:Drivers/STM32G0xx_HAL_Driver/Src/stm32g0xx_hal.c ****   {
 167:Drivers/STM32G0xx_HAL_Driver/Src/stm32g0xx_hal.c ****   /* Init the low level hardware */
 168:Drivers/STM32G0xx_HAL_Driver/Src/stm32g0xx_hal.c ****   HAL_MspInit();
 169:Drivers/STM32G0xx_HAL_Driver/Src/stm32g0xx_hal.c ****   }
 170:Drivers/STM32G0xx_HAL_Driver/Src/stm32g0xx_hal.c **** 
 171:Drivers/STM32G0xx_HAL_Driver/Src/stm32g0xx_hal.c ****   /* Return function status */
 172:Drivers/STM32G0xx_HAL_Driver/Src/stm32g0xx_hal.c ****   return status;
 173:Drivers/STM32G0xx_HAL_Driver/Src/stm32g0xx_hal.c **** }
 174:Drivers/STM32G0xx_HAL_Driver/Src/stm32g0xx_hal.c **** 
 175:Drivers/STM32G0xx_HAL_Driver/Src/stm32g0xx_hal.c **** /**
 176:Drivers/STM32G0xx_HAL_Driver/Src/stm32g0xx_hal.c ****   * @brief  This function de-Initializes common part of the HAL and stops the source of time base.
 177:Drivers/STM32G0xx_HAL_Driver/Src/stm32g0xx_hal.c ****   * @note   This function is optional.
 178:Drivers/STM32G0xx_HAL_Driver/Src/stm32g0xx_hal.c ****   * @retval HAL status
 179:Drivers/STM32G0xx_HAL_Driver/Src/stm32g0xx_hal.c ****   */
 180:Drivers/STM32G0xx_HAL_Driver/Src/stm32g0xx_hal.c **** HAL_StatusTypeDef HAL_DeInit(void)
 181:Drivers/STM32G0xx_HAL_Driver/Src/stm32g0xx_hal.c **** {
 182:Drivers/STM32G0xx_HAL_Driver/Src/stm32g0xx_hal.c ****   /* Reset of all peripherals */
 183:Drivers/STM32G0xx_HAL_Driver/Src/stm32g0xx_hal.c ****   __HAL_RCC_APB1_FORCE_RESET();
 184:Drivers/STM32G0xx_HAL_Driver/Src/stm32g0xx_hal.c ****   __HAL_RCC_APB1_RELEASE_RESET();
 185:Drivers/STM32G0xx_HAL_Driver/Src/stm32g0xx_hal.c **** 
 186:Drivers/STM32G0xx_HAL_Driver/Src/stm32g0xx_hal.c ****   __HAL_RCC_APB2_FORCE_RESET();
 187:Drivers/STM32G0xx_HAL_Driver/Src/stm32g0xx_hal.c ****   __HAL_RCC_APB2_RELEASE_RESET();
 188:Drivers/STM32G0xx_HAL_Driver/Src/stm32g0xx_hal.c **** 
 189:Drivers/STM32G0xx_HAL_Driver/Src/stm32g0xx_hal.c ****   __HAL_RCC_AHB_FORCE_RESET();
 190:Drivers/STM32G0xx_HAL_Driver/Src/stm32g0xx_hal.c ****   __HAL_RCC_AHB_RELEASE_RESET();
 191:Drivers/STM32G0xx_HAL_Driver/Src/stm32g0xx_hal.c **** 
 192:Drivers/STM32G0xx_HAL_Driver/Src/stm32g0xx_hal.c ****   __HAL_RCC_IOP_FORCE_RESET();
 193:Drivers/STM32G0xx_HAL_Driver/Src/stm32g0xx_hal.c ****   __HAL_RCC_IOP_RELEASE_RESET();
 194:Drivers/STM32G0xx_HAL_Driver/Src/stm32g0xx_hal.c **** 
 195:Drivers/STM32G0xx_HAL_Driver/Src/stm32g0xx_hal.c ****   /* De-Init the low level hardware */
 196:Drivers/STM32G0xx_HAL_Driver/Src/stm32g0xx_hal.c ****   HAL_MspDeInit();
 197:Drivers/STM32G0xx_HAL_Driver/Src/stm32g0xx_hal.c **** 
 198:Drivers/STM32G0xx_HAL_Driver/Src/stm32g0xx_hal.c ****   /* Return function status */
 199:Drivers/STM32G0xx_HAL_Driver/Src/stm32g0xx_hal.c ****   return HAL_OK;
 200:Drivers/STM32G0xx_HAL_Driver/Src/stm32g0xx_hal.c **** }
 201:Drivers/STM32G0xx_HAL_Driver/Src/stm32g0xx_hal.c **** 
 202:Drivers/STM32G0xx_HAL_Driver/Src/stm32g0xx_hal.c **** /**
 203:Drivers/STM32G0xx_HAL_Driver/Src/stm32g0xx_hal.c ****   * @brief  Initialize the MSP.
ARM GAS  C:\Users\Domagoj\AppData\Local\Temp\ccLVGXpg.s 			page 5


 204:Drivers/STM32G0xx_HAL_Driver/Src/stm32g0xx_hal.c ****   * @retval None
 205:Drivers/STM32G0xx_HAL_Driver/Src/stm32g0xx_hal.c ****   */
 206:Drivers/STM32G0xx_HAL_Driver/Src/stm32g0xx_hal.c **** __weak void HAL_MspInit(void)
 207:Drivers/STM32G0xx_HAL_Driver/Src/stm32g0xx_hal.c **** {
  27              		.loc 1 207 1 view -0
  28              		.cfi_startproc
  29              		@ args = 0, pretend = 0, frame = 0
  30              		@ frame_needed = 0, uses_anonymous_args = 0
  31              		@ link register save eliminated.
 208:Drivers/STM32G0xx_HAL_Driver/Src/stm32g0xx_hal.c ****   /* NOTE : This function should not be modified, when the callback is needed,
 209:Drivers/STM32G0xx_HAL_Driver/Src/stm32g0xx_hal.c ****             the HAL_MspInit could be implemented in the user file
 210:Drivers/STM32G0xx_HAL_Driver/Src/stm32g0xx_hal.c ****    */
 211:Drivers/STM32G0xx_HAL_Driver/Src/stm32g0xx_hal.c **** }
  32              		.loc 1 211 1 view .LVU1
  33              		@ sp needed
  34 0000 7047     		bx	lr
  35              		.cfi_endproc
  36              	.LFE365:
  38              		.section	.text.HAL_MspDeInit,"ax",%progbits
  39              		.align	1
  40              		.weak	HAL_MspDeInit
  41              		.syntax unified
  42              		.code	16
  43              		.thumb_func
  45              	HAL_MspDeInit:
  46              	.LFB366:
 212:Drivers/STM32G0xx_HAL_Driver/Src/stm32g0xx_hal.c **** 
 213:Drivers/STM32G0xx_HAL_Driver/Src/stm32g0xx_hal.c **** /**
 214:Drivers/STM32G0xx_HAL_Driver/Src/stm32g0xx_hal.c ****   * @brief  DeInitializes the MSP.
 215:Drivers/STM32G0xx_HAL_Driver/Src/stm32g0xx_hal.c ****   * @retval None
 216:Drivers/STM32G0xx_HAL_Driver/Src/stm32g0xx_hal.c ****   */
 217:Drivers/STM32G0xx_HAL_Driver/Src/stm32g0xx_hal.c **** __weak void HAL_MspDeInit(void)
 218:Drivers/STM32G0xx_HAL_Driver/Src/stm32g0xx_hal.c **** {
  47              		.loc 1 218 1 view -0
  48              		.cfi_startproc
  49              		@ args = 0, pretend = 0, frame = 0
  50              		@ frame_needed = 0, uses_anonymous_args = 0
  51              		@ link register save eliminated.
 219:Drivers/STM32G0xx_HAL_Driver/Src/stm32g0xx_hal.c ****   /* NOTE : This function should not be modified, when the callback is needed,
 220:Drivers/STM32G0xx_HAL_Driver/Src/stm32g0xx_hal.c ****             the HAL_MspDeInit could be implemented in the user file
 221:Drivers/STM32G0xx_HAL_Driver/Src/stm32g0xx_hal.c ****    */
 222:Drivers/STM32G0xx_HAL_Driver/Src/stm32g0xx_hal.c **** }
  52              		.loc 1 222 1 view .LVU3
  53              		@ sp needed
  54 0000 7047     		bx	lr
  55              		.cfi_endproc
  56              	.LFE366:
  58              		.section	.text.HAL_DeInit,"ax",%progbits
  59              		.align	1
  60              		.global	HAL_DeInit
  61              		.syntax unified
  62              		.code	16
  63              		.thumb_func
  65              	HAL_DeInit:
  66              	.LFB364:
 181:Drivers/STM32G0xx_HAL_Driver/Src/stm32g0xx_hal.c ****   /* Reset of all peripherals */
  67              		.loc 1 181 1 view -0
ARM GAS  C:\Users\Domagoj\AppData\Local\Temp\ccLVGXpg.s 			page 6


  68              		.cfi_startproc
  69              		@ args = 0, pretend = 0, frame = 0
  70              		@ frame_needed = 0, uses_anonymous_args = 0
  71 0000 10B5     		push	{r4, lr}
  72              	.LCFI0:
  73              		.cfi_def_cfa_offset 8
  74              		.cfi_offset 4, -8
  75              		.cfi_offset 14, -4
 183:Drivers/STM32G0xx_HAL_Driver/Src/stm32g0xx_hal.c ****   __HAL_RCC_APB1_RELEASE_RESET();
  76              		.loc 1 183 3 view .LVU5
  77 0002 084B     		ldr	r3, .L4
  78 0004 0121     		movs	r1, #1
  79 0006 4942     		rsbs	r1, r1, #0
  80 0008 D962     		str	r1, [r3, #44]
 184:Drivers/STM32G0xx_HAL_Driver/Src/stm32g0xx_hal.c **** 
  81              		.loc 1 184 3 view .LVU6
  82 000a 0022     		movs	r2, #0
  83 000c DA62     		str	r2, [r3, #44]
 186:Drivers/STM32G0xx_HAL_Driver/Src/stm32g0xx_hal.c ****   __HAL_RCC_APB2_RELEASE_RESET();
  84              		.loc 1 186 3 view .LVU7
  85 000e 1963     		str	r1, [r3, #48]
 187:Drivers/STM32G0xx_HAL_Driver/Src/stm32g0xx_hal.c **** 
  86              		.loc 1 187 3 view .LVU8
  87 0010 1A63     		str	r2, [r3, #48]
 189:Drivers/STM32G0xx_HAL_Driver/Src/stm32g0xx_hal.c ****   __HAL_RCC_AHB_RELEASE_RESET();
  88              		.loc 1 189 3 view .LVU9
  89 0012 9962     		str	r1, [r3, #40]
 190:Drivers/STM32G0xx_HAL_Driver/Src/stm32g0xx_hal.c **** 
  90              		.loc 1 190 3 view .LVU10
  91 0014 9A62     		str	r2, [r3, #40]
 192:Drivers/STM32G0xx_HAL_Driver/Src/stm32g0xx_hal.c ****   __HAL_RCC_IOP_RELEASE_RESET();
  92              		.loc 1 192 3 view .LVU11
  93 0016 5962     		str	r1, [r3, #36]
 193:Drivers/STM32G0xx_HAL_Driver/Src/stm32g0xx_hal.c **** 
  94              		.loc 1 193 3 view .LVU12
  95 0018 5A62     		str	r2, [r3, #36]
 196:Drivers/STM32G0xx_HAL_Driver/Src/stm32g0xx_hal.c **** 
  96              		.loc 1 196 3 view .LVU13
  97 001a FFF7FEFF 		bl	HAL_MspDeInit
  98              	.LVL0:
 199:Drivers/STM32G0xx_HAL_Driver/Src/stm32g0xx_hal.c **** }
  99              		.loc 1 199 3 view .LVU14
 200:Drivers/STM32G0xx_HAL_Driver/Src/stm32g0xx_hal.c **** 
 100              		.loc 1 200 1 is_stmt 0 view .LVU15
 101 001e 0020     		movs	r0, #0
 102              		@ sp needed
 103 0020 10BD     		pop	{r4, pc}
 104              	.L5:
 105 0022 C046     		.align	2
 106              	.L4:
 107 0024 00100240 		.word	1073876992
 108              		.cfi_endproc
 109              	.LFE364:
 111              		.section	.text.HAL_InitTick,"ax",%progbits
 112              		.align	1
 113              		.weak	HAL_InitTick
 114              		.syntax unified
ARM GAS  C:\Users\Domagoj\AppData\Local\Temp\ccLVGXpg.s 			page 7


 115              		.code	16
 116              		.thumb_func
 118              	HAL_InitTick:
 119              	.LVL1:
 120              	.LFB367:
 223:Drivers/STM32G0xx_HAL_Driver/Src/stm32g0xx_hal.c **** 
 224:Drivers/STM32G0xx_HAL_Driver/Src/stm32g0xx_hal.c **** /**
 225:Drivers/STM32G0xx_HAL_Driver/Src/stm32g0xx_hal.c ****   * @brief This function configures the source of the time base:
 226:Drivers/STM32G0xx_HAL_Driver/Src/stm32g0xx_hal.c ****   *        The time source is configured  to have 1ms time base with a dedicated
 227:Drivers/STM32G0xx_HAL_Driver/Src/stm32g0xx_hal.c ****   *        Tick interrupt priority.
 228:Drivers/STM32G0xx_HAL_Driver/Src/stm32g0xx_hal.c ****   * @note This function is called  automatically at the beginning of program after
 229:Drivers/STM32G0xx_HAL_Driver/Src/stm32g0xx_hal.c ****   *       reset by HAL_Init() or at any time when clock is reconfigured  by HAL_RCC_ClockConfig().
 230:Drivers/STM32G0xx_HAL_Driver/Src/stm32g0xx_hal.c ****   * @note In the default implementation, SysTick timer is the source of time base.
 231:Drivers/STM32G0xx_HAL_Driver/Src/stm32g0xx_hal.c ****   *       It is used to generate interrupts at regular time intervals.
 232:Drivers/STM32G0xx_HAL_Driver/Src/stm32g0xx_hal.c ****   *       Care must be taken if HAL_Delay() is called from a peripheral ISR process,
 233:Drivers/STM32G0xx_HAL_Driver/Src/stm32g0xx_hal.c ****   *       The SysTick interrupt must have higher priority (numerically lower)
 234:Drivers/STM32G0xx_HAL_Driver/Src/stm32g0xx_hal.c ****   *       than the peripheral interrupt. Otherwise the caller ISR process will be blocked.
 235:Drivers/STM32G0xx_HAL_Driver/Src/stm32g0xx_hal.c ****   *       The function is declared as __weak  to be overwritten  in case of other
 236:Drivers/STM32G0xx_HAL_Driver/Src/stm32g0xx_hal.c ****   *       implementation  in user file.
 237:Drivers/STM32G0xx_HAL_Driver/Src/stm32g0xx_hal.c ****   * @param TickPriority Tick interrupt priority.
 238:Drivers/STM32G0xx_HAL_Driver/Src/stm32g0xx_hal.c ****   * @retval HAL status
 239:Drivers/STM32G0xx_HAL_Driver/Src/stm32g0xx_hal.c ****   */
 240:Drivers/STM32G0xx_HAL_Driver/Src/stm32g0xx_hal.c **** __weak HAL_StatusTypeDef HAL_InitTick(uint32_t TickPriority)
 241:Drivers/STM32G0xx_HAL_Driver/Src/stm32g0xx_hal.c **** {
 121              		.loc 1 241 1 is_stmt 1 view -0
 122              		.cfi_startproc
 123              		@ args = 0, pretend = 0, frame = 0
 124              		@ frame_needed = 0, uses_anonymous_args = 0
 125              		.loc 1 241 1 is_stmt 0 view .LVU17
 126 0000 70B5     		push	{r4, r5, r6, lr}
 127              	.LCFI1:
 128              		.cfi_def_cfa_offset 16
 129              		.cfi_offset 4, -16
 130              		.cfi_offset 5, -12
 131              		.cfi_offset 6, -8
 132              		.cfi_offset 14, -4
 133 0002 0400     		movs	r4, r0
 242:Drivers/STM32G0xx_HAL_Driver/Src/stm32g0xx_hal.c ****   HAL_StatusTypeDef  status = HAL_OK;
 134              		.loc 1 242 3 is_stmt 1 view .LVU18
 135              	.LVL2:
 243:Drivers/STM32G0xx_HAL_Driver/Src/stm32g0xx_hal.c **** 
 244:Drivers/STM32G0xx_HAL_Driver/Src/stm32g0xx_hal.c ****   /* Check uwTickFreq for MisraC 2012 (even if uwTickFreq is a enum type that doesn't take the valu
 245:Drivers/STM32G0xx_HAL_Driver/Src/stm32g0xx_hal.c ****   if ((uint32_t)uwTickFreq != 0U)
 136              		.loc 1 245 3 view .LVU19
 137              		.loc 1 245 28 is_stmt 0 view .LVU20
 138 0004 114B     		ldr	r3, .L13
 139 0006 1978     		ldrb	r1, [r3]
 140              		.loc 1 245 6 view .LVU21
 141 0008 0029     		cmp	r1, #0
 142 000a 01D1     		bne	.L11
 246:Drivers/STM32G0xx_HAL_Driver/Src/stm32g0xx_hal.c ****   {
 247:Drivers/STM32G0xx_HAL_Driver/Src/stm32g0xx_hal.c ****     /*Configure the SysTick to have interrupt in 1ms time basis*/
 248:Drivers/STM32G0xx_HAL_Driver/Src/stm32g0xx_hal.c ****     if (HAL_SYSTICK_Config(SystemCoreClock / (1000U /(uint32_t)uwTickFreq)) == 0U)
 249:Drivers/STM32G0xx_HAL_Driver/Src/stm32g0xx_hal.c ****     {
 250:Drivers/STM32G0xx_HAL_Driver/Src/stm32g0xx_hal.c ****       /* Configure the SysTick IRQ priority */
 251:Drivers/STM32G0xx_HAL_Driver/Src/stm32g0xx_hal.c ****       if (TickPriority < (1UL << __NVIC_PRIO_BITS))
 252:Drivers/STM32G0xx_HAL_Driver/Src/stm32g0xx_hal.c ****       {
ARM GAS  C:\Users\Domagoj\AppData\Local\Temp\ccLVGXpg.s 			page 8


 253:Drivers/STM32G0xx_HAL_Driver/Src/stm32g0xx_hal.c ****         HAL_NVIC_SetPriority(SysTick_IRQn, TickPriority, 0U);
 254:Drivers/STM32G0xx_HAL_Driver/Src/stm32g0xx_hal.c ****         uwTickPrio = TickPriority;
 255:Drivers/STM32G0xx_HAL_Driver/Src/stm32g0xx_hal.c ****       }
 256:Drivers/STM32G0xx_HAL_Driver/Src/stm32g0xx_hal.c ****       else
 257:Drivers/STM32G0xx_HAL_Driver/Src/stm32g0xx_hal.c ****       {
 258:Drivers/STM32G0xx_HAL_Driver/Src/stm32g0xx_hal.c ****         status = HAL_ERROR;
 259:Drivers/STM32G0xx_HAL_Driver/Src/stm32g0xx_hal.c ****       }
 260:Drivers/STM32G0xx_HAL_Driver/Src/stm32g0xx_hal.c ****     }
 261:Drivers/STM32G0xx_HAL_Driver/Src/stm32g0xx_hal.c ****     else
 262:Drivers/STM32G0xx_HAL_Driver/Src/stm32g0xx_hal.c ****     {
 263:Drivers/STM32G0xx_HAL_Driver/Src/stm32g0xx_hal.c ****       status = HAL_ERROR;
 264:Drivers/STM32G0xx_HAL_Driver/Src/stm32g0xx_hal.c ****     }
 265:Drivers/STM32G0xx_HAL_Driver/Src/stm32g0xx_hal.c ****   }
 266:Drivers/STM32G0xx_HAL_Driver/Src/stm32g0xx_hal.c ****   else
 267:Drivers/STM32G0xx_HAL_Driver/Src/stm32g0xx_hal.c ****   {
 268:Drivers/STM32G0xx_HAL_Driver/Src/stm32g0xx_hal.c ****     status = HAL_ERROR;
 143              		.loc 1 268 12 view .LVU22
 144 000c 0120     		movs	r0, #1
 145              	.LVL3:
 146              	.L7:
 269:Drivers/STM32G0xx_HAL_Driver/Src/stm32g0xx_hal.c ****   }
 270:Drivers/STM32G0xx_HAL_Driver/Src/stm32g0xx_hal.c **** 
 271:Drivers/STM32G0xx_HAL_Driver/Src/stm32g0xx_hal.c ****   /* Return function status */
 272:Drivers/STM32G0xx_HAL_Driver/Src/stm32g0xx_hal.c ****   return status;
 147              		.loc 1 272 3 is_stmt 1 view .LVU23
 273:Drivers/STM32G0xx_HAL_Driver/Src/stm32g0xx_hal.c **** }
 148              		.loc 1 273 1 is_stmt 0 view .LVU24
 149              		@ sp needed
 150              	.LVL4:
 151              		.loc 1 273 1 view .LVU25
 152 000e 70BD     		pop	{r4, r5, r6, pc}
 153              	.LVL5:
 154              	.L11:
 248:Drivers/STM32G0xx_HAL_Driver/Src/stm32g0xx_hal.c ****     {
 155              		.loc 1 248 5 is_stmt 1 view .LVU26
 248:Drivers/STM32G0xx_HAL_Driver/Src/stm32g0xx_hal.c ****     {
 156              		.loc 1 248 9 is_stmt 0 view .LVU27
 157 0010 0F4B     		ldr	r3, .L13+4
 158 0012 1D68     		ldr	r5, [r3]
 248:Drivers/STM32G0xx_HAL_Driver/Src/stm32g0xx_hal.c ****     {
 159              		.loc 1 248 53 view .LVU28
 160 0014 FA20     		movs	r0, #250
 161              	.LVL6:
 248:Drivers/STM32G0xx_HAL_Driver/Src/stm32g0xx_hal.c ****     {
 162              		.loc 1 248 53 view .LVU29
 163 0016 8000     		lsls	r0, r0, #2
 164 0018 FFF7FEFF 		bl	__aeabi_uidiv
 165              	.LVL7:
 166 001c 0100     		movs	r1, r0
 248:Drivers/STM32G0xx_HAL_Driver/Src/stm32g0xx_hal.c ****     {
 167              		.loc 1 248 44 view .LVU30
 168 001e 2800     		movs	r0, r5
 169 0020 FFF7FEFF 		bl	__aeabi_uidiv
 170              	.LVL8:
 248:Drivers/STM32G0xx_HAL_Driver/Src/stm32g0xx_hal.c ****     {
 171              		.loc 1 248 9 view .LVU31
 172 0024 FFF7FEFF 		bl	HAL_SYSTICK_Config
ARM GAS  C:\Users\Domagoj\AppData\Local\Temp\ccLVGXpg.s 			page 9


 173              	.LVL9:
 248:Drivers/STM32G0xx_HAL_Driver/Src/stm32g0xx_hal.c ****     {
 174              		.loc 1 248 8 discriminator 1 view .LVU32
 175 0028 0028     		cmp	r0, #0
 176 002a 0DD1     		bne	.L9
 251:Drivers/STM32G0xx_HAL_Driver/Src/stm32g0xx_hal.c ****       {
 177              		.loc 1 251 7 is_stmt 1 view .LVU33
 251:Drivers/STM32G0xx_HAL_Driver/Src/stm32g0xx_hal.c ****       {
 178              		.loc 1 251 10 is_stmt 0 view .LVU34
 179 002c 032C     		cmp	r4, #3
 180 002e 01D9     		bls	.L12
 258:Drivers/STM32G0xx_HAL_Driver/Src/stm32g0xx_hal.c ****       }
 181              		.loc 1 258 16 view .LVU35
 182 0030 0120     		movs	r0, #1
 183 0032 ECE7     		b	.L7
 184              	.L12:
 253:Drivers/STM32G0xx_HAL_Driver/Src/stm32g0xx_hal.c ****         uwTickPrio = TickPriority;
 185              		.loc 1 253 9 is_stmt 1 view .LVU36
 186 0034 0130     		adds	r0, r0, #1
 187 0036 0022     		movs	r2, #0
 188 0038 2100     		movs	r1, r4
 189 003a 4042     		rsbs	r0, r0, #0
 190 003c FFF7FEFF 		bl	HAL_NVIC_SetPriority
 191              	.LVL10:
 254:Drivers/STM32G0xx_HAL_Driver/Src/stm32g0xx_hal.c ****       }
 192              		.loc 1 254 9 view .LVU37
 254:Drivers/STM32G0xx_HAL_Driver/Src/stm32g0xx_hal.c ****       }
 193              		.loc 1 254 20 is_stmt 0 view .LVU38
 194 0040 044B     		ldr	r3, .L13+8
 195 0042 1C60     		str	r4, [r3]
 242:Drivers/STM32G0xx_HAL_Driver/Src/stm32g0xx_hal.c **** 
 196              		.loc 1 242 22 view .LVU39
 197 0044 0020     		movs	r0, #0
 198 0046 E2E7     		b	.L7
 199              	.L9:
 263:Drivers/STM32G0xx_HAL_Driver/Src/stm32g0xx_hal.c ****     }
 200              		.loc 1 263 14 view .LVU40
 201 0048 0120     		movs	r0, #1
 202 004a E0E7     		b	.L7
 203              	.L14:
 204              		.align	2
 205              	.L13:
 206 004c 00000000 		.word	uwTickFreq
 207 0050 00000000 		.word	SystemCoreClock
 208 0054 00000000 		.word	uwTickPrio
 209              		.cfi_endproc
 210              	.LFE367:
 212              		.section	.text.HAL_Init,"ax",%progbits
 213              		.align	1
 214              		.global	HAL_Init
 215              		.syntax unified
 216              		.code	16
 217              		.thumb_func
 219              	HAL_Init:
 220              	.LFB363:
 144:Drivers/STM32G0xx_HAL_Driver/Src/stm32g0xx_hal.c ****   HAL_StatusTypeDef  status = HAL_OK;
 221              		.loc 1 144 1 is_stmt 1 view -0
ARM GAS  C:\Users\Domagoj\AppData\Local\Temp\ccLVGXpg.s 			page 10


 222              		.cfi_startproc
 223              		@ args = 0, pretend = 0, frame = 0
 224              		@ frame_needed = 0, uses_anonymous_args = 0
 225 0000 10B5     		push	{r4, lr}
 226              	.LCFI2:
 227              		.cfi_def_cfa_offset 8
 228              		.cfi_offset 4, -8
 229              		.cfi_offset 14, -4
 145:Drivers/STM32G0xx_HAL_Driver/Src/stm32g0xx_hal.c **** 
 230              		.loc 1 145 3 view .LVU42
 231              	.LVL11:
 157:Drivers/STM32G0xx_HAL_Driver/Src/stm32g0xx_hal.c **** #endif /* PREFETCH_ENABLE */
 232              		.loc 1 157 3 view .LVU43
 233 0002 084A     		ldr	r2, .L19
 234 0004 1168     		ldr	r1, [r2]
 235 0006 8023     		movs	r3, #128
 236 0008 5B00     		lsls	r3, r3, #1
 237 000a 0B43     		orrs	r3, r1
 238 000c 1360     		str	r3, [r2]
 161:Drivers/STM32G0xx_HAL_Driver/Src/stm32g0xx_hal.c ****   {
 239              		.loc 1 161 3 view .LVU44
 161:Drivers/STM32G0xx_HAL_Driver/Src/stm32g0xx_hal.c ****   {
 240              		.loc 1 161 7 is_stmt 0 view .LVU45
 241 000e 0020     		movs	r0, #0
 242 0010 FFF7FEFF 		bl	HAL_InitTick
 243              	.LVL12:
 244 0014 041E     		subs	r4, r0, #0
 161:Drivers/STM32G0xx_HAL_Driver/Src/stm32g0xx_hal.c ****   {
 245              		.loc 1 161 6 discriminator 1 view .LVU46
 246 0016 02D0     		beq	.L18
 163:Drivers/STM32G0xx_HAL_Driver/Src/stm32g0xx_hal.c ****   }
 247              		.loc 1 163 12 view .LVU47
 248 0018 0124     		movs	r4, #1
 249              	.L16:
 250              	.LVL13:
 172:Drivers/STM32G0xx_HAL_Driver/Src/stm32g0xx_hal.c **** }
 251              		.loc 1 172 3 is_stmt 1 view .LVU48
 173:Drivers/STM32G0xx_HAL_Driver/Src/stm32g0xx_hal.c **** 
 252              		.loc 1 173 1 is_stmt 0 view .LVU49
 253 001a 2000     		movs	r0, r4
 254              		@ sp needed
 255              	.LVL14:
 173:Drivers/STM32G0xx_HAL_Driver/Src/stm32g0xx_hal.c **** 
 256              		.loc 1 173 1 view .LVU50
 257 001c 10BD     		pop	{r4, pc}
 258              	.LVL15:
 259              	.L18:
 168:Drivers/STM32G0xx_HAL_Driver/Src/stm32g0xx_hal.c ****   }
 260              		.loc 1 168 3 is_stmt 1 view .LVU51
 261 001e FFF7FEFF 		bl	HAL_MspInit
 262              	.LVL16:
 263 0022 FAE7     		b	.L16
 264              	.L20:
 265              		.align	2
 266              	.L19:
 267 0024 00200240 		.word	1073881088
 268              		.cfi_endproc
ARM GAS  C:\Users\Domagoj\AppData\Local\Temp\ccLVGXpg.s 			page 11


 269              	.LFE363:
 271              		.section	.text.HAL_IncTick,"ax",%progbits
 272              		.align	1
 273              		.weak	HAL_IncTick
 274              		.syntax unified
 275              		.code	16
 276              		.thumb_func
 278              	HAL_IncTick:
 279              	.LFB368:
 274:Drivers/STM32G0xx_HAL_Driver/Src/stm32g0xx_hal.c **** 
 275:Drivers/STM32G0xx_HAL_Driver/Src/stm32g0xx_hal.c **** /**
 276:Drivers/STM32G0xx_HAL_Driver/Src/stm32g0xx_hal.c ****   * @}
 277:Drivers/STM32G0xx_HAL_Driver/Src/stm32g0xx_hal.c ****   */
 278:Drivers/STM32G0xx_HAL_Driver/Src/stm32g0xx_hal.c **** 
 279:Drivers/STM32G0xx_HAL_Driver/Src/stm32g0xx_hal.c **** /** @addtogroup HAL_Exported_Functions_Group2
 280:Drivers/STM32G0xx_HAL_Driver/Src/stm32g0xx_hal.c ****  *  @brief    HAL Control functions
 281:Drivers/STM32G0xx_HAL_Driver/Src/stm32g0xx_hal.c ****  *
 282:Drivers/STM32G0xx_HAL_Driver/Src/stm32g0xx_hal.c **** @verbatim
 283:Drivers/STM32G0xx_HAL_Driver/Src/stm32g0xx_hal.c ****  ===============================================================================
 284:Drivers/STM32G0xx_HAL_Driver/Src/stm32g0xx_hal.c ****                       ##### HAL Control functions #####
 285:Drivers/STM32G0xx_HAL_Driver/Src/stm32g0xx_hal.c ****  ===============================================================================
 286:Drivers/STM32G0xx_HAL_Driver/Src/stm32g0xx_hal.c ****     [..]  This section provides functions allowing to:
 287:Drivers/STM32G0xx_HAL_Driver/Src/stm32g0xx_hal.c ****       (+) Provide a tick value in millisecond
 288:Drivers/STM32G0xx_HAL_Driver/Src/stm32g0xx_hal.c ****       (+) Provide a blocking delay in millisecond
 289:Drivers/STM32G0xx_HAL_Driver/Src/stm32g0xx_hal.c ****       (+) Suspend the time base source interrupt
 290:Drivers/STM32G0xx_HAL_Driver/Src/stm32g0xx_hal.c ****       (+) Resume the time base source interrupt
 291:Drivers/STM32G0xx_HAL_Driver/Src/stm32g0xx_hal.c ****       (+) Get the HAL API driver version
 292:Drivers/STM32G0xx_HAL_Driver/Src/stm32g0xx_hal.c ****       (+) Get the device identifier
 293:Drivers/STM32G0xx_HAL_Driver/Src/stm32g0xx_hal.c ****       (+) Get the device revision identifier
 294:Drivers/STM32G0xx_HAL_Driver/Src/stm32g0xx_hal.c **** 
 295:Drivers/STM32G0xx_HAL_Driver/Src/stm32g0xx_hal.c **** @endverbatim
 296:Drivers/STM32G0xx_HAL_Driver/Src/stm32g0xx_hal.c ****   * @{
 297:Drivers/STM32G0xx_HAL_Driver/Src/stm32g0xx_hal.c ****   */
 298:Drivers/STM32G0xx_HAL_Driver/Src/stm32g0xx_hal.c **** 
 299:Drivers/STM32G0xx_HAL_Driver/Src/stm32g0xx_hal.c **** /**
 300:Drivers/STM32G0xx_HAL_Driver/Src/stm32g0xx_hal.c ****   * @brief This function is called to increment  a global variable "uwTick"
 301:Drivers/STM32G0xx_HAL_Driver/Src/stm32g0xx_hal.c ****   *        used as application time base.
 302:Drivers/STM32G0xx_HAL_Driver/Src/stm32g0xx_hal.c ****   * @note In the default implementation, this variable is incremented each 1ms
 303:Drivers/STM32G0xx_HAL_Driver/Src/stm32g0xx_hal.c ****   *       in SysTick ISR.
 304:Drivers/STM32G0xx_HAL_Driver/Src/stm32g0xx_hal.c ****   * @note This function is declared as __weak to be overwritten in case of other
 305:Drivers/STM32G0xx_HAL_Driver/Src/stm32g0xx_hal.c ****   *      implementations in user file.
 306:Drivers/STM32G0xx_HAL_Driver/Src/stm32g0xx_hal.c ****   * @retval None
 307:Drivers/STM32G0xx_HAL_Driver/Src/stm32g0xx_hal.c ****   */
 308:Drivers/STM32G0xx_HAL_Driver/Src/stm32g0xx_hal.c **** __weak void HAL_IncTick(void)
 309:Drivers/STM32G0xx_HAL_Driver/Src/stm32g0xx_hal.c **** {
 280              		.loc 1 309 1 view -0
 281              		.cfi_startproc
 282              		@ args = 0, pretend = 0, frame = 0
 283              		@ frame_needed = 0, uses_anonymous_args = 0
 284              		@ link register save eliminated.
 310:Drivers/STM32G0xx_HAL_Driver/Src/stm32g0xx_hal.c ****   uwTick += (uint32_t)uwTickFreq;
 285              		.loc 1 310 3 view .LVU53
 286              		.loc 1 310 13 is_stmt 0 view .LVU54
 287 0000 034B     		ldr	r3, .L22
 288 0002 1B78     		ldrb	r3, [r3]
 289              		.loc 1 310 10 view .LVU55
 290 0004 034A     		ldr	r2, .L22+4
ARM GAS  C:\Users\Domagoj\AppData\Local\Temp\ccLVGXpg.s 			page 12


 291 0006 1168     		ldr	r1, [r2]
 292 0008 5B18     		adds	r3, r3, r1
 293 000a 1360     		str	r3, [r2]
 311:Drivers/STM32G0xx_HAL_Driver/Src/stm32g0xx_hal.c **** }
 294              		.loc 1 311 1 view .LVU56
 295              		@ sp needed
 296 000c 7047     		bx	lr
 297              	.L23:
 298 000e C046     		.align	2
 299              	.L22:
 300 0010 00000000 		.word	uwTickFreq
 301 0014 00000000 		.word	uwTick
 302              		.cfi_endproc
 303              	.LFE368:
 305              		.section	.text.HAL_GetTick,"ax",%progbits
 306              		.align	1
 307              		.weak	HAL_GetTick
 308              		.syntax unified
 309              		.code	16
 310              		.thumb_func
 312              	HAL_GetTick:
 313              	.LFB369:
 312:Drivers/STM32G0xx_HAL_Driver/Src/stm32g0xx_hal.c **** 
 313:Drivers/STM32G0xx_HAL_Driver/Src/stm32g0xx_hal.c **** /**
 314:Drivers/STM32G0xx_HAL_Driver/Src/stm32g0xx_hal.c ****   * @brief Provides a tick value in millisecond.
 315:Drivers/STM32G0xx_HAL_Driver/Src/stm32g0xx_hal.c ****   * @note This function is declared as __weak to be overwritten in case of other
 316:Drivers/STM32G0xx_HAL_Driver/Src/stm32g0xx_hal.c ****   *       implementations in user file.
 317:Drivers/STM32G0xx_HAL_Driver/Src/stm32g0xx_hal.c ****   * @retval tick value
 318:Drivers/STM32G0xx_HAL_Driver/Src/stm32g0xx_hal.c ****   */
 319:Drivers/STM32G0xx_HAL_Driver/Src/stm32g0xx_hal.c **** __weak uint32_t HAL_GetTick(void)
 320:Drivers/STM32G0xx_HAL_Driver/Src/stm32g0xx_hal.c **** {
 314              		.loc 1 320 1 is_stmt 1 view -0
 315              		.cfi_startproc
 316              		@ args = 0, pretend = 0, frame = 0
 317              		@ frame_needed = 0, uses_anonymous_args = 0
 318              		@ link register save eliminated.
 321:Drivers/STM32G0xx_HAL_Driver/Src/stm32g0xx_hal.c ****   return uwTick;
 319              		.loc 1 321 3 view .LVU58
 320              		.loc 1 321 10 is_stmt 0 view .LVU59
 321 0000 014B     		ldr	r3, .L25
 322 0002 1868     		ldr	r0, [r3]
 322:Drivers/STM32G0xx_HAL_Driver/Src/stm32g0xx_hal.c **** }
 323              		.loc 1 322 1 view .LVU60
 324              		@ sp needed
 325 0004 7047     		bx	lr
 326              	.L26:
 327 0006 C046     		.align	2
 328              	.L25:
 329 0008 00000000 		.word	uwTick
 330              		.cfi_endproc
 331              	.LFE369:
 333              		.section	.text.HAL_GetTickPrio,"ax",%progbits
 334              		.align	1
 335              		.global	HAL_GetTickPrio
 336              		.syntax unified
 337              		.code	16
 338              		.thumb_func
ARM GAS  C:\Users\Domagoj\AppData\Local\Temp\ccLVGXpg.s 			page 13


 340              	HAL_GetTickPrio:
 341              	.LFB370:
 323:Drivers/STM32G0xx_HAL_Driver/Src/stm32g0xx_hal.c **** 
 324:Drivers/STM32G0xx_HAL_Driver/Src/stm32g0xx_hal.c **** /**
 325:Drivers/STM32G0xx_HAL_Driver/Src/stm32g0xx_hal.c ****   * @brief This function returns a tick priority.
 326:Drivers/STM32G0xx_HAL_Driver/Src/stm32g0xx_hal.c ****   * @retval tick priority
 327:Drivers/STM32G0xx_HAL_Driver/Src/stm32g0xx_hal.c ****   */
 328:Drivers/STM32G0xx_HAL_Driver/Src/stm32g0xx_hal.c **** uint32_t HAL_GetTickPrio(void)
 329:Drivers/STM32G0xx_HAL_Driver/Src/stm32g0xx_hal.c **** {
 342              		.loc 1 329 1 is_stmt 1 view -0
 343              		.cfi_startproc
 344              		@ args = 0, pretend = 0, frame = 0
 345              		@ frame_needed = 0, uses_anonymous_args = 0
 346              		@ link register save eliminated.
 330:Drivers/STM32G0xx_HAL_Driver/Src/stm32g0xx_hal.c ****   return uwTickPrio;
 347              		.loc 1 330 3 view .LVU62
 348              		.loc 1 330 10 is_stmt 0 view .LVU63
 349 0000 014B     		ldr	r3, .L28
 350              		.loc 1 330 10 discriminator 1 view .LVU64
 351 0002 1868     		ldr	r0, [r3]
 331:Drivers/STM32G0xx_HAL_Driver/Src/stm32g0xx_hal.c **** }
 352              		.loc 1 331 1 view .LVU65
 353              		@ sp needed
 354 0004 7047     		bx	lr
 355              	.L29:
 356 0006 C046     		.align	2
 357              	.L28:
 358 0008 00000000 		.word	uwTickPrio
 359              		.cfi_endproc
 360              	.LFE370:
 362              		.section	.text.HAL_SetTickFreq,"ax",%progbits
 363              		.align	1
 364              		.global	HAL_SetTickFreq
 365              		.syntax unified
 366              		.code	16
 367              		.thumb_func
 369              	HAL_SetTickFreq:
 370              	.LVL17:
 371              	.LFB371:
 332:Drivers/STM32G0xx_HAL_Driver/Src/stm32g0xx_hal.c **** 
 333:Drivers/STM32G0xx_HAL_Driver/Src/stm32g0xx_hal.c **** /**
 334:Drivers/STM32G0xx_HAL_Driver/Src/stm32g0xx_hal.c ****   * @brief Set new tick Freq.
 335:Drivers/STM32G0xx_HAL_Driver/Src/stm32g0xx_hal.c ****   * @retval status
 336:Drivers/STM32G0xx_HAL_Driver/Src/stm32g0xx_hal.c ****   */
 337:Drivers/STM32G0xx_HAL_Driver/Src/stm32g0xx_hal.c **** HAL_StatusTypeDef HAL_SetTickFreq(HAL_TickFreqTypeDef Freq)
 338:Drivers/STM32G0xx_HAL_Driver/Src/stm32g0xx_hal.c **** {
 372              		.loc 1 338 1 is_stmt 1 view -0
 373              		.cfi_startproc
 374              		@ args = 0, pretend = 0, frame = 0
 375              		@ frame_needed = 0, uses_anonymous_args = 0
 376              		.loc 1 338 1 is_stmt 0 view .LVU67
 377 0000 10B5     		push	{r4, lr}
 378              	.LCFI3:
 379              		.cfi_def_cfa_offset 8
 380              		.cfi_offset 4, -8
 381              		.cfi_offset 14, -4
 339:Drivers/STM32G0xx_HAL_Driver/Src/stm32g0xx_hal.c ****   HAL_StatusTypeDef status  = HAL_OK;
ARM GAS  C:\Users\Domagoj\AppData\Local\Temp\ccLVGXpg.s 			page 14


 382              		.loc 1 339 3 is_stmt 1 view .LVU68
 383              	.LVL18:
 340:Drivers/STM32G0xx_HAL_Driver/Src/stm32g0xx_hal.c ****   HAL_TickFreqTypeDef prevTickFreq;
 384              		.loc 1 340 3 view .LVU69
 341:Drivers/STM32G0xx_HAL_Driver/Src/stm32g0xx_hal.c ****   assert_param(IS_TICKFREQ(Freq));
 385              		.loc 1 341 3 view .LVU70
 342:Drivers/STM32G0xx_HAL_Driver/Src/stm32g0xx_hal.c **** 
 343:Drivers/STM32G0xx_HAL_Driver/Src/stm32g0xx_hal.c ****   if (uwTickFreq != Freq)
 386              		.loc 1 343 3 view .LVU71
 387              		.loc 1 343 18 is_stmt 0 view .LVU72
 388 0002 084B     		ldr	r3, .L34
 389 0004 1C78     		ldrb	r4, [r3]
 390              		.loc 1 343 6 view .LVU73
 391 0006 8442     		cmp	r4, r0
 392 0008 01D1     		bne	.L33
 339:Drivers/STM32G0xx_HAL_Driver/Src/stm32g0xx_hal.c ****   HAL_TickFreqTypeDef prevTickFreq;
 393              		.loc 1 339 21 view .LVU74
 394 000a 0020     		movs	r0, #0
 395              	.LVL19:
 396              	.L31:
 344:Drivers/STM32G0xx_HAL_Driver/Src/stm32g0xx_hal.c ****   {
 345:Drivers/STM32G0xx_HAL_Driver/Src/stm32g0xx_hal.c ****     /* Back up uwTickFreq frequency */
 346:Drivers/STM32G0xx_HAL_Driver/Src/stm32g0xx_hal.c ****     prevTickFreq = uwTickFreq;
 347:Drivers/STM32G0xx_HAL_Driver/Src/stm32g0xx_hal.c **** 
 348:Drivers/STM32G0xx_HAL_Driver/Src/stm32g0xx_hal.c ****     /* Update uwTickFreq global variable used by HAL_InitTick() */
 349:Drivers/STM32G0xx_HAL_Driver/Src/stm32g0xx_hal.c ****     uwTickFreq = Freq;
 350:Drivers/STM32G0xx_HAL_Driver/Src/stm32g0xx_hal.c **** 
 351:Drivers/STM32G0xx_HAL_Driver/Src/stm32g0xx_hal.c ****     /* Apply the new tick Freq  */
 352:Drivers/STM32G0xx_HAL_Driver/Src/stm32g0xx_hal.c ****     status = HAL_InitTick(uwTickPrio);
 353:Drivers/STM32G0xx_HAL_Driver/Src/stm32g0xx_hal.c ****     if (status != HAL_OK)
 354:Drivers/STM32G0xx_HAL_Driver/Src/stm32g0xx_hal.c ****     {
 355:Drivers/STM32G0xx_HAL_Driver/Src/stm32g0xx_hal.c ****       /* Restore previous tick frequency */
 356:Drivers/STM32G0xx_HAL_Driver/Src/stm32g0xx_hal.c ****       uwTickFreq = prevTickFreq;
 357:Drivers/STM32G0xx_HAL_Driver/Src/stm32g0xx_hal.c ****     }
 358:Drivers/STM32G0xx_HAL_Driver/Src/stm32g0xx_hal.c ****   }
 359:Drivers/STM32G0xx_HAL_Driver/Src/stm32g0xx_hal.c **** 
 360:Drivers/STM32G0xx_HAL_Driver/Src/stm32g0xx_hal.c ****   return status;
 397              		.loc 1 360 3 is_stmt 1 view .LVU75
 361:Drivers/STM32G0xx_HAL_Driver/Src/stm32g0xx_hal.c **** }
 398              		.loc 1 361 1 is_stmt 0 view .LVU76
 399              		@ sp needed
 400 000c 10BD     		pop	{r4, pc}
 401              	.LVL20:
 402              	.L33:
 346:Drivers/STM32G0xx_HAL_Driver/Src/stm32g0xx_hal.c **** 
 403              		.loc 1 346 5 is_stmt 1 view .LVU77
 349:Drivers/STM32G0xx_HAL_Driver/Src/stm32g0xx_hal.c **** 
 404              		.loc 1 349 5 view .LVU78
 349:Drivers/STM32G0xx_HAL_Driver/Src/stm32g0xx_hal.c **** 
 405              		.loc 1 349 16 is_stmt 0 view .LVU79
 406 000e 1870     		strb	r0, [r3]
 352:Drivers/STM32G0xx_HAL_Driver/Src/stm32g0xx_hal.c ****     if (status != HAL_OK)
 407              		.loc 1 352 5 is_stmt 1 view .LVU80
 352:Drivers/STM32G0xx_HAL_Driver/Src/stm32g0xx_hal.c ****     if (status != HAL_OK)
 408              		.loc 1 352 14 is_stmt 0 view .LVU81
 409 0010 054B     		ldr	r3, .L34+4
 410 0012 1868     		ldr	r0, [r3]
ARM GAS  C:\Users\Domagoj\AppData\Local\Temp\ccLVGXpg.s 			page 15


 411              	.LVL21:
 352:Drivers/STM32G0xx_HAL_Driver/Src/stm32g0xx_hal.c ****     if (status != HAL_OK)
 412              		.loc 1 352 14 view .LVU82
 413 0014 FFF7FEFF 		bl	HAL_InitTick
 414              	.LVL22:
 353:Drivers/STM32G0xx_HAL_Driver/Src/stm32g0xx_hal.c ****     {
 415              		.loc 1 353 5 is_stmt 1 view .LVU83
 353:Drivers/STM32G0xx_HAL_Driver/Src/stm32g0xx_hal.c ****     {
 416              		.loc 1 353 8 is_stmt 0 view .LVU84
 417 0018 0028     		cmp	r0, #0
 418 001a F7D0     		beq	.L31
 356:Drivers/STM32G0xx_HAL_Driver/Src/stm32g0xx_hal.c ****     }
 419              		.loc 1 356 7 is_stmt 1 view .LVU85
 356:Drivers/STM32G0xx_HAL_Driver/Src/stm32g0xx_hal.c ****     }
 420              		.loc 1 356 18 is_stmt 0 view .LVU86
 421 001c 014B     		ldr	r3, .L34
 422 001e 1C70     		strb	r4, [r3]
 423 0020 F4E7     		b	.L31
 424              	.L35:
 425 0022 C046     		.align	2
 426              	.L34:
 427 0024 00000000 		.word	uwTickFreq
 428 0028 00000000 		.word	uwTickPrio
 429              		.cfi_endproc
 430              	.LFE371:
 432              		.section	.text.HAL_GetTickFreq,"ax",%progbits
 433              		.align	1
 434              		.global	HAL_GetTickFreq
 435              		.syntax unified
 436              		.code	16
 437              		.thumb_func
 439              	HAL_GetTickFreq:
 440              	.LFB372:
 362:Drivers/STM32G0xx_HAL_Driver/Src/stm32g0xx_hal.c **** 
 363:Drivers/STM32G0xx_HAL_Driver/Src/stm32g0xx_hal.c **** /**
 364:Drivers/STM32G0xx_HAL_Driver/Src/stm32g0xx_hal.c ****   * @brief return tick frequency.
 365:Drivers/STM32G0xx_HAL_Driver/Src/stm32g0xx_hal.c ****   * @retval Tick frequency.
 366:Drivers/STM32G0xx_HAL_Driver/Src/stm32g0xx_hal.c ****   *         Value of @ref HAL_TickFreqTypeDef.
 367:Drivers/STM32G0xx_HAL_Driver/Src/stm32g0xx_hal.c ****   */
 368:Drivers/STM32G0xx_HAL_Driver/Src/stm32g0xx_hal.c **** HAL_TickFreqTypeDef HAL_GetTickFreq(void)
 369:Drivers/STM32G0xx_HAL_Driver/Src/stm32g0xx_hal.c **** {
 441              		.loc 1 369 1 is_stmt 1 view -0
 442              		.cfi_startproc
 443              		@ args = 0, pretend = 0, frame = 0
 444              		@ frame_needed = 0, uses_anonymous_args = 0
 445              		@ link register save eliminated.
 370:Drivers/STM32G0xx_HAL_Driver/Src/stm32g0xx_hal.c ****   return uwTickFreq;
 446              		.loc 1 370 3 view .LVU88
 447              		.loc 1 370 10 is_stmt 0 view .LVU89
 448 0000 014B     		ldr	r3, .L37
 449              		.loc 1 370 10 discriminator 1 view .LVU90
 450 0002 1878     		ldrb	r0, [r3]
 371:Drivers/STM32G0xx_HAL_Driver/Src/stm32g0xx_hal.c **** }
 451              		.loc 1 371 1 view .LVU91
 452              		@ sp needed
 453 0004 7047     		bx	lr
 454              	.L38:
ARM GAS  C:\Users\Domagoj\AppData\Local\Temp\ccLVGXpg.s 			page 16


 455 0006 C046     		.align	2
 456              	.L37:
 457 0008 00000000 		.word	uwTickFreq
 458              		.cfi_endproc
 459              	.LFE372:
 461              		.section	.text.HAL_Delay,"ax",%progbits
 462              		.align	1
 463              		.weak	HAL_Delay
 464              		.syntax unified
 465              		.code	16
 466              		.thumb_func
 468              	HAL_Delay:
 469              	.LVL23:
 470              	.LFB373:
 372:Drivers/STM32G0xx_HAL_Driver/Src/stm32g0xx_hal.c **** 
 373:Drivers/STM32G0xx_HAL_Driver/Src/stm32g0xx_hal.c **** /**
 374:Drivers/STM32G0xx_HAL_Driver/Src/stm32g0xx_hal.c ****   * @brief This function provides minimum delay (in milliseconds) based
 375:Drivers/STM32G0xx_HAL_Driver/Src/stm32g0xx_hal.c ****   *        on variable incremented.
 376:Drivers/STM32G0xx_HAL_Driver/Src/stm32g0xx_hal.c ****   * @note In the default implementation , SysTick timer is the source of time base.
 377:Drivers/STM32G0xx_HAL_Driver/Src/stm32g0xx_hal.c ****   *       It is used to generate interrupts at regular time intervals where uwTick
 378:Drivers/STM32G0xx_HAL_Driver/Src/stm32g0xx_hal.c ****   *       is incremented.
 379:Drivers/STM32G0xx_HAL_Driver/Src/stm32g0xx_hal.c ****   * @note This function is declared as __weak to be overwritten in case of other
 380:Drivers/STM32G0xx_HAL_Driver/Src/stm32g0xx_hal.c ****   *       implementations in user file.
 381:Drivers/STM32G0xx_HAL_Driver/Src/stm32g0xx_hal.c ****   * @param Delay  specifies the delay time length, in milliseconds.
 382:Drivers/STM32G0xx_HAL_Driver/Src/stm32g0xx_hal.c ****   * @retval None
 383:Drivers/STM32G0xx_HAL_Driver/Src/stm32g0xx_hal.c ****   */
 384:Drivers/STM32G0xx_HAL_Driver/Src/stm32g0xx_hal.c **** __weak void HAL_Delay(uint32_t Delay)
 385:Drivers/STM32G0xx_HAL_Driver/Src/stm32g0xx_hal.c **** {
 471              		.loc 1 385 1 is_stmt 1 view -0
 472              		.cfi_startproc
 473              		@ args = 0, pretend = 0, frame = 0
 474              		@ frame_needed = 0, uses_anonymous_args = 0
 475              		.loc 1 385 1 is_stmt 0 view .LVU93
 476 0000 70B5     		push	{r4, r5, r6, lr}
 477              	.LCFI4:
 478              		.cfi_def_cfa_offset 16
 479              		.cfi_offset 4, -16
 480              		.cfi_offset 5, -12
 481              		.cfi_offset 6, -8
 482              		.cfi_offset 14, -4
 483 0002 0400     		movs	r4, r0
 386:Drivers/STM32G0xx_HAL_Driver/Src/stm32g0xx_hal.c ****   uint32_t tickstart = HAL_GetTick();
 484              		.loc 1 386 3 is_stmt 1 view .LVU94
 485              		.loc 1 386 24 is_stmt 0 view .LVU95
 486 0004 FFF7FEFF 		bl	HAL_GetTick
 487              	.LVL24:
 488              		.loc 1 386 24 view .LVU96
 489 0008 0500     		movs	r5, r0
 490              	.LVL25:
 387:Drivers/STM32G0xx_HAL_Driver/Src/stm32g0xx_hal.c ****   uint32_t wait = Delay;
 491              		.loc 1 387 3 is_stmt 1 view .LVU97
 388:Drivers/STM32G0xx_HAL_Driver/Src/stm32g0xx_hal.c **** 
 389:Drivers/STM32G0xx_HAL_Driver/Src/stm32g0xx_hal.c ****   /* Add a freq to guarantee minimum wait */
 390:Drivers/STM32G0xx_HAL_Driver/Src/stm32g0xx_hal.c ****   if (wait < HAL_MAX_DELAY)
 492              		.loc 1 390 3 view .LVU98
 493              		.loc 1 390 6 is_stmt 0 view .LVU99
 494 000a 631C     		adds	r3, r4, #1
ARM GAS  C:\Users\Domagoj\AppData\Local\Temp\ccLVGXpg.s 			page 17


 495 000c 02D0     		beq	.L41
 391:Drivers/STM32G0xx_HAL_Driver/Src/stm32g0xx_hal.c ****   {
 392:Drivers/STM32G0xx_HAL_Driver/Src/stm32g0xx_hal.c ****     wait += (uint32_t)(uwTickFreq);
 496              		.loc 1 392 5 is_stmt 1 view .LVU100
 497              		.loc 1 392 13 is_stmt 0 view .LVU101
 498 000e 044B     		ldr	r3, .L43
 499 0010 1B78     		ldrb	r3, [r3]
 500              		.loc 1 392 10 view .LVU102
 501 0012 E418     		adds	r4, r4, r3
 502              	.LVL26:
 503              	.L41:
 393:Drivers/STM32G0xx_HAL_Driver/Src/stm32g0xx_hal.c ****   }
 394:Drivers/STM32G0xx_HAL_Driver/Src/stm32g0xx_hal.c **** 
 395:Drivers/STM32G0xx_HAL_Driver/Src/stm32g0xx_hal.c ****   while ((HAL_GetTick() - tickstart) < wait)
 396:Drivers/STM32G0xx_HAL_Driver/Src/stm32g0xx_hal.c ****   {
 397:Drivers/STM32G0xx_HAL_Driver/Src/stm32g0xx_hal.c ****   }
 504              		.loc 1 397 3 is_stmt 1 view .LVU103
 395:Drivers/STM32G0xx_HAL_Driver/Src/stm32g0xx_hal.c ****   {
 505              		.loc 1 395 38 discriminator 1 view .LVU104
 395:Drivers/STM32G0xx_HAL_Driver/Src/stm32g0xx_hal.c ****   {
 506              		.loc 1 395 11 is_stmt 0 discriminator 1 view .LVU105
 507 0014 FFF7FEFF 		bl	HAL_GetTick
 508              	.LVL27:
 395:Drivers/STM32G0xx_HAL_Driver/Src/stm32g0xx_hal.c ****   {
 509              		.loc 1 395 25 discriminator 1 view .LVU106
 510 0018 401B     		subs	r0, r0, r5
 395:Drivers/STM32G0xx_HAL_Driver/Src/stm32g0xx_hal.c ****   {
 511              		.loc 1 395 38 discriminator 1 view .LVU107
 512 001a A042     		cmp	r0, r4
 513 001c FAD3     		bcc	.L41
 398:Drivers/STM32G0xx_HAL_Driver/Src/stm32g0xx_hal.c **** }
 514              		.loc 1 398 1 view .LVU108
 515              		@ sp needed
 516              	.LVL28:
 517              	.LVL29:
 518              		.loc 1 398 1 view .LVU109
 519 001e 70BD     		pop	{r4, r5, r6, pc}
 520              	.L44:
 521              		.align	2
 522              	.L43:
 523 0020 00000000 		.word	uwTickFreq
 524              		.cfi_endproc
 525              	.LFE373:
 527              		.section	.text.HAL_SuspendTick,"ax",%progbits
 528              		.align	1
 529              		.weak	HAL_SuspendTick
 530              		.syntax unified
 531              		.code	16
 532              		.thumb_func
 534              	HAL_SuspendTick:
 535              	.LFB374:
 399:Drivers/STM32G0xx_HAL_Driver/Src/stm32g0xx_hal.c **** 
 400:Drivers/STM32G0xx_HAL_Driver/Src/stm32g0xx_hal.c **** /**
 401:Drivers/STM32G0xx_HAL_Driver/Src/stm32g0xx_hal.c ****   * @brief Suspend Tick increment.
 402:Drivers/STM32G0xx_HAL_Driver/Src/stm32g0xx_hal.c ****   * @note In the default implementation , SysTick timer is the source of time base. It is
 403:Drivers/STM32G0xx_HAL_Driver/Src/stm32g0xx_hal.c ****   *       used to generate interrupts at regular time intervals. Once HAL_SuspendTick()
 404:Drivers/STM32G0xx_HAL_Driver/Src/stm32g0xx_hal.c ****   *       is called, the SysTick interrupt will be disabled and so Tick increment
ARM GAS  C:\Users\Domagoj\AppData\Local\Temp\ccLVGXpg.s 			page 18


 405:Drivers/STM32G0xx_HAL_Driver/Src/stm32g0xx_hal.c ****   *       is suspended.
 406:Drivers/STM32G0xx_HAL_Driver/Src/stm32g0xx_hal.c ****   * @note This function is declared as __weak to be overwritten in case of other
 407:Drivers/STM32G0xx_HAL_Driver/Src/stm32g0xx_hal.c ****   *       implementations in user file.
 408:Drivers/STM32G0xx_HAL_Driver/Src/stm32g0xx_hal.c ****   * @retval None
 409:Drivers/STM32G0xx_HAL_Driver/Src/stm32g0xx_hal.c ****   */
 410:Drivers/STM32G0xx_HAL_Driver/Src/stm32g0xx_hal.c **** __weak void HAL_SuspendTick(void)
 411:Drivers/STM32G0xx_HAL_Driver/Src/stm32g0xx_hal.c **** {
 536              		.loc 1 411 1 is_stmt 1 view -0
 537              		.cfi_startproc
 538              		@ args = 0, pretend = 0, frame = 0
 539              		@ frame_needed = 0, uses_anonymous_args = 0
 540              		@ link register save eliminated.
 412:Drivers/STM32G0xx_HAL_Driver/Src/stm32g0xx_hal.c ****   /* Disable SysTick Interrupt */
 413:Drivers/STM32G0xx_HAL_Driver/Src/stm32g0xx_hal.c ****   CLEAR_BIT(SysTick->CTRL,SysTick_CTRL_TICKINT_Msk);
 541              		.loc 1 413 3 view .LVU111
 542 0000 024A     		ldr	r2, .L46
 543 0002 1368     		ldr	r3, [r2]
 544 0004 0221     		movs	r1, #2
 545 0006 8B43     		bics	r3, r1
 546 0008 1360     		str	r3, [r2]
 414:Drivers/STM32G0xx_HAL_Driver/Src/stm32g0xx_hal.c **** }
 547              		.loc 1 414 1 is_stmt 0 view .LVU112
 548              		@ sp needed
 549 000a 7047     		bx	lr
 550              	.L47:
 551              		.align	2
 552              	.L46:
 553 000c 10E000E0 		.word	-536813552
 554              		.cfi_endproc
 555              	.LFE374:
 557              		.section	.text.HAL_ResumeTick,"ax",%progbits
 558              		.align	1
 559              		.weak	HAL_ResumeTick
 560              		.syntax unified
 561              		.code	16
 562              		.thumb_func
 564              	HAL_ResumeTick:
 565              	.LFB375:
 415:Drivers/STM32G0xx_HAL_Driver/Src/stm32g0xx_hal.c **** 
 416:Drivers/STM32G0xx_HAL_Driver/Src/stm32g0xx_hal.c **** /**
 417:Drivers/STM32G0xx_HAL_Driver/Src/stm32g0xx_hal.c ****   * @brief Resume Tick increment.
 418:Drivers/STM32G0xx_HAL_Driver/Src/stm32g0xx_hal.c ****   * @note In the default implementation , SysTick timer is the source of time base. It is
 419:Drivers/STM32G0xx_HAL_Driver/Src/stm32g0xx_hal.c ****   *       used to generate interrupts at regular time intervals. Once HAL_ResumeTick()
 420:Drivers/STM32G0xx_HAL_Driver/Src/stm32g0xx_hal.c ****   *       is called, the SysTick interrupt will be enabled and so Tick increment
 421:Drivers/STM32G0xx_HAL_Driver/Src/stm32g0xx_hal.c ****   *       is resumed.
 422:Drivers/STM32G0xx_HAL_Driver/Src/stm32g0xx_hal.c ****   * @note This function is declared as __weak to be overwritten in case of other
 423:Drivers/STM32G0xx_HAL_Driver/Src/stm32g0xx_hal.c ****   *       implementations in user file.
 424:Drivers/STM32G0xx_HAL_Driver/Src/stm32g0xx_hal.c ****   * @retval None
 425:Drivers/STM32G0xx_HAL_Driver/Src/stm32g0xx_hal.c ****   */
 426:Drivers/STM32G0xx_HAL_Driver/Src/stm32g0xx_hal.c **** __weak void HAL_ResumeTick(void)
 427:Drivers/STM32G0xx_HAL_Driver/Src/stm32g0xx_hal.c **** {
 566              		.loc 1 427 1 is_stmt 1 view -0
 567              		.cfi_startproc
 568              		@ args = 0, pretend = 0, frame = 0
 569              		@ frame_needed = 0, uses_anonymous_args = 0
 570              		@ link register save eliminated.
 428:Drivers/STM32G0xx_HAL_Driver/Src/stm32g0xx_hal.c ****   /* Enable SysTick Interrupt */
ARM GAS  C:\Users\Domagoj\AppData\Local\Temp\ccLVGXpg.s 			page 19


 429:Drivers/STM32G0xx_HAL_Driver/Src/stm32g0xx_hal.c ****   SET_BIT(SysTick->CTRL, SysTick_CTRL_TICKINT_Msk);
 571              		.loc 1 429 3 view .LVU114
 572 0000 024A     		ldr	r2, .L49
 573 0002 1368     		ldr	r3, [r2]
 574 0004 0221     		movs	r1, #2
 575 0006 0B43     		orrs	r3, r1
 576 0008 1360     		str	r3, [r2]
 430:Drivers/STM32G0xx_HAL_Driver/Src/stm32g0xx_hal.c **** }
 577              		.loc 1 430 1 is_stmt 0 view .LVU115
 578              		@ sp needed
 579 000a 7047     		bx	lr
 580              	.L50:
 581              		.align	2
 582              	.L49:
 583 000c 10E000E0 		.word	-536813552
 584              		.cfi_endproc
 585              	.LFE375:
 587              		.section	.text.HAL_GetHalVersion,"ax",%progbits
 588              		.align	1
 589              		.global	HAL_GetHalVersion
 590              		.syntax unified
 591              		.code	16
 592              		.thumb_func
 594              	HAL_GetHalVersion:
 595              	.LFB376:
 431:Drivers/STM32G0xx_HAL_Driver/Src/stm32g0xx_hal.c **** 
 432:Drivers/STM32G0xx_HAL_Driver/Src/stm32g0xx_hal.c **** /**
 433:Drivers/STM32G0xx_HAL_Driver/Src/stm32g0xx_hal.c ****   * @brief  Returns the HAL revision
 434:Drivers/STM32G0xx_HAL_Driver/Src/stm32g0xx_hal.c ****   * @retval version : 0xXYZR (8bits for each decimal, R for RC)
 435:Drivers/STM32G0xx_HAL_Driver/Src/stm32g0xx_hal.c ****   */
 436:Drivers/STM32G0xx_HAL_Driver/Src/stm32g0xx_hal.c **** uint32_t HAL_GetHalVersion(void)
 437:Drivers/STM32G0xx_HAL_Driver/Src/stm32g0xx_hal.c **** {
 596              		.loc 1 437 1 is_stmt 1 view -0
 597              		.cfi_startproc
 598              		@ args = 0, pretend = 0, frame = 0
 599              		@ frame_needed = 0, uses_anonymous_args = 0
 600              		@ link register save eliminated.
 438:Drivers/STM32G0xx_HAL_Driver/Src/stm32g0xx_hal.c ****   return __STM32G0xx_HAL_VERSION;
 601              		.loc 1 438 3 view .LVU117
 439:Drivers/STM32G0xx_HAL_Driver/Src/stm32g0xx_hal.c **** }
 602              		.loc 1 439 1 is_stmt 0 view .LVU118
 603 0000 0048     		ldr	r0, .L52
 604              		@ sp needed
 605 0002 7047     		bx	lr
 606              	.L53:
 607              		.align	2
 608              	.L52:
 609 0004 00070401 		.word	17041152
 610              		.cfi_endproc
 611              	.LFE376:
 613              		.section	.text.HAL_GetREVID,"ax",%progbits
 614              		.align	1
 615              		.global	HAL_GetREVID
 616              		.syntax unified
 617              		.code	16
 618              		.thumb_func
 620              	HAL_GetREVID:
ARM GAS  C:\Users\Domagoj\AppData\Local\Temp\ccLVGXpg.s 			page 20


 621              	.LFB377:
 440:Drivers/STM32G0xx_HAL_Driver/Src/stm32g0xx_hal.c **** 
 441:Drivers/STM32G0xx_HAL_Driver/Src/stm32g0xx_hal.c **** /**
 442:Drivers/STM32G0xx_HAL_Driver/Src/stm32g0xx_hal.c ****   * @brief  Returns the device revision identifier.
 443:Drivers/STM32G0xx_HAL_Driver/Src/stm32g0xx_hal.c ****   * @retval Device revision identifier
 444:Drivers/STM32G0xx_HAL_Driver/Src/stm32g0xx_hal.c ****   */
 445:Drivers/STM32G0xx_HAL_Driver/Src/stm32g0xx_hal.c **** uint32_t HAL_GetREVID(void)
 446:Drivers/STM32G0xx_HAL_Driver/Src/stm32g0xx_hal.c **** {
 622              		.loc 1 446 1 is_stmt 1 view -0
 623              		.cfi_startproc
 624              		@ args = 0, pretend = 0, frame = 0
 625              		@ frame_needed = 0, uses_anonymous_args = 0
 626              		@ link register save eliminated.
 447:Drivers/STM32G0xx_HAL_Driver/Src/stm32g0xx_hal.c ****   return ((DBG->IDCODE & DBG_IDCODE_REV_ID) >> 16U);
 627              		.loc 1 447 3 view .LVU120
 628              		.loc 1 447 15 is_stmt 0 view .LVU121
 629 0000 014B     		ldr	r3, .L55
 630 0002 1868     		ldr	r0, [r3]
 631              		.loc 1 447 45 view .LVU122
 632 0004 000C     		lsrs	r0, r0, #16
 448:Drivers/STM32G0xx_HAL_Driver/Src/stm32g0xx_hal.c **** }
 633              		.loc 1 448 1 view .LVU123
 634              		@ sp needed
 635 0006 7047     		bx	lr
 636              	.L56:
 637              		.align	2
 638              	.L55:
 639 0008 00580140 		.word	1073829888
 640              		.cfi_endproc
 641              	.LFE377:
 643              		.section	.text.HAL_GetDEVID,"ax",%progbits
 644              		.align	1
 645              		.global	HAL_GetDEVID
 646              		.syntax unified
 647              		.code	16
 648              		.thumb_func
 650              	HAL_GetDEVID:
 651              	.LFB378:
 449:Drivers/STM32G0xx_HAL_Driver/Src/stm32g0xx_hal.c **** 
 450:Drivers/STM32G0xx_HAL_Driver/Src/stm32g0xx_hal.c **** /**
 451:Drivers/STM32G0xx_HAL_Driver/Src/stm32g0xx_hal.c ****   * @brief  Returns the device identifier.
 452:Drivers/STM32G0xx_HAL_Driver/Src/stm32g0xx_hal.c ****   * @retval Device identifier
 453:Drivers/STM32G0xx_HAL_Driver/Src/stm32g0xx_hal.c ****   */
 454:Drivers/STM32G0xx_HAL_Driver/Src/stm32g0xx_hal.c **** uint32_t HAL_GetDEVID(void)
 455:Drivers/STM32G0xx_HAL_Driver/Src/stm32g0xx_hal.c **** {
 652              		.loc 1 455 1 is_stmt 1 view -0
 653              		.cfi_startproc
 654              		@ args = 0, pretend = 0, frame = 0
 655              		@ frame_needed = 0, uses_anonymous_args = 0
 656              		@ link register save eliminated.
 456:Drivers/STM32G0xx_HAL_Driver/Src/stm32g0xx_hal.c ****   return ((DBG->IDCODE) & DBG_IDCODE_DEV_ID);
 657              		.loc 1 456 3 view .LVU125
 658              		.loc 1 456 15 is_stmt 0 view .LVU126
 659 0000 024B     		ldr	r3, .L58
 660 0002 1868     		ldr	r0, [r3]
 661              		.loc 1 456 25 view .LVU127
 662 0004 0005     		lsls	r0, r0, #20
ARM GAS  C:\Users\Domagoj\AppData\Local\Temp\ccLVGXpg.s 			page 21


 663 0006 000D     		lsrs	r0, r0, #20
 457:Drivers/STM32G0xx_HAL_Driver/Src/stm32g0xx_hal.c **** }
 664              		.loc 1 457 1 view .LVU128
 665              		@ sp needed
 666 0008 7047     		bx	lr
 667              	.L59:
 668 000a C046     		.align	2
 669              	.L58:
 670 000c 00580140 		.word	1073829888
 671              		.cfi_endproc
 672              	.LFE378:
 674              		.section	.text.HAL_GetUIDw0,"ax",%progbits
 675              		.align	1
 676              		.global	HAL_GetUIDw0
 677              		.syntax unified
 678              		.code	16
 679              		.thumb_func
 681              	HAL_GetUIDw0:
 682              	.LFB379:
 458:Drivers/STM32G0xx_HAL_Driver/Src/stm32g0xx_hal.c **** 
 459:Drivers/STM32G0xx_HAL_Driver/Src/stm32g0xx_hal.c **** /**
 460:Drivers/STM32G0xx_HAL_Driver/Src/stm32g0xx_hal.c ****   * @brief  Returns first word of the unique device identifier (UID based on 96 bits)
 461:Drivers/STM32G0xx_HAL_Driver/Src/stm32g0xx_hal.c ****   * @retval Device identifier
 462:Drivers/STM32G0xx_HAL_Driver/Src/stm32g0xx_hal.c ****   */
 463:Drivers/STM32G0xx_HAL_Driver/Src/stm32g0xx_hal.c **** uint32_t HAL_GetUIDw0(void)
 464:Drivers/STM32G0xx_HAL_Driver/Src/stm32g0xx_hal.c **** {
 683              		.loc 1 464 1 is_stmt 1 view -0
 684              		.cfi_startproc
 685              		@ args = 0, pretend = 0, frame = 0
 686              		@ frame_needed = 0, uses_anonymous_args = 0
 687              		@ link register save eliminated.
 465:Drivers/STM32G0xx_HAL_Driver/Src/stm32g0xx_hal.c ****   return (READ_REG(*((uint32_t *)UID_BASE)));
 688              		.loc 1 465 3 view .LVU130
 689              		.loc 1 465 11 is_stmt 0 view .LVU131
 690 0000 014B     		ldr	r3, .L61
 691              		.loc 1 465 11 discriminator 1 view .LVU132
 692 0002 1868     		ldr	r0, [r3]
 466:Drivers/STM32G0xx_HAL_Driver/Src/stm32g0xx_hal.c **** }
 693              		.loc 1 466 1 view .LVU133
 694              		@ sp needed
 695 0004 7047     		bx	lr
 696              	.L62:
 697 0006 C046     		.align	2
 698              	.L61:
 699 0008 9075FF1F 		.word	536835472
 700              		.cfi_endproc
 701              	.LFE379:
 703              		.section	.text.HAL_GetUIDw1,"ax",%progbits
 704              		.align	1
 705              		.global	HAL_GetUIDw1
 706              		.syntax unified
 707              		.code	16
 708              		.thumb_func
 710              	HAL_GetUIDw1:
 711              	.LFB380:
 467:Drivers/STM32G0xx_HAL_Driver/Src/stm32g0xx_hal.c **** 
 468:Drivers/STM32G0xx_HAL_Driver/Src/stm32g0xx_hal.c **** /**
ARM GAS  C:\Users\Domagoj\AppData\Local\Temp\ccLVGXpg.s 			page 22


 469:Drivers/STM32G0xx_HAL_Driver/Src/stm32g0xx_hal.c ****   * @brief  Returns second word of the unique device identifier (UID based on 96 bits)
 470:Drivers/STM32G0xx_HAL_Driver/Src/stm32g0xx_hal.c ****   * @retval Device identifier
 471:Drivers/STM32G0xx_HAL_Driver/Src/stm32g0xx_hal.c ****   */
 472:Drivers/STM32G0xx_HAL_Driver/Src/stm32g0xx_hal.c **** uint32_t HAL_GetUIDw1(void)
 473:Drivers/STM32G0xx_HAL_Driver/Src/stm32g0xx_hal.c **** {
 712              		.loc 1 473 1 is_stmt 1 view -0
 713              		.cfi_startproc
 714              		@ args = 0, pretend = 0, frame = 0
 715              		@ frame_needed = 0, uses_anonymous_args = 0
 716              		@ link register save eliminated.
 474:Drivers/STM32G0xx_HAL_Driver/Src/stm32g0xx_hal.c ****   return (READ_REG(*((uint32_t *)(UID_BASE + 4U))));
 717              		.loc 1 474 3 view .LVU135
 718              		.loc 1 474 11 is_stmt 0 view .LVU136
 719 0000 014B     		ldr	r3, .L64
 720              		.loc 1 474 11 discriminator 1 view .LVU137
 721 0002 1868     		ldr	r0, [r3]
 475:Drivers/STM32G0xx_HAL_Driver/Src/stm32g0xx_hal.c **** }
 722              		.loc 1 475 1 view .LVU138
 723              		@ sp needed
 724 0004 7047     		bx	lr
 725              	.L65:
 726 0006 C046     		.align	2
 727              	.L64:
 728 0008 9475FF1F 		.word	536835476
 729              		.cfi_endproc
 730              	.LFE380:
 732              		.section	.text.HAL_GetUIDw2,"ax",%progbits
 733              		.align	1
 734              		.global	HAL_GetUIDw2
 735              		.syntax unified
 736              		.code	16
 737              		.thumb_func
 739              	HAL_GetUIDw2:
 740              	.LFB381:
 476:Drivers/STM32G0xx_HAL_Driver/Src/stm32g0xx_hal.c **** 
 477:Drivers/STM32G0xx_HAL_Driver/Src/stm32g0xx_hal.c **** /**
 478:Drivers/STM32G0xx_HAL_Driver/Src/stm32g0xx_hal.c ****   * @brief  Returns third word of the unique device identifier (UID based on 96 bits)
 479:Drivers/STM32G0xx_HAL_Driver/Src/stm32g0xx_hal.c ****   * @retval Device identifier
 480:Drivers/STM32G0xx_HAL_Driver/Src/stm32g0xx_hal.c ****   */
 481:Drivers/STM32G0xx_HAL_Driver/Src/stm32g0xx_hal.c **** uint32_t HAL_GetUIDw2(void)
 482:Drivers/STM32G0xx_HAL_Driver/Src/stm32g0xx_hal.c **** {
 741              		.loc 1 482 1 is_stmt 1 view -0
 742              		.cfi_startproc
 743              		@ args = 0, pretend = 0, frame = 0
 744              		@ frame_needed = 0, uses_anonymous_args = 0
 745              		@ link register save eliminated.
 483:Drivers/STM32G0xx_HAL_Driver/Src/stm32g0xx_hal.c ****   return (READ_REG(*((uint32_t *)(UID_BASE + 8U))));
 746              		.loc 1 483 3 view .LVU140
 747              		.loc 1 483 11 is_stmt 0 view .LVU141
 748 0000 014B     		ldr	r3, .L67
 749              		.loc 1 483 11 discriminator 1 view .LVU142
 750 0002 1868     		ldr	r0, [r3]
 484:Drivers/STM32G0xx_HAL_Driver/Src/stm32g0xx_hal.c **** }
 751              		.loc 1 484 1 view .LVU143
 752              		@ sp needed
 753 0004 7047     		bx	lr
 754              	.L68:
ARM GAS  C:\Users\Domagoj\AppData\Local\Temp\ccLVGXpg.s 			page 23


 755 0006 C046     		.align	2
 756              	.L67:
 757 0008 9875FF1F 		.word	536835480
 758              		.cfi_endproc
 759              	.LFE381:
 761              		.section	.text.HAL_DBGMCU_EnableDBGStopMode,"ax",%progbits
 762              		.align	1
 763              		.global	HAL_DBGMCU_EnableDBGStopMode
 764              		.syntax unified
 765              		.code	16
 766              		.thumb_func
 768              	HAL_DBGMCU_EnableDBGStopMode:
 769              	.LFB382:
 485:Drivers/STM32G0xx_HAL_Driver/Src/stm32g0xx_hal.c **** 
 486:Drivers/STM32G0xx_HAL_Driver/Src/stm32g0xx_hal.c **** /**
 487:Drivers/STM32G0xx_HAL_Driver/Src/stm32g0xx_hal.c ****   * @}
 488:Drivers/STM32G0xx_HAL_Driver/Src/stm32g0xx_hal.c ****   */
 489:Drivers/STM32G0xx_HAL_Driver/Src/stm32g0xx_hal.c **** 
 490:Drivers/STM32G0xx_HAL_Driver/Src/stm32g0xx_hal.c **** /** @addtogroup HAL_Exported_Functions_Group3
 491:Drivers/STM32G0xx_HAL_Driver/Src/stm32g0xx_hal.c ****  *  @brief    HAL Debug functions
 492:Drivers/STM32G0xx_HAL_Driver/Src/stm32g0xx_hal.c ****  *
 493:Drivers/STM32G0xx_HAL_Driver/Src/stm32g0xx_hal.c **** @verbatim
 494:Drivers/STM32G0xx_HAL_Driver/Src/stm32g0xx_hal.c ****  ===============================================================================
 495:Drivers/STM32G0xx_HAL_Driver/Src/stm32g0xx_hal.c ****                       ##### HAL Debug functions #####
 496:Drivers/STM32G0xx_HAL_Driver/Src/stm32g0xx_hal.c ****  ===============================================================================
 497:Drivers/STM32G0xx_HAL_Driver/Src/stm32g0xx_hal.c ****     [..]  This section provides functions allowing to:
 498:Drivers/STM32G0xx_HAL_Driver/Src/stm32g0xx_hal.c ****       (+) Enable/Disable Debug module during STOP mode
 499:Drivers/STM32G0xx_HAL_Driver/Src/stm32g0xx_hal.c ****       (+) Enable/Disable Debug module during STANDBY mode
 500:Drivers/STM32G0xx_HAL_Driver/Src/stm32g0xx_hal.c **** 
 501:Drivers/STM32G0xx_HAL_Driver/Src/stm32g0xx_hal.c **** @endverbatim
 502:Drivers/STM32G0xx_HAL_Driver/Src/stm32g0xx_hal.c ****   * @{
 503:Drivers/STM32G0xx_HAL_Driver/Src/stm32g0xx_hal.c ****   */
 504:Drivers/STM32G0xx_HAL_Driver/Src/stm32g0xx_hal.c **** 
 505:Drivers/STM32G0xx_HAL_Driver/Src/stm32g0xx_hal.c **** /**
 506:Drivers/STM32G0xx_HAL_Driver/Src/stm32g0xx_hal.c ****   * @brief  Enable the Debug Module during STOP mode
 507:Drivers/STM32G0xx_HAL_Driver/Src/stm32g0xx_hal.c ****   * @retval None
 508:Drivers/STM32G0xx_HAL_Driver/Src/stm32g0xx_hal.c ****   */
 509:Drivers/STM32G0xx_HAL_Driver/Src/stm32g0xx_hal.c **** void HAL_DBGMCU_EnableDBGStopMode(void)
 510:Drivers/STM32G0xx_HAL_Driver/Src/stm32g0xx_hal.c **** {
 770              		.loc 1 510 1 is_stmt 1 view -0
 771              		.cfi_startproc
 772              		@ args = 0, pretend = 0, frame = 0
 773              		@ frame_needed = 0, uses_anonymous_args = 0
 774              		@ link register save eliminated.
 511:Drivers/STM32G0xx_HAL_Driver/Src/stm32g0xx_hal.c ****   SET_BIT(DBG->CR, DBG_CR_DBG_STOP);
 775              		.loc 1 511 3 view .LVU145
 776 0000 024A     		ldr	r2, .L70
 777 0002 5368     		ldr	r3, [r2, #4]
 778 0004 0221     		movs	r1, #2
 779 0006 0B43     		orrs	r3, r1
 780 0008 5360     		str	r3, [r2, #4]
 512:Drivers/STM32G0xx_HAL_Driver/Src/stm32g0xx_hal.c **** }
 781              		.loc 1 512 1 is_stmt 0 view .LVU146
 782              		@ sp needed
 783 000a 7047     		bx	lr
 784              	.L71:
 785              		.align	2
ARM GAS  C:\Users\Domagoj\AppData\Local\Temp\ccLVGXpg.s 			page 24


 786              	.L70:
 787 000c 00580140 		.word	1073829888
 788              		.cfi_endproc
 789              	.LFE382:
 791              		.section	.text.HAL_DBGMCU_DisableDBGStopMode,"ax",%progbits
 792              		.align	1
 793              		.global	HAL_DBGMCU_DisableDBGStopMode
 794              		.syntax unified
 795              		.code	16
 796              		.thumb_func
 798              	HAL_DBGMCU_DisableDBGStopMode:
 799              	.LFB383:
 513:Drivers/STM32G0xx_HAL_Driver/Src/stm32g0xx_hal.c **** 
 514:Drivers/STM32G0xx_HAL_Driver/Src/stm32g0xx_hal.c **** /**
 515:Drivers/STM32G0xx_HAL_Driver/Src/stm32g0xx_hal.c ****   * @brief  Disable the Debug Module during STOP mode
 516:Drivers/STM32G0xx_HAL_Driver/Src/stm32g0xx_hal.c ****   * @retval None
 517:Drivers/STM32G0xx_HAL_Driver/Src/stm32g0xx_hal.c ****   */
 518:Drivers/STM32G0xx_HAL_Driver/Src/stm32g0xx_hal.c **** void HAL_DBGMCU_DisableDBGStopMode(void)
 519:Drivers/STM32G0xx_HAL_Driver/Src/stm32g0xx_hal.c **** {
 800              		.loc 1 519 1 is_stmt 1 view -0
 801              		.cfi_startproc
 802              		@ args = 0, pretend = 0, frame = 0
 803              		@ frame_needed = 0, uses_anonymous_args = 0
 804              		@ link register save eliminated.
 520:Drivers/STM32G0xx_HAL_Driver/Src/stm32g0xx_hal.c ****   CLEAR_BIT(DBG->CR, DBG_CR_DBG_STOP);
 805              		.loc 1 520 3 view .LVU148
 806 0000 024A     		ldr	r2, .L73
 807 0002 5368     		ldr	r3, [r2, #4]
 808 0004 0221     		movs	r1, #2
 809 0006 8B43     		bics	r3, r1
 810 0008 5360     		str	r3, [r2, #4]
 521:Drivers/STM32G0xx_HAL_Driver/Src/stm32g0xx_hal.c **** }
 811              		.loc 1 521 1 is_stmt 0 view .LVU149
 812              		@ sp needed
 813 000a 7047     		bx	lr
 814              	.L74:
 815              		.align	2
 816              	.L73:
 817 000c 00580140 		.word	1073829888
 818              		.cfi_endproc
 819              	.LFE383:
 821              		.section	.text.HAL_DBGMCU_EnableDBGStandbyMode,"ax",%progbits
 822              		.align	1
 823              		.global	HAL_DBGMCU_EnableDBGStandbyMode
 824              		.syntax unified
 825              		.code	16
 826              		.thumb_func
 828              	HAL_DBGMCU_EnableDBGStandbyMode:
 829              	.LFB384:
 522:Drivers/STM32G0xx_HAL_Driver/Src/stm32g0xx_hal.c **** 
 523:Drivers/STM32G0xx_HAL_Driver/Src/stm32g0xx_hal.c **** /**
 524:Drivers/STM32G0xx_HAL_Driver/Src/stm32g0xx_hal.c ****   * @brief  Enable the Debug Module during STANDBY mode
 525:Drivers/STM32G0xx_HAL_Driver/Src/stm32g0xx_hal.c ****   * @retval None
 526:Drivers/STM32G0xx_HAL_Driver/Src/stm32g0xx_hal.c ****   */
 527:Drivers/STM32G0xx_HAL_Driver/Src/stm32g0xx_hal.c **** void HAL_DBGMCU_EnableDBGStandbyMode(void)
 528:Drivers/STM32G0xx_HAL_Driver/Src/stm32g0xx_hal.c **** {
 830              		.loc 1 528 1 is_stmt 1 view -0
ARM GAS  C:\Users\Domagoj\AppData\Local\Temp\ccLVGXpg.s 			page 25


 831              		.cfi_startproc
 832              		@ args = 0, pretend = 0, frame = 0
 833              		@ frame_needed = 0, uses_anonymous_args = 0
 834              		@ link register save eliminated.
 529:Drivers/STM32G0xx_HAL_Driver/Src/stm32g0xx_hal.c ****   SET_BIT(DBG->CR, DBG_CR_DBG_STANDBY);
 835              		.loc 1 529 3 view .LVU151
 836 0000 024A     		ldr	r2, .L76
 837 0002 5368     		ldr	r3, [r2, #4]
 838 0004 0421     		movs	r1, #4
 839 0006 0B43     		orrs	r3, r1
 840 0008 5360     		str	r3, [r2, #4]
 530:Drivers/STM32G0xx_HAL_Driver/Src/stm32g0xx_hal.c **** }
 841              		.loc 1 530 1 is_stmt 0 view .LVU152
 842              		@ sp needed
 843 000a 7047     		bx	lr
 844              	.L77:
 845              		.align	2
 846              	.L76:
 847 000c 00580140 		.word	1073829888
 848              		.cfi_endproc
 849              	.LFE384:
 851              		.section	.text.HAL_DBGMCU_DisableDBGStandbyMode,"ax",%progbits
 852              		.align	1
 853              		.global	HAL_DBGMCU_DisableDBGStandbyMode
 854              		.syntax unified
 855              		.code	16
 856              		.thumb_func
 858              	HAL_DBGMCU_DisableDBGStandbyMode:
 859              	.LFB385:
 531:Drivers/STM32G0xx_HAL_Driver/Src/stm32g0xx_hal.c **** 
 532:Drivers/STM32G0xx_HAL_Driver/Src/stm32g0xx_hal.c **** /**
 533:Drivers/STM32G0xx_HAL_Driver/Src/stm32g0xx_hal.c ****   * @brief  Disable the Debug Module during STANDBY mode
 534:Drivers/STM32G0xx_HAL_Driver/Src/stm32g0xx_hal.c ****   * @retval None
 535:Drivers/STM32G0xx_HAL_Driver/Src/stm32g0xx_hal.c ****   */
 536:Drivers/STM32G0xx_HAL_Driver/Src/stm32g0xx_hal.c **** void HAL_DBGMCU_DisableDBGStandbyMode(void)
 537:Drivers/STM32G0xx_HAL_Driver/Src/stm32g0xx_hal.c **** {
 860              		.loc 1 537 1 is_stmt 1 view -0
 861              		.cfi_startproc
 862              		@ args = 0, pretend = 0, frame = 0
 863              		@ frame_needed = 0, uses_anonymous_args = 0
 864              		@ link register save eliminated.
 538:Drivers/STM32G0xx_HAL_Driver/Src/stm32g0xx_hal.c ****   CLEAR_BIT(DBG->CR, DBG_CR_DBG_STANDBY);
 865              		.loc 1 538 3 view .LVU154
 866 0000 024A     		ldr	r2, .L79
 867 0002 5368     		ldr	r3, [r2, #4]
 868 0004 0421     		movs	r1, #4
 869 0006 8B43     		bics	r3, r1
 870 0008 5360     		str	r3, [r2, #4]
 539:Drivers/STM32G0xx_HAL_Driver/Src/stm32g0xx_hal.c **** }
 871              		.loc 1 539 1 is_stmt 0 view .LVU155
 872              		@ sp needed
 873 000a 7047     		bx	lr
 874              	.L80:
 875              		.align	2
 876              	.L79:
 877 000c 00580140 		.word	1073829888
 878              		.cfi_endproc
ARM GAS  C:\Users\Domagoj\AppData\Local\Temp\ccLVGXpg.s 			page 26


 879              	.LFE385:
 881              		.section	.text.HAL_SYSCFG_VREFBUF_VoltageScalingConfig,"ax",%progbits
 882              		.align	1
 883              		.global	HAL_SYSCFG_VREFBUF_VoltageScalingConfig
 884              		.syntax unified
 885              		.code	16
 886              		.thumb_func
 888              	HAL_SYSCFG_VREFBUF_VoltageScalingConfig:
 889              	.LVL30:
 890              	.LFB386:
 540:Drivers/STM32G0xx_HAL_Driver/Src/stm32g0xx_hal.c **** 
 541:Drivers/STM32G0xx_HAL_Driver/Src/stm32g0xx_hal.c **** /**
 542:Drivers/STM32G0xx_HAL_Driver/Src/stm32g0xx_hal.c ****   * @}
 543:Drivers/STM32G0xx_HAL_Driver/Src/stm32g0xx_hal.c ****   */
 544:Drivers/STM32G0xx_HAL_Driver/Src/stm32g0xx_hal.c **** 
 545:Drivers/STM32G0xx_HAL_Driver/Src/stm32g0xx_hal.c **** /** @addtogroup HAL_Exported_Functions_Group4
 546:Drivers/STM32G0xx_HAL_Driver/Src/stm32g0xx_hal.c ****  *  @brief    SYSCFG configuration functions
 547:Drivers/STM32G0xx_HAL_Driver/Src/stm32g0xx_hal.c ****  *
 548:Drivers/STM32G0xx_HAL_Driver/Src/stm32g0xx_hal.c **** @verbatim
 549:Drivers/STM32G0xx_HAL_Driver/Src/stm32g0xx_hal.c ****  ===============================================================================
 550:Drivers/STM32G0xx_HAL_Driver/Src/stm32g0xx_hal.c ****                       ##### HAL SYSCFG configuration functions #####
 551:Drivers/STM32G0xx_HAL_Driver/Src/stm32g0xx_hal.c ****  ===============================================================================
 552:Drivers/STM32G0xx_HAL_Driver/Src/stm32g0xx_hal.c ****     [..]  This section provides functions allowing to:
 553:Drivers/STM32G0xx_HAL_Driver/Src/stm32g0xx_hal.c ****       (+) Enable/Disable Pin remap
 554:Drivers/STM32G0xx_HAL_Driver/Src/stm32g0xx_hal.c ****       (+) Configure the Voltage reference buffer
 555:Drivers/STM32G0xx_HAL_Driver/Src/stm32g0xx_hal.c ****       (+) Enable/Disable the Voltage reference buffer
 556:Drivers/STM32G0xx_HAL_Driver/Src/stm32g0xx_hal.c ****       (+) Enable/Disable the I/O analog switch voltage booster
 557:Drivers/STM32G0xx_HAL_Driver/Src/stm32g0xx_hal.c ****       (+) Enable/Disable dead battery behavior(*)
 558:Drivers/STM32G0xx_HAL_Driver/Src/stm32g0xx_hal.c ****       (+) Configure Clamping Diode on specific pins(*)
 559:Drivers/STM32G0xx_HAL_Driver/Src/stm32g0xx_hal.c ****    (*) Feature not available on all devices
 560:Drivers/STM32G0xx_HAL_Driver/Src/stm32g0xx_hal.c **** 
 561:Drivers/STM32G0xx_HAL_Driver/Src/stm32g0xx_hal.c **** @endverbatim
 562:Drivers/STM32G0xx_HAL_Driver/Src/stm32g0xx_hal.c ****   * @{
 563:Drivers/STM32G0xx_HAL_Driver/Src/stm32g0xx_hal.c ****   */
 564:Drivers/STM32G0xx_HAL_Driver/Src/stm32g0xx_hal.c **** #if defined(VREFBUF)
 565:Drivers/STM32G0xx_HAL_Driver/Src/stm32g0xx_hal.c **** /**
 566:Drivers/STM32G0xx_HAL_Driver/Src/stm32g0xx_hal.c ****   * @brief Configure the internal voltage reference buffer voltage scale.
 567:Drivers/STM32G0xx_HAL_Driver/Src/stm32g0xx_hal.c ****   * @param  VoltageScaling specifies the output voltage to achieve
 568:Drivers/STM32G0xx_HAL_Driver/Src/stm32g0xx_hal.c ****   *         This parameter can be one of the following values:
 569:Drivers/STM32G0xx_HAL_Driver/Src/stm32g0xx_hal.c ****   *         @arg @ref SYSCFG_VREFBUF_VoltageScale
 570:Drivers/STM32G0xx_HAL_Driver/Src/stm32g0xx_hal.c ****   * @retval None
 571:Drivers/STM32G0xx_HAL_Driver/Src/stm32g0xx_hal.c ****   */
 572:Drivers/STM32G0xx_HAL_Driver/Src/stm32g0xx_hal.c **** void HAL_SYSCFG_VREFBUF_VoltageScalingConfig(uint32_t VoltageScaling)
 573:Drivers/STM32G0xx_HAL_Driver/Src/stm32g0xx_hal.c **** {
 891              		.loc 1 573 1 is_stmt 1 view -0
 892              		.cfi_startproc
 893              		@ args = 0, pretend = 0, frame = 0
 894              		@ frame_needed = 0, uses_anonymous_args = 0
 895              		@ link register save eliminated.
 574:Drivers/STM32G0xx_HAL_Driver/Src/stm32g0xx_hal.c ****   /* Check the parameters */
 575:Drivers/STM32G0xx_HAL_Driver/Src/stm32g0xx_hal.c ****   assert_param(IS_SYSCFG_VREFBUF_VOLTAGE_SCALE(VoltageScaling));
 896              		.loc 1 575 3 view .LVU157
 576:Drivers/STM32G0xx_HAL_Driver/Src/stm32g0xx_hal.c **** 
 577:Drivers/STM32G0xx_HAL_Driver/Src/stm32g0xx_hal.c ****   MODIFY_REG(VREFBUF->CSR, VREFBUF_CSR_VRS, VoltageScaling);
 897              		.loc 1 577 3 view .LVU158
 898 0000 034A     		ldr	r2, .L82
 899 0002 1368     		ldr	r3, [r2]
ARM GAS  C:\Users\Domagoj\AppData\Local\Temp\ccLVGXpg.s 			page 27


 900 0004 0421     		movs	r1, #4
 901 0006 8B43     		bics	r3, r1
 902 0008 0343     		orrs	r3, r0
 903 000a 1360     		str	r3, [r2]
 578:Drivers/STM32G0xx_HAL_Driver/Src/stm32g0xx_hal.c **** }
 904              		.loc 1 578 1 is_stmt 0 view .LVU159
 905              		@ sp needed
 906 000c 7047     		bx	lr
 907              	.L83:
 908 000e C046     		.align	2
 909              	.L82:
 910 0010 30000140 		.word	1073807408
 911              		.cfi_endproc
 912              	.LFE386:
 914              		.section	.text.HAL_SYSCFG_VREFBUF_HighImpedanceConfig,"ax",%progbits
 915              		.align	1
 916              		.global	HAL_SYSCFG_VREFBUF_HighImpedanceConfig
 917              		.syntax unified
 918              		.code	16
 919              		.thumb_func
 921              	HAL_SYSCFG_VREFBUF_HighImpedanceConfig:
 922              	.LVL31:
 923              	.LFB387:
 579:Drivers/STM32G0xx_HAL_Driver/Src/stm32g0xx_hal.c **** 
 580:Drivers/STM32G0xx_HAL_Driver/Src/stm32g0xx_hal.c **** /**
 581:Drivers/STM32G0xx_HAL_Driver/Src/stm32g0xx_hal.c ****   * @brief Configure the internal voltage reference buffer high impedance mode.
 582:Drivers/STM32G0xx_HAL_Driver/Src/stm32g0xx_hal.c ****   * @param  Mode specifies the high impedance mode
 583:Drivers/STM32G0xx_HAL_Driver/Src/stm32g0xx_hal.c ****   *          This parameter can be one of the following values:
 584:Drivers/STM32G0xx_HAL_Driver/Src/stm32g0xx_hal.c ****   *          @arg @ref SYSCFG_VREFBUF_HighImpedance
 585:Drivers/STM32G0xx_HAL_Driver/Src/stm32g0xx_hal.c ****   * @retval None
 586:Drivers/STM32G0xx_HAL_Driver/Src/stm32g0xx_hal.c ****   */
 587:Drivers/STM32G0xx_HAL_Driver/Src/stm32g0xx_hal.c **** void HAL_SYSCFG_VREFBUF_HighImpedanceConfig(uint32_t Mode)
 588:Drivers/STM32G0xx_HAL_Driver/Src/stm32g0xx_hal.c **** {
 924              		.loc 1 588 1 is_stmt 1 view -0
 925              		.cfi_startproc
 926              		@ args = 0, pretend = 0, frame = 0
 927              		@ frame_needed = 0, uses_anonymous_args = 0
 928              		@ link register save eliminated.
 589:Drivers/STM32G0xx_HAL_Driver/Src/stm32g0xx_hal.c ****   /* Check the parameters */
 590:Drivers/STM32G0xx_HAL_Driver/Src/stm32g0xx_hal.c ****   assert_param(IS_SYSCFG_VREFBUF_HIGH_IMPEDANCE(Mode));
 929              		.loc 1 590 3 view .LVU161
 591:Drivers/STM32G0xx_HAL_Driver/Src/stm32g0xx_hal.c **** 
 592:Drivers/STM32G0xx_HAL_Driver/Src/stm32g0xx_hal.c ****   MODIFY_REG(VREFBUF->CSR, VREFBUF_CSR_HIZ, Mode);
 930              		.loc 1 592 3 view .LVU162
 931 0000 034A     		ldr	r2, .L85
 932 0002 1368     		ldr	r3, [r2]
 933 0004 0221     		movs	r1, #2
 934 0006 8B43     		bics	r3, r1
 935 0008 0343     		orrs	r3, r0
 936 000a 1360     		str	r3, [r2]
 593:Drivers/STM32G0xx_HAL_Driver/Src/stm32g0xx_hal.c **** }
 937              		.loc 1 593 1 is_stmt 0 view .LVU163
 938              		@ sp needed
 939 000c 7047     		bx	lr
 940              	.L86:
 941 000e C046     		.align	2
 942              	.L85:
ARM GAS  C:\Users\Domagoj\AppData\Local\Temp\ccLVGXpg.s 			page 28


 943 0010 30000140 		.word	1073807408
 944              		.cfi_endproc
 945              	.LFE387:
 947              		.section	.text.HAL_SYSCFG_VREFBUF_TrimmingConfig,"ax",%progbits
 948              		.align	1
 949              		.global	HAL_SYSCFG_VREFBUF_TrimmingConfig
 950              		.syntax unified
 951              		.code	16
 952              		.thumb_func
 954              	HAL_SYSCFG_VREFBUF_TrimmingConfig:
 955              	.LVL32:
 956              	.LFB388:
 594:Drivers/STM32G0xx_HAL_Driver/Src/stm32g0xx_hal.c **** 
 595:Drivers/STM32G0xx_HAL_Driver/Src/stm32g0xx_hal.c **** /**
 596:Drivers/STM32G0xx_HAL_Driver/Src/stm32g0xx_hal.c ****   * @brief  Tune the Internal Voltage Reference buffer (VREFBUF).
 597:Drivers/STM32G0xx_HAL_Driver/Src/stm32g0xx_hal.c ****   * @note   VrefBuf voltage scale is calibrated in production for each device,
 598:Drivers/STM32G0xx_HAL_Driver/Src/stm32g0xx_hal.c ****   *         using voltage scale 1. This calibration value is loaded
 599:Drivers/STM32G0xx_HAL_Driver/Src/stm32g0xx_hal.c ****   *         as default trimming value at device power up.
 600:Drivers/STM32G0xx_HAL_Driver/Src/stm32g0xx_hal.c ****   *         This trimming value can be fine tuned for voltage scales 0 and 1
 601:Drivers/STM32G0xx_HAL_Driver/Src/stm32g0xx_hal.c ****   *         using this function.
 602:Drivers/STM32G0xx_HAL_Driver/Src/stm32g0xx_hal.c ****   * @retval None
 603:Drivers/STM32G0xx_HAL_Driver/Src/stm32g0xx_hal.c ****   */
 604:Drivers/STM32G0xx_HAL_Driver/Src/stm32g0xx_hal.c **** void HAL_SYSCFG_VREFBUF_TrimmingConfig(uint32_t TrimmingValue)
 605:Drivers/STM32G0xx_HAL_Driver/Src/stm32g0xx_hal.c **** {
 957              		.loc 1 605 1 is_stmt 1 view -0
 958              		.cfi_startproc
 959              		@ args = 0, pretend = 0, frame = 0
 960              		@ frame_needed = 0, uses_anonymous_args = 0
 961              		@ link register save eliminated.
 606:Drivers/STM32G0xx_HAL_Driver/Src/stm32g0xx_hal.c ****   /* Check the parameters */
 607:Drivers/STM32G0xx_HAL_Driver/Src/stm32g0xx_hal.c ****   assert_param(IS_SYSCFG_VREFBUF_TRIMMING(TrimmingValue));
 962              		.loc 1 607 3 view .LVU165
 608:Drivers/STM32G0xx_HAL_Driver/Src/stm32g0xx_hal.c **** 
 609:Drivers/STM32G0xx_HAL_Driver/Src/stm32g0xx_hal.c ****   MODIFY_REG(VREFBUF->CCR, VREFBUF_CCR_TRIM, TrimmingValue);
 963              		.loc 1 609 3 view .LVU166
 964 0000 034A     		ldr	r2, .L88
 965 0002 5368     		ldr	r3, [r2, #4]
 966 0004 3F21     		movs	r1, #63
 967 0006 8B43     		bics	r3, r1
 968 0008 0343     		orrs	r3, r0
 969 000a 5360     		str	r3, [r2, #4]
 610:Drivers/STM32G0xx_HAL_Driver/Src/stm32g0xx_hal.c **** }
 970              		.loc 1 610 1 is_stmt 0 view .LVU167
 971              		@ sp needed
 972 000c 7047     		bx	lr
 973              	.L89:
 974 000e C046     		.align	2
 975              	.L88:
 976 0010 30000140 		.word	1073807408
 977              		.cfi_endproc
 978              	.LFE388:
 980              		.section	.text.HAL_SYSCFG_EnableVREFBUF,"ax",%progbits
 981              		.align	1
 982              		.global	HAL_SYSCFG_EnableVREFBUF
 983              		.syntax unified
 984              		.code	16
 985              		.thumb_func
ARM GAS  C:\Users\Domagoj\AppData\Local\Temp\ccLVGXpg.s 			page 29


 987              	HAL_SYSCFG_EnableVREFBUF:
 988              	.LFB389:
 611:Drivers/STM32G0xx_HAL_Driver/Src/stm32g0xx_hal.c **** 
 612:Drivers/STM32G0xx_HAL_Driver/Src/stm32g0xx_hal.c **** /**
 613:Drivers/STM32G0xx_HAL_Driver/Src/stm32g0xx_hal.c ****   * @brief  Enable the Internal Voltage Reference buffer (VREFBUF).
 614:Drivers/STM32G0xx_HAL_Driver/Src/stm32g0xx_hal.c ****   * @retval HAL_OK/HAL_TIMEOUT
 615:Drivers/STM32G0xx_HAL_Driver/Src/stm32g0xx_hal.c ****   */
 616:Drivers/STM32G0xx_HAL_Driver/Src/stm32g0xx_hal.c **** HAL_StatusTypeDef HAL_SYSCFG_EnableVREFBUF(void)
 617:Drivers/STM32G0xx_HAL_Driver/Src/stm32g0xx_hal.c **** {
 989              		.loc 1 617 1 is_stmt 1 view -0
 990              		.cfi_startproc
 991              		@ args = 0, pretend = 0, frame = 0
 992              		@ frame_needed = 0, uses_anonymous_args = 0
 993 0000 10B5     		push	{r4, lr}
 994              	.LCFI5:
 995              		.cfi_def_cfa_offset 8
 996              		.cfi_offset 4, -8
 997              		.cfi_offset 14, -4
 618:Drivers/STM32G0xx_HAL_Driver/Src/stm32g0xx_hal.c ****   uint32_t  tickstart;
 998              		.loc 1 618 3 view .LVU169
 619:Drivers/STM32G0xx_HAL_Driver/Src/stm32g0xx_hal.c **** 
 620:Drivers/STM32G0xx_HAL_Driver/Src/stm32g0xx_hal.c ****   SET_BIT(VREFBUF->CSR, VREFBUF_CSR_ENVR);
 999              		.loc 1 620 3 view .LVU170
 1000 0002 0A4A     		ldr	r2, .L96
 1001 0004 1368     		ldr	r3, [r2]
 1002 0006 0121     		movs	r1, #1
 1003 0008 0B43     		orrs	r3, r1
 1004 000a 1360     		str	r3, [r2]
 621:Drivers/STM32G0xx_HAL_Driver/Src/stm32g0xx_hal.c **** 
 622:Drivers/STM32G0xx_HAL_Driver/Src/stm32g0xx_hal.c ****   /* Get Start Tick*/
 623:Drivers/STM32G0xx_HAL_Driver/Src/stm32g0xx_hal.c ****   tickstart = HAL_GetTick();
 1005              		.loc 1 623 3 view .LVU171
 1006              		.loc 1 623 15 is_stmt 0 view .LVU172
 1007 000c FFF7FEFF 		bl	HAL_GetTick
 1008              	.LVL33:
 1009 0010 0400     		movs	r4, r0
 1010              	.LVL34:
 624:Drivers/STM32G0xx_HAL_Driver/Src/stm32g0xx_hal.c **** 
 625:Drivers/STM32G0xx_HAL_Driver/Src/stm32g0xx_hal.c ****   /* Wait for VRR bit  */
 626:Drivers/STM32G0xx_HAL_Driver/Src/stm32g0xx_hal.c ****   while (READ_BIT(VREFBUF->CSR, VREFBUF_CSR_VRR) == 0x00U)
 1011              		.loc 1 626 3 is_stmt 1 view .LVU173
 1012              	.L91:
 1013              		.loc 1 626 50 view .LVU174
 1014              		.loc 1 626 10 is_stmt 0 view .LVU175
 1015 0012 064B     		ldr	r3, .L96
 1016 0014 1B68     		ldr	r3, [r3]
 1017              		.loc 1 626 50 view .LVU176
 1018 0016 1B07     		lsls	r3, r3, #28
 1019 0018 06D4     		bmi	.L95
 627:Drivers/STM32G0xx_HAL_Driver/Src/stm32g0xx_hal.c ****   {
 628:Drivers/STM32G0xx_HAL_Driver/Src/stm32g0xx_hal.c ****     if ((HAL_GetTick() - tickstart) > VREFBUF_TIMEOUT_VALUE)
 1020              		.loc 1 628 5 is_stmt 1 view .LVU177
 1021              		.loc 1 628 10 is_stmt 0 view .LVU178
 1022 001a FFF7FEFF 		bl	HAL_GetTick
 1023              	.LVL35:
 1024              		.loc 1 628 24 discriminator 1 view .LVU179
 1025 001e 001B     		subs	r0, r0, r4
ARM GAS  C:\Users\Domagoj\AppData\Local\Temp\ccLVGXpg.s 			page 30


 1026              		.loc 1 628 8 discriminator 1 view .LVU180
 1027 0020 0A28     		cmp	r0, #10
 1028 0022 F6D9     		bls	.L91
 629:Drivers/STM32G0xx_HAL_Driver/Src/stm32g0xx_hal.c ****     {
 630:Drivers/STM32G0xx_HAL_Driver/Src/stm32g0xx_hal.c ****       return HAL_TIMEOUT;
 1029              		.loc 1 630 14 view .LVU181
 1030 0024 0320     		movs	r0, #3
 1031 0026 00E0     		b	.L92
 1032              	.L95:
 631:Drivers/STM32G0xx_HAL_Driver/Src/stm32g0xx_hal.c ****     }
 632:Drivers/STM32G0xx_HAL_Driver/Src/stm32g0xx_hal.c ****   }
 633:Drivers/STM32G0xx_HAL_Driver/Src/stm32g0xx_hal.c **** 
 634:Drivers/STM32G0xx_HAL_Driver/Src/stm32g0xx_hal.c ****   return HAL_OK;
 1033              		.loc 1 634 10 view .LVU182
 1034 0028 0020     		movs	r0, #0
 1035              	.L92:
 635:Drivers/STM32G0xx_HAL_Driver/Src/stm32g0xx_hal.c **** }
 1036              		.loc 1 635 1 view .LVU183
 1037              		@ sp needed
 1038              	.LVL36:
 1039              		.loc 1 635 1 view .LVU184
 1040 002a 10BD     		pop	{r4, pc}
 1041              	.L97:
 1042              		.align	2
 1043              	.L96:
 1044 002c 30000140 		.word	1073807408
 1045              		.cfi_endproc
 1046              	.LFE389:
 1048              		.section	.text.HAL_SYSCFG_DisableVREFBUF,"ax",%progbits
 1049              		.align	1
 1050              		.global	HAL_SYSCFG_DisableVREFBUF
 1051              		.syntax unified
 1052              		.code	16
 1053              		.thumb_func
 1055              	HAL_SYSCFG_DisableVREFBUF:
 1056              	.LFB390:
 636:Drivers/STM32G0xx_HAL_Driver/Src/stm32g0xx_hal.c **** 
 637:Drivers/STM32G0xx_HAL_Driver/Src/stm32g0xx_hal.c **** /**
 638:Drivers/STM32G0xx_HAL_Driver/Src/stm32g0xx_hal.c ****   * @brief  Disable the Internal Voltage Reference buffer (VREFBUF).
 639:Drivers/STM32G0xx_HAL_Driver/Src/stm32g0xx_hal.c ****   *
 640:Drivers/STM32G0xx_HAL_Driver/Src/stm32g0xx_hal.c ****   * @retval None
 641:Drivers/STM32G0xx_HAL_Driver/Src/stm32g0xx_hal.c ****   */
 642:Drivers/STM32G0xx_HAL_Driver/Src/stm32g0xx_hal.c **** void HAL_SYSCFG_DisableVREFBUF(void)
 643:Drivers/STM32G0xx_HAL_Driver/Src/stm32g0xx_hal.c **** {
 1057              		.loc 1 643 1 is_stmt 1 view -0
 1058              		.cfi_startproc
 1059              		@ args = 0, pretend = 0, frame = 0
 1060              		@ frame_needed = 0, uses_anonymous_args = 0
 1061              		@ link register save eliminated.
 644:Drivers/STM32G0xx_HAL_Driver/Src/stm32g0xx_hal.c ****   CLEAR_BIT(VREFBUF->CSR, VREFBUF_CSR_ENVR);
 1062              		.loc 1 644 3 view .LVU186
 1063 0000 024A     		ldr	r2, .L99
 1064 0002 1368     		ldr	r3, [r2]
 1065 0004 0121     		movs	r1, #1
 1066 0006 8B43     		bics	r3, r1
 1067 0008 1360     		str	r3, [r2]
 645:Drivers/STM32G0xx_HAL_Driver/Src/stm32g0xx_hal.c **** }
ARM GAS  C:\Users\Domagoj\AppData\Local\Temp\ccLVGXpg.s 			page 31


 1068              		.loc 1 645 1 is_stmt 0 view .LVU187
 1069              		@ sp needed
 1070 000a 7047     		bx	lr
 1071              	.L100:
 1072              		.align	2
 1073              	.L99:
 1074 000c 30000140 		.word	1073807408
 1075              		.cfi_endproc
 1076              	.LFE390:
 1078              		.section	.text.HAL_SYSCFG_EnableIOAnalogSwitchBooster,"ax",%progbits
 1079              		.align	1
 1080              		.global	HAL_SYSCFG_EnableIOAnalogSwitchBooster
 1081              		.syntax unified
 1082              		.code	16
 1083              		.thumb_func
 1085              	HAL_SYSCFG_EnableIOAnalogSwitchBooster:
 1086              	.LFB391:
 646:Drivers/STM32G0xx_HAL_Driver/Src/stm32g0xx_hal.c **** #endif /* VREFBUF */
 647:Drivers/STM32G0xx_HAL_Driver/Src/stm32g0xx_hal.c **** 
 648:Drivers/STM32G0xx_HAL_Driver/Src/stm32g0xx_hal.c **** /**
 649:Drivers/STM32G0xx_HAL_Driver/Src/stm32g0xx_hal.c ****   * @brief  Enable the I/O analog switch voltage booster
 650:Drivers/STM32G0xx_HAL_Driver/Src/stm32g0xx_hal.c ****   * @retval None
 651:Drivers/STM32G0xx_HAL_Driver/Src/stm32g0xx_hal.c ****   */
 652:Drivers/STM32G0xx_HAL_Driver/Src/stm32g0xx_hal.c **** void HAL_SYSCFG_EnableIOAnalogSwitchBooster(void)
 653:Drivers/STM32G0xx_HAL_Driver/Src/stm32g0xx_hal.c **** {
 1087              		.loc 1 653 1 is_stmt 1 view -0
 1088              		.cfi_startproc
 1089              		@ args = 0, pretend = 0, frame = 0
 1090              		@ frame_needed = 0, uses_anonymous_args = 0
 1091              		@ link register save eliminated.
 654:Drivers/STM32G0xx_HAL_Driver/Src/stm32g0xx_hal.c ****   SET_BIT(SYSCFG->CFGR1, SYSCFG_CFGR1_BOOSTEN);
 1092              		.loc 1 654 3 view .LVU189
 1093 0000 034A     		ldr	r2, .L102
 1094 0002 1168     		ldr	r1, [r2]
 1095 0004 8023     		movs	r3, #128
 1096 0006 5B00     		lsls	r3, r3, #1
 1097 0008 0B43     		orrs	r3, r1
 1098 000a 1360     		str	r3, [r2]
 655:Drivers/STM32G0xx_HAL_Driver/Src/stm32g0xx_hal.c **** }
 1099              		.loc 1 655 1 is_stmt 0 view .LVU190
 1100              		@ sp needed
 1101 000c 7047     		bx	lr
 1102              	.L103:
 1103 000e C046     		.align	2
 1104              	.L102:
 1105 0010 00000140 		.word	1073807360
 1106              		.cfi_endproc
 1107              	.LFE391:
 1109              		.section	.text.HAL_SYSCFG_DisableIOAnalogSwitchBooster,"ax",%progbits
 1110              		.align	1
 1111              		.global	HAL_SYSCFG_DisableIOAnalogSwitchBooster
 1112              		.syntax unified
 1113              		.code	16
 1114              		.thumb_func
 1116              	HAL_SYSCFG_DisableIOAnalogSwitchBooster:
 1117              	.LFB392:
 656:Drivers/STM32G0xx_HAL_Driver/Src/stm32g0xx_hal.c **** 
ARM GAS  C:\Users\Domagoj\AppData\Local\Temp\ccLVGXpg.s 			page 32


 657:Drivers/STM32G0xx_HAL_Driver/Src/stm32g0xx_hal.c **** /**
 658:Drivers/STM32G0xx_HAL_Driver/Src/stm32g0xx_hal.c ****   * @brief  Disable the I/O analog switch voltage booster
 659:Drivers/STM32G0xx_HAL_Driver/Src/stm32g0xx_hal.c ****   * @retval None
 660:Drivers/STM32G0xx_HAL_Driver/Src/stm32g0xx_hal.c ****   */
 661:Drivers/STM32G0xx_HAL_Driver/Src/stm32g0xx_hal.c **** void HAL_SYSCFG_DisableIOAnalogSwitchBooster(void)
 662:Drivers/STM32G0xx_HAL_Driver/Src/stm32g0xx_hal.c **** {
 1118              		.loc 1 662 1 is_stmt 1 view -0
 1119              		.cfi_startproc
 1120              		@ args = 0, pretend = 0, frame = 0
 1121              		@ frame_needed = 0, uses_anonymous_args = 0
 1122              		@ link register save eliminated.
 663:Drivers/STM32G0xx_HAL_Driver/Src/stm32g0xx_hal.c ****   CLEAR_BIT(SYSCFG->CFGR1, SYSCFG_CFGR1_BOOSTEN);
 1123              		.loc 1 663 3 view .LVU192
 1124 0000 024A     		ldr	r2, .L105
 1125 0002 1368     		ldr	r3, [r2]
 1126 0004 0249     		ldr	r1, .L105+4
 1127 0006 0B40     		ands	r3, r1
 1128 0008 1360     		str	r3, [r2]
 664:Drivers/STM32G0xx_HAL_Driver/Src/stm32g0xx_hal.c **** }
 1129              		.loc 1 664 1 is_stmt 0 view .LVU193
 1130              		@ sp needed
 1131 000a 7047     		bx	lr
 1132              	.L106:
 1133              		.align	2
 1134              	.L105:
 1135 000c 00000140 		.word	1073807360
 1136 0010 FFFEFFFF 		.word	-257
 1137              		.cfi_endproc
 1138              	.LFE392:
 1140              		.section	.text.HAL_SYSCFG_EnableRemap,"ax",%progbits
 1141              		.align	1
 1142              		.global	HAL_SYSCFG_EnableRemap
 1143              		.syntax unified
 1144              		.code	16
 1145              		.thumb_func
 1147              	HAL_SYSCFG_EnableRemap:
 1148              	.LVL37:
 1149              	.LFB393:
 665:Drivers/STM32G0xx_HAL_Driver/Src/stm32g0xx_hal.c **** 
 666:Drivers/STM32G0xx_HAL_Driver/Src/stm32g0xx_hal.c **** /**
 667:Drivers/STM32G0xx_HAL_Driver/Src/stm32g0xx_hal.c ****   * @brief  Enable the remap on PA11_PA12
 668:Drivers/STM32G0xx_HAL_Driver/Src/stm32g0xx_hal.c ****   * @param  PinRemap specifies which pins have to be remapped
 669:Drivers/STM32G0xx_HAL_Driver/Src/stm32g0xx_hal.c ****   *         This parameter can be any combination of the following values:
 670:Drivers/STM32G0xx_HAL_Driver/Src/stm32g0xx_hal.c ****   *         @arg @ref SYSCFG_REMAP_PA11
 671:Drivers/STM32G0xx_HAL_Driver/Src/stm32g0xx_hal.c ****   *         @arg @ref SYSCFG_REMAP_PA12
 672:Drivers/STM32G0xx_HAL_Driver/Src/stm32g0xx_hal.c ****   * @retval None
 673:Drivers/STM32G0xx_HAL_Driver/Src/stm32g0xx_hal.c ****   */
 674:Drivers/STM32G0xx_HAL_Driver/Src/stm32g0xx_hal.c **** void HAL_SYSCFG_EnableRemap(uint32_t PinRemap)
 675:Drivers/STM32G0xx_HAL_Driver/Src/stm32g0xx_hal.c **** {
 1150              		.loc 1 675 1 is_stmt 1 view -0
 1151              		.cfi_startproc
 1152              		@ args = 0, pretend = 0, frame = 0
 1153              		@ frame_needed = 0, uses_anonymous_args = 0
 1154              		@ link register save eliminated.
 676:Drivers/STM32G0xx_HAL_Driver/Src/stm32g0xx_hal.c ****   /* Check the parameter */
 677:Drivers/STM32G0xx_HAL_Driver/Src/stm32g0xx_hal.c ****   assert_param(IS_HAL_REMAP_PIN(PinRemap));
 1155              		.loc 1 677 3 view .LVU195
ARM GAS  C:\Users\Domagoj\AppData\Local\Temp\ccLVGXpg.s 			page 33


 678:Drivers/STM32G0xx_HAL_Driver/Src/stm32g0xx_hal.c ****   SET_BIT(SYSCFG->CFGR1, PinRemap);
 1156              		.loc 1 678 3 view .LVU196
 1157 0000 024A     		ldr	r2, .L108
 1158 0002 1368     		ldr	r3, [r2]
 1159 0004 0343     		orrs	r3, r0
 1160 0006 1360     		str	r3, [r2]
 679:Drivers/STM32G0xx_HAL_Driver/Src/stm32g0xx_hal.c **** }
 1161              		.loc 1 679 1 is_stmt 0 view .LVU197
 1162              		@ sp needed
 1163 0008 7047     		bx	lr
 1164              	.L109:
 1165 000a C046     		.align	2
 1166              	.L108:
 1167 000c 00000140 		.word	1073807360
 1168              		.cfi_endproc
 1169              	.LFE393:
 1171              		.section	.text.HAL_SYSCFG_DisableRemap,"ax",%progbits
 1172              		.align	1
 1173              		.global	HAL_SYSCFG_DisableRemap
 1174              		.syntax unified
 1175              		.code	16
 1176              		.thumb_func
 1178              	HAL_SYSCFG_DisableRemap:
 1179              	.LVL38:
 1180              	.LFB394:
 680:Drivers/STM32G0xx_HAL_Driver/Src/stm32g0xx_hal.c **** 
 681:Drivers/STM32G0xx_HAL_Driver/Src/stm32g0xx_hal.c **** /**
 682:Drivers/STM32G0xx_HAL_Driver/Src/stm32g0xx_hal.c ****   * @brief  Disable the remap on PA11_PA12
 683:Drivers/STM32G0xx_HAL_Driver/Src/stm32g0xx_hal.c ****   * @param  PinRemap specifies which pins will behave normally
 684:Drivers/STM32G0xx_HAL_Driver/Src/stm32g0xx_hal.c ****   *         This parameter can be any combination of the following values:
 685:Drivers/STM32G0xx_HAL_Driver/Src/stm32g0xx_hal.c ****   *         @arg @ref SYSCFG_REMAP_PA11
 686:Drivers/STM32G0xx_HAL_Driver/Src/stm32g0xx_hal.c ****   *         @arg @ref SYSCFG_REMAP_PA12
 687:Drivers/STM32G0xx_HAL_Driver/Src/stm32g0xx_hal.c ****   * @retval None
 688:Drivers/STM32G0xx_HAL_Driver/Src/stm32g0xx_hal.c ****   */
 689:Drivers/STM32G0xx_HAL_Driver/Src/stm32g0xx_hal.c **** void HAL_SYSCFG_DisableRemap(uint32_t PinRemap)
 690:Drivers/STM32G0xx_HAL_Driver/Src/stm32g0xx_hal.c **** {
 1181              		.loc 1 690 1 is_stmt 1 view -0
 1182              		.cfi_startproc
 1183              		@ args = 0, pretend = 0, frame = 0
 1184              		@ frame_needed = 0, uses_anonymous_args = 0
 1185              		@ link register save eliminated.
 691:Drivers/STM32G0xx_HAL_Driver/Src/stm32g0xx_hal.c ****   /* Check the parameter */
 692:Drivers/STM32G0xx_HAL_Driver/Src/stm32g0xx_hal.c ****   assert_param(IS_HAL_REMAP_PIN(PinRemap));
 1186              		.loc 1 692 3 view .LVU199
 693:Drivers/STM32G0xx_HAL_Driver/Src/stm32g0xx_hal.c ****   CLEAR_BIT(SYSCFG->CFGR1, PinRemap);
 1187              		.loc 1 693 3 view .LVU200
 1188 0000 024A     		ldr	r2, .L111
 1189 0002 1368     		ldr	r3, [r2]
 1190 0004 8343     		bics	r3, r0
 1191 0006 1360     		str	r3, [r2]
 694:Drivers/STM32G0xx_HAL_Driver/Src/stm32g0xx_hal.c **** }
 1192              		.loc 1 694 1 is_stmt 0 view .LVU201
 1193              		@ sp needed
 1194 0008 7047     		bx	lr
 1195              	.L112:
 1196 000a C046     		.align	2
 1197              	.L111:
ARM GAS  C:\Users\Domagoj\AppData\Local\Temp\ccLVGXpg.s 			page 34


 1198 000c 00000140 		.word	1073807360
 1199              		.cfi_endproc
 1200              	.LFE394:
 1202              		.section	.text.HAL_SYSCFG_EnableClampingDiode,"ax",%progbits
 1203              		.align	1
 1204              		.global	HAL_SYSCFG_EnableClampingDiode
 1205              		.syntax unified
 1206              		.code	16
 1207              		.thumb_func
 1209              	HAL_SYSCFG_EnableClampingDiode:
 1210              	.LVL39:
 1211              	.LFB395:
 695:Drivers/STM32G0xx_HAL_Driver/Src/stm32g0xx_hal.c **** 
 696:Drivers/STM32G0xx_HAL_Driver/Src/stm32g0xx_hal.c **** #if defined(SYSCFG_CDEN_SUPPORT)
 697:Drivers/STM32G0xx_HAL_Driver/Src/stm32g0xx_hal.c **** /**
 698:Drivers/STM32G0xx_HAL_Driver/Src/stm32g0xx_hal.c ****   * @brief  Enable Clamping Diode on specified IO
 699:Drivers/STM32G0xx_HAL_Driver/Src/stm32g0xx_hal.c ****   * @param  PinConfig specifies on which pins clamping Diode has to be enabled
 700:Drivers/STM32G0xx_HAL_Driver/Src/stm32g0xx_hal.c ****   *         This parameter can be any combination of the following values:
 701:Drivers/STM32G0xx_HAL_Driver/Src/stm32g0xx_hal.c ****   *         @arg @ref SYSCFG_ClampingDiode
 702:Drivers/STM32G0xx_HAL_Driver/Src/stm32g0xx_hal.c ****   * @retval None
 703:Drivers/STM32G0xx_HAL_Driver/Src/stm32g0xx_hal.c ****   */
 704:Drivers/STM32G0xx_HAL_Driver/Src/stm32g0xx_hal.c **** void HAL_SYSCFG_EnableClampingDiode(uint32_t PinConfig)
 705:Drivers/STM32G0xx_HAL_Driver/Src/stm32g0xx_hal.c **** {
 1212              		.loc 1 705 1 is_stmt 1 view -0
 1213              		.cfi_startproc
 1214              		@ args = 0, pretend = 0, frame = 0
 1215              		@ frame_needed = 0, uses_anonymous_args = 0
 1216              		@ link register save eliminated.
 706:Drivers/STM32G0xx_HAL_Driver/Src/stm32g0xx_hal.c ****   /* Check the parameter */
 707:Drivers/STM32G0xx_HAL_Driver/Src/stm32g0xx_hal.c ****   assert_param(IS_SYSCFG_CLAMPINGDIODE(PinConfig));
 1217              		.loc 1 707 3 view .LVU203
 708:Drivers/STM32G0xx_HAL_Driver/Src/stm32g0xx_hal.c ****   SET_BIT(SYSCFG->CFGR2, PinConfig);
 1218              		.loc 1 708 3 view .LVU204
 1219 0000 024A     		ldr	r2, .L114
 1220 0002 9369     		ldr	r3, [r2, #24]
 1221 0004 0343     		orrs	r3, r0
 1222 0006 9361     		str	r3, [r2, #24]
 709:Drivers/STM32G0xx_HAL_Driver/Src/stm32g0xx_hal.c **** }
 1223              		.loc 1 709 1 is_stmt 0 view .LVU205
 1224              		@ sp needed
 1225 0008 7047     		bx	lr
 1226              	.L115:
 1227 000a C046     		.align	2
 1228              	.L114:
 1229 000c 00000140 		.word	1073807360
 1230              		.cfi_endproc
 1231              	.LFE395:
 1233              		.section	.text.HAL_SYSCFG_DisableClampingDiode,"ax",%progbits
 1234              		.align	1
 1235              		.global	HAL_SYSCFG_DisableClampingDiode
 1236              		.syntax unified
 1237              		.code	16
 1238              		.thumb_func
 1240              	HAL_SYSCFG_DisableClampingDiode:
 1241              	.LVL40:
 1242              	.LFB396:
 710:Drivers/STM32G0xx_HAL_Driver/Src/stm32g0xx_hal.c **** 
ARM GAS  C:\Users\Domagoj\AppData\Local\Temp\ccLVGXpg.s 			page 35


 711:Drivers/STM32G0xx_HAL_Driver/Src/stm32g0xx_hal.c **** /**
 712:Drivers/STM32G0xx_HAL_Driver/Src/stm32g0xx_hal.c ****   * @brief  Disable Clamping Diode on specified IO
 713:Drivers/STM32G0xx_HAL_Driver/Src/stm32g0xx_hal.c ****   * @param  PinConfig specifies on which pins clamping Diode has to be disabled
 714:Drivers/STM32G0xx_HAL_Driver/Src/stm32g0xx_hal.c ****   *         This parameter can be any combination of the following values:
 715:Drivers/STM32G0xx_HAL_Driver/Src/stm32g0xx_hal.c ****   *         @arg @ref SYSCFG_ClampingDiode
 716:Drivers/STM32G0xx_HAL_Driver/Src/stm32g0xx_hal.c ****   * @retval None
 717:Drivers/STM32G0xx_HAL_Driver/Src/stm32g0xx_hal.c ****   */
 718:Drivers/STM32G0xx_HAL_Driver/Src/stm32g0xx_hal.c **** void HAL_SYSCFG_DisableClampingDiode(uint32_t PinConfig)
 719:Drivers/STM32G0xx_HAL_Driver/Src/stm32g0xx_hal.c **** {
 1243              		.loc 1 719 1 is_stmt 1 view -0
 1244              		.cfi_startproc
 1245              		@ args = 0, pretend = 0, frame = 0
 1246              		@ frame_needed = 0, uses_anonymous_args = 0
 1247              		@ link register save eliminated.
 720:Drivers/STM32G0xx_HAL_Driver/Src/stm32g0xx_hal.c ****   /* Check the parameter */
 721:Drivers/STM32G0xx_HAL_Driver/Src/stm32g0xx_hal.c ****   assert_param(IS_SYSCFG_CLAMPINGDIODE(PinConfig));
 1248              		.loc 1 721 3 view .LVU207
 722:Drivers/STM32G0xx_HAL_Driver/Src/stm32g0xx_hal.c ****   CLEAR_BIT(SYSCFG->CFGR2, PinConfig);
 1249              		.loc 1 722 3 view .LVU208
 1250 0000 024A     		ldr	r2, .L117
 1251 0002 9369     		ldr	r3, [r2, #24]
 1252 0004 8343     		bics	r3, r0
 1253 0006 9361     		str	r3, [r2, #24]
 723:Drivers/STM32G0xx_HAL_Driver/Src/stm32g0xx_hal.c **** }
 1254              		.loc 1 723 1 is_stmt 0 view .LVU209
 1255              		@ sp needed
 1256 0008 7047     		bx	lr
 1257              	.L118:
 1258 000a C046     		.align	2
 1259              	.L117:
 1260 000c 00000140 		.word	1073807360
 1261              		.cfi_endproc
 1262              	.LFE396:
 1264              		.section	.text.HAL_SYSCFG_StrobeDBattpinsConfig,"ax",%progbits
 1265              		.align	1
 1266              		.global	HAL_SYSCFG_StrobeDBattpinsConfig
 1267              		.syntax unified
 1268              		.code	16
 1269              		.thumb_func
 1271              	HAL_SYSCFG_StrobeDBattpinsConfig:
 1272              	.LVL41:
 1273              	.LFB397:
 724:Drivers/STM32G0xx_HAL_Driver/Src/stm32g0xx_hal.c **** #endif /* SYSCFG_CDEN_SUPPORT */
 725:Drivers/STM32G0xx_HAL_Driver/Src/stm32g0xx_hal.c **** 
 726:Drivers/STM32G0xx_HAL_Driver/Src/stm32g0xx_hal.c **** #if defined (SYSCFG_CFGR1_UCPD1_STROBE) || defined (SYSCFG_CFGR1_UCPD2_STROBE)
 727:Drivers/STM32G0xx_HAL_Driver/Src/stm32g0xx_hal.c **** /**
 728:Drivers/STM32G0xx_HAL_Driver/Src/stm32g0xx_hal.c ****   * @brief  Strobe configuration of GPIO depending on UCPDx dead battery settings
 729:Drivers/STM32G0xx_HAL_Driver/Src/stm32g0xx_hal.c ****   * @param  ConfigDeadBattery specifies on which pins to make effective or not Dead Battery sw conf
 730:Drivers/STM32G0xx_HAL_Driver/Src/stm32g0xx_hal.c ****   *         This parameter can be any combination of the following values:
 731:Drivers/STM32G0xx_HAL_Driver/Src/stm32g0xx_hal.c ****   *         @arg @ref SYSCFG_UCPD1_STROBE
 732:Drivers/STM32G0xx_HAL_Driver/Src/stm32g0xx_hal.c ****   *         @arg @ref SYSCFG_UCPD2_STROBE
 733:Drivers/STM32G0xx_HAL_Driver/Src/stm32g0xx_hal.c ****   * @retval None
 734:Drivers/STM32G0xx_HAL_Driver/Src/stm32g0xx_hal.c ****   */
 735:Drivers/STM32G0xx_HAL_Driver/Src/stm32g0xx_hal.c **** void HAL_SYSCFG_StrobeDBattpinsConfig(uint32_t ConfigDeadBattery)
 736:Drivers/STM32G0xx_HAL_Driver/Src/stm32g0xx_hal.c **** {
 1274              		.loc 1 736 1 is_stmt 1 view -0
 1275              		.cfi_startproc
ARM GAS  C:\Users\Domagoj\AppData\Local\Temp\ccLVGXpg.s 			page 36


 1276              		@ args = 0, pretend = 0, frame = 0
 1277              		@ frame_needed = 0, uses_anonymous_args = 0
 1278              		@ link register save eliminated.
 737:Drivers/STM32G0xx_HAL_Driver/Src/stm32g0xx_hal.c ****   assert_param(IS_SYSCFG_DBATT_CONFIG(ConfigDeadBattery));
 1279              		.loc 1 737 3 view .LVU211
 738:Drivers/STM32G0xx_HAL_Driver/Src/stm32g0xx_hal.c **** 
 739:Drivers/STM32G0xx_HAL_Driver/Src/stm32g0xx_hal.c ****   /* Change strobe configuration of GPIO depending on UCPDx dead battery settings */
 740:Drivers/STM32G0xx_HAL_Driver/Src/stm32g0xx_hal.c ****   MODIFY_REG(SYSCFG->CFGR1, (SYSCFG_CFGR1_UCPD1_STROBE | SYSCFG_CFGR1_UCPD2_STROBE), ConfigDeadBatt
 1280              		.loc 1 740 3 view .LVU212
 1281 0000 034A     		ldr	r2, .L120
 1282 0002 1368     		ldr	r3, [r2]
 1283 0004 0349     		ldr	r1, .L120+4
 1284 0006 0B40     		ands	r3, r1
 1285 0008 0343     		orrs	r3, r0
 1286 000a 1360     		str	r3, [r2]
 741:Drivers/STM32G0xx_HAL_Driver/Src/stm32g0xx_hal.c **** }
 1287              		.loc 1 741 1 is_stmt 0 view .LVU213
 1288              		@ sp needed
 1289 000c 7047     		bx	lr
 1290              	.L121:
 1291 000e C046     		.align	2
 1292              	.L120:
 1293 0010 00000140 		.word	1073807360
 1294 0014 FFF9FFFF 		.word	-1537
 1295              		.cfi_endproc
 1296              	.LFE397:
 1298              		.global	uwTickFreq
 1299              		.section	.data.uwTickFreq,"aw"
 1302              	uwTickFreq:
 1303 0000 01       		.byte	1
 1304              		.global	uwTickPrio
 1305              		.section	.data.uwTickPrio,"aw"
 1306              		.align	2
 1309              	uwTickPrio:
 1310 0000 04000000 		.word	4
 1311              		.global	uwTick
 1312              		.section	.bss.uwTick,"aw",%nobits
 1313              		.align	2
 1316              	uwTick:
 1317 0000 00000000 		.space	4
 1318              		.text
 1319              	.Letext0:
 1320              		.file 2 "Drivers/CMSIS/Device/ST/STM32G0xx/Include/stm32g0b1xx.h"
 1321              		.file 3 "C:\\ST\\STM32CubeIDE_2.2.0\\STM32CubeIDE\\plugins\\com.st.stm32cube.ide.mcu.externaltools
 1322              		.file 4 "C:\\ST\\STM32CubeIDE_2.2.0\\STM32CubeIDE\\plugins\\com.st.stm32cube.ide.mcu.externaltools
 1323              		.file 5 "Drivers/CMSIS/Include/core_cm0plus.h"
 1324              		.file 6 "Drivers/STM32G0xx_HAL_Driver/Inc/stm32g0xx_hal_def.h"
 1325              		.file 7 "Drivers/STM32G0xx_HAL_Driver/Inc/stm32g0xx_hal.h"
 1326              		.file 8 "Drivers/CMSIS/Device/ST/STM32G0xx/Include/system_stm32g0xx.h"
 1327              		.file 9 "Drivers/STM32G0xx_HAL_Driver/Inc/stm32g0xx_ll_dma.h"
 1328              		.file 10 "Drivers/STM32G0xx_HAL_Driver/Inc/stm32g0xx_hal_cortex.h"
ARM GAS  C:\Users\Domagoj\AppData\Local\Temp\ccLVGXpg.s 			page 37


DEFINED SYMBOLS
                            *ABS*:00000000 stm32g0xx_hal.c
C:\Users\Domagoj\AppData\Local\Temp\ccLVGXpg.s:19     .text.HAL_MspInit:00000000 $t
C:\Users\Domagoj\AppData\Local\Temp\ccLVGXpg.s:25     .text.HAL_MspInit:00000000 HAL_MspInit
C:\Users\Domagoj\AppData\Local\Temp\ccLVGXpg.s:39     .text.HAL_MspDeInit:00000000 $t
C:\Users\Domagoj\AppData\Local\Temp\ccLVGXpg.s:45     .text.HAL_MspDeInit:00000000 HAL_MspDeInit
C:\Users\Domagoj\AppData\Local\Temp\ccLVGXpg.s:59     .text.HAL_DeInit:00000000 $t
C:\Users\Domagoj\AppData\Local\Temp\ccLVGXpg.s:65     .text.HAL_DeInit:00000000 HAL_DeInit
C:\Users\Domagoj\AppData\Local\Temp\ccLVGXpg.s:107    .text.HAL_DeInit:00000024 $d
C:\Users\Domagoj\AppData\Local\Temp\ccLVGXpg.s:112    .text.HAL_InitTick:00000000 $t
C:\Users\Domagoj\AppData\Local\Temp\ccLVGXpg.s:118    .text.HAL_InitTick:00000000 HAL_InitTick
C:\Users\Domagoj\AppData\Local\Temp\ccLVGXpg.s:206    .text.HAL_InitTick:0000004c $d
C:\Users\Domagoj\AppData\Local\Temp\ccLVGXpg.s:1302   .data.uwTickFreq:00000000 uwTickFreq
C:\Users\Domagoj\AppData\Local\Temp\ccLVGXpg.s:1309   .data.uwTickPrio:00000000 uwTickPrio
C:\Users\Domagoj\AppData\Local\Temp\ccLVGXpg.s:213    .text.HAL_Init:00000000 $t
C:\Users\Domagoj\AppData\Local\Temp\ccLVGXpg.s:219    .text.HAL_Init:00000000 HAL_Init
C:\Users\Domagoj\AppData\Local\Temp\ccLVGXpg.s:267    .text.HAL_Init:00000024 $d
C:\Users\Domagoj\AppData\Local\Temp\ccLVGXpg.s:272    .text.HAL_IncTick:00000000 $t
C:\Users\Domagoj\AppData\Local\Temp\ccLVGXpg.s:278    .text.HAL_IncTick:00000000 HAL_IncTick
C:\Users\Domagoj\AppData\Local\Temp\ccLVGXpg.s:300    .text.HAL_IncTick:00000010 $d
C:\Users\Domagoj\AppData\Local\Temp\ccLVGXpg.s:1316   .bss.uwTick:00000000 uwTick
C:\Users\Domagoj\AppData\Local\Temp\ccLVGXpg.s:306    .text.HAL_GetTick:00000000 $t
C:\Users\Domagoj\AppData\Local\Temp\ccLVGXpg.s:312    .text.HAL_GetTick:00000000 HAL_GetTick
C:\Users\Domagoj\AppData\Local\Temp\ccLVGXpg.s:329    .text.HAL_GetTick:00000008 $d
C:\Users\Domagoj\AppData\Local\Temp\ccLVGXpg.s:334    .text.HAL_GetTickPrio:00000000 $t
C:\Users\Domagoj\AppData\Local\Temp\ccLVGXpg.s:340    .text.HAL_GetTickPrio:00000000 HAL_GetTickPrio
C:\Users\Domagoj\AppData\Local\Temp\ccLVGXpg.s:358    .text.HAL_GetTickPrio:00000008 $d
C:\Users\Domagoj\AppData\Local\Temp\ccLVGXpg.s:363    .text.HAL_SetTickFreq:00000000 $t
C:\Users\Domagoj\AppData\Local\Temp\ccLVGXpg.s:369    .text.HAL_SetTickFreq:00000000 HAL_SetTickFreq
C:\Users\Domagoj\AppData\Local\Temp\ccLVGXpg.s:427    .text.HAL_SetTickFreq:00000024 $d
C:\Users\Domagoj\AppData\Local\Temp\ccLVGXpg.s:433    .text.HAL_GetTickFreq:00000000 $t
C:\Users\Domagoj\AppData\Local\Temp\ccLVGXpg.s:439    .text.HAL_GetTickFreq:00000000 HAL_GetTickFreq
C:\Users\Domagoj\AppData\Local\Temp\ccLVGXpg.s:457    .text.HAL_GetTickFreq:00000008 $d
C:\Users\Domagoj\AppData\Local\Temp\ccLVGXpg.s:462    .text.HAL_Delay:00000000 $t
C:\Users\Domagoj\AppData\Local\Temp\ccLVGXpg.s:468    .text.HAL_Delay:00000000 HAL_Delay
C:\Users\Domagoj\AppData\Local\Temp\ccLVGXpg.s:523    .text.HAL_Delay:00000020 $d
C:\Users\Domagoj\AppData\Local\Temp\ccLVGXpg.s:528    .text.HAL_SuspendTick:00000000 $t
C:\Users\Domagoj\AppData\Local\Temp\ccLVGXpg.s:534    .text.HAL_SuspendTick:00000000 HAL_SuspendTick
C:\Users\Domagoj\AppData\Local\Temp\ccLVGXpg.s:553    .text.HAL_SuspendTick:0000000c $d
C:\Users\Domagoj\AppData\Local\Temp\ccLVGXpg.s:558    .text.HAL_ResumeTick:00000000 $t
C:\Users\Domagoj\AppData\Local\Temp\ccLVGXpg.s:564    .text.HAL_ResumeTick:00000000 HAL_ResumeTick
C:\Users\Domagoj\AppData\Local\Temp\ccLVGXpg.s:583    .text.HAL_ResumeTick:0000000c $d
C:\Users\Domagoj\AppData\Local\Temp\ccLVGXpg.s:588    .text.HAL_GetHalVersion:00000000 $t
C:\Users\Domagoj\AppData\Local\Temp\ccLVGXpg.s:594    .text.HAL_GetHalVersion:00000000 HAL_GetHalVersion
C:\Users\Domagoj\AppData\Local\Temp\ccLVGXpg.s:609    .text.HAL_GetHalVersion:00000004 $d
C:\Users\Domagoj\AppData\Local\Temp\ccLVGXpg.s:614    .text.HAL_GetREVID:00000000 $t
C:\Users\Domagoj\AppData\Local\Temp\ccLVGXpg.s:620    .text.HAL_GetREVID:00000000 HAL_GetREVID
C:\Users\Domagoj\AppData\Local\Temp\ccLVGXpg.s:639    .text.HAL_GetREVID:00000008 $d
C:\Users\Domagoj\AppData\Local\Temp\ccLVGXpg.s:644    .text.HAL_GetDEVID:00000000 $t
C:\Users\Domagoj\AppData\Local\Temp\ccLVGXpg.s:650    .text.HAL_GetDEVID:00000000 HAL_GetDEVID
C:\Users\Domagoj\AppData\Local\Temp\ccLVGXpg.s:670    .text.HAL_GetDEVID:0000000c $d
C:\Users\Domagoj\AppData\Local\Temp\ccLVGXpg.s:675    .text.HAL_GetUIDw0:00000000 $t
C:\Users\Domagoj\AppData\Local\Temp\ccLVGXpg.s:681    .text.HAL_GetUIDw0:00000000 HAL_GetUIDw0
C:\Users\Domagoj\AppData\Local\Temp\ccLVGXpg.s:699    .text.HAL_GetUIDw0:00000008 $d
C:\Users\Domagoj\AppData\Local\Temp\ccLVGXpg.s:704    .text.HAL_GetUIDw1:00000000 $t
C:\Users\Domagoj\AppData\Local\Temp\ccLVGXpg.s:710    .text.HAL_GetUIDw1:00000000 HAL_GetUIDw1
C:\Users\Domagoj\AppData\Local\Temp\ccLVGXpg.s:728    .text.HAL_GetUIDw1:00000008 $d
ARM GAS  C:\Users\Domagoj\AppData\Local\Temp\ccLVGXpg.s 			page 38


C:\Users\Domagoj\AppData\Local\Temp\ccLVGXpg.s:733    .text.HAL_GetUIDw2:00000000 $t
C:\Users\Domagoj\AppData\Local\Temp\ccLVGXpg.s:739    .text.HAL_GetUIDw2:00000000 HAL_GetUIDw2
C:\Users\Domagoj\AppData\Local\Temp\ccLVGXpg.s:757    .text.HAL_GetUIDw2:00000008 $d
C:\Users\Domagoj\AppData\Local\Temp\ccLVGXpg.s:762    .text.HAL_DBGMCU_EnableDBGStopMode:00000000 $t
C:\Users\Domagoj\AppData\Local\Temp\ccLVGXpg.s:768    .text.HAL_DBGMCU_EnableDBGStopMode:00000000 HAL_DBGMCU_EnableDBGStopMode
C:\Users\Domagoj\AppData\Local\Temp\ccLVGXpg.s:787    .text.HAL_DBGMCU_EnableDBGStopMode:0000000c $d
C:\Users\Domagoj\AppData\Local\Temp\ccLVGXpg.s:792    .text.HAL_DBGMCU_DisableDBGStopMode:00000000 $t
C:\Users\Domagoj\AppData\Local\Temp\ccLVGXpg.s:798    .text.HAL_DBGMCU_DisableDBGStopMode:00000000 HAL_DBGMCU_DisableDBGStopMode
C:\Users\Domagoj\AppData\Local\Temp\ccLVGXpg.s:817    .text.HAL_DBGMCU_DisableDBGStopMode:0000000c $d
C:\Users\Domagoj\AppData\Local\Temp\ccLVGXpg.s:822    .text.HAL_DBGMCU_EnableDBGStandbyMode:00000000 $t
C:\Users\Domagoj\AppData\Local\Temp\ccLVGXpg.s:828    .text.HAL_DBGMCU_EnableDBGStandbyMode:00000000 HAL_DBGMCU_EnableDBGStandbyMode
C:\Users\Domagoj\AppData\Local\Temp\ccLVGXpg.s:847    .text.HAL_DBGMCU_EnableDBGStandbyMode:0000000c $d
C:\Users\Domagoj\AppData\Local\Temp\ccLVGXpg.s:852    .text.HAL_DBGMCU_DisableDBGStandbyMode:00000000 $t
C:\Users\Domagoj\AppData\Local\Temp\ccLVGXpg.s:858    .text.HAL_DBGMCU_DisableDBGStandbyMode:00000000 HAL_DBGMCU_DisableDBGStandbyMode
C:\Users\Domagoj\AppData\Local\Temp\ccLVGXpg.s:877    .text.HAL_DBGMCU_DisableDBGStandbyMode:0000000c $d
C:\Users\Domagoj\AppData\Local\Temp\ccLVGXpg.s:882    .text.HAL_SYSCFG_VREFBUF_VoltageScalingConfig:00000000 $t
C:\Users\Domagoj\AppData\Local\Temp\ccLVGXpg.s:888    .text.HAL_SYSCFG_VREFBUF_VoltageScalingConfig:00000000 HAL_SYSCFG_VREFBUF_VoltageScalingConfig
C:\Users\Domagoj\AppData\Local\Temp\ccLVGXpg.s:910    .text.HAL_SYSCFG_VREFBUF_VoltageScalingConfig:00000010 $d
C:\Users\Domagoj\AppData\Local\Temp\ccLVGXpg.s:915    .text.HAL_SYSCFG_VREFBUF_HighImpedanceConfig:00000000 $t
C:\Users\Domagoj\AppData\Local\Temp\ccLVGXpg.s:921    .text.HAL_SYSCFG_VREFBUF_HighImpedanceConfig:00000000 HAL_SYSCFG_VREFBUF_HighImpedanceConfig
C:\Users\Domagoj\AppData\Local\Temp\ccLVGXpg.s:943    .text.HAL_SYSCFG_VREFBUF_HighImpedanceConfig:00000010 $d
C:\Users\Domagoj\AppData\Local\Temp\ccLVGXpg.s:948    .text.HAL_SYSCFG_VREFBUF_TrimmingConfig:00000000 $t
C:\Users\Domagoj\AppData\Local\Temp\ccLVGXpg.s:954    .text.HAL_SYSCFG_VREFBUF_TrimmingConfig:00000000 HAL_SYSCFG_VREFBUF_TrimmingConfig
C:\Users\Domagoj\AppData\Local\Temp\ccLVGXpg.s:976    .text.HAL_SYSCFG_VREFBUF_TrimmingConfig:00000010 $d
C:\Users\Domagoj\AppData\Local\Temp\ccLVGXpg.s:981    .text.HAL_SYSCFG_EnableVREFBUF:00000000 $t
C:\Users\Domagoj\AppData\Local\Temp\ccLVGXpg.s:987    .text.HAL_SYSCFG_EnableVREFBUF:00000000 HAL_SYSCFG_EnableVREFBUF
C:\Users\Domagoj\AppData\Local\Temp\ccLVGXpg.s:1044   .text.HAL_SYSCFG_EnableVREFBUF:0000002c $d
C:\Users\Domagoj\AppData\Local\Temp\ccLVGXpg.s:1049   .text.HAL_SYSCFG_DisableVREFBUF:00000000 $t
C:\Users\Domagoj\AppData\Local\Temp\ccLVGXpg.s:1055   .text.HAL_SYSCFG_DisableVREFBUF:00000000 HAL_SYSCFG_DisableVREFBUF
C:\Users\Domagoj\AppData\Local\Temp\ccLVGXpg.s:1074   .text.HAL_SYSCFG_DisableVREFBUF:0000000c $d
C:\Users\Domagoj\AppData\Local\Temp\ccLVGXpg.s:1079   .text.HAL_SYSCFG_EnableIOAnalogSwitchBooster:00000000 $t
C:\Users\Domagoj\AppData\Local\Temp\ccLVGXpg.s:1085   .text.HAL_SYSCFG_EnableIOAnalogSwitchBooster:00000000 HAL_SYSCFG_EnableIOAnalogSwitchBooster
C:\Users\Domagoj\AppData\Local\Temp\ccLVGXpg.s:1105   .text.HAL_SYSCFG_EnableIOAnalogSwitchBooster:00000010 $d
C:\Users\Domagoj\AppData\Local\Temp\ccLVGXpg.s:1110   .text.HAL_SYSCFG_DisableIOAnalogSwitchBooster:00000000 $t
C:\Users\Domagoj\AppData\Local\Temp\ccLVGXpg.s:1116   .text.HAL_SYSCFG_DisableIOAnalogSwitchBooster:00000000 HAL_SYSCFG_DisableIOAnalogSwitchBooster
C:\Users\Domagoj\AppData\Local\Temp\ccLVGXpg.s:1135   .text.HAL_SYSCFG_DisableIOAnalogSwitchBooster:0000000c $d
C:\Users\Domagoj\AppData\Local\Temp\ccLVGXpg.s:1141   .text.HAL_SYSCFG_EnableRemap:00000000 $t
C:\Users\Domagoj\AppData\Local\Temp\ccLVGXpg.s:1147   .text.HAL_SYSCFG_EnableRemap:00000000 HAL_SYSCFG_EnableRemap
C:\Users\Domagoj\AppData\Local\Temp\ccLVGXpg.s:1167   .text.HAL_SYSCFG_EnableRemap:0000000c $d
C:\Users\Domagoj\AppData\Local\Temp\ccLVGXpg.s:1172   .text.HAL_SYSCFG_DisableRemap:00000000 $t
C:\Users\Domagoj\AppData\Local\Temp\ccLVGXpg.s:1178   .text.HAL_SYSCFG_DisableRemap:00000000 HAL_SYSCFG_DisableRemap
C:\Users\Domagoj\AppData\Local\Temp\ccLVGXpg.s:1198   .text.HAL_SYSCFG_DisableRemap:0000000c $d
C:\Users\Domagoj\AppData\Local\Temp\ccLVGXpg.s:1203   .text.HAL_SYSCFG_EnableClampingDiode:00000000 $t
C:\Users\Domagoj\AppData\Local\Temp\ccLVGXpg.s:1209   .text.HAL_SYSCFG_EnableClampingDiode:00000000 HAL_SYSCFG_EnableClampingDiode
C:\Users\Domagoj\AppData\Local\Temp\ccLVGXpg.s:1229   .text.HAL_SYSCFG_EnableClampingDiode:0000000c $d
C:\Users\Domagoj\AppData\Local\Temp\ccLVGXpg.s:1234   .text.HAL_SYSCFG_DisableClampingDiode:00000000 $t
C:\Users\Domagoj\AppData\Local\Temp\ccLVGXpg.s:1240   .text.HAL_SYSCFG_DisableClampingDiode:00000000 HAL_SYSCFG_DisableClampingDiode
C:\Users\Domagoj\AppData\Local\Temp\ccLVGXpg.s:1260   .text.HAL_SYSCFG_DisableClampingDiode:0000000c $d
C:\Users\Domagoj\AppData\Local\Temp\ccLVGXpg.s:1265   .text.HAL_SYSCFG_StrobeDBattpinsConfig:00000000 $t
C:\Users\Domagoj\AppData\Local\Temp\ccLVGXpg.s:1271   .text.HAL_SYSCFG_StrobeDBattpinsConfig:00000000 HAL_SYSCFG_StrobeDBattpinsConfig
C:\Users\Domagoj\AppData\Local\Temp\ccLVGXpg.s:1293   .text.HAL_SYSCFG_StrobeDBattpinsConfig:00000010 $d
C:\Users\Domagoj\AppData\Local\Temp\ccLVGXpg.s:1306   .data.uwTickPrio:00000000 $d
C:\Users\Domagoj\AppData\Local\Temp\ccLVGXpg.s:1313   .bss.uwTick:00000000 $d

UNDEFINED SYMBOLS
__aeabi_uidiv
HAL_SYSTICK_Config
ARM GAS  C:\Users\Domagoj\AppData\Local\Temp\ccLVGXpg.s 			page 39


HAL_NVIC_SetPriority
SystemCoreClock
