ARM GAS  C:\Users\Domagoj\AppData\Local\Temp\ccvehG6g.s 			page 1


   1              		.cpu cortex-m0plus
   2              		.arch armv6s-m
   3              		.fpu softvfp
   4              		.eabi_attribute 20, 1
   5              		.eabi_attribute 21, 1
   6              		.eabi_attribute 23, 3
   7              		.eabi_attribute 24, 1
   8              		.eabi_attribute 25, 1
   9              		.eabi_attribute 26, 1
  10              		.eabi_attribute 30, 1
  11              		.eabi_attribute 34, 0
  12              		.eabi_attribute 18, 4
  13              		.file	"stm32g0xx_hal_spi.c"
  14              		.text
  15              	.Ltext0:
  16              		.cfi_sections	.debug_frame
  17              		.file 1 "Drivers/STM32G0xx_HAL_Driver/Src/stm32g0xx_hal_spi.c"
  18              		.section	.text.SPI_WaitFlagStateUntilTimeout,"ax",%progbits
  19              		.align	1
  20              		.syntax unified
  21              		.code	16
  22              		.thumb_func
  24              	SPI_WaitFlagStateUntilTimeout:
  25              	.LVL0:
  26              	.LFB410:
   1:Drivers/STM32G0xx_HAL_Driver/Src/stm32g0xx_hal_spi.c **** /**
   2:Drivers/STM32G0xx_HAL_Driver/Src/stm32g0xx_hal_spi.c ****   ******************************************************************************
   3:Drivers/STM32G0xx_HAL_Driver/Src/stm32g0xx_hal_spi.c ****   * @file    stm32g0xx_hal_spi.c
   4:Drivers/STM32G0xx_HAL_Driver/Src/stm32g0xx_hal_spi.c ****   * @author  MCD Application Team
   5:Drivers/STM32G0xx_HAL_Driver/Src/stm32g0xx_hal_spi.c ****   * @brief   SPI HAL module driver.
   6:Drivers/STM32G0xx_HAL_Driver/Src/stm32g0xx_hal_spi.c ****   *          This file provides firmware functions to manage the following
   7:Drivers/STM32G0xx_HAL_Driver/Src/stm32g0xx_hal_spi.c ****   *          functionalities of the Serial Peripheral Interface (SPI) peripheral:
   8:Drivers/STM32G0xx_HAL_Driver/Src/stm32g0xx_hal_spi.c ****   *           + Initialization and de-initialization functions
   9:Drivers/STM32G0xx_HAL_Driver/Src/stm32g0xx_hal_spi.c ****   *           + IO operation functions
  10:Drivers/STM32G0xx_HAL_Driver/Src/stm32g0xx_hal_spi.c ****   *           + Peripheral Control functions
  11:Drivers/STM32G0xx_HAL_Driver/Src/stm32g0xx_hal_spi.c ****   *           + Peripheral State functions
  12:Drivers/STM32G0xx_HAL_Driver/Src/stm32g0xx_hal_spi.c ****   ******************************************************************************
  13:Drivers/STM32G0xx_HAL_Driver/Src/stm32g0xx_hal_spi.c ****   * @attention
  14:Drivers/STM32G0xx_HAL_Driver/Src/stm32g0xx_hal_spi.c ****   *
  15:Drivers/STM32G0xx_HAL_Driver/Src/stm32g0xx_hal_spi.c ****   * Copyright (c) 2018 STMicroelectronics.
  16:Drivers/STM32G0xx_HAL_Driver/Src/stm32g0xx_hal_spi.c ****   * All rights reserved.
  17:Drivers/STM32G0xx_HAL_Driver/Src/stm32g0xx_hal_spi.c ****   *
  18:Drivers/STM32G0xx_HAL_Driver/Src/stm32g0xx_hal_spi.c ****   * This software is licensed under terms that can be found in the LICENSE file
  19:Drivers/STM32G0xx_HAL_Driver/Src/stm32g0xx_hal_spi.c ****   * in the root directory of this software component.
  20:Drivers/STM32G0xx_HAL_Driver/Src/stm32g0xx_hal_spi.c ****   * If no LICENSE file comes with this software, it is provided AS-IS.
  21:Drivers/STM32G0xx_HAL_Driver/Src/stm32g0xx_hal_spi.c ****   *
  22:Drivers/STM32G0xx_HAL_Driver/Src/stm32g0xx_hal_spi.c ****   ******************************************************************************
  23:Drivers/STM32G0xx_HAL_Driver/Src/stm32g0xx_hal_spi.c ****   @verbatim
  24:Drivers/STM32G0xx_HAL_Driver/Src/stm32g0xx_hal_spi.c ****   ==============================================================================
  25:Drivers/STM32G0xx_HAL_Driver/Src/stm32g0xx_hal_spi.c ****                         ##### How to use this driver #####
  26:Drivers/STM32G0xx_HAL_Driver/Src/stm32g0xx_hal_spi.c ****   ==============================================================================
  27:Drivers/STM32G0xx_HAL_Driver/Src/stm32g0xx_hal_spi.c ****     [..]
  28:Drivers/STM32G0xx_HAL_Driver/Src/stm32g0xx_hal_spi.c ****       The SPI HAL driver can be used as follows:
  29:Drivers/STM32G0xx_HAL_Driver/Src/stm32g0xx_hal_spi.c **** 
  30:Drivers/STM32G0xx_HAL_Driver/Src/stm32g0xx_hal_spi.c ****       (#) Declare a SPI_HandleTypeDef handle structure, for example:
  31:Drivers/STM32G0xx_HAL_Driver/Src/stm32g0xx_hal_spi.c ****           SPI_HandleTypeDef  hspi;
  32:Drivers/STM32G0xx_HAL_Driver/Src/stm32g0xx_hal_spi.c **** 
ARM GAS  C:\Users\Domagoj\AppData\Local\Temp\ccvehG6g.s 			page 2


  33:Drivers/STM32G0xx_HAL_Driver/Src/stm32g0xx_hal_spi.c ****       (#)Initialize the SPI low level resources by implementing the HAL_SPI_MspInit() API:
  34:Drivers/STM32G0xx_HAL_Driver/Src/stm32g0xx_hal_spi.c ****           (##) Enable the SPIx interface clock
  35:Drivers/STM32G0xx_HAL_Driver/Src/stm32g0xx_hal_spi.c ****           (##) SPI pins configuration
  36:Drivers/STM32G0xx_HAL_Driver/Src/stm32g0xx_hal_spi.c ****               (+++) Enable the clock for the SPI GPIOs
  37:Drivers/STM32G0xx_HAL_Driver/Src/stm32g0xx_hal_spi.c ****               (+++) Configure these SPI pins as alternate function push-pull
  38:Drivers/STM32G0xx_HAL_Driver/Src/stm32g0xx_hal_spi.c ****           (##) NVIC configuration if you need to use interrupt process
  39:Drivers/STM32G0xx_HAL_Driver/Src/stm32g0xx_hal_spi.c ****               (+++) Configure the SPIx interrupt priority
  40:Drivers/STM32G0xx_HAL_Driver/Src/stm32g0xx_hal_spi.c ****               (+++) Enable the NVIC SPI IRQ handle
  41:Drivers/STM32G0xx_HAL_Driver/Src/stm32g0xx_hal_spi.c ****           (##) DMA Configuration if you need to use DMA process
  42:Drivers/STM32G0xx_HAL_Driver/Src/stm32g0xx_hal_spi.c ****               (+++) Declare a DMA_HandleTypeDef handle structure for the transmit or receive Stream
  43:Drivers/STM32G0xx_HAL_Driver/Src/stm32g0xx_hal_spi.c ****               (+++) Enable the DMAx clock
  44:Drivers/STM32G0xx_HAL_Driver/Src/stm32g0xx_hal_spi.c ****               (+++) Configure the DMA handle parameters
  45:Drivers/STM32G0xx_HAL_Driver/Src/stm32g0xx_hal_spi.c ****               (+++) Configure the DMA Tx or Rx Stream/Channel
  46:Drivers/STM32G0xx_HAL_Driver/Src/stm32g0xx_hal_spi.c ****               (+++) Associate the initialized hdma_tx(or _rx)  handle to the hspi DMA Tx or Rx hand
  47:Drivers/STM32G0xx_HAL_Driver/Src/stm32g0xx_hal_spi.c ****               (+++) Configure the priority and enable the NVIC for the transfer complete interrupt 
  48:Drivers/STM32G0xx_HAL_Driver/Src/stm32g0xx_hal_spi.c ****                     or Rx Stream/Channel
  49:Drivers/STM32G0xx_HAL_Driver/Src/stm32g0xx_hal_spi.c **** 
  50:Drivers/STM32G0xx_HAL_Driver/Src/stm32g0xx_hal_spi.c ****       (#) Program the Mode, BidirectionalMode , Data size, Baudrate Prescaler, NSS
  51:Drivers/STM32G0xx_HAL_Driver/Src/stm32g0xx_hal_spi.c ****           management, Clock polarity and phase, FirstBit and CRC configuration in the hspi Init str
  52:Drivers/STM32G0xx_HAL_Driver/Src/stm32g0xx_hal_spi.c **** 
  53:Drivers/STM32G0xx_HAL_Driver/Src/stm32g0xx_hal_spi.c ****       (#) Initialize the SPI registers by calling the HAL_SPI_Init() API:
  54:Drivers/STM32G0xx_HAL_Driver/Src/stm32g0xx_hal_spi.c ****           (++) This API configures also the low level Hardware GPIO, CLOCK, CORTEX...etc)
  55:Drivers/STM32G0xx_HAL_Driver/Src/stm32g0xx_hal_spi.c ****               by calling the customized HAL_SPI_MspInit() API.
  56:Drivers/STM32G0xx_HAL_Driver/Src/stm32g0xx_hal_spi.c ****      [..]
  57:Drivers/STM32G0xx_HAL_Driver/Src/stm32g0xx_hal_spi.c ****        Circular mode restriction:
  58:Drivers/STM32G0xx_HAL_Driver/Src/stm32g0xx_hal_spi.c ****       (#) The DMA circular mode cannot be used when the SPI is configured in these modes:
  59:Drivers/STM32G0xx_HAL_Driver/Src/stm32g0xx_hal_spi.c ****           (##) Master 2Lines RxOnly
  60:Drivers/STM32G0xx_HAL_Driver/Src/stm32g0xx_hal_spi.c ****           (##) Master 1Line Rx
  61:Drivers/STM32G0xx_HAL_Driver/Src/stm32g0xx_hal_spi.c ****       (#) The CRC feature is not managed when the DMA circular mode is enabled
  62:Drivers/STM32G0xx_HAL_Driver/Src/stm32g0xx_hal_spi.c ****       (#) When the SPI DMA Pause/Stop features are used, we must use the following APIs
  63:Drivers/STM32G0xx_HAL_Driver/Src/stm32g0xx_hal_spi.c ****           the HAL_SPI_DMAPause()/ HAL_SPI_DMAStop() only under the SPI callbacks
  64:Drivers/STM32G0xx_HAL_Driver/Src/stm32g0xx_hal_spi.c ****      [..]
  65:Drivers/STM32G0xx_HAL_Driver/Src/stm32g0xx_hal_spi.c ****        Master Receive mode restriction:
  66:Drivers/STM32G0xx_HAL_Driver/Src/stm32g0xx_hal_spi.c ****       (#) In Master unidirectional receive-only mode (MSTR =1, BIDIMODE=0, RXONLY=1) or
  67:Drivers/STM32G0xx_HAL_Driver/Src/stm32g0xx_hal_spi.c ****           bidirectional receive mode (MSTR=1, BIDIMODE=1, BIDIOE=0), to ensure that the SPI
  68:Drivers/STM32G0xx_HAL_Driver/Src/stm32g0xx_hal_spi.c ****           does not initiate a new transfer the following procedure has to be respected:
  69:Drivers/STM32G0xx_HAL_Driver/Src/stm32g0xx_hal_spi.c ****           (##) HAL_SPI_DeInit()
  70:Drivers/STM32G0xx_HAL_Driver/Src/stm32g0xx_hal_spi.c ****           (##) HAL_SPI_Init()
  71:Drivers/STM32G0xx_HAL_Driver/Src/stm32g0xx_hal_spi.c ****      [..]
  72:Drivers/STM32G0xx_HAL_Driver/Src/stm32g0xx_hal_spi.c ****        Data buffer address alignment restriction:
  73:Drivers/STM32G0xx_HAL_Driver/Src/stm32g0xx_hal_spi.c ****       (#) There is no support for unaligned accesses on the Cortex-M0 processor.
  74:Drivers/STM32G0xx_HAL_Driver/Src/stm32g0xx_hal_spi.c ****           If the user wants to transfer in 16Bit data mode, it shall ensure that 16-bit aligned add
  75:Drivers/STM32G0xx_HAL_Driver/Src/stm32g0xx_hal_spi.c ****           (##) pData parameter in HAL_SPI_Transmit(), HAL_SPI_Transmit_IT(), HAL_SPI_Receive() and 
  76:Drivers/STM32G0xx_HAL_Driver/Src/stm32g0xx_hal_spi.c ****           (##) pTxData and pRxData parameters in HAL_SPI_TransmitReceive() and HAL_SPI_TransmitRece
  77:Drivers/STM32G0xx_HAL_Driver/Src/stm32g0xx_hal_spi.c ****       (#) There is no such restriction when going through DMA by using HAL_SPI_Transmit_DMA(), HAL_
  78:Drivers/STM32G0xx_HAL_Driver/Src/stm32g0xx_hal_spi.c ****           and HAL_SPI_TransmitReceive_DMA().
  79:Drivers/STM32G0xx_HAL_Driver/Src/stm32g0xx_hal_spi.c ****      [..]
  80:Drivers/STM32G0xx_HAL_Driver/Src/stm32g0xx_hal_spi.c ****        Callback registration:
  81:Drivers/STM32G0xx_HAL_Driver/Src/stm32g0xx_hal_spi.c **** 
  82:Drivers/STM32G0xx_HAL_Driver/Src/stm32g0xx_hal_spi.c ****       (#) The compilation flag USE_HAL_SPI_REGISTER_CALLBACKS when set to 1U
  83:Drivers/STM32G0xx_HAL_Driver/Src/stm32g0xx_hal_spi.c ****           allows the user to configure dynamically the driver callbacks.
  84:Drivers/STM32G0xx_HAL_Driver/Src/stm32g0xx_hal_spi.c ****           Use Functions HAL_SPI_RegisterCallback() to register an interrupt callback.
  85:Drivers/STM32G0xx_HAL_Driver/Src/stm32g0xx_hal_spi.c **** 
  86:Drivers/STM32G0xx_HAL_Driver/Src/stm32g0xx_hal_spi.c ****           Function HAL_SPI_RegisterCallback() allows to register following callbacks:
  87:Drivers/STM32G0xx_HAL_Driver/Src/stm32g0xx_hal_spi.c ****             (++) TxCpltCallback        : SPI Tx Completed callback
  88:Drivers/STM32G0xx_HAL_Driver/Src/stm32g0xx_hal_spi.c ****             (++) RxCpltCallback        : SPI Rx Completed callback
  89:Drivers/STM32G0xx_HAL_Driver/Src/stm32g0xx_hal_spi.c ****             (++) TxRxCpltCallback      : SPI TxRx Completed callback
ARM GAS  C:\Users\Domagoj\AppData\Local\Temp\ccvehG6g.s 			page 3


  90:Drivers/STM32G0xx_HAL_Driver/Src/stm32g0xx_hal_spi.c ****             (++) TxHalfCpltCallback    : SPI Tx Half Completed callback
  91:Drivers/STM32G0xx_HAL_Driver/Src/stm32g0xx_hal_spi.c ****             (++) RxHalfCpltCallback    : SPI Rx Half Completed callback
  92:Drivers/STM32G0xx_HAL_Driver/Src/stm32g0xx_hal_spi.c ****             (++) TxRxHalfCpltCallback  : SPI TxRx Half Completed callback
  93:Drivers/STM32G0xx_HAL_Driver/Src/stm32g0xx_hal_spi.c ****             (++) ErrorCallback         : SPI Error callback
  94:Drivers/STM32G0xx_HAL_Driver/Src/stm32g0xx_hal_spi.c ****             (++) AbortCpltCallback     : SPI Abort callback
  95:Drivers/STM32G0xx_HAL_Driver/Src/stm32g0xx_hal_spi.c ****             (++) MspInitCallback       : SPI Msp Init callback
  96:Drivers/STM32G0xx_HAL_Driver/Src/stm32g0xx_hal_spi.c ****             (++) MspDeInitCallback     : SPI Msp DeInit callback
  97:Drivers/STM32G0xx_HAL_Driver/Src/stm32g0xx_hal_spi.c ****           This function takes as parameters the HAL peripheral handle, the Callback ID
  98:Drivers/STM32G0xx_HAL_Driver/Src/stm32g0xx_hal_spi.c ****           and a pointer to the user callback function.
  99:Drivers/STM32G0xx_HAL_Driver/Src/stm32g0xx_hal_spi.c **** 
 100:Drivers/STM32G0xx_HAL_Driver/Src/stm32g0xx_hal_spi.c **** 
 101:Drivers/STM32G0xx_HAL_Driver/Src/stm32g0xx_hal_spi.c ****       (#) Use function HAL_SPI_UnRegisterCallback to reset a callback to the default
 102:Drivers/STM32G0xx_HAL_Driver/Src/stm32g0xx_hal_spi.c ****           weak function.
 103:Drivers/STM32G0xx_HAL_Driver/Src/stm32g0xx_hal_spi.c ****           HAL_SPI_UnRegisterCallback takes as parameters the HAL peripheral handle,
 104:Drivers/STM32G0xx_HAL_Driver/Src/stm32g0xx_hal_spi.c ****           and the Callback ID.
 105:Drivers/STM32G0xx_HAL_Driver/Src/stm32g0xx_hal_spi.c ****           This function allows to reset following callbacks:
 106:Drivers/STM32G0xx_HAL_Driver/Src/stm32g0xx_hal_spi.c ****             (++) TxCpltCallback        : SPI Tx Completed callback
 107:Drivers/STM32G0xx_HAL_Driver/Src/stm32g0xx_hal_spi.c ****             (++) RxCpltCallback        : SPI Rx Completed callback
 108:Drivers/STM32G0xx_HAL_Driver/Src/stm32g0xx_hal_spi.c ****             (++) TxRxCpltCallback      : SPI TxRx Completed callback
 109:Drivers/STM32G0xx_HAL_Driver/Src/stm32g0xx_hal_spi.c ****             (++) TxHalfCpltCallback    : SPI Tx Half Completed callback
 110:Drivers/STM32G0xx_HAL_Driver/Src/stm32g0xx_hal_spi.c ****             (++) RxHalfCpltCallback    : SPI Rx Half Completed callback
 111:Drivers/STM32G0xx_HAL_Driver/Src/stm32g0xx_hal_spi.c ****             (++) TxRxHalfCpltCallback  : SPI TxRx Half Completed callback
 112:Drivers/STM32G0xx_HAL_Driver/Src/stm32g0xx_hal_spi.c ****             (++) ErrorCallback         : SPI Error callback
 113:Drivers/STM32G0xx_HAL_Driver/Src/stm32g0xx_hal_spi.c ****             (++) AbortCpltCallback     : SPI Abort callback
 114:Drivers/STM32G0xx_HAL_Driver/Src/stm32g0xx_hal_spi.c ****             (++) MspInitCallback       : SPI Msp Init callback
 115:Drivers/STM32G0xx_HAL_Driver/Src/stm32g0xx_hal_spi.c ****             (++) MspDeInitCallback     : SPI Msp DeInit callback
 116:Drivers/STM32G0xx_HAL_Driver/Src/stm32g0xx_hal_spi.c **** 
 117:Drivers/STM32G0xx_HAL_Driver/Src/stm32g0xx_hal_spi.c ****        [..]
 118:Drivers/STM32G0xx_HAL_Driver/Src/stm32g0xx_hal_spi.c ****        By default, after the HAL_SPI_Init() and when the state is HAL_SPI_STATE_RESET
 119:Drivers/STM32G0xx_HAL_Driver/Src/stm32g0xx_hal_spi.c ****        all callbacks are set to the corresponding weak functions:
 120:Drivers/STM32G0xx_HAL_Driver/Src/stm32g0xx_hal_spi.c ****        examples HAL_SPI_MasterTxCpltCallback(), HAL_SPI_MasterRxCpltCallback().
 121:Drivers/STM32G0xx_HAL_Driver/Src/stm32g0xx_hal_spi.c ****        Exception done for MspInit and MspDeInit functions that are
 122:Drivers/STM32G0xx_HAL_Driver/Src/stm32g0xx_hal_spi.c ****        reset to the legacy weak functions in the HAL_SPI_Init()/ HAL_SPI_DeInit() only when
 123:Drivers/STM32G0xx_HAL_Driver/Src/stm32g0xx_hal_spi.c ****        these callbacks are null (not registered beforehand).
 124:Drivers/STM32G0xx_HAL_Driver/Src/stm32g0xx_hal_spi.c ****        If MspInit or MspDeInit are not null, the HAL_SPI_Init()/ HAL_SPI_DeInit()
 125:Drivers/STM32G0xx_HAL_Driver/Src/stm32g0xx_hal_spi.c ****        keep and use the user MspInit/MspDeInit callbacks (registered beforehand) whatever the state
 126:Drivers/STM32G0xx_HAL_Driver/Src/stm32g0xx_hal_spi.c **** 
 127:Drivers/STM32G0xx_HAL_Driver/Src/stm32g0xx_hal_spi.c ****        [..]
 128:Drivers/STM32G0xx_HAL_Driver/Src/stm32g0xx_hal_spi.c ****        Callbacks can be registered/unregistered in HAL_SPI_STATE_READY state only.
 129:Drivers/STM32G0xx_HAL_Driver/Src/stm32g0xx_hal_spi.c ****        Exception done MspInit/MspDeInit functions that can be registered/unregistered
 130:Drivers/STM32G0xx_HAL_Driver/Src/stm32g0xx_hal_spi.c ****        in HAL_SPI_STATE_READY or HAL_SPI_STATE_RESET state,
 131:Drivers/STM32G0xx_HAL_Driver/Src/stm32g0xx_hal_spi.c ****        thus registered (user) MspInit/DeInit callbacks can be used during the Init/DeInit.
 132:Drivers/STM32G0xx_HAL_Driver/Src/stm32g0xx_hal_spi.c ****        Then, the user first registers the MspInit/MspDeInit user callbacks
 133:Drivers/STM32G0xx_HAL_Driver/Src/stm32g0xx_hal_spi.c ****        using HAL_SPI_RegisterCallback() before calling HAL_SPI_DeInit()
 134:Drivers/STM32G0xx_HAL_Driver/Src/stm32g0xx_hal_spi.c ****        or HAL_SPI_Init() function.
 135:Drivers/STM32G0xx_HAL_Driver/Src/stm32g0xx_hal_spi.c **** 
 136:Drivers/STM32G0xx_HAL_Driver/Src/stm32g0xx_hal_spi.c ****        [..]
 137:Drivers/STM32G0xx_HAL_Driver/Src/stm32g0xx_hal_spi.c ****        When the compilation define USE_HAL_PPP_REGISTER_CALLBACKS is set to 0 or
 138:Drivers/STM32G0xx_HAL_Driver/Src/stm32g0xx_hal_spi.c ****        not defined, the callback registering feature is not available
 139:Drivers/STM32G0xx_HAL_Driver/Src/stm32g0xx_hal_spi.c ****        and weak (surcharged) callbacks are used.
 140:Drivers/STM32G0xx_HAL_Driver/Src/stm32g0xx_hal_spi.c **** 
 141:Drivers/STM32G0xx_HAL_Driver/Src/stm32g0xx_hal_spi.c ****      [..]
 142:Drivers/STM32G0xx_HAL_Driver/Src/stm32g0xx_hal_spi.c ****        Using the HAL it is not possible to reach all supported SPI frequency with the different SPI
 143:Drivers/STM32G0xx_HAL_Driver/Src/stm32g0xx_hal_spi.c ****        the following table resume the max SPI frequency reached with data size 8bits/16bits,
 144:Drivers/STM32G0xx_HAL_Driver/Src/stm32g0xx_hal_spi.c ****          according to frequency of the APBx Peripheral Clock (fPCLK) used by the SPI instance.
 145:Drivers/STM32G0xx_HAL_Driver/Src/stm32g0xx_hal_spi.c **** 
 146:Drivers/STM32G0xx_HAL_Driver/Src/stm32g0xx_hal_spi.c ****   @endverbatim
ARM GAS  C:\Users\Domagoj\AppData\Local\Temp\ccvehG6g.s 			page 4


 147:Drivers/STM32G0xx_HAL_Driver/Src/stm32g0xx_hal_spi.c **** 
 148:Drivers/STM32G0xx_HAL_Driver/Src/stm32g0xx_hal_spi.c ****   Additional table :
 149:Drivers/STM32G0xx_HAL_Driver/Src/stm32g0xx_hal_spi.c **** 
 150:Drivers/STM32G0xx_HAL_Driver/Src/stm32g0xx_hal_spi.c ****        DataSize = SPI_DATASIZE_8BIT:
 151:Drivers/STM32G0xx_HAL_Driver/Src/stm32g0xx_hal_spi.c ****        +-------------------------------------------------------------------------------------------
 152:Drivers/STM32G0xx_HAL_Driver/Src/stm32g0xx_hal_spi.c ****        |         |                | 2Lines Fullduplex   |     2Lines RxOnly    |         1Line     
 153:Drivers/STM32G0xx_HAL_Driver/Src/stm32g0xx_hal_spi.c ****        | Process | Transfer mode  |---------------------|----------------------|-------------------
 154:Drivers/STM32G0xx_HAL_Driver/Src/stm32g0xx_hal_spi.c ****        |         |                |  Master  |  Slave   |  Master   |  Slave   |  Master   |  Slave
 155:Drivers/STM32G0xx_HAL_Driver/Src/stm32g0xx_hal_spi.c ****        |===========================================================================================
 156:Drivers/STM32G0xx_HAL_Driver/Src/stm32g0xx_hal_spi.c ****        |    T    |     Polling    | Fpclk/4  | Fpclk/8  |    NA     |    NA    |    NA     |   NA  
 157:Drivers/STM32G0xx_HAL_Driver/Src/stm32g0xx_hal_spi.c ****        |    X    |----------------|----------|----------|-----------|----------|-----------|-------
 158:Drivers/STM32G0xx_HAL_Driver/Src/stm32g0xx_hal_spi.c ****        |    /    |     Interrupt  | Fpclk/4  | Fpclk/16 |    NA     |    NA    |    NA     |   NA  
 159:Drivers/STM32G0xx_HAL_Driver/Src/stm32g0xx_hal_spi.c ****        |    R    |----------------|----------|----------|-----------|----------|-----------|-------
 160:Drivers/STM32G0xx_HAL_Driver/Src/stm32g0xx_hal_spi.c ****        |    X    |       DMA      | Fpclk/2  | Fpclk/2  |    NA     |    NA    |    NA     |   NA  
 161:Drivers/STM32G0xx_HAL_Driver/Src/stm32g0xx_hal_spi.c ****        |=========|================|==========|==========|===========|==========|===========|=======
 162:Drivers/STM32G0xx_HAL_Driver/Src/stm32g0xx_hal_spi.c ****        |         |     Polling    | Fpclk/4  | Fpclk/8  | Fpclk/16  | Fpclk/8  | Fpclk/8   | Fpclk/
 163:Drivers/STM32G0xx_HAL_Driver/Src/stm32g0xx_hal_spi.c ****        |         |----------------|----------|----------|-----------|----------|-----------|-------
 164:Drivers/STM32G0xx_HAL_Driver/Src/stm32g0xx_hal_spi.c ****        |    R    |     Interrupt  | Fpclk/8  | Fpclk/16 | Fpclk/8   | Fpclk/8  | Fpclk/8   | Fpclk/
 165:Drivers/STM32G0xx_HAL_Driver/Src/stm32g0xx_hal_spi.c ****        |    X    |----------------|----------|----------|-----------|----------|-----------|-------
 166:Drivers/STM32G0xx_HAL_Driver/Src/stm32g0xx_hal_spi.c ****        |         |       DMA      | Fpclk/4  | Fpclk/2  | Fpclk/2   | Fpclk/16 | Fpclk/2   | Fpclk/
 167:Drivers/STM32G0xx_HAL_Driver/Src/stm32g0xx_hal_spi.c ****        |=========|================|==========|==========|===========|==========|===========|=======
 168:Drivers/STM32G0xx_HAL_Driver/Src/stm32g0xx_hal_spi.c ****        |         |     Polling    | Fpclk/8  | Fpclk/2  |     NA    |    NA    | Fpclk/8   | Fpclk/
 169:Drivers/STM32G0xx_HAL_Driver/Src/stm32g0xx_hal_spi.c ****        |         |----------------|----------|----------|-----------|----------|-----------|-------
 170:Drivers/STM32G0xx_HAL_Driver/Src/stm32g0xx_hal_spi.c ****        |    T    |     Interrupt  | Fpclk/2  | Fpclk/4  |     NA    |    NA    | Fpclk/16  | Fpclk/
 171:Drivers/STM32G0xx_HAL_Driver/Src/stm32g0xx_hal_spi.c ****        |    X    |----------------|----------|----------|-----------|----------|-----------|-------
 172:Drivers/STM32G0xx_HAL_Driver/Src/stm32g0xx_hal_spi.c ****        |         |       DMA      | Fpclk/2  | Fpclk/2  |     NA    |    NA    | Fpclk/8   | Fpclk/
 173:Drivers/STM32G0xx_HAL_Driver/Src/stm32g0xx_hal_spi.c ****        +-------------------------------------------------------------------------------------------
 174:Drivers/STM32G0xx_HAL_Driver/Src/stm32g0xx_hal_spi.c **** 
 175:Drivers/STM32G0xx_HAL_Driver/Src/stm32g0xx_hal_spi.c ****        DataSize = SPI_DATASIZE_16BIT:
 176:Drivers/STM32G0xx_HAL_Driver/Src/stm32g0xx_hal_spi.c ****        +-------------------------------------------------------------------------------------------
 177:Drivers/STM32G0xx_HAL_Driver/Src/stm32g0xx_hal_spi.c ****        |         |                | 2Lines Fullduplex   |     2Lines RxOnly    |         1Line     
 178:Drivers/STM32G0xx_HAL_Driver/Src/stm32g0xx_hal_spi.c ****        | Process | Transfer mode  |---------------------|----------------------|-------------------
 179:Drivers/STM32G0xx_HAL_Driver/Src/stm32g0xx_hal_spi.c ****        |         |                |  Master  |  Slave   |  Master   |  Slave   |  Master   |  Slave
 180:Drivers/STM32G0xx_HAL_Driver/Src/stm32g0xx_hal_spi.c ****        |===========================================================================================
 181:Drivers/STM32G0xx_HAL_Driver/Src/stm32g0xx_hal_spi.c ****        |    T    |     Polling    | Fpclk/4  | Fpclk/8  |    NA     |    NA    |    NA     |   NA  
 182:Drivers/STM32G0xx_HAL_Driver/Src/stm32g0xx_hal_spi.c ****        |    X    |----------------|----------|----------|-----------|----------|-----------|-------
 183:Drivers/STM32G0xx_HAL_Driver/Src/stm32g0xx_hal_spi.c ****        |    /    |     Interrupt  | Fpclk/4  | Fpclk/16 |    NA     |    NA    |    NA     |   NA  
 184:Drivers/STM32G0xx_HAL_Driver/Src/stm32g0xx_hal_spi.c ****        |    R    |----------------|----------|----------|-----------|----------|-----------|-------
 185:Drivers/STM32G0xx_HAL_Driver/Src/stm32g0xx_hal_spi.c ****        |    X    |       DMA      | Fpclk/2  | Fpclk/2  |    NA     |    NA    |    NA     |   NA  
 186:Drivers/STM32G0xx_HAL_Driver/Src/stm32g0xx_hal_spi.c ****        |=========|================|==========|==========|===========|==========|===========|=======
 187:Drivers/STM32G0xx_HAL_Driver/Src/stm32g0xx_hal_spi.c ****        |         |     Polling    | Fpclk/4  | Fpclk/8  | Fpclk/16  | Fpclk/8  | Fpclk/8   | Fpclk/
 188:Drivers/STM32G0xx_HAL_Driver/Src/stm32g0xx_hal_spi.c ****        |         |----------------|----------|----------|-----------|----------|-----------|-------
 189:Drivers/STM32G0xx_HAL_Driver/Src/stm32g0xx_hal_spi.c ****        |    R    |     Interrupt  | Fpclk/8  | Fpclk/16 | Fpclk/8   | Fpclk/8  | Fpclk/8   | Fpclk/
 190:Drivers/STM32G0xx_HAL_Driver/Src/stm32g0xx_hal_spi.c ****        |    X    |----------------|----------|----------|-----------|----------|-----------|-------
 191:Drivers/STM32G0xx_HAL_Driver/Src/stm32g0xx_hal_spi.c ****        |         |       DMA      | Fpclk/4  | Fpclk/2  | Fpclk/2   | Fpclk/16 | Fpclk/2   | Fpclk/
 192:Drivers/STM32G0xx_HAL_Driver/Src/stm32g0xx_hal_spi.c ****        |=========|================|==========|==========|===========|==========|===========|=======
 193:Drivers/STM32G0xx_HAL_Driver/Src/stm32g0xx_hal_spi.c ****        |         |     Polling    | Fpclk/8  | Fpclk/2  |     NA    |    NA    | Fpclk/8   | Fpclk/
 194:Drivers/STM32G0xx_HAL_Driver/Src/stm32g0xx_hal_spi.c ****        |         |----------------|----------|----------|-----------|----------|-----------|-------
 195:Drivers/STM32G0xx_HAL_Driver/Src/stm32g0xx_hal_spi.c ****        |    T    |     Interrupt  | Fpclk/2  | Fpclk/4  |     NA    |    NA    | Fpclk/16  | Fpclk/
 196:Drivers/STM32G0xx_HAL_Driver/Src/stm32g0xx_hal_spi.c ****        |    X    |----------------|----------|----------|-----------|----------|-----------|-------
 197:Drivers/STM32G0xx_HAL_Driver/Src/stm32g0xx_hal_spi.c ****        |         |       DMA      | Fpclk/2  | Fpclk/2  |     NA    |    NA    | Fpclk/8   | Fpclk/
 198:Drivers/STM32G0xx_HAL_Driver/Src/stm32g0xx_hal_spi.c ****        +-------------------------------------------------------------------------------------------
 199:Drivers/STM32G0xx_HAL_Driver/Src/stm32g0xx_hal_spi.c ****        @note The max SPI frequency depend on SPI data size (4bits, 5bits,..., 8bits,...15bits, 16bi
 200:Drivers/STM32G0xx_HAL_Driver/Src/stm32g0xx_hal_spi.c ****              SPI mode(2 Lines fullduplex, 2 lines RxOnly, 1 line TX/RX) and Process mode (Polling, 
 201:Drivers/STM32G0xx_HAL_Driver/Src/stm32g0xx_hal_spi.c ****        @note
 202:Drivers/STM32G0xx_HAL_Driver/Src/stm32g0xx_hal_spi.c ****             (#) TX/RX processes are HAL_SPI_TransmitReceive(), HAL_SPI_TransmitReceive_IT() and
 203:Drivers/STM32G0xx_HAL_Driver/Src/stm32g0xx_hal_spi.c ****                 HAL_SPI_TransmitReceive_DMA()
ARM GAS  C:\Users\Domagoj\AppData\Local\Temp\ccvehG6g.s 			page 5


 204:Drivers/STM32G0xx_HAL_Driver/Src/stm32g0xx_hal_spi.c ****             (#) RX processes are HAL_SPI_Receive(), HAL_SPI_Receive_IT() and HAL_SPI_Receive_DMA()
 205:Drivers/STM32G0xx_HAL_Driver/Src/stm32g0xx_hal_spi.c ****             (#) TX processes are HAL_SPI_Transmit(), HAL_SPI_Transmit_IT() and HAL_SPI_Transmit_DMA
 206:Drivers/STM32G0xx_HAL_Driver/Src/stm32g0xx_hal_spi.c **** 
 207:Drivers/STM32G0xx_HAL_Driver/Src/stm32g0xx_hal_spi.c ****   */
 208:Drivers/STM32G0xx_HAL_Driver/Src/stm32g0xx_hal_spi.c **** 
 209:Drivers/STM32G0xx_HAL_Driver/Src/stm32g0xx_hal_spi.c **** /* Includes ------------------------------------------------------------------*/
 210:Drivers/STM32G0xx_HAL_Driver/Src/stm32g0xx_hal_spi.c **** #include "stm32g0xx_hal.h"
 211:Drivers/STM32G0xx_HAL_Driver/Src/stm32g0xx_hal_spi.c **** 
 212:Drivers/STM32G0xx_HAL_Driver/Src/stm32g0xx_hal_spi.c **** /** @addtogroup STM32G0xx_HAL_Driver
 213:Drivers/STM32G0xx_HAL_Driver/Src/stm32g0xx_hal_spi.c ****   * @{
 214:Drivers/STM32G0xx_HAL_Driver/Src/stm32g0xx_hal_spi.c ****   */
 215:Drivers/STM32G0xx_HAL_Driver/Src/stm32g0xx_hal_spi.c **** 
 216:Drivers/STM32G0xx_HAL_Driver/Src/stm32g0xx_hal_spi.c **** /** @defgroup SPI SPI
 217:Drivers/STM32G0xx_HAL_Driver/Src/stm32g0xx_hal_spi.c ****   * @brief SPI HAL module driver
 218:Drivers/STM32G0xx_HAL_Driver/Src/stm32g0xx_hal_spi.c ****   * @{
 219:Drivers/STM32G0xx_HAL_Driver/Src/stm32g0xx_hal_spi.c ****   */
 220:Drivers/STM32G0xx_HAL_Driver/Src/stm32g0xx_hal_spi.c **** #ifdef HAL_SPI_MODULE_ENABLED
 221:Drivers/STM32G0xx_HAL_Driver/Src/stm32g0xx_hal_spi.c **** 
 222:Drivers/STM32G0xx_HAL_Driver/Src/stm32g0xx_hal_spi.c **** /* Private typedef -----------------------------------------------------------*/
 223:Drivers/STM32G0xx_HAL_Driver/Src/stm32g0xx_hal_spi.c **** /* Private defines -----------------------------------------------------------*/
 224:Drivers/STM32G0xx_HAL_Driver/Src/stm32g0xx_hal_spi.c **** /** @defgroup SPI_Private_Constants SPI Private Constants
 225:Drivers/STM32G0xx_HAL_Driver/Src/stm32g0xx_hal_spi.c ****   * @{
 226:Drivers/STM32G0xx_HAL_Driver/Src/stm32g0xx_hal_spi.c ****   */
 227:Drivers/STM32G0xx_HAL_Driver/Src/stm32g0xx_hal_spi.c **** #define SPI_DEFAULT_TIMEOUT 100U
 228:Drivers/STM32G0xx_HAL_Driver/Src/stm32g0xx_hal_spi.c **** /**
 229:Drivers/STM32G0xx_HAL_Driver/Src/stm32g0xx_hal_spi.c ****   * @}
 230:Drivers/STM32G0xx_HAL_Driver/Src/stm32g0xx_hal_spi.c ****   */
 231:Drivers/STM32G0xx_HAL_Driver/Src/stm32g0xx_hal_spi.c **** 
 232:Drivers/STM32G0xx_HAL_Driver/Src/stm32g0xx_hal_spi.c **** /* Private macros ------------------------------------------------------------*/
 233:Drivers/STM32G0xx_HAL_Driver/Src/stm32g0xx_hal_spi.c **** /* Private variables ---------------------------------------------------------*/
 234:Drivers/STM32G0xx_HAL_Driver/Src/stm32g0xx_hal_spi.c **** /* Private function prototypes -----------------------------------------------*/
 235:Drivers/STM32G0xx_HAL_Driver/Src/stm32g0xx_hal_spi.c **** /** @defgroup SPI_Private_Functions SPI Private Functions
 236:Drivers/STM32G0xx_HAL_Driver/Src/stm32g0xx_hal_spi.c ****   * @{
 237:Drivers/STM32G0xx_HAL_Driver/Src/stm32g0xx_hal_spi.c ****   */
 238:Drivers/STM32G0xx_HAL_Driver/Src/stm32g0xx_hal_spi.c **** static void SPI_DMATransmitCplt(DMA_HandleTypeDef *hdma);
 239:Drivers/STM32G0xx_HAL_Driver/Src/stm32g0xx_hal_spi.c **** static void SPI_DMAReceiveCplt(DMA_HandleTypeDef *hdma);
 240:Drivers/STM32G0xx_HAL_Driver/Src/stm32g0xx_hal_spi.c **** static void SPI_DMATransmitReceiveCplt(DMA_HandleTypeDef *hdma);
 241:Drivers/STM32G0xx_HAL_Driver/Src/stm32g0xx_hal_spi.c **** static void SPI_DMAHalfTransmitCplt(DMA_HandleTypeDef *hdma);
 242:Drivers/STM32G0xx_HAL_Driver/Src/stm32g0xx_hal_spi.c **** static void SPI_DMAHalfReceiveCplt(DMA_HandleTypeDef *hdma);
 243:Drivers/STM32G0xx_HAL_Driver/Src/stm32g0xx_hal_spi.c **** static void SPI_DMAHalfTransmitReceiveCplt(DMA_HandleTypeDef *hdma);
 244:Drivers/STM32G0xx_HAL_Driver/Src/stm32g0xx_hal_spi.c **** static void SPI_DMAError(DMA_HandleTypeDef *hdma);
 245:Drivers/STM32G0xx_HAL_Driver/Src/stm32g0xx_hal_spi.c **** static void SPI_DMAAbortOnError(DMA_HandleTypeDef *hdma);
 246:Drivers/STM32G0xx_HAL_Driver/Src/stm32g0xx_hal_spi.c **** static void SPI_DMATxAbortCallback(DMA_HandleTypeDef *hdma);
 247:Drivers/STM32G0xx_HAL_Driver/Src/stm32g0xx_hal_spi.c **** static void SPI_DMARxAbortCallback(DMA_HandleTypeDef *hdma);
 248:Drivers/STM32G0xx_HAL_Driver/Src/stm32g0xx_hal_spi.c **** static HAL_StatusTypeDef SPI_WaitFlagStateUntilTimeout(SPI_HandleTypeDef *hspi, uint32_t Flag, Flag
 249:Drivers/STM32G0xx_HAL_Driver/Src/stm32g0xx_hal_spi.c ****                                                        uint32_t Timeout, uint32_t Tickstart);
 250:Drivers/STM32G0xx_HAL_Driver/Src/stm32g0xx_hal_spi.c **** static HAL_StatusTypeDef SPI_WaitFifoStateUntilTimeout(SPI_HandleTypeDef *hspi, uint32_t Fifo, uint
 251:Drivers/STM32G0xx_HAL_Driver/Src/stm32g0xx_hal_spi.c ****                                                        uint32_t Timeout, uint32_t Tickstart);
 252:Drivers/STM32G0xx_HAL_Driver/Src/stm32g0xx_hal_spi.c **** static void SPI_TxISR_8BIT(struct __SPI_HandleTypeDef *hspi);
 253:Drivers/STM32G0xx_HAL_Driver/Src/stm32g0xx_hal_spi.c **** static void SPI_TxISR_16BIT(struct __SPI_HandleTypeDef *hspi);
 254:Drivers/STM32G0xx_HAL_Driver/Src/stm32g0xx_hal_spi.c **** static void SPI_RxISR_8BIT(struct __SPI_HandleTypeDef *hspi);
 255:Drivers/STM32G0xx_HAL_Driver/Src/stm32g0xx_hal_spi.c **** static void SPI_RxISR_16BIT(struct __SPI_HandleTypeDef *hspi);
 256:Drivers/STM32G0xx_HAL_Driver/Src/stm32g0xx_hal_spi.c **** static void SPI_2linesRxISR_8BIT(struct __SPI_HandleTypeDef *hspi);
 257:Drivers/STM32G0xx_HAL_Driver/Src/stm32g0xx_hal_spi.c **** static void SPI_2linesTxISR_8BIT(struct __SPI_HandleTypeDef *hspi);
 258:Drivers/STM32G0xx_HAL_Driver/Src/stm32g0xx_hal_spi.c **** static void SPI_2linesTxISR_16BIT(struct __SPI_HandleTypeDef *hspi);
 259:Drivers/STM32G0xx_HAL_Driver/Src/stm32g0xx_hal_spi.c **** static void SPI_2linesRxISR_16BIT(struct __SPI_HandleTypeDef *hspi);
 260:Drivers/STM32G0xx_HAL_Driver/Src/stm32g0xx_hal_spi.c **** #if (USE_SPI_CRC != 0U)
ARM GAS  C:\Users\Domagoj\AppData\Local\Temp\ccvehG6g.s 			page 6


 261:Drivers/STM32G0xx_HAL_Driver/Src/stm32g0xx_hal_spi.c **** static void SPI_RxISR_8BITCRC(struct __SPI_HandleTypeDef *hspi);
 262:Drivers/STM32G0xx_HAL_Driver/Src/stm32g0xx_hal_spi.c **** static void SPI_RxISR_16BITCRC(struct __SPI_HandleTypeDef *hspi);
 263:Drivers/STM32G0xx_HAL_Driver/Src/stm32g0xx_hal_spi.c **** static void SPI_2linesRxISR_8BITCRC(struct __SPI_HandleTypeDef *hspi);
 264:Drivers/STM32G0xx_HAL_Driver/Src/stm32g0xx_hal_spi.c **** static void SPI_2linesRxISR_16BITCRC(struct __SPI_HandleTypeDef *hspi);
 265:Drivers/STM32G0xx_HAL_Driver/Src/stm32g0xx_hal_spi.c **** #endif /* USE_SPI_CRC */
 266:Drivers/STM32G0xx_HAL_Driver/Src/stm32g0xx_hal_spi.c **** static void SPI_AbortRx_ISR(SPI_HandleTypeDef *hspi);
 267:Drivers/STM32G0xx_HAL_Driver/Src/stm32g0xx_hal_spi.c **** static void SPI_AbortTx_ISR(SPI_HandleTypeDef *hspi);
 268:Drivers/STM32G0xx_HAL_Driver/Src/stm32g0xx_hal_spi.c **** static void SPI_CloseRxTx_ISR(SPI_HandleTypeDef *hspi);
 269:Drivers/STM32G0xx_HAL_Driver/Src/stm32g0xx_hal_spi.c **** static void SPI_CloseRx_ISR(SPI_HandleTypeDef *hspi);
 270:Drivers/STM32G0xx_HAL_Driver/Src/stm32g0xx_hal_spi.c **** static void SPI_CloseTx_ISR(SPI_HandleTypeDef *hspi);
 271:Drivers/STM32G0xx_HAL_Driver/Src/stm32g0xx_hal_spi.c **** static HAL_StatusTypeDef SPI_EndRxTransaction(SPI_HandleTypeDef *hspi, uint32_t Timeout, uint32_t T
 272:Drivers/STM32G0xx_HAL_Driver/Src/stm32g0xx_hal_spi.c **** static HAL_StatusTypeDef SPI_EndRxTxTransaction(SPI_HandleTypeDef *hspi, uint32_t Timeout, uint32_t
 273:Drivers/STM32G0xx_HAL_Driver/Src/stm32g0xx_hal_spi.c **** /**
 274:Drivers/STM32G0xx_HAL_Driver/Src/stm32g0xx_hal_spi.c ****   * @}
 275:Drivers/STM32G0xx_HAL_Driver/Src/stm32g0xx_hal_spi.c ****   */
 276:Drivers/STM32G0xx_HAL_Driver/Src/stm32g0xx_hal_spi.c **** 
 277:Drivers/STM32G0xx_HAL_Driver/Src/stm32g0xx_hal_spi.c **** /* Exported functions --------------------------------------------------------*/
 278:Drivers/STM32G0xx_HAL_Driver/Src/stm32g0xx_hal_spi.c **** /** @defgroup SPI_Exported_Functions SPI Exported Functions
 279:Drivers/STM32G0xx_HAL_Driver/Src/stm32g0xx_hal_spi.c ****   * @{
 280:Drivers/STM32G0xx_HAL_Driver/Src/stm32g0xx_hal_spi.c ****   */
 281:Drivers/STM32G0xx_HAL_Driver/Src/stm32g0xx_hal_spi.c **** 
 282:Drivers/STM32G0xx_HAL_Driver/Src/stm32g0xx_hal_spi.c **** /** @defgroup SPI_Exported_Functions_Group1 Initialization and de-initialization functions
 283:Drivers/STM32G0xx_HAL_Driver/Src/stm32g0xx_hal_spi.c ****   *  @brief    Initialization and Configuration functions
 284:Drivers/STM32G0xx_HAL_Driver/Src/stm32g0xx_hal_spi.c ****   *
 285:Drivers/STM32G0xx_HAL_Driver/Src/stm32g0xx_hal_spi.c **** @verbatim
 286:Drivers/STM32G0xx_HAL_Driver/Src/stm32g0xx_hal_spi.c ****  ===============================================================================
 287:Drivers/STM32G0xx_HAL_Driver/Src/stm32g0xx_hal_spi.c ****               ##### Initialization and de-initialization functions #####
 288:Drivers/STM32G0xx_HAL_Driver/Src/stm32g0xx_hal_spi.c ****  ===============================================================================
 289:Drivers/STM32G0xx_HAL_Driver/Src/stm32g0xx_hal_spi.c ****     [..]  This subsection provides a set of functions allowing to initialize and
 290:Drivers/STM32G0xx_HAL_Driver/Src/stm32g0xx_hal_spi.c ****           de-initialize the SPIx peripheral:
 291:Drivers/STM32G0xx_HAL_Driver/Src/stm32g0xx_hal_spi.c **** 
 292:Drivers/STM32G0xx_HAL_Driver/Src/stm32g0xx_hal_spi.c ****       (+) User must implement HAL_SPI_MspInit() function in which he configures
 293:Drivers/STM32G0xx_HAL_Driver/Src/stm32g0xx_hal_spi.c ****           all related peripherals resources (CLOCK, GPIO, DMA, IT and NVIC ).
 294:Drivers/STM32G0xx_HAL_Driver/Src/stm32g0xx_hal_spi.c **** 
 295:Drivers/STM32G0xx_HAL_Driver/Src/stm32g0xx_hal_spi.c ****       (+) Call the function HAL_SPI_Init() to configure the selected device with
 296:Drivers/STM32G0xx_HAL_Driver/Src/stm32g0xx_hal_spi.c ****           the selected configuration:
 297:Drivers/STM32G0xx_HAL_Driver/Src/stm32g0xx_hal_spi.c ****         (++) Mode
 298:Drivers/STM32G0xx_HAL_Driver/Src/stm32g0xx_hal_spi.c ****         (++) Direction
 299:Drivers/STM32G0xx_HAL_Driver/Src/stm32g0xx_hal_spi.c ****         (++) Data Size
 300:Drivers/STM32G0xx_HAL_Driver/Src/stm32g0xx_hal_spi.c ****         (++) Clock Polarity and Phase
 301:Drivers/STM32G0xx_HAL_Driver/Src/stm32g0xx_hal_spi.c ****         (++) NSS Management
 302:Drivers/STM32G0xx_HAL_Driver/Src/stm32g0xx_hal_spi.c ****         (++) BaudRate Prescaler
 303:Drivers/STM32G0xx_HAL_Driver/Src/stm32g0xx_hal_spi.c ****         (++) FirstBit
 304:Drivers/STM32G0xx_HAL_Driver/Src/stm32g0xx_hal_spi.c ****         (++) TIMode
 305:Drivers/STM32G0xx_HAL_Driver/Src/stm32g0xx_hal_spi.c ****         (++) CRC Calculation
 306:Drivers/STM32G0xx_HAL_Driver/Src/stm32g0xx_hal_spi.c ****         (++) CRC Polynomial if CRC enabled
 307:Drivers/STM32G0xx_HAL_Driver/Src/stm32g0xx_hal_spi.c ****         (++) CRC Length, used only with Data8 and Data16
 308:Drivers/STM32G0xx_HAL_Driver/Src/stm32g0xx_hal_spi.c ****         (++) FIFO reception threshold
 309:Drivers/STM32G0xx_HAL_Driver/Src/stm32g0xx_hal_spi.c **** 
 310:Drivers/STM32G0xx_HAL_Driver/Src/stm32g0xx_hal_spi.c ****       (+) Call the function HAL_SPI_DeInit() to restore the default configuration
 311:Drivers/STM32G0xx_HAL_Driver/Src/stm32g0xx_hal_spi.c ****           of the selected SPIx peripheral.
 312:Drivers/STM32G0xx_HAL_Driver/Src/stm32g0xx_hal_spi.c **** 
 313:Drivers/STM32G0xx_HAL_Driver/Src/stm32g0xx_hal_spi.c **** @endverbatim
 314:Drivers/STM32G0xx_HAL_Driver/Src/stm32g0xx_hal_spi.c ****   * @{
 315:Drivers/STM32G0xx_HAL_Driver/Src/stm32g0xx_hal_spi.c ****   */
 316:Drivers/STM32G0xx_HAL_Driver/Src/stm32g0xx_hal_spi.c **** 
 317:Drivers/STM32G0xx_HAL_Driver/Src/stm32g0xx_hal_spi.c **** /**
ARM GAS  C:\Users\Domagoj\AppData\Local\Temp\ccvehG6g.s 			page 7


 318:Drivers/STM32G0xx_HAL_Driver/Src/stm32g0xx_hal_spi.c ****   * @brief  Initialize the SPI according to the specified parameters
 319:Drivers/STM32G0xx_HAL_Driver/Src/stm32g0xx_hal_spi.c ****   *         in the SPI_InitTypeDef and initialize the associated handle.
 320:Drivers/STM32G0xx_HAL_Driver/Src/stm32g0xx_hal_spi.c ****   * @param  hspi pointer to a SPI_HandleTypeDef structure that contains
 321:Drivers/STM32G0xx_HAL_Driver/Src/stm32g0xx_hal_spi.c ****   *               the configuration information for SPI module.
 322:Drivers/STM32G0xx_HAL_Driver/Src/stm32g0xx_hal_spi.c ****   * @retval HAL status
 323:Drivers/STM32G0xx_HAL_Driver/Src/stm32g0xx_hal_spi.c ****   */
 324:Drivers/STM32G0xx_HAL_Driver/Src/stm32g0xx_hal_spi.c **** HAL_StatusTypeDef HAL_SPI_Init(SPI_HandleTypeDef *hspi)
 325:Drivers/STM32G0xx_HAL_Driver/Src/stm32g0xx_hal_spi.c **** {
 326:Drivers/STM32G0xx_HAL_Driver/Src/stm32g0xx_hal_spi.c ****   uint32_t frxth;
 327:Drivers/STM32G0xx_HAL_Driver/Src/stm32g0xx_hal_spi.c **** 
 328:Drivers/STM32G0xx_HAL_Driver/Src/stm32g0xx_hal_spi.c ****   /* Check the SPI handle allocation */
 329:Drivers/STM32G0xx_HAL_Driver/Src/stm32g0xx_hal_spi.c ****   if (hspi == NULL)
 330:Drivers/STM32G0xx_HAL_Driver/Src/stm32g0xx_hal_spi.c ****   {
 331:Drivers/STM32G0xx_HAL_Driver/Src/stm32g0xx_hal_spi.c ****     return HAL_ERROR;
 332:Drivers/STM32G0xx_HAL_Driver/Src/stm32g0xx_hal_spi.c ****   }
 333:Drivers/STM32G0xx_HAL_Driver/Src/stm32g0xx_hal_spi.c **** 
 334:Drivers/STM32G0xx_HAL_Driver/Src/stm32g0xx_hal_spi.c ****   /* Check the parameters */
 335:Drivers/STM32G0xx_HAL_Driver/Src/stm32g0xx_hal_spi.c ****   assert_param(IS_SPI_ALL_INSTANCE(hspi->Instance));
 336:Drivers/STM32G0xx_HAL_Driver/Src/stm32g0xx_hal_spi.c ****   assert_param(IS_SPI_MODE(hspi->Init.Mode));
 337:Drivers/STM32G0xx_HAL_Driver/Src/stm32g0xx_hal_spi.c ****   assert_param(IS_SPI_DIRECTION(hspi->Init.Direction));
 338:Drivers/STM32G0xx_HAL_Driver/Src/stm32g0xx_hal_spi.c ****   assert_param(IS_SPI_DATASIZE(hspi->Init.DataSize));
 339:Drivers/STM32G0xx_HAL_Driver/Src/stm32g0xx_hal_spi.c ****   assert_param(IS_SPI_NSS(hspi->Init.NSS));
 340:Drivers/STM32G0xx_HAL_Driver/Src/stm32g0xx_hal_spi.c ****   assert_param(IS_SPI_NSSP(hspi->Init.NSSPMode));
 341:Drivers/STM32G0xx_HAL_Driver/Src/stm32g0xx_hal_spi.c ****   assert_param(IS_SPI_BAUDRATE_PRESCALER(hspi->Init.BaudRatePrescaler));
 342:Drivers/STM32G0xx_HAL_Driver/Src/stm32g0xx_hal_spi.c ****   assert_param(IS_SPI_FIRST_BIT(hspi->Init.FirstBit));
 343:Drivers/STM32G0xx_HAL_Driver/Src/stm32g0xx_hal_spi.c ****   assert_param(IS_SPI_TIMODE(hspi->Init.TIMode));
 344:Drivers/STM32G0xx_HAL_Driver/Src/stm32g0xx_hal_spi.c ****   if (hspi->Init.TIMode == SPI_TIMODE_DISABLE)
 345:Drivers/STM32G0xx_HAL_Driver/Src/stm32g0xx_hal_spi.c ****   {
 346:Drivers/STM32G0xx_HAL_Driver/Src/stm32g0xx_hal_spi.c ****     assert_param(IS_SPI_CPOL(hspi->Init.CLKPolarity));
 347:Drivers/STM32G0xx_HAL_Driver/Src/stm32g0xx_hal_spi.c ****     assert_param(IS_SPI_CPHA(hspi->Init.CLKPhase));
 348:Drivers/STM32G0xx_HAL_Driver/Src/stm32g0xx_hal_spi.c **** 
 349:Drivers/STM32G0xx_HAL_Driver/Src/stm32g0xx_hal_spi.c ****     if (hspi->Init.Mode == SPI_MODE_MASTER)
 350:Drivers/STM32G0xx_HAL_Driver/Src/stm32g0xx_hal_spi.c ****     {
 351:Drivers/STM32G0xx_HAL_Driver/Src/stm32g0xx_hal_spi.c ****       assert_param(IS_SPI_BAUDRATE_PRESCALER(hspi->Init.BaudRatePrescaler));
 352:Drivers/STM32G0xx_HAL_Driver/Src/stm32g0xx_hal_spi.c ****     }
 353:Drivers/STM32G0xx_HAL_Driver/Src/stm32g0xx_hal_spi.c ****     else
 354:Drivers/STM32G0xx_HAL_Driver/Src/stm32g0xx_hal_spi.c ****     {
 355:Drivers/STM32G0xx_HAL_Driver/Src/stm32g0xx_hal_spi.c ****       /* Baudrate prescaler not use in Motoraola Slave mode. force to default value */
 356:Drivers/STM32G0xx_HAL_Driver/Src/stm32g0xx_hal_spi.c ****       hspi->Init.BaudRatePrescaler = SPI_BAUDRATEPRESCALER_2;
 357:Drivers/STM32G0xx_HAL_Driver/Src/stm32g0xx_hal_spi.c ****     }
 358:Drivers/STM32G0xx_HAL_Driver/Src/stm32g0xx_hal_spi.c ****   }
 359:Drivers/STM32G0xx_HAL_Driver/Src/stm32g0xx_hal_spi.c ****   else
 360:Drivers/STM32G0xx_HAL_Driver/Src/stm32g0xx_hal_spi.c ****   {
 361:Drivers/STM32G0xx_HAL_Driver/Src/stm32g0xx_hal_spi.c ****     assert_param(IS_SPI_BAUDRATE_PRESCALER(hspi->Init.BaudRatePrescaler));
 362:Drivers/STM32G0xx_HAL_Driver/Src/stm32g0xx_hal_spi.c **** 
 363:Drivers/STM32G0xx_HAL_Driver/Src/stm32g0xx_hal_spi.c ****     /* Force polarity and phase to TI protocaol requirements */
 364:Drivers/STM32G0xx_HAL_Driver/Src/stm32g0xx_hal_spi.c ****     hspi->Init.CLKPolarity = SPI_POLARITY_LOW;
 365:Drivers/STM32G0xx_HAL_Driver/Src/stm32g0xx_hal_spi.c ****     hspi->Init.CLKPhase    = SPI_PHASE_1EDGE;
 366:Drivers/STM32G0xx_HAL_Driver/Src/stm32g0xx_hal_spi.c ****   }
 367:Drivers/STM32G0xx_HAL_Driver/Src/stm32g0xx_hal_spi.c **** #if (USE_SPI_CRC != 0U)
 368:Drivers/STM32G0xx_HAL_Driver/Src/stm32g0xx_hal_spi.c ****   assert_param(IS_SPI_CRC_CALCULATION(hspi->Init.CRCCalculation));
 369:Drivers/STM32G0xx_HAL_Driver/Src/stm32g0xx_hal_spi.c ****   if (hspi->Init.CRCCalculation == SPI_CRCCALCULATION_ENABLE)
 370:Drivers/STM32G0xx_HAL_Driver/Src/stm32g0xx_hal_spi.c ****   {
 371:Drivers/STM32G0xx_HAL_Driver/Src/stm32g0xx_hal_spi.c ****     assert_param(IS_SPI_CRC_POLYNOMIAL(hspi->Init.CRCPolynomial));
 372:Drivers/STM32G0xx_HAL_Driver/Src/stm32g0xx_hal_spi.c ****     assert_param(IS_SPI_CRC_LENGTH(hspi->Init.CRCLength));
 373:Drivers/STM32G0xx_HAL_Driver/Src/stm32g0xx_hal_spi.c ****   }
 374:Drivers/STM32G0xx_HAL_Driver/Src/stm32g0xx_hal_spi.c **** #else
ARM GAS  C:\Users\Domagoj\AppData\Local\Temp\ccvehG6g.s 			page 8


 375:Drivers/STM32G0xx_HAL_Driver/Src/stm32g0xx_hal_spi.c ****   hspi->Init.CRCCalculation = SPI_CRCCALCULATION_DISABLE;
 376:Drivers/STM32G0xx_HAL_Driver/Src/stm32g0xx_hal_spi.c **** #endif /* USE_SPI_CRC */
 377:Drivers/STM32G0xx_HAL_Driver/Src/stm32g0xx_hal_spi.c **** 
 378:Drivers/STM32G0xx_HAL_Driver/Src/stm32g0xx_hal_spi.c ****   if (hspi->State == HAL_SPI_STATE_RESET)
 379:Drivers/STM32G0xx_HAL_Driver/Src/stm32g0xx_hal_spi.c ****   {
 380:Drivers/STM32G0xx_HAL_Driver/Src/stm32g0xx_hal_spi.c ****     /* Allocate lock resource and initialize it */
 381:Drivers/STM32G0xx_HAL_Driver/Src/stm32g0xx_hal_spi.c ****     hspi->Lock = HAL_UNLOCKED;
 382:Drivers/STM32G0xx_HAL_Driver/Src/stm32g0xx_hal_spi.c **** 
 383:Drivers/STM32G0xx_HAL_Driver/Src/stm32g0xx_hal_spi.c **** #if (USE_HAL_SPI_REGISTER_CALLBACKS == 1U)
 384:Drivers/STM32G0xx_HAL_Driver/Src/stm32g0xx_hal_spi.c ****     /* Init the SPI Callback settings */
 385:Drivers/STM32G0xx_HAL_Driver/Src/stm32g0xx_hal_spi.c ****     hspi->TxCpltCallback       = HAL_SPI_TxCpltCallback;       /* Legacy weak TxCpltCallback       
 386:Drivers/STM32G0xx_HAL_Driver/Src/stm32g0xx_hal_spi.c ****     hspi->RxCpltCallback       = HAL_SPI_RxCpltCallback;       /* Legacy weak RxCpltCallback       
 387:Drivers/STM32G0xx_HAL_Driver/Src/stm32g0xx_hal_spi.c ****     hspi->TxRxCpltCallback     = HAL_SPI_TxRxCpltCallback;     /* Legacy weak TxRxCpltCallback     
 388:Drivers/STM32G0xx_HAL_Driver/Src/stm32g0xx_hal_spi.c ****     hspi->TxHalfCpltCallback   = HAL_SPI_TxHalfCpltCallback;   /* Legacy weak TxHalfCpltCallback   
 389:Drivers/STM32G0xx_HAL_Driver/Src/stm32g0xx_hal_spi.c ****     hspi->RxHalfCpltCallback   = HAL_SPI_RxHalfCpltCallback;   /* Legacy weak RxHalfCpltCallback   
 390:Drivers/STM32G0xx_HAL_Driver/Src/stm32g0xx_hal_spi.c ****     hspi->TxRxHalfCpltCallback = HAL_SPI_TxRxHalfCpltCallback; /* Legacy weak TxRxHalfCpltCallback 
 391:Drivers/STM32G0xx_HAL_Driver/Src/stm32g0xx_hal_spi.c ****     hspi->ErrorCallback        = HAL_SPI_ErrorCallback;        /* Legacy weak ErrorCallback        
 392:Drivers/STM32G0xx_HAL_Driver/Src/stm32g0xx_hal_spi.c ****     hspi->AbortCpltCallback    = HAL_SPI_AbortCpltCallback;    /* Legacy weak AbortCpltCallback    
 393:Drivers/STM32G0xx_HAL_Driver/Src/stm32g0xx_hal_spi.c **** 
 394:Drivers/STM32G0xx_HAL_Driver/Src/stm32g0xx_hal_spi.c ****     if (hspi->MspInitCallback == NULL)
 395:Drivers/STM32G0xx_HAL_Driver/Src/stm32g0xx_hal_spi.c ****     {
 396:Drivers/STM32G0xx_HAL_Driver/Src/stm32g0xx_hal_spi.c ****       hspi->MspInitCallback = HAL_SPI_MspInit; /* Legacy weak MspInit  */
 397:Drivers/STM32G0xx_HAL_Driver/Src/stm32g0xx_hal_spi.c ****     }
 398:Drivers/STM32G0xx_HAL_Driver/Src/stm32g0xx_hal_spi.c **** 
 399:Drivers/STM32G0xx_HAL_Driver/Src/stm32g0xx_hal_spi.c ****     /* Init the low level hardware : GPIO, CLOCK, NVIC... */
 400:Drivers/STM32G0xx_HAL_Driver/Src/stm32g0xx_hal_spi.c ****     hspi->MspInitCallback(hspi);
 401:Drivers/STM32G0xx_HAL_Driver/Src/stm32g0xx_hal_spi.c **** #else
 402:Drivers/STM32G0xx_HAL_Driver/Src/stm32g0xx_hal_spi.c ****     /* Init the low level hardware : GPIO, CLOCK, NVIC... */
 403:Drivers/STM32G0xx_HAL_Driver/Src/stm32g0xx_hal_spi.c ****     HAL_SPI_MspInit(hspi);
 404:Drivers/STM32G0xx_HAL_Driver/Src/stm32g0xx_hal_spi.c **** #endif /* USE_HAL_SPI_REGISTER_CALLBACKS */
 405:Drivers/STM32G0xx_HAL_Driver/Src/stm32g0xx_hal_spi.c ****   }
 406:Drivers/STM32G0xx_HAL_Driver/Src/stm32g0xx_hal_spi.c **** 
 407:Drivers/STM32G0xx_HAL_Driver/Src/stm32g0xx_hal_spi.c ****   hspi->State = HAL_SPI_STATE_BUSY;
 408:Drivers/STM32G0xx_HAL_Driver/Src/stm32g0xx_hal_spi.c **** 
 409:Drivers/STM32G0xx_HAL_Driver/Src/stm32g0xx_hal_spi.c ****   /* Disable the selected SPI peripheral */
 410:Drivers/STM32G0xx_HAL_Driver/Src/stm32g0xx_hal_spi.c ****   __HAL_SPI_DISABLE(hspi);
 411:Drivers/STM32G0xx_HAL_Driver/Src/stm32g0xx_hal_spi.c **** 
 412:Drivers/STM32G0xx_HAL_Driver/Src/stm32g0xx_hal_spi.c ****   /* Align by default the rs fifo threshold on the data size */
 413:Drivers/STM32G0xx_HAL_Driver/Src/stm32g0xx_hal_spi.c ****   if (hspi->Init.DataSize > SPI_DATASIZE_8BIT)
 414:Drivers/STM32G0xx_HAL_Driver/Src/stm32g0xx_hal_spi.c ****   {
 415:Drivers/STM32G0xx_HAL_Driver/Src/stm32g0xx_hal_spi.c ****     frxth = SPI_RXFIFO_THRESHOLD_HF;
 416:Drivers/STM32G0xx_HAL_Driver/Src/stm32g0xx_hal_spi.c ****   }
 417:Drivers/STM32G0xx_HAL_Driver/Src/stm32g0xx_hal_spi.c ****   else
 418:Drivers/STM32G0xx_HAL_Driver/Src/stm32g0xx_hal_spi.c ****   {
 419:Drivers/STM32G0xx_HAL_Driver/Src/stm32g0xx_hal_spi.c ****     frxth = SPI_RXFIFO_THRESHOLD_QF;
 420:Drivers/STM32G0xx_HAL_Driver/Src/stm32g0xx_hal_spi.c ****   }
 421:Drivers/STM32G0xx_HAL_Driver/Src/stm32g0xx_hal_spi.c **** 
 422:Drivers/STM32G0xx_HAL_Driver/Src/stm32g0xx_hal_spi.c ****   /* CRC calculation is valid only for 16Bit and 8 Bit */
 423:Drivers/STM32G0xx_HAL_Driver/Src/stm32g0xx_hal_spi.c ****   if ((hspi->Init.DataSize != SPI_DATASIZE_16BIT) && (hspi->Init.DataSize != SPI_DATASIZE_8BIT))
 424:Drivers/STM32G0xx_HAL_Driver/Src/stm32g0xx_hal_spi.c ****   {
 425:Drivers/STM32G0xx_HAL_Driver/Src/stm32g0xx_hal_spi.c ****     /* CRC must be disabled */
 426:Drivers/STM32G0xx_HAL_Driver/Src/stm32g0xx_hal_spi.c ****     hspi->Init.CRCCalculation = SPI_CRCCALCULATION_DISABLE;
 427:Drivers/STM32G0xx_HAL_Driver/Src/stm32g0xx_hal_spi.c ****   }
 428:Drivers/STM32G0xx_HAL_Driver/Src/stm32g0xx_hal_spi.c **** 
 429:Drivers/STM32G0xx_HAL_Driver/Src/stm32g0xx_hal_spi.c ****   /*----------------------- SPIx CR1 & CR2 Configuration ---------------------*/
 430:Drivers/STM32G0xx_HAL_Driver/Src/stm32g0xx_hal_spi.c ****   /* Configure : SPI Mode, Communication Mode, Clock polarity and phase, NSS management,
 431:Drivers/STM32G0xx_HAL_Driver/Src/stm32g0xx_hal_spi.c ****   Communication speed, First bit and CRC calculation state */
ARM GAS  C:\Users\Domagoj\AppData\Local\Temp\ccvehG6g.s 			page 9


 432:Drivers/STM32G0xx_HAL_Driver/Src/stm32g0xx_hal_spi.c ****   WRITE_REG(hspi->Instance->CR1, ((hspi->Init.Mode & (SPI_CR1_MSTR | SPI_CR1_SSI)) |
 433:Drivers/STM32G0xx_HAL_Driver/Src/stm32g0xx_hal_spi.c ****                                   (hspi->Init.Direction & (SPI_CR1_RXONLY | SPI_CR1_BIDIMODE)) |
 434:Drivers/STM32G0xx_HAL_Driver/Src/stm32g0xx_hal_spi.c ****                                   (hspi->Init.CLKPolarity & SPI_CR1_CPOL) |
 435:Drivers/STM32G0xx_HAL_Driver/Src/stm32g0xx_hal_spi.c ****                                   (hspi->Init.CLKPhase & SPI_CR1_CPHA) |
 436:Drivers/STM32G0xx_HAL_Driver/Src/stm32g0xx_hal_spi.c ****                                   (hspi->Init.NSS & SPI_CR1_SSM) |
 437:Drivers/STM32G0xx_HAL_Driver/Src/stm32g0xx_hal_spi.c ****                                   (hspi->Init.BaudRatePrescaler & SPI_CR1_BR_Msk) |
 438:Drivers/STM32G0xx_HAL_Driver/Src/stm32g0xx_hal_spi.c ****                                   (hspi->Init.FirstBit  & SPI_CR1_LSBFIRST) |
 439:Drivers/STM32G0xx_HAL_Driver/Src/stm32g0xx_hal_spi.c ****                                   (hspi->Init.CRCCalculation & SPI_CR1_CRCEN)));
 440:Drivers/STM32G0xx_HAL_Driver/Src/stm32g0xx_hal_spi.c **** #if (USE_SPI_CRC != 0U)
 441:Drivers/STM32G0xx_HAL_Driver/Src/stm32g0xx_hal_spi.c ****   /*---------------------------- SPIx CRCL Configuration -------------------*/
 442:Drivers/STM32G0xx_HAL_Driver/Src/stm32g0xx_hal_spi.c ****   if (hspi->Init.CRCCalculation == SPI_CRCCALCULATION_ENABLE)
 443:Drivers/STM32G0xx_HAL_Driver/Src/stm32g0xx_hal_spi.c ****   {
 444:Drivers/STM32G0xx_HAL_Driver/Src/stm32g0xx_hal_spi.c ****     /* Align the CRC Length on the data size */
 445:Drivers/STM32G0xx_HAL_Driver/Src/stm32g0xx_hal_spi.c ****     if (hspi->Init.CRCLength == SPI_CRC_LENGTH_DATASIZE)
 446:Drivers/STM32G0xx_HAL_Driver/Src/stm32g0xx_hal_spi.c ****     {
 447:Drivers/STM32G0xx_HAL_Driver/Src/stm32g0xx_hal_spi.c ****       /* CRC Length aligned on the data size : value set by default */
 448:Drivers/STM32G0xx_HAL_Driver/Src/stm32g0xx_hal_spi.c ****       if (hspi->Init.DataSize > SPI_DATASIZE_8BIT)
 449:Drivers/STM32G0xx_HAL_Driver/Src/stm32g0xx_hal_spi.c ****       {
 450:Drivers/STM32G0xx_HAL_Driver/Src/stm32g0xx_hal_spi.c ****         hspi->Init.CRCLength = SPI_CRC_LENGTH_16BIT;
 451:Drivers/STM32G0xx_HAL_Driver/Src/stm32g0xx_hal_spi.c ****       }
 452:Drivers/STM32G0xx_HAL_Driver/Src/stm32g0xx_hal_spi.c ****       else
 453:Drivers/STM32G0xx_HAL_Driver/Src/stm32g0xx_hal_spi.c ****       {
 454:Drivers/STM32G0xx_HAL_Driver/Src/stm32g0xx_hal_spi.c ****         hspi->Init.CRCLength = SPI_CRC_LENGTH_8BIT;
 455:Drivers/STM32G0xx_HAL_Driver/Src/stm32g0xx_hal_spi.c ****       }
 456:Drivers/STM32G0xx_HAL_Driver/Src/stm32g0xx_hal_spi.c ****     }
 457:Drivers/STM32G0xx_HAL_Driver/Src/stm32g0xx_hal_spi.c **** 
 458:Drivers/STM32G0xx_HAL_Driver/Src/stm32g0xx_hal_spi.c ****     /* Configure : CRC Length */
 459:Drivers/STM32G0xx_HAL_Driver/Src/stm32g0xx_hal_spi.c ****     if (hspi->Init.CRCLength == SPI_CRC_LENGTH_16BIT)
 460:Drivers/STM32G0xx_HAL_Driver/Src/stm32g0xx_hal_spi.c ****     {
 461:Drivers/STM32G0xx_HAL_Driver/Src/stm32g0xx_hal_spi.c ****       SET_BIT(hspi->Instance->CR1, SPI_CR1_CRCL);
 462:Drivers/STM32G0xx_HAL_Driver/Src/stm32g0xx_hal_spi.c ****     }
 463:Drivers/STM32G0xx_HAL_Driver/Src/stm32g0xx_hal_spi.c ****   }
 464:Drivers/STM32G0xx_HAL_Driver/Src/stm32g0xx_hal_spi.c **** #endif /* USE_SPI_CRC */
 465:Drivers/STM32G0xx_HAL_Driver/Src/stm32g0xx_hal_spi.c **** 
 466:Drivers/STM32G0xx_HAL_Driver/Src/stm32g0xx_hal_spi.c ****   /* Configure : NSS management, TI Mode, NSS Pulse, Data size and Rx Fifo threshold */
 467:Drivers/STM32G0xx_HAL_Driver/Src/stm32g0xx_hal_spi.c ****   WRITE_REG(hspi->Instance->CR2, (((hspi->Init.NSS >> 16U) & SPI_CR2_SSOE) |
 468:Drivers/STM32G0xx_HAL_Driver/Src/stm32g0xx_hal_spi.c ****                                   (hspi->Init.TIMode & SPI_CR2_FRF) |
 469:Drivers/STM32G0xx_HAL_Driver/Src/stm32g0xx_hal_spi.c ****                                   (hspi->Init.NSSPMode & SPI_CR2_NSSP) |
 470:Drivers/STM32G0xx_HAL_Driver/Src/stm32g0xx_hal_spi.c ****                                   (hspi->Init.DataSize & SPI_CR2_DS_Msk) |
 471:Drivers/STM32G0xx_HAL_Driver/Src/stm32g0xx_hal_spi.c ****                                   (frxth & SPI_CR2_FRXTH)));
 472:Drivers/STM32G0xx_HAL_Driver/Src/stm32g0xx_hal_spi.c **** 
 473:Drivers/STM32G0xx_HAL_Driver/Src/stm32g0xx_hal_spi.c **** #if (USE_SPI_CRC != 0U)
 474:Drivers/STM32G0xx_HAL_Driver/Src/stm32g0xx_hal_spi.c ****   /*---------------------------- SPIx CRCPOLY Configuration ------------------*/
 475:Drivers/STM32G0xx_HAL_Driver/Src/stm32g0xx_hal_spi.c ****   /* Configure : CRC Polynomial */
 476:Drivers/STM32G0xx_HAL_Driver/Src/stm32g0xx_hal_spi.c ****   if (hspi->Init.CRCCalculation == SPI_CRCCALCULATION_ENABLE)
 477:Drivers/STM32G0xx_HAL_Driver/Src/stm32g0xx_hal_spi.c ****   {
 478:Drivers/STM32G0xx_HAL_Driver/Src/stm32g0xx_hal_spi.c ****     WRITE_REG(hspi->Instance->CRCPR, (hspi->Init.CRCPolynomial & SPI_CRCPR_CRCPOLY_Msk));
 479:Drivers/STM32G0xx_HAL_Driver/Src/stm32g0xx_hal_spi.c ****   }
 480:Drivers/STM32G0xx_HAL_Driver/Src/stm32g0xx_hal_spi.c **** #endif /* USE_SPI_CRC */
 481:Drivers/STM32G0xx_HAL_Driver/Src/stm32g0xx_hal_spi.c **** 
 482:Drivers/STM32G0xx_HAL_Driver/Src/stm32g0xx_hal_spi.c **** #if defined(SPI_I2SCFGR_I2SMOD)
 483:Drivers/STM32G0xx_HAL_Driver/Src/stm32g0xx_hal_spi.c ****   /* Activate the SPI mode (Make sure that I2SMOD bit in I2SCFGR register is reset) */
 484:Drivers/STM32G0xx_HAL_Driver/Src/stm32g0xx_hal_spi.c ****   CLEAR_BIT(hspi->Instance->I2SCFGR, SPI_I2SCFGR_I2SMOD);
 485:Drivers/STM32G0xx_HAL_Driver/Src/stm32g0xx_hal_spi.c **** #endif /* SPI_I2SCFGR_I2SMOD */
 486:Drivers/STM32G0xx_HAL_Driver/Src/stm32g0xx_hal_spi.c **** 
 487:Drivers/STM32G0xx_HAL_Driver/Src/stm32g0xx_hal_spi.c ****   hspi->ErrorCode = HAL_SPI_ERROR_NONE;
 488:Drivers/STM32G0xx_HAL_Driver/Src/stm32g0xx_hal_spi.c ****   hspi->State     = HAL_SPI_STATE_READY;
ARM GAS  C:\Users\Domagoj\AppData\Local\Temp\ccvehG6g.s 			page 10


 489:Drivers/STM32G0xx_HAL_Driver/Src/stm32g0xx_hal_spi.c **** 
 490:Drivers/STM32G0xx_HAL_Driver/Src/stm32g0xx_hal_spi.c ****   return HAL_OK;
 491:Drivers/STM32G0xx_HAL_Driver/Src/stm32g0xx_hal_spi.c **** }
 492:Drivers/STM32G0xx_HAL_Driver/Src/stm32g0xx_hal_spi.c **** 
 493:Drivers/STM32G0xx_HAL_Driver/Src/stm32g0xx_hal_spi.c **** /**
 494:Drivers/STM32G0xx_HAL_Driver/Src/stm32g0xx_hal_spi.c ****   * @brief  De-Initialize the SPI peripheral.
 495:Drivers/STM32G0xx_HAL_Driver/Src/stm32g0xx_hal_spi.c ****   * @param  hspi pointer to a SPI_HandleTypeDef structure that contains
 496:Drivers/STM32G0xx_HAL_Driver/Src/stm32g0xx_hal_spi.c ****   *               the configuration information for SPI module.
 497:Drivers/STM32G0xx_HAL_Driver/Src/stm32g0xx_hal_spi.c ****   * @retval HAL status
 498:Drivers/STM32G0xx_HAL_Driver/Src/stm32g0xx_hal_spi.c ****   */
 499:Drivers/STM32G0xx_HAL_Driver/Src/stm32g0xx_hal_spi.c **** HAL_StatusTypeDef HAL_SPI_DeInit(SPI_HandleTypeDef *hspi)
 500:Drivers/STM32G0xx_HAL_Driver/Src/stm32g0xx_hal_spi.c **** {
 501:Drivers/STM32G0xx_HAL_Driver/Src/stm32g0xx_hal_spi.c ****   /* Check the SPI handle allocation */
 502:Drivers/STM32G0xx_HAL_Driver/Src/stm32g0xx_hal_spi.c ****   if (hspi == NULL)
 503:Drivers/STM32G0xx_HAL_Driver/Src/stm32g0xx_hal_spi.c ****   {
 504:Drivers/STM32G0xx_HAL_Driver/Src/stm32g0xx_hal_spi.c ****     return HAL_ERROR;
 505:Drivers/STM32G0xx_HAL_Driver/Src/stm32g0xx_hal_spi.c ****   }
 506:Drivers/STM32G0xx_HAL_Driver/Src/stm32g0xx_hal_spi.c **** 
 507:Drivers/STM32G0xx_HAL_Driver/Src/stm32g0xx_hal_spi.c ****   /* Check SPI Instance parameter */
 508:Drivers/STM32G0xx_HAL_Driver/Src/stm32g0xx_hal_spi.c ****   assert_param(IS_SPI_ALL_INSTANCE(hspi->Instance));
 509:Drivers/STM32G0xx_HAL_Driver/Src/stm32g0xx_hal_spi.c **** 
 510:Drivers/STM32G0xx_HAL_Driver/Src/stm32g0xx_hal_spi.c ****   hspi->State = HAL_SPI_STATE_BUSY;
 511:Drivers/STM32G0xx_HAL_Driver/Src/stm32g0xx_hal_spi.c **** 
 512:Drivers/STM32G0xx_HAL_Driver/Src/stm32g0xx_hal_spi.c ****   /* Disable the SPI Peripheral Clock */
 513:Drivers/STM32G0xx_HAL_Driver/Src/stm32g0xx_hal_spi.c ****   __HAL_SPI_DISABLE(hspi);
 514:Drivers/STM32G0xx_HAL_Driver/Src/stm32g0xx_hal_spi.c **** 
 515:Drivers/STM32G0xx_HAL_Driver/Src/stm32g0xx_hal_spi.c **** #if (USE_HAL_SPI_REGISTER_CALLBACKS == 1U)
 516:Drivers/STM32G0xx_HAL_Driver/Src/stm32g0xx_hal_spi.c ****   if (hspi->MspDeInitCallback == NULL)
 517:Drivers/STM32G0xx_HAL_Driver/Src/stm32g0xx_hal_spi.c ****   {
 518:Drivers/STM32G0xx_HAL_Driver/Src/stm32g0xx_hal_spi.c ****     hspi->MspDeInitCallback = HAL_SPI_MspDeInit; /* Legacy weak MspDeInit  */
 519:Drivers/STM32G0xx_HAL_Driver/Src/stm32g0xx_hal_spi.c ****   }
 520:Drivers/STM32G0xx_HAL_Driver/Src/stm32g0xx_hal_spi.c **** 
 521:Drivers/STM32G0xx_HAL_Driver/Src/stm32g0xx_hal_spi.c ****   /* DeInit the low level hardware: GPIO, CLOCK, NVIC... */
 522:Drivers/STM32G0xx_HAL_Driver/Src/stm32g0xx_hal_spi.c ****   hspi->MspDeInitCallback(hspi);
 523:Drivers/STM32G0xx_HAL_Driver/Src/stm32g0xx_hal_spi.c **** #else
 524:Drivers/STM32G0xx_HAL_Driver/Src/stm32g0xx_hal_spi.c ****   /* DeInit the low level hardware: GPIO, CLOCK, NVIC... */
 525:Drivers/STM32G0xx_HAL_Driver/Src/stm32g0xx_hal_spi.c ****   HAL_SPI_MspDeInit(hspi);
 526:Drivers/STM32G0xx_HAL_Driver/Src/stm32g0xx_hal_spi.c **** #endif /* USE_HAL_SPI_REGISTER_CALLBACKS */
 527:Drivers/STM32G0xx_HAL_Driver/Src/stm32g0xx_hal_spi.c **** 
 528:Drivers/STM32G0xx_HAL_Driver/Src/stm32g0xx_hal_spi.c ****   hspi->ErrorCode = HAL_SPI_ERROR_NONE;
 529:Drivers/STM32G0xx_HAL_Driver/Src/stm32g0xx_hal_spi.c ****   hspi->State = HAL_SPI_STATE_RESET;
 530:Drivers/STM32G0xx_HAL_Driver/Src/stm32g0xx_hal_spi.c **** 
 531:Drivers/STM32G0xx_HAL_Driver/Src/stm32g0xx_hal_spi.c ****   /* Release Lock */
 532:Drivers/STM32G0xx_HAL_Driver/Src/stm32g0xx_hal_spi.c ****   __HAL_UNLOCK(hspi);
 533:Drivers/STM32G0xx_HAL_Driver/Src/stm32g0xx_hal_spi.c **** 
 534:Drivers/STM32G0xx_HAL_Driver/Src/stm32g0xx_hal_spi.c ****   return HAL_OK;
 535:Drivers/STM32G0xx_HAL_Driver/Src/stm32g0xx_hal_spi.c **** }
 536:Drivers/STM32G0xx_HAL_Driver/Src/stm32g0xx_hal_spi.c **** 
 537:Drivers/STM32G0xx_HAL_Driver/Src/stm32g0xx_hal_spi.c **** /**
 538:Drivers/STM32G0xx_HAL_Driver/Src/stm32g0xx_hal_spi.c ****   * @brief  Initialize the SPI MSP.
 539:Drivers/STM32G0xx_HAL_Driver/Src/stm32g0xx_hal_spi.c ****   * @param  hspi pointer to a SPI_HandleTypeDef structure that contains
 540:Drivers/STM32G0xx_HAL_Driver/Src/stm32g0xx_hal_spi.c ****   *               the configuration information for SPI module.
 541:Drivers/STM32G0xx_HAL_Driver/Src/stm32g0xx_hal_spi.c ****   * @retval None
 542:Drivers/STM32G0xx_HAL_Driver/Src/stm32g0xx_hal_spi.c ****   */
 543:Drivers/STM32G0xx_HAL_Driver/Src/stm32g0xx_hal_spi.c **** __weak void HAL_SPI_MspInit(SPI_HandleTypeDef *hspi)
 544:Drivers/STM32G0xx_HAL_Driver/Src/stm32g0xx_hal_spi.c **** {
 545:Drivers/STM32G0xx_HAL_Driver/Src/stm32g0xx_hal_spi.c ****   /* Prevent unused argument(s) compilation warning */
ARM GAS  C:\Users\Domagoj\AppData\Local\Temp\ccvehG6g.s 			page 11


 546:Drivers/STM32G0xx_HAL_Driver/Src/stm32g0xx_hal_spi.c ****   UNUSED(hspi);
 547:Drivers/STM32G0xx_HAL_Driver/Src/stm32g0xx_hal_spi.c **** 
 548:Drivers/STM32G0xx_HAL_Driver/Src/stm32g0xx_hal_spi.c ****   /* NOTE : This function should not be modified, when the callback is needed,
 549:Drivers/STM32G0xx_HAL_Driver/Src/stm32g0xx_hal_spi.c ****             the HAL_SPI_MspInit should be implemented in the user file
 550:Drivers/STM32G0xx_HAL_Driver/Src/stm32g0xx_hal_spi.c ****    */
 551:Drivers/STM32G0xx_HAL_Driver/Src/stm32g0xx_hal_spi.c **** }
 552:Drivers/STM32G0xx_HAL_Driver/Src/stm32g0xx_hal_spi.c **** 
 553:Drivers/STM32G0xx_HAL_Driver/Src/stm32g0xx_hal_spi.c **** /**
 554:Drivers/STM32G0xx_HAL_Driver/Src/stm32g0xx_hal_spi.c ****   * @brief  De-Initialize the SPI MSP.
 555:Drivers/STM32G0xx_HAL_Driver/Src/stm32g0xx_hal_spi.c ****   * @param  hspi pointer to a SPI_HandleTypeDef structure that contains
 556:Drivers/STM32G0xx_HAL_Driver/Src/stm32g0xx_hal_spi.c ****   *               the configuration information for SPI module.
 557:Drivers/STM32G0xx_HAL_Driver/Src/stm32g0xx_hal_spi.c ****   * @retval None
 558:Drivers/STM32G0xx_HAL_Driver/Src/stm32g0xx_hal_spi.c ****   */
 559:Drivers/STM32G0xx_HAL_Driver/Src/stm32g0xx_hal_spi.c **** __weak void HAL_SPI_MspDeInit(SPI_HandleTypeDef *hspi)
 560:Drivers/STM32G0xx_HAL_Driver/Src/stm32g0xx_hal_spi.c **** {
 561:Drivers/STM32G0xx_HAL_Driver/Src/stm32g0xx_hal_spi.c ****   /* Prevent unused argument(s) compilation warning */
 562:Drivers/STM32G0xx_HAL_Driver/Src/stm32g0xx_hal_spi.c ****   UNUSED(hspi);
 563:Drivers/STM32G0xx_HAL_Driver/Src/stm32g0xx_hal_spi.c **** 
 564:Drivers/STM32G0xx_HAL_Driver/Src/stm32g0xx_hal_spi.c ****   /* NOTE : This function should not be modified, when the callback is needed,
 565:Drivers/STM32G0xx_HAL_Driver/Src/stm32g0xx_hal_spi.c ****             the HAL_SPI_MspDeInit should be implemented in the user file
 566:Drivers/STM32G0xx_HAL_Driver/Src/stm32g0xx_hal_spi.c ****    */
 567:Drivers/STM32G0xx_HAL_Driver/Src/stm32g0xx_hal_spi.c **** }
 568:Drivers/STM32G0xx_HAL_Driver/Src/stm32g0xx_hal_spi.c **** 
 569:Drivers/STM32G0xx_HAL_Driver/Src/stm32g0xx_hal_spi.c **** #if (USE_HAL_SPI_REGISTER_CALLBACKS == 1U)
 570:Drivers/STM32G0xx_HAL_Driver/Src/stm32g0xx_hal_spi.c **** /**
 571:Drivers/STM32G0xx_HAL_Driver/Src/stm32g0xx_hal_spi.c ****   * @brief  Register a User SPI Callback
 572:Drivers/STM32G0xx_HAL_Driver/Src/stm32g0xx_hal_spi.c ****   *         To be used instead of the weak predefined callback
 573:Drivers/STM32G0xx_HAL_Driver/Src/stm32g0xx_hal_spi.c ****   * @param  hspi Pointer to a SPI_HandleTypeDef structure that contains
 574:Drivers/STM32G0xx_HAL_Driver/Src/stm32g0xx_hal_spi.c ****   *                the configuration information for the specified SPI.
 575:Drivers/STM32G0xx_HAL_Driver/Src/stm32g0xx_hal_spi.c ****   * @param  CallbackID ID of the callback to be registered
 576:Drivers/STM32G0xx_HAL_Driver/Src/stm32g0xx_hal_spi.c ****   * @param  pCallback pointer to the Callback function
 577:Drivers/STM32G0xx_HAL_Driver/Src/stm32g0xx_hal_spi.c ****   * @retval HAL status
 578:Drivers/STM32G0xx_HAL_Driver/Src/stm32g0xx_hal_spi.c ****   */
 579:Drivers/STM32G0xx_HAL_Driver/Src/stm32g0xx_hal_spi.c **** HAL_StatusTypeDef HAL_SPI_RegisterCallback(SPI_HandleTypeDef *hspi, HAL_SPI_CallbackIDTypeDef Callb
 580:Drivers/STM32G0xx_HAL_Driver/Src/stm32g0xx_hal_spi.c ****                                            pSPI_CallbackTypeDef pCallback)
 581:Drivers/STM32G0xx_HAL_Driver/Src/stm32g0xx_hal_spi.c **** {
 582:Drivers/STM32G0xx_HAL_Driver/Src/stm32g0xx_hal_spi.c ****   HAL_StatusTypeDef status = HAL_OK;
 583:Drivers/STM32G0xx_HAL_Driver/Src/stm32g0xx_hal_spi.c **** 
 584:Drivers/STM32G0xx_HAL_Driver/Src/stm32g0xx_hal_spi.c ****   if (pCallback == NULL)
 585:Drivers/STM32G0xx_HAL_Driver/Src/stm32g0xx_hal_spi.c ****   {
 586:Drivers/STM32G0xx_HAL_Driver/Src/stm32g0xx_hal_spi.c ****     /* Update the error code */
 587:Drivers/STM32G0xx_HAL_Driver/Src/stm32g0xx_hal_spi.c ****     hspi->ErrorCode |= HAL_SPI_ERROR_INVALID_CALLBACK;
 588:Drivers/STM32G0xx_HAL_Driver/Src/stm32g0xx_hal_spi.c **** 
 589:Drivers/STM32G0xx_HAL_Driver/Src/stm32g0xx_hal_spi.c ****     return HAL_ERROR;
 590:Drivers/STM32G0xx_HAL_Driver/Src/stm32g0xx_hal_spi.c ****   }
 591:Drivers/STM32G0xx_HAL_Driver/Src/stm32g0xx_hal_spi.c ****   /* Process locked */
 592:Drivers/STM32G0xx_HAL_Driver/Src/stm32g0xx_hal_spi.c ****   __HAL_LOCK(hspi);
 593:Drivers/STM32G0xx_HAL_Driver/Src/stm32g0xx_hal_spi.c **** 
 594:Drivers/STM32G0xx_HAL_Driver/Src/stm32g0xx_hal_spi.c ****   if (HAL_SPI_STATE_READY == hspi->State)
 595:Drivers/STM32G0xx_HAL_Driver/Src/stm32g0xx_hal_spi.c ****   {
 596:Drivers/STM32G0xx_HAL_Driver/Src/stm32g0xx_hal_spi.c ****     switch (CallbackID)
 597:Drivers/STM32G0xx_HAL_Driver/Src/stm32g0xx_hal_spi.c ****     {
 598:Drivers/STM32G0xx_HAL_Driver/Src/stm32g0xx_hal_spi.c ****       case HAL_SPI_TX_COMPLETE_CB_ID :
 599:Drivers/STM32G0xx_HAL_Driver/Src/stm32g0xx_hal_spi.c ****         hspi->TxCpltCallback = pCallback;
 600:Drivers/STM32G0xx_HAL_Driver/Src/stm32g0xx_hal_spi.c ****         break;
 601:Drivers/STM32G0xx_HAL_Driver/Src/stm32g0xx_hal_spi.c **** 
 602:Drivers/STM32G0xx_HAL_Driver/Src/stm32g0xx_hal_spi.c ****       case HAL_SPI_RX_COMPLETE_CB_ID :
ARM GAS  C:\Users\Domagoj\AppData\Local\Temp\ccvehG6g.s 			page 12


 603:Drivers/STM32G0xx_HAL_Driver/Src/stm32g0xx_hal_spi.c ****         hspi->RxCpltCallback = pCallback;
 604:Drivers/STM32G0xx_HAL_Driver/Src/stm32g0xx_hal_spi.c ****         break;
 605:Drivers/STM32G0xx_HAL_Driver/Src/stm32g0xx_hal_spi.c **** 
 606:Drivers/STM32G0xx_HAL_Driver/Src/stm32g0xx_hal_spi.c ****       case HAL_SPI_TX_RX_COMPLETE_CB_ID :
 607:Drivers/STM32G0xx_HAL_Driver/Src/stm32g0xx_hal_spi.c ****         hspi->TxRxCpltCallback = pCallback;
 608:Drivers/STM32G0xx_HAL_Driver/Src/stm32g0xx_hal_spi.c ****         break;
 609:Drivers/STM32G0xx_HAL_Driver/Src/stm32g0xx_hal_spi.c **** 
 610:Drivers/STM32G0xx_HAL_Driver/Src/stm32g0xx_hal_spi.c ****       case HAL_SPI_TX_HALF_COMPLETE_CB_ID :
 611:Drivers/STM32G0xx_HAL_Driver/Src/stm32g0xx_hal_spi.c ****         hspi->TxHalfCpltCallback = pCallback;
 612:Drivers/STM32G0xx_HAL_Driver/Src/stm32g0xx_hal_spi.c ****         break;
 613:Drivers/STM32G0xx_HAL_Driver/Src/stm32g0xx_hal_spi.c **** 
 614:Drivers/STM32G0xx_HAL_Driver/Src/stm32g0xx_hal_spi.c ****       case HAL_SPI_RX_HALF_COMPLETE_CB_ID :
 615:Drivers/STM32G0xx_HAL_Driver/Src/stm32g0xx_hal_spi.c ****         hspi->RxHalfCpltCallback = pCallback;
 616:Drivers/STM32G0xx_HAL_Driver/Src/stm32g0xx_hal_spi.c ****         break;
 617:Drivers/STM32G0xx_HAL_Driver/Src/stm32g0xx_hal_spi.c **** 
 618:Drivers/STM32G0xx_HAL_Driver/Src/stm32g0xx_hal_spi.c ****       case HAL_SPI_TX_RX_HALF_COMPLETE_CB_ID :
 619:Drivers/STM32G0xx_HAL_Driver/Src/stm32g0xx_hal_spi.c ****         hspi->TxRxHalfCpltCallback = pCallback;
 620:Drivers/STM32G0xx_HAL_Driver/Src/stm32g0xx_hal_spi.c ****         break;
 621:Drivers/STM32G0xx_HAL_Driver/Src/stm32g0xx_hal_spi.c **** 
 622:Drivers/STM32G0xx_HAL_Driver/Src/stm32g0xx_hal_spi.c ****       case HAL_SPI_ERROR_CB_ID :
 623:Drivers/STM32G0xx_HAL_Driver/Src/stm32g0xx_hal_spi.c ****         hspi->ErrorCallback = pCallback;
 624:Drivers/STM32G0xx_HAL_Driver/Src/stm32g0xx_hal_spi.c ****         break;
 625:Drivers/STM32G0xx_HAL_Driver/Src/stm32g0xx_hal_spi.c **** 
 626:Drivers/STM32G0xx_HAL_Driver/Src/stm32g0xx_hal_spi.c ****       case HAL_SPI_ABORT_CB_ID :
 627:Drivers/STM32G0xx_HAL_Driver/Src/stm32g0xx_hal_spi.c ****         hspi->AbortCpltCallback = pCallback;
 628:Drivers/STM32G0xx_HAL_Driver/Src/stm32g0xx_hal_spi.c ****         break;
 629:Drivers/STM32G0xx_HAL_Driver/Src/stm32g0xx_hal_spi.c **** 
 630:Drivers/STM32G0xx_HAL_Driver/Src/stm32g0xx_hal_spi.c ****       case HAL_SPI_MSPINIT_CB_ID :
 631:Drivers/STM32G0xx_HAL_Driver/Src/stm32g0xx_hal_spi.c ****         hspi->MspInitCallback = pCallback;
 632:Drivers/STM32G0xx_HAL_Driver/Src/stm32g0xx_hal_spi.c ****         break;
 633:Drivers/STM32G0xx_HAL_Driver/Src/stm32g0xx_hal_spi.c **** 
 634:Drivers/STM32G0xx_HAL_Driver/Src/stm32g0xx_hal_spi.c ****       case HAL_SPI_MSPDEINIT_CB_ID :
 635:Drivers/STM32G0xx_HAL_Driver/Src/stm32g0xx_hal_spi.c ****         hspi->MspDeInitCallback = pCallback;
 636:Drivers/STM32G0xx_HAL_Driver/Src/stm32g0xx_hal_spi.c ****         break;
 637:Drivers/STM32G0xx_HAL_Driver/Src/stm32g0xx_hal_spi.c **** 
 638:Drivers/STM32G0xx_HAL_Driver/Src/stm32g0xx_hal_spi.c ****       default :
 639:Drivers/STM32G0xx_HAL_Driver/Src/stm32g0xx_hal_spi.c ****         /* Update the error code */
 640:Drivers/STM32G0xx_HAL_Driver/Src/stm32g0xx_hal_spi.c ****         SET_BIT(hspi->ErrorCode, HAL_SPI_ERROR_INVALID_CALLBACK);
 641:Drivers/STM32G0xx_HAL_Driver/Src/stm32g0xx_hal_spi.c **** 
 642:Drivers/STM32G0xx_HAL_Driver/Src/stm32g0xx_hal_spi.c ****         /* Return error status */
 643:Drivers/STM32G0xx_HAL_Driver/Src/stm32g0xx_hal_spi.c ****         status =  HAL_ERROR;
 644:Drivers/STM32G0xx_HAL_Driver/Src/stm32g0xx_hal_spi.c ****         break;
 645:Drivers/STM32G0xx_HAL_Driver/Src/stm32g0xx_hal_spi.c ****     }
 646:Drivers/STM32G0xx_HAL_Driver/Src/stm32g0xx_hal_spi.c ****   }
 647:Drivers/STM32G0xx_HAL_Driver/Src/stm32g0xx_hal_spi.c ****   else if (HAL_SPI_STATE_RESET == hspi->State)
 648:Drivers/STM32G0xx_HAL_Driver/Src/stm32g0xx_hal_spi.c ****   {
 649:Drivers/STM32G0xx_HAL_Driver/Src/stm32g0xx_hal_spi.c ****     switch (CallbackID)
 650:Drivers/STM32G0xx_HAL_Driver/Src/stm32g0xx_hal_spi.c ****     {
 651:Drivers/STM32G0xx_HAL_Driver/Src/stm32g0xx_hal_spi.c ****       case HAL_SPI_MSPINIT_CB_ID :
 652:Drivers/STM32G0xx_HAL_Driver/Src/stm32g0xx_hal_spi.c ****         hspi->MspInitCallback = pCallback;
 653:Drivers/STM32G0xx_HAL_Driver/Src/stm32g0xx_hal_spi.c ****         break;
 654:Drivers/STM32G0xx_HAL_Driver/Src/stm32g0xx_hal_spi.c **** 
 655:Drivers/STM32G0xx_HAL_Driver/Src/stm32g0xx_hal_spi.c ****       case HAL_SPI_MSPDEINIT_CB_ID :
 656:Drivers/STM32G0xx_HAL_Driver/Src/stm32g0xx_hal_spi.c ****         hspi->MspDeInitCallback = pCallback;
 657:Drivers/STM32G0xx_HAL_Driver/Src/stm32g0xx_hal_spi.c ****         break;
 658:Drivers/STM32G0xx_HAL_Driver/Src/stm32g0xx_hal_spi.c **** 
 659:Drivers/STM32G0xx_HAL_Driver/Src/stm32g0xx_hal_spi.c ****       default :
ARM GAS  C:\Users\Domagoj\AppData\Local\Temp\ccvehG6g.s 			page 13


 660:Drivers/STM32G0xx_HAL_Driver/Src/stm32g0xx_hal_spi.c ****         /* Update the error code */
 661:Drivers/STM32G0xx_HAL_Driver/Src/stm32g0xx_hal_spi.c ****         SET_BIT(hspi->ErrorCode, HAL_SPI_ERROR_INVALID_CALLBACK);
 662:Drivers/STM32G0xx_HAL_Driver/Src/stm32g0xx_hal_spi.c **** 
 663:Drivers/STM32G0xx_HAL_Driver/Src/stm32g0xx_hal_spi.c ****         /* Return error status */
 664:Drivers/STM32G0xx_HAL_Driver/Src/stm32g0xx_hal_spi.c ****         status =  HAL_ERROR;
 665:Drivers/STM32G0xx_HAL_Driver/Src/stm32g0xx_hal_spi.c ****         break;
 666:Drivers/STM32G0xx_HAL_Driver/Src/stm32g0xx_hal_spi.c ****     }
 667:Drivers/STM32G0xx_HAL_Driver/Src/stm32g0xx_hal_spi.c ****   }
 668:Drivers/STM32G0xx_HAL_Driver/Src/stm32g0xx_hal_spi.c ****   else
 669:Drivers/STM32G0xx_HAL_Driver/Src/stm32g0xx_hal_spi.c ****   {
 670:Drivers/STM32G0xx_HAL_Driver/Src/stm32g0xx_hal_spi.c ****     /* Update the error code */
 671:Drivers/STM32G0xx_HAL_Driver/Src/stm32g0xx_hal_spi.c ****     SET_BIT(hspi->ErrorCode, HAL_SPI_ERROR_INVALID_CALLBACK);
 672:Drivers/STM32G0xx_HAL_Driver/Src/stm32g0xx_hal_spi.c **** 
 673:Drivers/STM32G0xx_HAL_Driver/Src/stm32g0xx_hal_spi.c ****     /* Return error status */
 674:Drivers/STM32G0xx_HAL_Driver/Src/stm32g0xx_hal_spi.c ****     status =  HAL_ERROR;
 675:Drivers/STM32G0xx_HAL_Driver/Src/stm32g0xx_hal_spi.c ****   }
 676:Drivers/STM32G0xx_HAL_Driver/Src/stm32g0xx_hal_spi.c **** 
 677:Drivers/STM32G0xx_HAL_Driver/Src/stm32g0xx_hal_spi.c ****   /* Release Lock */
 678:Drivers/STM32G0xx_HAL_Driver/Src/stm32g0xx_hal_spi.c ****   __HAL_UNLOCK(hspi);
 679:Drivers/STM32G0xx_HAL_Driver/Src/stm32g0xx_hal_spi.c ****   return status;
 680:Drivers/STM32G0xx_HAL_Driver/Src/stm32g0xx_hal_spi.c **** }
 681:Drivers/STM32G0xx_HAL_Driver/Src/stm32g0xx_hal_spi.c **** 
 682:Drivers/STM32G0xx_HAL_Driver/Src/stm32g0xx_hal_spi.c **** /**
 683:Drivers/STM32G0xx_HAL_Driver/Src/stm32g0xx_hal_spi.c ****   * @brief  Unregister an SPI Callback
 684:Drivers/STM32G0xx_HAL_Driver/Src/stm32g0xx_hal_spi.c ****   *         SPI callback is redirected to the weak predefined callback
 685:Drivers/STM32G0xx_HAL_Driver/Src/stm32g0xx_hal_spi.c ****   * @param  hspi Pointer to a SPI_HandleTypeDef structure that contains
 686:Drivers/STM32G0xx_HAL_Driver/Src/stm32g0xx_hal_spi.c ****   *                the configuration information for the specified SPI.
 687:Drivers/STM32G0xx_HAL_Driver/Src/stm32g0xx_hal_spi.c ****   * @param  CallbackID ID of the callback to be unregistered
 688:Drivers/STM32G0xx_HAL_Driver/Src/stm32g0xx_hal_spi.c ****   * @retval HAL status
 689:Drivers/STM32G0xx_HAL_Driver/Src/stm32g0xx_hal_spi.c ****   */
 690:Drivers/STM32G0xx_HAL_Driver/Src/stm32g0xx_hal_spi.c **** HAL_StatusTypeDef HAL_SPI_UnRegisterCallback(SPI_HandleTypeDef *hspi, HAL_SPI_CallbackIDTypeDef Cal
 691:Drivers/STM32G0xx_HAL_Driver/Src/stm32g0xx_hal_spi.c **** {
 692:Drivers/STM32G0xx_HAL_Driver/Src/stm32g0xx_hal_spi.c ****   HAL_StatusTypeDef status = HAL_OK;
 693:Drivers/STM32G0xx_HAL_Driver/Src/stm32g0xx_hal_spi.c **** 
 694:Drivers/STM32G0xx_HAL_Driver/Src/stm32g0xx_hal_spi.c ****   /* Process locked */
 695:Drivers/STM32G0xx_HAL_Driver/Src/stm32g0xx_hal_spi.c ****   __HAL_LOCK(hspi);
 696:Drivers/STM32G0xx_HAL_Driver/Src/stm32g0xx_hal_spi.c **** 
 697:Drivers/STM32G0xx_HAL_Driver/Src/stm32g0xx_hal_spi.c ****   if (HAL_SPI_STATE_READY == hspi->State)
 698:Drivers/STM32G0xx_HAL_Driver/Src/stm32g0xx_hal_spi.c ****   {
 699:Drivers/STM32G0xx_HAL_Driver/Src/stm32g0xx_hal_spi.c ****     switch (CallbackID)
 700:Drivers/STM32G0xx_HAL_Driver/Src/stm32g0xx_hal_spi.c ****     {
 701:Drivers/STM32G0xx_HAL_Driver/Src/stm32g0xx_hal_spi.c ****       case HAL_SPI_TX_COMPLETE_CB_ID :
 702:Drivers/STM32G0xx_HAL_Driver/Src/stm32g0xx_hal_spi.c ****         hspi->TxCpltCallback = HAL_SPI_TxCpltCallback;             /* Legacy weak TxCpltCallback   
 703:Drivers/STM32G0xx_HAL_Driver/Src/stm32g0xx_hal_spi.c ****         break;
 704:Drivers/STM32G0xx_HAL_Driver/Src/stm32g0xx_hal_spi.c **** 
 705:Drivers/STM32G0xx_HAL_Driver/Src/stm32g0xx_hal_spi.c ****       case HAL_SPI_RX_COMPLETE_CB_ID :
 706:Drivers/STM32G0xx_HAL_Driver/Src/stm32g0xx_hal_spi.c ****         hspi->RxCpltCallback = HAL_SPI_RxCpltCallback;             /* Legacy weak RxCpltCallback   
 707:Drivers/STM32G0xx_HAL_Driver/Src/stm32g0xx_hal_spi.c ****         break;
 708:Drivers/STM32G0xx_HAL_Driver/Src/stm32g0xx_hal_spi.c **** 
 709:Drivers/STM32G0xx_HAL_Driver/Src/stm32g0xx_hal_spi.c ****       case HAL_SPI_TX_RX_COMPLETE_CB_ID :
 710:Drivers/STM32G0xx_HAL_Driver/Src/stm32g0xx_hal_spi.c ****         hspi->TxRxCpltCallback = HAL_SPI_TxRxCpltCallback;         /* Legacy weak TxRxCpltCallback 
 711:Drivers/STM32G0xx_HAL_Driver/Src/stm32g0xx_hal_spi.c ****         break;
 712:Drivers/STM32G0xx_HAL_Driver/Src/stm32g0xx_hal_spi.c **** 
 713:Drivers/STM32G0xx_HAL_Driver/Src/stm32g0xx_hal_spi.c ****       case HAL_SPI_TX_HALF_COMPLETE_CB_ID :
 714:Drivers/STM32G0xx_HAL_Driver/Src/stm32g0xx_hal_spi.c ****         hspi->TxHalfCpltCallback = HAL_SPI_TxHalfCpltCallback;     /* Legacy weak TxHalfCpltCallbac
 715:Drivers/STM32G0xx_HAL_Driver/Src/stm32g0xx_hal_spi.c ****         break;
 716:Drivers/STM32G0xx_HAL_Driver/Src/stm32g0xx_hal_spi.c **** 
ARM GAS  C:\Users\Domagoj\AppData\Local\Temp\ccvehG6g.s 			page 14


 717:Drivers/STM32G0xx_HAL_Driver/Src/stm32g0xx_hal_spi.c ****       case HAL_SPI_RX_HALF_COMPLETE_CB_ID :
 718:Drivers/STM32G0xx_HAL_Driver/Src/stm32g0xx_hal_spi.c ****         hspi->RxHalfCpltCallback = HAL_SPI_RxHalfCpltCallback;     /* Legacy weak RxHalfCpltCallbac
 719:Drivers/STM32G0xx_HAL_Driver/Src/stm32g0xx_hal_spi.c ****         break;
 720:Drivers/STM32G0xx_HAL_Driver/Src/stm32g0xx_hal_spi.c **** 
 721:Drivers/STM32G0xx_HAL_Driver/Src/stm32g0xx_hal_spi.c ****       case HAL_SPI_TX_RX_HALF_COMPLETE_CB_ID :
 722:Drivers/STM32G0xx_HAL_Driver/Src/stm32g0xx_hal_spi.c ****         hspi->TxRxHalfCpltCallback = HAL_SPI_TxRxHalfCpltCallback; /* Legacy weak TxRxHalfCpltCallb
 723:Drivers/STM32G0xx_HAL_Driver/Src/stm32g0xx_hal_spi.c ****         break;
 724:Drivers/STM32G0xx_HAL_Driver/Src/stm32g0xx_hal_spi.c **** 
 725:Drivers/STM32G0xx_HAL_Driver/Src/stm32g0xx_hal_spi.c ****       case HAL_SPI_ERROR_CB_ID :
 726:Drivers/STM32G0xx_HAL_Driver/Src/stm32g0xx_hal_spi.c ****         hspi->ErrorCallback = HAL_SPI_ErrorCallback;               /* Legacy weak ErrorCallback    
 727:Drivers/STM32G0xx_HAL_Driver/Src/stm32g0xx_hal_spi.c ****         break;
 728:Drivers/STM32G0xx_HAL_Driver/Src/stm32g0xx_hal_spi.c **** 
 729:Drivers/STM32G0xx_HAL_Driver/Src/stm32g0xx_hal_spi.c ****       case HAL_SPI_ABORT_CB_ID :
 730:Drivers/STM32G0xx_HAL_Driver/Src/stm32g0xx_hal_spi.c ****         hspi->AbortCpltCallback = HAL_SPI_AbortCpltCallback;       /* Legacy weak AbortCpltCallback
 731:Drivers/STM32G0xx_HAL_Driver/Src/stm32g0xx_hal_spi.c ****         break;
 732:Drivers/STM32G0xx_HAL_Driver/Src/stm32g0xx_hal_spi.c **** 
 733:Drivers/STM32G0xx_HAL_Driver/Src/stm32g0xx_hal_spi.c ****       case HAL_SPI_MSPINIT_CB_ID :
 734:Drivers/STM32G0xx_HAL_Driver/Src/stm32g0xx_hal_spi.c ****         hspi->MspInitCallback = HAL_SPI_MspInit;                   /* Legacy weak MspInit          
 735:Drivers/STM32G0xx_HAL_Driver/Src/stm32g0xx_hal_spi.c ****         break;
 736:Drivers/STM32G0xx_HAL_Driver/Src/stm32g0xx_hal_spi.c **** 
 737:Drivers/STM32G0xx_HAL_Driver/Src/stm32g0xx_hal_spi.c ****       case HAL_SPI_MSPDEINIT_CB_ID :
 738:Drivers/STM32G0xx_HAL_Driver/Src/stm32g0xx_hal_spi.c ****         hspi->MspDeInitCallback = HAL_SPI_MspDeInit;               /* Legacy weak MspDeInit        
 739:Drivers/STM32G0xx_HAL_Driver/Src/stm32g0xx_hal_spi.c ****         break;
 740:Drivers/STM32G0xx_HAL_Driver/Src/stm32g0xx_hal_spi.c **** 
 741:Drivers/STM32G0xx_HAL_Driver/Src/stm32g0xx_hal_spi.c ****       default :
 742:Drivers/STM32G0xx_HAL_Driver/Src/stm32g0xx_hal_spi.c ****         /* Update the error code */
 743:Drivers/STM32G0xx_HAL_Driver/Src/stm32g0xx_hal_spi.c ****         SET_BIT(hspi->ErrorCode, HAL_SPI_ERROR_INVALID_CALLBACK);
 744:Drivers/STM32G0xx_HAL_Driver/Src/stm32g0xx_hal_spi.c **** 
 745:Drivers/STM32G0xx_HAL_Driver/Src/stm32g0xx_hal_spi.c ****         /* Return error status */
 746:Drivers/STM32G0xx_HAL_Driver/Src/stm32g0xx_hal_spi.c ****         status =  HAL_ERROR;
 747:Drivers/STM32G0xx_HAL_Driver/Src/stm32g0xx_hal_spi.c ****         break;
 748:Drivers/STM32G0xx_HAL_Driver/Src/stm32g0xx_hal_spi.c ****     }
 749:Drivers/STM32G0xx_HAL_Driver/Src/stm32g0xx_hal_spi.c ****   }
 750:Drivers/STM32G0xx_HAL_Driver/Src/stm32g0xx_hal_spi.c ****   else if (HAL_SPI_STATE_RESET == hspi->State)
 751:Drivers/STM32G0xx_HAL_Driver/Src/stm32g0xx_hal_spi.c ****   {
 752:Drivers/STM32G0xx_HAL_Driver/Src/stm32g0xx_hal_spi.c ****     switch (CallbackID)
 753:Drivers/STM32G0xx_HAL_Driver/Src/stm32g0xx_hal_spi.c ****     {
 754:Drivers/STM32G0xx_HAL_Driver/Src/stm32g0xx_hal_spi.c ****       case HAL_SPI_MSPINIT_CB_ID :
 755:Drivers/STM32G0xx_HAL_Driver/Src/stm32g0xx_hal_spi.c ****         hspi->MspInitCallback = HAL_SPI_MspInit;                   /* Legacy weak MspInit          
 756:Drivers/STM32G0xx_HAL_Driver/Src/stm32g0xx_hal_spi.c ****         break;
 757:Drivers/STM32G0xx_HAL_Driver/Src/stm32g0xx_hal_spi.c **** 
 758:Drivers/STM32G0xx_HAL_Driver/Src/stm32g0xx_hal_spi.c ****       case HAL_SPI_MSPDEINIT_CB_ID :
 759:Drivers/STM32G0xx_HAL_Driver/Src/stm32g0xx_hal_spi.c ****         hspi->MspDeInitCallback = HAL_SPI_MspDeInit;               /* Legacy weak MspDeInit        
 760:Drivers/STM32G0xx_HAL_Driver/Src/stm32g0xx_hal_spi.c ****         break;
 761:Drivers/STM32G0xx_HAL_Driver/Src/stm32g0xx_hal_spi.c **** 
 762:Drivers/STM32G0xx_HAL_Driver/Src/stm32g0xx_hal_spi.c ****       default :
 763:Drivers/STM32G0xx_HAL_Driver/Src/stm32g0xx_hal_spi.c ****         /* Update the error code */
 764:Drivers/STM32G0xx_HAL_Driver/Src/stm32g0xx_hal_spi.c ****         SET_BIT(hspi->ErrorCode, HAL_SPI_ERROR_INVALID_CALLBACK);
 765:Drivers/STM32G0xx_HAL_Driver/Src/stm32g0xx_hal_spi.c **** 
 766:Drivers/STM32G0xx_HAL_Driver/Src/stm32g0xx_hal_spi.c ****         /* Return error status */
 767:Drivers/STM32G0xx_HAL_Driver/Src/stm32g0xx_hal_spi.c ****         status =  HAL_ERROR;
 768:Drivers/STM32G0xx_HAL_Driver/Src/stm32g0xx_hal_spi.c ****         break;
 769:Drivers/STM32G0xx_HAL_Driver/Src/stm32g0xx_hal_spi.c ****     }
 770:Drivers/STM32G0xx_HAL_Driver/Src/stm32g0xx_hal_spi.c ****   }
 771:Drivers/STM32G0xx_HAL_Driver/Src/stm32g0xx_hal_spi.c ****   else
 772:Drivers/STM32G0xx_HAL_Driver/Src/stm32g0xx_hal_spi.c ****   {
 773:Drivers/STM32G0xx_HAL_Driver/Src/stm32g0xx_hal_spi.c ****     /* Update the error code */
ARM GAS  C:\Users\Domagoj\AppData\Local\Temp\ccvehG6g.s 			page 15


 774:Drivers/STM32G0xx_HAL_Driver/Src/stm32g0xx_hal_spi.c ****     SET_BIT(hspi->ErrorCode, HAL_SPI_ERROR_INVALID_CALLBACK);
 775:Drivers/STM32G0xx_HAL_Driver/Src/stm32g0xx_hal_spi.c **** 
 776:Drivers/STM32G0xx_HAL_Driver/Src/stm32g0xx_hal_spi.c ****     /* Return error status */
 777:Drivers/STM32G0xx_HAL_Driver/Src/stm32g0xx_hal_spi.c ****     status =  HAL_ERROR;
 778:Drivers/STM32G0xx_HAL_Driver/Src/stm32g0xx_hal_spi.c ****   }
 779:Drivers/STM32G0xx_HAL_Driver/Src/stm32g0xx_hal_spi.c **** 
 780:Drivers/STM32G0xx_HAL_Driver/Src/stm32g0xx_hal_spi.c ****   /* Release Lock */
 781:Drivers/STM32G0xx_HAL_Driver/Src/stm32g0xx_hal_spi.c ****   __HAL_UNLOCK(hspi);
 782:Drivers/STM32G0xx_HAL_Driver/Src/stm32g0xx_hal_spi.c ****   return status;
 783:Drivers/STM32G0xx_HAL_Driver/Src/stm32g0xx_hal_spi.c **** }
 784:Drivers/STM32G0xx_HAL_Driver/Src/stm32g0xx_hal_spi.c **** #endif /* USE_HAL_SPI_REGISTER_CALLBACKS */
 785:Drivers/STM32G0xx_HAL_Driver/Src/stm32g0xx_hal_spi.c **** /**
 786:Drivers/STM32G0xx_HAL_Driver/Src/stm32g0xx_hal_spi.c ****   * @}
 787:Drivers/STM32G0xx_HAL_Driver/Src/stm32g0xx_hal_spi.c ****   */
 788:Drivers/STM32G0xx_HAL_Driver/Src/stm32g0xx_hal_spi.c **** 
 789:Drivers/STM32G0xx_HAL_Driver/Src/stm32g0xx_hal_spi.c **** /** @defgroup SPI_Exported_Functions_Group2 IO operation functions
 790:Drivers/STM32G0xx_HAL_Driver/Src/stm32g0xx_hal_spi.c ****   *  @brief   Data transfers functions
 791:Drivers/STM32G0xx_HAL_Driver/Src/stm32g0xx_hal_spi.c ****   *
 792:Drivers/STM32G0xx_HAL_Driver/Src/stm32g0xx_hal_spi.c **** @verbatim
 793:Drivers/STM32G0xx_HAL_Driver/Src/stm32g0xx_hal_spi.c ****   ==============================================================================
 794:Drivers/STM32G0xx_HAL_Driver/Src/stm32g0xx_hal_spi.c ****                       ##### IO operation functions #####
 795:Drivers/STM32G0xx_HAL_Driver/Src/stm32g0xx_hal_spi.c ****  ===============================================================================
 796:Drivers/STM32G0xx_HAL_Driver/Src/stm32g0xx_hal_spi.c ****  [..]
 797:Drivers/STM32G0xx_HAL_Driver/Src/stm32g0xx_hal_spi.c ****     This subsection provides a set of functions allowing to manage the SPI
 798:Drivers/STM32G0xx_HAL_Driver/Src/stm32g0xx_hal_spi.c ****     data transfers.
 799:Drivers/STM32G0xx_HAL_Driver/Src/stm32g0xx_hal_spi.c **** 
 800:Drivers/STM32G0xx_HAL_Driver/Src/stm32g0xx_hal_spi.c ****     [..] The SPI supports master and slave mode :
 801:Drivers/STM32G0xx_HAL_Driver/Src/stm32g0xx_hal_spi.c **** 
 802:Drivers/STM32G0xx_HAL_Driver/Src/stm32g0xx_hal_spi.c ****     (#) There are two modes of transfer:
 803:Drivers/STM32G0xx_HAL_Driver/Src/stm32g0xx_hal_spi.c ****        (++) Blocking mode: The communication is performed in polling mode.
 804:Drivers/STM32G0xx_HAL_Driver/Src/stm32g0xx_hal_spi.c ****             The HAL status of all data processing is returned by the same function
 805:Drivers/STM32G0xx_HAL_Driver/Src/stm32g0xx_hal_spi.c ****             after finishing transfer.
 806:Drivers/STM32G0xx_HAL_Driver/Src/stm32g0xx_hal_spi.c ****        (++) No-Blocking mode: The communication is performed using Interrupts
 807:Drivers/STM32G0xx_HAL_Driver/Src/stm32g0xx_hal_spi.c ****             or DMA, These APIs return the HAL status.
 808:Drivers/STM32G0xx_HAL_Driver/Src/stm32g0xx_hal_spi.c ****             The end of the data processing will be indicated through the
 809:Drivers/STM32G0xx_HAL_Driver/Src/stm32g0xx_hal_spi.c ****             dedicated SPI IRQ when using Interrupt mode or the DMA IRQ when
 810:Drivers/STM32G0xx_HAL_Driver/Src/stm32g0xx_hal_spi.c ****             using DMA mode.
 811:Drivers/STM32G0xx_HAL_Driver/Src/stm32g0xx_hal_spi.c ****             The HAL_SPI_TxCpltCallback(), HAL_SPI_RxCpltCallback() and HAL_SPI_TxRxCpltCallback() u
 812:Drivers/STM32G0xx_HAL_Driver/Src/stm32g0xx_hal_spi.c ****             will be executed respectively at the end of the transmit or Receive process
 813:Drivers/STM32G0xx_HAL_Driver/Src/stm32g0xx_hal_spi.c ****             The HAL_SPI_ErrorCallback()user callback will be executed when a communication error is
 814:Drivers/STM32G0xx_HAL_Driver/Src/stm32g0xx_hal_spi.c **** 
 815:Drivers/STM32G0xx_HAL_Driver/Src/stm32g0xx_hal_spi.c ****     (#) APIs provided for these 2 transfer modes (Blocking mode or Non blocking mode using either I
 816:Drivers/STM32G0xx_HAL_Driver/Src/stm32g0xx_hal_spi.c ****         exist for 1Line (simplex) and 2Lines (full duplex) modes.
 817:Drivers/STM32G0xx_HAL_Driver/Src/stm32g0xx_hal_spi.c **** 
 818:Drivers/STM32G0xx_HAL_Driver/Src/stm32g0xx_hal_spi.c **** @endverbatim
 819:Drivers/STM32G0xx_HAL_Driver/Src/stm32g0xx_hal_spi.c ****   * @{
 820:Drivers/STM32G0xx_HAL_Driver/Src/stm32g0xx_hal_spi.c ****   */
 821:Drivers/STM32G0xx_HAL_Driver/Src/stm32g0xx_hal_spi.c **** 
 822:Drivers/STM32G0xx_HAL_Driver/Src/stm32g0xx_hal_spi.c **** /**
 823:Drivers/STM32G0xx_HAL_Driver/Src/stm32g0xx_hal_spi.c ****   * @brief  Transmit an amount of data in blocking mode.
 824:Drivers/STM32G0xx_HAL_Driver/Src/stm32g0xx_hal_spi.c ****   * @param  hspi pointer to a SPI_HandleTypeDef structure that contains
 825:Drivers/STM32G0xx_HAL_Driver/Src/stm32g0xx_hal_spi.c ****   *               the configuration information for SPI module.
 826:Drivers/STM32G0xx_HAL_Driver/Src/stm32g0xx_hal_spi.c ****   * @param  pData pointer to data buffer (u8 or u16 data elements)
 827:Drivers/STM32G0xx_HAL_Driver/Src/stm32g0xx_hal_spi.c ****   * @param  Size amount of data elements (u8 or u16) to be sent
 828:Drivers/STM32G0xx_HAL_Driver/Src/stm32g0xx_hal_spi.c ****   * @param  Timeout Timeout duration in ms
 829:Drivers/STM32G0xx_HAL_Driver/Src/stm32g0xx_hal_spi.c ****   * @retval HAL status
 830:Drivers/STM32G0xx_HAL_Driver/Src/stm32g0xx_hal_spi.c ****   */
ARM GAS  C:\Users\Domagoj\AppData\Local\Temp\ccvehG6g.s 			page 16


 831:Drivers/STM32G0xx_HAL_Driver/Src/stm32g0xx_hal_spi.c **** HAL_StatusTypeDef HAL_SPI_Transmit(SPI_HandleTypeDef *hspi, const uint8_t *pData, uint16_t Size, ui
 832:Drivers/STM32G0xx_HAL_Driver/Src/stm32g0xx_hal_spi.c **** {
 833:Drivers/STM32G0xx_HAL_Driver/Src/stm32g0xx_hal_spi.c ****   uint32_t tickstart;
 834:Drivers/STM32G0xx_HAL_Driver/Src/stm32g0xx_hal_spi.c ****   uint16_t initial_TxXferCount;
 835:Drivers/STM32G0xx_HAL_Driver/Src/stm32g0xx_hal_spi.c **** 
 836:Drivers/STM32G0xx_HAL_Driver/Src/stm32g0xx_hal_spi.c ****   if (hspi->Init.DataSize > SPI_DATASIZE_8BIT)
 837:Drivers/STM32G0xx_HAL_Driver/Src/stm32g0xx_hal_spi.c ****   {
 838:Drivers/STM32G0xx_HAL_Driver/Src/stm32g0xx_hal_spi.c ****     /* in this case, 16-bit access is performed on Data
 839:Drivers/STM32G0xx_HAL_Driver/Src/stm32g0xx_hal_spi.c ****        So, check Data is 16-bit aligned address */
 840:Drivers/STM32G0xx_HAL_Driver/Src/stm32g0xx_hal_spi.c ****     assert_param(IS_SPI_16BIT_ALIGNED_ADDRESS(pData));
 841:Drivers/STM32G0xx_HAL_Driver/Src/stm32g0xx_hal_spi.c ****   }
 842:Drivers/STM32G0xx_HAL_Driver/Src/stm32g0xx_hal_spi.c **** 
 843:Drivers/STM32G0xx_HAL_Driver/Src/stm32g0xx_hal_spi.c ****   /* Check Direction parameter */
 844:Drivers/STM32G0xx_HAL_Driver/Src/stm32g0xx_hal_spi.c ****   assert_param(IS_SPI_DIRECTION_2LINES_OR_1LINE(hspi->Init.Direction));
 845:Drivers/STM32G0xx_HAL_Driver/Src/stm32g0xx_hal_spi.c **** 
 846:Drivers/STM32G0xx_HAL_Driver/Src/stm32g0xx_hal_spi.c ****   /* Init tickstart for timeout management*/
 847:Drivers/STM32G0xx_HAL_Driver/Src/stm32g0xx_hal_spi.c ****   tickstart = HAL_GetTick();
 848:Drivers/STM32G0xx_HAL_Driver/Src/stm32g0xx_hal_spi.c ****   initial_TxXferCount = Size;
 849:Drivers/STM32G0xx_HAL_Driver/Src/stm32g0xx_hal_spi.c **** 
 850:Drivers/STM32G0xx_HAL_Driver/Src/stm32g0xx_hal_spi.c ****   if (hspi->State != HAL_SPI_STATE_READY)
 851:Drivers/STM32G0xx_HAL_Driver/Src/stm32g0xx_hal_spi.c ****   {
 852:Drivers/STM32G0xx_HAL_Driver/Src/stm32g0xx_hal_spi.c ****     return HAL_BUSY;
 853:Drivers/STM32G0xx_HAL_Driver/Src/stm32g0xx_hal_spi.c ****   }
 854:Drivers/STM32G0xx_HAL_Driver/Src/stm32g0xx_hal_spi.c **** 
 855:Drivers/STM32G0xx_HAL_Driver/Src/stm32g0xx_hal_spi.c ****   if ((pData == NULL) || (Size == 0U))
 856:Drivers/STM32G0xx_HAL_Driver/Src/stm32g0xx_hal_spi.c ****   {
 857:Drivers/STM32G0xx_HAL_Driver/Src/stm32g0xx_hal_spi.c ****     return HAL_ERROR;
 858:Drivers/STM32G0xx_HAL_Driver/Src/stm32g0xx_hal_spi.c ****   }
 859:Drivers/STM32G0xx_HAL_Driver/Src/stm32g0xx_hal_spi.c **** 
 860:Drivers/STM32G0xx_HAL_Driver/Src/stm32g0xx_hal_spi.c ****   /* Process Locked */
 861:Drivers/STM32G0xx_HAL_Driver/Src/stm32g0xx_hal_spi.c ****   __HAL_LOCK(hspi);
 862:Drivers/STM32G0xx_HAL_Driver/Src/stm32g0xx_hal_spi.c **** 
 863:Drivers/STM32G0xx_HAL_Driver/Src/stm32g0xx_hal_spi.c ****   /* Set the transaction information */
 864:Drivers/STM32G0xx_HAL_Driver/Src/stm32g0xx_hal_spi.c ****   hspi->State       = HAL_SPI_STATE_BUSY_TX;
 865:Drivers/STM32G0xx_HAL_Driver/Src/stm32g0xx_hal_spi.c ****   hspi->ErrorCode   = HAL_SPI_ERROR_NONE;
 866:Drivers/STM32G0xx_HAL_Driver/Src/stm32g0xx_hal_spi.c ****   hspi->pTxBuffPtr  = (const uint8_t *)pData;
 867:Drivers/STM32G0xx_HAL_Driver/Src/stm32g0xx_hal_spi.c ****   hspi->TxXferSize  = Size;
 868:Drivers/STM32G0xx_HAL_Driver/Src/stm32g0xx_hal_spi.c ****   hspi->TxXferCount = Size;
 869:Drivers/STM32G0xx_HAL_Driver/Src/stm32g0xx_hal_spi.c **** 
 870:Drivers/STM32G0xx_HAL_Driver/Src/stm32g0xx_hal_spi.c ****   /*Init field not used in handle to zero */
 871:Drivers/STM32G0xx_HAL_Driver/Src/stm32g0xx_hal_spi.c ****   hspi->pRxBuffPtr  = (uint8_t *)NULL;
 872:Drivers/STM32G0xx_HAL_Driver/Src/stm32g0xx_hal_spi.c ****   hspi->RxXferSize  = 0U;
 873:Drivers/STM32G0xx_HAL_Driver/Src/stm32g0xx_hal_spi.c ****   hspi->RxXferCount = 0U;
 874:Drivers/STM32G0xx_HAL_Driver/Src/stm32g0xx_hal_spi.c ****   hspi->TxISR       = NULL;
 875:Drivers/STM32G0xx_HAL_Driver/Src/stm32g0xx_hal_spi.c ****   hspi->RxISR       = NULL;
 876:Drivers/STM32G0xx_HAL_Driver/Src/stm32g0xx_hal_spi.c **** 
 877:Drivers/STM32G0xx_HAL_Driver/Src/stm32g0xx_hal_spi.c ****   /* Configure communication direction : 1Line */
 878:Drivers/STM32G0xx_HAL_Driver/Src/stm32g0xx_hal_spi.c ****   if (hspi->Init.Direction == SPI_DIRECTION_1LINE)
 879:Drivers/STM32G0xx_HAL_Driver/Src/stm32g0xx_hal_spi.c ****   {
 880:Drivers/STM32G0xx_HAL_Driver/Src/stm32g0xx_hal_spi.c ****     /* Disable SPI Peripheral before set 1Line direction (BIDIOE bit) */
 881:Drivers/STM32G0xx_HAL_Driver/Src/stm32g0xx_hal_spi.c ****     __HAL_SPI_DISABLE(hspi);
 882:Drivers/STM32G0xx_HAL_Driver/Src/stm32g0xx_hal_spi.c ****     SPI_1LINE_TX(hspi);
 883:Drivers/STM32G0xx_HAL_Driver/Src/stm32g0xx_hal_spi.c ****   }
 884:Drivers/STM32G0xx_HAL_Driver/Src/stm32g0xx_hal_spi.c **** 
 885:Drivers/STM32G0xx_HAL_Driver/Src/stm32g0xx_hal_spi.c **** #if (USE_SPI_CRC != 0U)
 886:Drivers/STM32G0xx_HAL_Driver/Src/stm32g0xx_hal_spi.c ****   /* Reset CRC Calculation */
 887:Drivers/STM32G0xx_HAL_Driver/Src/stm32g0xx_hal_spi.c ****   if (hspi->Init.CRCCalculation == SPI_CRCCALCULATION_ENABLE)
ARM GAS  C:\Users\Domagoj\AppData\Local\Temp\ccvehG6g.s 			page 17


 888:Drivers/STM32G0xx_HAL_Driver/Src/stm32g0xx_hal_spi.c ****   {
 889:Drivers/STM32G0xx_HAL_Driver/Src/stm32g0xx_hal_spi.c ****     SPI_RESET_CRC(hspi);
 890:Drivers/STM32G0xx_HAL_Driver/Src/stm32g0xx_hal_spi.c ****   }
 891:Drivers/STM32G0xx_HAL_Driver/Src/stm32g0xx_hal_spi.c **** #endif /* USE_SPI_CRC */
 892:Drivers/STM32G0xx_HAL_Driver/Src/stm32g0xx_hal_spi.c **** 
 893:Drivers/STM32G0xx_HAL_Driver/Src/stm32g0xx_hal_spi.c ****   /* Check if the SPI is already enabled */
 894:Drivers/STM32G0xx_HAL_Driver/Src/stm32g0xx_hal_spi.c ****   if ((hspi->Instance->CR1 & SPI_CR1_SPE) != SPI_CR1_SPE)
 895:Drivers/STM32G0xx_HAL_Driver/Src/stm32g0xx_hal_spi.c ****   {
 896:Drivers/STM32G0xx_HAL_Driver/Src/stm32g0xx_hal_spi.c ****     /* Enable SPI peripheral */
 897:Drivers/STM32G0xx_HAL_Driver/Src/stm32g0xx_hal_spi.c ****     __HAL_SPI_ENABLE(hspi);
 898:Drivers/STM32G0xx_HAL_Driver/Src/stm32g0xx_hal_spi.c ****   }
 899:Drivers/STM32G0xx_HAL_Driver/Src/stm32g0xx_hal_spi.c **** 
 900:Drivers/STM32G0xx_HAL_Driver/Src/stm32g0xx_hal_spi.c ****   /* Transmit data in 16 Bit mode */
 901:Drivers/STM32G0xx_HAL_Driver/Src/stm32g0xx_hal_spi.c ****   if (hspi->Init.DataSize > SPI_DATASIZE_8BIT)
 902:Drivers/STM32G0xx_HAL_Driver/Src/stm32g0xx_hal_spi.c ****   {
 903:Drivers/STM32G0xx_HAL_Driver/Src/stm32g0xx_hal_spi.c ****     if ((hspi->Init.Mode == SPI_MODE_SLAVE) || (initial_TxXferCount == 0x01U))
 904:Drivers/STM32G0xx_HAL_Driver/Src/stm32g0xx_hal_spi.c ****     {
 905:Drivers/STM32G0xx_HAL_Driver/Src/stm32g0xx_hal_spi.c ****       hspi->Instance->DR = *((const uint16_t *)hspi->pTxBuffPtr);
 906:Drivers/STM32G0xx_HAL_Driver/Src/stm32g0xx_hal_spi.c ****       hspi->pTxBuffPtr += sizeof(uint16_t);
 907:Drivers/STM32G0xx_HAL_Driver/Src/stm32g0xx_hal_spi.c ****       hspi->TxXferCount--;
 908:Drivers/STM32G0xx_HAL_Driver/Src/stm32g0xx_hal_spi.c ****     }
 909:Drivers/STM32G0xx_HAL_Driver/Src/stm32g0xx_hal_spi.c ****     /* Transmit data in 16 Bit mode */
 910:Drivers/STM32G0xx_HAL_Driver/Src/stm32g0xx_hal_spi.c ****     while (hspi->TxXferCount > 0U)
 911:Drivers/STM32G0xx_HAL_Driver/Src/stm32g0xx_hal_spi.c ****     {
 912:Drivers/STM32G0xx_HAL_Driver/Src/stm32g0xx_hal_spi.c ****       /* Wait until TXE flag is set to send data */
 913:Drivers/STM32G0xx_HAL_Driver/Src/stm32g0xx_hal_spi.c ****       if (__HAL_SPI_GET_FLAG(hspi, SPI_FLAG_TXE))
 914:Drivers/STM32G0xx_HAL_Driver/Src/stm32g0xx_hal_spi.c ****       {
 915:Drivers/STM32G0xx_HAL_Driver/Src/stm32g0xx_hal_spi.c ****         hspi->Instance->DR = *((const uint16_t *)hspi->pTxBuffPtr);
 916:Drivers/STM32G0xx_HAL_Driver/Src/stm32g0xx_hal_spi.c ****         hspi->pTxBuffPtr += sizeof(uint16_t);
 917:Drivers/STM32G0xx_HAL_Driver/Src/stm32g0xx_hal_spi.c ****         hspi->TxXferCount--;
 918:Drivers/STM32G0xx_HAL_Driver/Src/stm32g0xx_hal_spi.c ****       }
 919:Drivers/STM32G0xx_HAL_Driver/Src/stm32g0xx_hal_spi.c ****       else
 920:Drivers/STM32G0xx_HAL_Driver/Src/stm32g0xx_hal_spi.c ****       {
 921:Drivers/STM32G0xx_HAL_Driver/Src/stm32g0xx_hal_spi.c ****         /* Timeout management */
 922:Drivers/STM32G0xx_HAL_Driver/Src/stm32g0xx_hal_spi.c ****         if ((((HAL_GetTick() - tickstart) >=  Timeout) && (Timeout != HAL_MAX_DELAY)) || (Timeout =
 923:Drivers/STM32G0xx_HAL_Driver/Src/stm32g0xx_hal_spi.c ****         {
 924:Drivers/STM32G0xx_HAL_Driver/Src/stm32g0xx_hal_spi.c ****           hspi->State = HAL_SPI_STATE_READY;
 925:Drivers/STM32G0xx_HAL_Driver/Src/stm32g0xx_hal_spi.c ****           __HAL_UNLOCK(hspi);
 926:Drivers/STM32G0xx_HAL_Driver/Src/stm32g0xx_hal_spi.c ****           return HAL_TIMEOUT;
 927:Drivers/STM32G0xx_HAL_Driver/Src/stm32g0xx_hal_spi.c ****         }
 928:Drivers/STM32G0xx_HAL_Driver/Src/stm32g0xx_hal_spi.c ****       }
 929:Drivers/STM32G0xx_HAL_Driver/Src/stm32g0xx_hal_spi.c ****     }
 930:Drivers/STM32G0xx_HAL_Driver/Src/stm32g0xx_hal_spi.c ****   }
 931:Drivers/STM32G0xx_HAL_Driver/Src/stm32g0xx_hal_spi.c ****   /* Transmit data in 8 Bit mode */
 932:Drivers/STM32G0xx_HAL_Driver/Src/stm32g0xx_hal_spi.c ****   else
 933:Drivers/STM32G0xx_HAL_Driver/Src/stm32g0xx_hal_spi.c ****   {
 934:Drivers/STM32G0xx_HAL_Driver/Src/stm32g0xx_hal_spi.c ****     if ((hspi->Init.Mode == SPI_MODE_SLAVE) || (initial_TxXferCount == 0x01U))
 935:Drivers/STM32G0xx_HAL_Driver/Src/stm32g0xx_hal_spi.c ****     {
 936:Drivers/STM32G0xx_HAL_Driver/Src/stm32g0xx_hal_spi.c ****       *((__IO uint8_t *)&hspi->Instance->DR) = *((const uint8_t *)hspi->pTxBuffPtr);
 937:Drivers/STM32G0xx_HAL_Driver/Src/stm32g0xx_hal_spi.c ****       hspi->pTxBuffPtr += sizeof(uint8_t);
 938:Drivers/STM32G0xx_HAL_Driver/Src/stm32g0xx_hal_spi.c ****       hspi->TxXferCount--;
 939:Drivers/STM32G0xx_HAL_Driver/Src/stm32g0xx_hal_spi.c ****     }
 940:Drivers/STM32G0xx_HAL_Driver/Src/stm32g0xx_hal_spi.c ****     while (hspi->TxXferCount > 0U)
 941:Drivers/STM32G0xx_HAL_Driver/Src/stm32g0xx_hal_spi.c ****     {
 942:Drivers/STM32G0xx_HAL_Driver/Src/stm32g0xx_hal_spi.c ****       /* Wait until TXE flag is set to send data */
 943:Drivers/STM32G0xx_HAL_Driver/Src/stm32g0xx_hal_spi.c ****       if (__HAL_SPI_GET_FLAG(hspi, SPI_FLAG_TXE))
 944:Drivers/STM32G0xx_HAL_Driver/Src/stm32g0xx_hal_spi.c ****       {
ARM GAS  C:\Users\Domagoj\AppData\Local\Temp\ccvehG6g.s 			page 18


 945:Drivers/STM32G0xx_HAL_Driver/Src/stm32g0xx_hal_spi.c ****         *((__IO uint8_t *)&hspi->Instance->DR) = *((const uint8_t *)hspi->pTxBuffPtr);
 946:Drivers/STM32G0xx_HAL_Driver/Src/stm32g0xx_hal_spi.c ****         hspi->pTxBuffPtr += sizeof(uint8_t);
 947:Drivers/STM32G0xx_HAL_Driver/Src/stm32g0xx_hal_spi.c ****         hspi->TxXferCount--;
 948:Drivers/STM32G0xx_HAL_Driver/Src/stm32g0xx_hal_spi.c ****       }
 949:Drivers/STM32G0xx_HAL_Driver/Src/stm32g0xx_hal_spi.c ****       else
 950:Drivers/STM32G0xx_HAL_Driver/Src/stm32g0xx_hal_spi.c ****       {
 951:Drivers/STM32G0xx_HAL_Driver/Src/stm32g0xx_hal_spi.c ****         /* Timeout management */
 952:Drivers/STM32G0xx_HAL_Driver/Src/stm32g0xx_hal_spi.c ****         if ((((HAL_GetTick() - tickstart) >=  Timeout) && (Timeout != HAL_MAX_DELAY)) || (Timeout =
 953:Drivers/STM32G0xx_HAL_Driver/Src/stm32g0xx_hal_spi.c ****         {
 954:Drivers/STM32G0xx_HAL_Driver/Src/stm32g0xx_hal_spi.c ****           hspi->State = HAL_SPI_STATE_READY;
 955:Drivers/STM32G0xx_HAL_Driver/Src/stm32g0xx_hal_spi.c ****           __HAL_UNLOCK(hspi);
 956:Drivers/STM32G0xx_HAL_Driver/Src/stm32g0xx_hal_spi.c ****           return HAL_TIMEOUT;
 957:Drivers/STM32G0xx_HAL_Driver/Src/stm32g0xx_hal_spi.c ****         }
 958:Drivers/STM32G0xx_HAL_Driver/Src/stm32g0xx_hal_spi.c ****       }
 959:Drivers/STM32G0xx_HAL_Driver/Src/stm32g0xx_hal_spi.c ****     }
 960:Drivers/STM32G0xx_HAL_Driver/Src/stm32g0xx_hal_spi.c ****   }
 961:Drivers/STM32G0xx_HAL_Driver/Src/stm32g0xx_hal_spi.c **** #if (USE_SPI_CRC != 0U)
 962:Drivers/STM32G0xx_HAL_Driver/Src/stm32g0xx_hal_spi.c ****   /* Enable CRC Transmission */
 963:Drivers/STM32G0xx_HAL_Driver/Src/stm32g0xx_hal_spi.c ****   if (hspi->Init.CRCCalculation == SPI_CRCCALCULATION_ENABLE)
 964:Drivers/STM32G0xx_HAL_Driver/Src/stm32g0xx_hal_spi.c ****   {
 965:Drivers/STM32G0xx_HAL_Driver/Src/stm32g0xx_hal_spi.c ****     SET_BIT(hspi->Instance->CR1, SPI_CR1_CRCNEXT);
 966:Drivers/STM32G0xx_HAL_Driver/Src/stm32g0xx_hal_spi.c ****   }
 967:Drivers/STM32G0xx_HAL_Driver/Src/stm32g0xx_hal_spi.c **** #endif /* USE_SPI_CRC */
 968:Drivers/STM32G0xx_HAL_Driver/Src/stm32g0xx_hal_spi.c **** 
 969:Drivers/STM32G0xx_HAL_Driver/Src/stm32g0xx_hal_spi.c ****   /* Check the end of the transaction */
 970:Drivers/STM32G0xx_HAL_Driver/Src/stm32g0xx_hal_spi.c ****   if (SPI_EndRxTxTransaction(hspi, Timeout, tickstart) != HAL_OK)
 971:Drivers/STM32G0xx_HAL_Driver/Src/stm32g0xx_hal_spi.c ****   {
 972:Drivers/STM32G0xx_HAL_Driver/Src/stm32g0xx_hal_spi.c ****     hspi->ErrorCode = HAL_SPI_ERROR_FLAG;
 973:Drivers/STM32G0xx_HAL_Driver/Src/stm32g0xx_hal_spi.c ****   }
 974:Drivers/STM32G0xx_HAL_Driver/Src/stm32g0xx_hal_spi.c **** 
 975:Drivers/STM32G0xx_HAL_Driver/Src/stm32g0xx_hal_spi.c ****   /* Clear overrun flag in 2 Lines communication mode because received is not read */
 976:Drivers/STM32G0xx_HAL_Driver/Src/stm32g0xx_hal_spi.c ****   if (hspi->Init.Direction == SPI_DIRECTION_2LINES)
 977:Drivers/STM32G0xx_HAL_Driver/Src/stm32g0xx_hal_spi.c ****   {
 978:Drivers/STM32G0xx_HAL_Driver/Src/stm32g0xx_hal_spi.c ****     __HAL_SPI_CLEAR_OVRFLAG(hspi);
 979:Drivers/STM32G0xx_HAL_Driver/Src/stm32g0xx_hal_spi.c ****   }
 980:Drivers/STM32G0xx_HAL_Driver/Src/stm32g0xx_hal_spi.c **** 
 981:Drivers/STM32G0xx_HAL_Driver/Src/stm32g0xx_hal_spi.c ****   hspi->State = HAL_SPI_STATE_READY;
 982:Drivers/STM32G0xx_HAL_Driver/Src/stm32g0xx_hal_spi.c ****   /* Process Unlocked */
 983:Drivers/STM32G0xx_HAL_Driver/Src/stm32g0xx_hal_spi.c ****   __HAL_UNLOCK(hspi);
 984:Drivers/STM32G0xx_HAL_Driver/Src/stm32g0xx_hal_spi.c **** 
 985:Drivers/STM32G0xx_HAL_Driver/Src/stm32g0xx_hal_spi.c ****   if (hspi->ErrorCode != HAL_SPI_ERROR_NONE)
 986:Drivers/STM32G0xx_HAL_Driver/Src/stm32g0xx_hal_spi.c ****   {
 987:Drivers/STM32G0xx_HAL_Driver/Src/stm32g0xx_hal_spi.c ****     return HAL_ERROR;
 988:Drivers/STM32G0xx_HAL_Driver/Src/stm32g0xx_hal_spi.c ****   }
 989:Drivers/STM32G0xx_HAL_Driver/Src/stm32g0xx_hal_spi.c ****   else
 990:Drivers/STM32G0xx_HAL_Driver/Src/stm32g0xx_hal_spi.c ****   {
 991:Drivers/STM32G0xx_HAL_Driver/Src/stm32g0xx_hal_spi.c ****     return HAL_OK;
 992:Drivers/STM32G0xx_HAL_Driver/Src/stm32g0xx_hal_spi.c ****   }
 993:Drivers/STM32G0xx_HAL_Driver/Src/stm32g0xx_hal_spi.c **** }
 994:Drivers/STM32G0xx_HAL_Driver/Src/stm32g0xx_hal_spi.c **** 
 995:Drivers/STM32G0xx_HAL_Driver/Src/stm32g0xx_hal_spi.c **** /**
 996:Drivers/STM32G0xx_HAL_Driver/Src/stm32g0xx_hal_spi.c ****   * @brief  Receive an amount of data in blocking mode.
 997:Drivers/STM32G0xx_HAL_Driver/Src/stm32g0xx_hal_spi.c ****   * @param  hspi pointer to a SPI_HandleTypeDef structure that contains
 998:Drivers/STM32G0xx_HAL_Driver/Src/stm32g0xx_hal_spi.c ****   *               the configuration information for SPI module.
 999:Drivers/STM32G0xx_HAL_Driver/Src/stm32g0xx_hal_spi.c ****   * @param  pData pointer to data buffer (u8 or u16 data elements)
1000:Drivers/STM32G0xx_HAL_Driver/Src/stm32g0xx_hal_spi.c ****   * @param  Size amount of data elements (u8 or u16) to be received
1001:Drivers/STM32G0xx_HAL_Driver/Src/stm32g0xx_hal_spi.c ****   * @param  Timeout Timeout duration in ms
ARM GAS  C:\Users\Domagoj\AppData\Local\Temp\ccvehG6g.s 			page 19


1002:Drivers/STM32G0xx_HAL_Driver/Src/stm32g0xx_hal_spi.c ****   * @retval HAL status
1003:Drivers/STM32G0xx_HAL_Driver/Src/stm32g0xx_hal_spi.c ****   * @note   In master mode, if the direction is set to SPI_DIRECTION_2LINES
1004:Drivers/STM32G0xx_HAL_Driver/Src/stm32g0xx_hal_spi.c ****   *         the receive buffer is written to data register (DR) to generate
1005:Drivers/STM32G0xx_HAL_Driver/Src/stm32g0xx_hal_spi.c ****   *         clock pulses and receive data
1006:Drivers/STM32G0xx_HAL_Driver/Src/stm32g0xx_hal_spi.c ****   */
1007:Drivers/STM32G0xx_HAL_Driver/Src/stm32g0xx_hal_spi.c **** HAL_StatusTypeDef HAL_SPI_Receive(SPI_HandleTypeDef *hspi, uint8_t *pData, uint16_t Size, uint32_t 
1008:Drivers/STM32G0xx_HAL_Driver/Src/stm32g0xx_hal_spi.c **** {
1009:Drivers/STM32G0xx_HAL_Driver/Src/stm32g0xx_hal_spi.c **** #if (USE_SPI_CRC != 0U)
1010:Drivers/STM32G0xx_HAL_Driver/Src/stm32g0xx_hal_spi.c ****   __IO uint32_t tmpreg = 0U;
1011:Drivers/STM32G0xx_HAL_Driver/Src/stm32g0xx_hal_spi.c ****   __IO uint8_t  *ptmpreg8;
1012:Drivers/STM32G0xx_HAL_Driver/Src/stm32g0xx_hal_spi.c ****   __IO uint8_t  tmpreg8 = 0;
1013:Drivers/STM32G0xx_HAL_Driver/Src/stm32g0xx_hal_spi.c **** #endif /* USE_SPI_CRC */
1014:Drivers/STM32G0xx_HAL_Driver/Src/stm32g0xx_hal_spi.c ****   uint32_t tickstart;
1015:Drivers/STM32G0xx_HAL_Driver/Src/stm32g0xx_hal_spi.c **** 
1016:Drivers/STM32G0xx_HAL_Driver/Src/stm32g0xx_hal_spi.c ****   if (hspi->Init.DataSize > SPI_DATASIZE_8BIT)
1017:Drivers/STM32G0xx_HAL_Driver/Src/stm32g0xx_hal_spi.c ****   {
1018:Drivers/STM32G0xx_HAL_Driver/Src/stm32g0xx_hal_spi.c ****     /* in this case, 16-bit access is performed on Data
1019:Drivers/STM32G0xx_HAL_Driver/Src/stm32g0xx_hal_spi.c ****        So, check Data is 16-bit aligned address */
1020:Drivers/STM32G0xx_HAL_Driver/Src/stm32g0xx_hal_spi.c ****     assert_param(IS_SPI_16BIT_ALIGNED_ADDRESS(pData));
1021:Drivers/STM32G0xx_HAL_Driver/Src/stm32g0xx_hal_spi.c ****   }
1022:Drivers/STM32G0xx_HAL_Driver/Src/stm32g0xx_hal_spi.c **** 
1023:Drivers/STM32G0xx_HAL_Driver/Src/stm32g0xx_hal_spi.c ****   if (hspi->State != HAL_SPI_STATE_READY)
1024:Drivers/STM32G0xx_HAL_Driver/Src/stm32g0xx_hal_spi.c ****   {
1025:Drivers/STM32G0xx_HAL_Driver/Src/stm32g0xx_hal_spi.c ****     return HAL_BUSY;
1026:Drivers/STM32G0xx_HAL_Driver/Src/stm32g0xx_hal_spi.c ****   }
1027:Drivers/STM32G0xx_HAL_Driver/Src/stm32g0xx_hal_spi.c **** 
1028:Drivers/STM32G0xx_HAL_Driver/Src/stm32g0xx_hal_spi.c ****   if ((pData == NULL) || (Size == 0U))
1029:Drivers/STM32G0xx_HAL_Driver/Src/stm32g0xx_hal_spi.c ****   {
1030:Drivers/STM32G0xx_HAL_Driver/Src/stm32g0xx_hal_spi.c ****     return HAL_ERROR;
1031:Drivers/STM32G0xx_HAL_Driver/Src/stm32g0xx_hal_spi.c ****   }
1032:Drivers/STM32G0xx_HAL_Driver/Src/stm32g0xx_hal_spi.c **** 
1033:Drivers/STM32G0xx_HAL_Driver/Src/stm32g0xx_hal_spi.c ****   if ((hspi->Init.Mode == SPI_MODE_MASTER) && (hspi->Init.Direction == SPI_DIRECTION_2LINES))
1034:Drivers/STM32G0xx_HAL_Driver/Src/stm32g0xx_hal_spi.c ****   {
1035:Drivers/STM32G0xx_HAL_Driver/Src/stm32g0xx_hal_spi.c ****     hspi->State = HAL_SPI_STATE_BUSY_RX;
1036:Drivers/STM32G0xx_HAL_Driver/Src/stm32g0xx_hal_spi.c ****     /* Call transmit-receive function to send Dummy data on Tx line and generate clock on CLK line 
1037:Drivers/STM32G0xx_HAL_Driver/Src/stm32g0xx_hal_spi.c ****     return HAL_SPI_TransmitReceive(hspi, pData, pData, Size, Timeout);
1038:Drivers/STM32G0xx_HAL_Driver/Src/stm32g0xx_hal_spi.c ****   }
1039:Drivers/STM32G0xx_HAL_Driver/Src/stm32g0xx_hal_spi.c **** 
1040:Drivers/STM32G0xx_HAL_Driver/Src/stm32g0xx_hal_spi.c ****   /* Init tickstart for timeout management*/
1041:Drivers/STM32G0xx_HAL_Driver/Src/stm32g0xx_hal_spi.c ****   tickstart = HAL_GetTick();
1042:Drivers/STM32G0xx_HAL_Driver/Src/stm32g0xx_hal_spi.c **** 
1043:Drivers/STM32G0xx_HAL_Driver/Src/stm32g0xx_hal_spi.c ****   /* Process Locked */
1044:Drivers/STM32G0xx_HAL_Driver/Src/stm32g0xx_hal_spi.c ****   __HAL_LOCK(hspi);
1045:Drivers/STM32G0xx_HAL_Driver/Src/stm32g0xx_hal_spi.c **** 
1046:Drivers/STM32G0xx_HAL_Driver/Src/stm32g0xx_hal_spi.c ****   /* Set the transaction information */
1047:Drivers/STM32G0xx_HAL_Driver/Src/stm32g0xx_hal_spi.c ****   hspi->State       = HAL_SPI_STATE_BUSY_RX;
1048:Drivers/STM32G0xx_HAL_Driver/Src/stm32g0xx_hal_spi.c ****   hspi->ErrorCode   = HAL_SPI_ERROR_NONE;
1049:Drivers/STM32G0xx_HAL_Driver/Src/stm32g0xx_hal_spi.c ****   hspi->pRxBuffPtr  = (uint8_t *)pData;
1050:Drivers/STM32G0xx_HAL_Driver/Src/stm32g0xx_hal_spi.c ****   hspi->RxXferSize  = Size;
1051:Drivers/STM32G0xx_HAL_Driver/Src/stm32g0xx_hal_spi.c ****   hspi->RxXferCount = Size;
1052:Drivers/STM32G0xx_HAL_Driver/Src/stm32g0xx_hal_spi.c **** 
1053:Drivers/STM32G0xx_HAL_Driver/Src/stm32g0xx_hal_spi.c ****   /*Init field not used in handle to zero */
1054:Drivers/STM32G0xx_HAL_Driver/Src/stm32g0xx_hal_spi.c ****   hspi->pTxBuffPtr  = (uint8_t *)NULL;
1055:Drivers/STM32G0xx_HAL_Driver/Src/stm32g0xx_hal_spi.c ****   hspi->TxXferSize  = 0U;
1056:Drivers/STM32G0xx_HAL_Driver/Src/stm32g0xx_hal_spi.c ****   hspi->TxXferCount = 0U;
1057:Drivers/STM32G0xx_HAL_Driver/Src/stm32g0xx_hal_spi.c ****   hspi->RxISR       = NULL;
1058:Drivers/STM32G0xx_HAL_Driver/Src/stm32g0xx_hal_spi.c ****   hspi->TxISR       = NULL;
ARM GAS  C:\Users\Domagoj\AppData\Local\Temp\ccvehG6g.s 			page 20


1059:Drivers/STM32G0xx_HAL_Driver/Src/stm32g0xx_hal_spi.c **** 
1060:Drivers/STM32G0xx_HAL_Driver/Src/stm32g0xx_hal_spi.c **** #if (USE_SPI_CRC != 0U)
1061:Drivers/STM32G0xx_HAL_Driver/Src/stm32g0xx_hal_spi.c ****   /* Reset CRC Calculation */
1062:Drivers/STM32G0xx_HAL_Driver/Src/stm32g0xx_hal_spi.c ****   if (hspi->Init.CRCCalculation == SPI_CRCCALCULATION_ENABLE)
1063:Drivers/STM32G0xx_HAL_Driver/Src/stm32g0xx_hal_spi.c ****   {
1064:Drivers/STM32G0xx_HAL_Driver/Src/stm32g0xx_hal_spi.c ****     SPI_RESET_CRC(hspi);
1065:Drivers/STM32G0xx_HAL_Driver/Src/stm32g0xx_hal_spi.c ****     /* this is done to handle the CRCNEXT before the latest data */
1066:Drivers/STM32G0xx_HAL_Driver/Src/stm32g0xx_hal_spi.c ****     hspi->RxXferCount--;
1067:Drivers/STM32G0xx_HAL_Driver/Src/stm32g0xx_hal_spi.c ****   }
1068:Drivers/STM32G0xx_HAL_Driver/Src/stm32g0xx_hal_spi.c **** #endif /* USE_SPI_CRC */
1069:Drivers/STM32G0xx_HAL_Driver/Src/stm32g0xx_hal_spi.c **** 
1070:Drivers/STM32G0xx_HAL_Driver/Src/stm32g0xx_hal_spi.c ****   /* Set the Rx Fifo threshold */
1071:Drivers/STM32G0xx_HAL_Driver/Src/stm32g0xx_hal_spi.c ****   if (hspi->Init.DataSize > SPI_DATASIZE_8BIT)
1072:Drivers/STM32G0xx_HAL_Driver/Src/stm32g0xx_hal_spi.c ****   {
1073:Drivers/STM32G0xx_HAL_Driver/Src/stm32g0xx_hal_spi.c ****     /* Set RX Fifo threshold according the reception data length: 16bit */
1074:Drivers/STM32G0xx_HAL_Driver/Src/stm32g0xx_hal_spi.c ****     CLEAR_BIT(hspi->Instance->CR2, SPI_RXFIFO_THRESHOLD);
1075:Drivers/STM32G0xx_HAL_Driver/Src/stm32g0xx_hal_spi.c ****   }
1076:Drivers/STM32G0xx_HAL_Driver/Src/stm32g0xx_hal_spi.c ****   else
1077:Drivers/STM32G0xx_HAL_Driver/Src/stm32g0xx_hal_spi.c ****   {
1078:Drivers/STM32G0xx_HAL_Driver/Src/stm32g0xx_hal_spi.c ****     /* Set RX Fifo threshold according the reception data length: 8bit */
1079:Drivers/STM32G0xx_HAL_Driver/Src/stm32g0xx_hal_spi.c ****     SET_BIT(hspi->Instance->CR2, SPI_RXFIFO_THRESHOLD);
1080:Drivers/STM32G0xx_HAL_Driver/Src/stm32g0xx_hal_spi.c ****   }
1081:Drivers/STM32G0xx_HAL_Driver/Src/stm32g0xx_hal_spi.c **** 
1082:Drivers/STM32G0xx_HAL_Driver/Src/stm32g0xx_hal_spi.c ****   /* Configure communication direction: 1Line */
1083:Drivers/STM32G0xx_HAL_Driver/Src/stm32g0xx_hal_spi.c ****   if (hspi->Init.Direction == SPI_DIRECTION_1LINE)
1084:Drivers/STM32G0xx_HAL_Driver/Src/stm32g0xx_hal_spi.c ****   {
1085:Drivers/STM32G0xx_HAL_Driver/Src/stm32g0xx_hal_spi.c ****     /* Disable SPI Peripheral before set 1Line direction (BIDIOE bit) */
1086:Drivers/STM32G0xx_HAL_Driver/Src/stm32g0xx_hal_spi.c ****     __HAL_SPI_DISABLE(hspi);
1087:Drivers/STM32G0xx_HAL_Driver/Src/stm32g0xx_hal_spi.c ****     SPI_1LINE_RX(hspi);
1088:Drivers/STM32G0xx_HAL_Driver/Src/stm32g0xx_hal_spi.c ****   }
1089:Drivers/STM32G0xx_HAL_Driver/Src/stm32g0xx_hal_spi.c **** 
1090:Drivers/STM32G0xx_HAL_Driver/Src/stm32g0xx_hal_spi.c ****   /* Check if the SPI is already enabled */
1091:Drivers/STM32G0xx_HAL_Driver/Src/stm32g0xx_hal_spi.c ****   if ((hspi->Instance->CR1 & SPI_CR1_SPE) != SPI_CR1_SPE)
1092:Drivers/STM32G0xx_HAL_Driver/Src/stm32g0xx_hal_spi.c ****   {
1093:Drivers/STM32G0xx_HAL_Driver/Src/stm32g0xx_hal_spi.c ****     /* Enable SPI peripheral */
1094:Drivers/STM32G0xx_HAL_Driver/Src/stm32g0xx_hal_spi.c ****     __HAL_SPI_ENABLE(hspi);
1095:Drivers/STM32G0xx_HAL_Driver/Src/stm32g0xx_hal_spi.c ****   }
1096:Drivers/STM32G0xx_HAL_Driver/Src/stm32g0xx_hal_spi.c **** 
1097:Drivers/STM32G0xx_HAL_Driver/Src/stm32g0xx_hal_spi.c ****   /* Receive data in 8 Bit mode */
1098:Drivers/STM32G0xx_HAL_Driver/Src/stm32g0xx_hal_spi.c ****   if (hspi->Init.DataSize <= SPI_DATASIZE_8BIT)
1099:Drivers/STM32G0xx_HAL_Driver/Src/stm32g0xx_hal_spi.c ****   {
1100:Drivers/STM32G0xx_HAL_Driver/Src/stm32g0xx_hal_spi.c ****     /* Transfer loop */
1101:Drivers/STM32G0xx_HAL_Driver/Src/stm32g0xx_hal_spi.c ****     while (hspi->RxXferCount > 0U)
1102:Drivers/STM32G0xx_HAL_Driver/Src/stm32g0xx_hal_spi.c ****     {
1103:Drivers/STM32G0xx_HAL_Driver/Src/stm32g0xx_hal_spi.c ****       /* Check the RXNE flag */
1104:Drivers/STM32G0xx_HAL_Driver/Src/stm32g0xx_hal_spi.c ****       if (__HAL_SPI_GET_FLAG(hspi, SPI_FLAG_RXNE))
1105:Drivers/STM32G0xx_HAL_Driver/Src/stm32g0xx_hal_spi.c ****       {
1106:Drivers/STM32G0xx_HAL_Driver/Src/stm32g0xx_hal_spi.c ****         /* read the received data */
1107:Drivers/STM32G0xx_HAL_Driver/Src/stm32g0xx_hal_spi.c ****         (* (uint8_t *)hspi->pRxBuffPtr) = *(__IO uint8_t *)&hspi->Instance->DR;
1108:Drivers/STM32G0xx_HAL_Driver/Src/stm32g0xx_hal_spi.c ****         hspi->pRxBuffPtr += sizeof(uint8_t);
1109:Drivers/STM32G0xx_HAL_Driver/Src/stm32g0xx_hal_spi.c ****         hspi->RxXferCount--;
1110:Drivers/STM32G0xx_HAL_Driver/Src/stm32g0xx_hal_spi.c ****       }
1111:Drivers/STM32G0xx_HAL_Driver/Src/stm32g0xx_hal_spi.c ****       else
1112:Drivers/STM32G0xx_HAL_Driver/Src/stm32g0xx_hal_spi.c ****       {
1113:Drivers/STM32G0xx_HAL_Driver/Src/stm32g0xx_hal_spi.c ****         /* Timeout management */
1114:Drivers/STM32G0xx_HAL_Driver/Src/stm32g0xx_hal_spi.c ****         if ((((HAL_GetTick() - tickstart) >=  Timeout) && (Timeout != HAL_MAX_DELAY)) || (Timeout =
1115:Drivers/STM32G0xx_HAL_Driver/Src/stm32g0xx_hal_spi.c ****         {
ARM GAS  C:\Users\Domagoj\AppData\Local\Temp\ccvehG6g.s 			page 21


1116:Drivers/STM32G0xx_HAL_Driver/Src/stm32g0xx_hal_spi.c ****           hspi->State = HAL_SPI_STATE_READY;
1117:Drivers/STM32G0xx_HAL_Driver/Src/stm32g0xx_hal_spi.c ****           __HAL_UNLOCK(hspi);
1118:Drivers/STM32G0xx_HAL_Driver/Src/stm32g0xx_hal_spi.c ****           return HAL_TIMEOUT;
1119:Drivers/STM32G0xx_HAL_Driver/Src/stm32g0xx_hal_spi.c ****         }
1120:Drivers/STM32G0xx_HAL_Driver/Src/stm32g0xx_hal_spi.c ****       }
1121:Drivers/STM32G0xx_HAL_Driver/Src/stm32g0xx_hal_spi.c ****     }
1122:Drivers/STM32G0xx_HAL_Driver/Src/stm32g0xx_hal_spi.c ****   }
1123:Drivers/STM32G0xx_HAL_Driver/Src/stm32g0xx_hal_spi.c ****   else
1124:Drivers/STM32G0xx_HAL_Driver/Src/stm32g0xx_hal_spi.c ****   {
1125:Drivers/STM32G0xx_HAL_Driver/Src/stm32g0xx_hal_spi.c ****     /* Transfer loop */
1126:Drivers/STM32G0xx_HAL_Driver/Src/stm32g0xx_hal_spi.c ****     while (hspi->RxXferCount > 0U)
1127:Drivers/STM32G0xx_HAL_Driver/Src/stm32g0xx_hal_spi.c ****     {
1128:Drivers/STM32G0xx_HAL_Driver/Src/stm32g0xx_hal_spi.c ****       /* Check the RXNE flag */
1129:Drivers/STM32G0xx_HAL_Driver/Src/stm32g0xx_hal_spi.c ****       if (__HAL_SPI_GET_FLAG(hspi, SPI_FLAG_RXNE))
1130:Drivers/STM32G0xx_HAL_Driver/Src/stm32g0xx_hal_spi.c ****       {
1131:Drivers/STM32G0xx_HAL_Driver/Src/stm32g0xx_hal_spi.c ****         *((uint16_t *)hspi->pRxBuffPtr) = (uint16_t)hspi->Instance->DR;
1132:Drivers/STM32G0xx_HAL_Driver/Src/stm32g0xx_hal_spi.c ****         hspi->pRxBuffPtr += sizeof(uint16_t);
1133:Drivers/STM32G0xx_HAL_Driver/Src/stm32g0xx_hal_spi.c ****         hspi->RxXferCount--;
1134:Drivers/STM32G0xx_HAL_Driver/Src/stm32g0xx_hal_spi.c ****       }
1135:Drivers/STM32G0xx_HAL_Driver/Src/stm32g0xx_hal_spi.c ****       else
1136:Drivers/STM32G0xx_HAL_Driver/Src/stm32g0xx_hal_spi.c ****       {
1137:Drivers/STM32G0xx_HAL_Driver/Src/stm32g0xx_hal_spi.c ****         /* Timeout management */
1138:Drivers/STM32G0xx_HAL_Driver/Src/stm32g0xx_hal_spi.c ****         if ((((HAL_GetTick() - tickstart) >=  Timeout) && (Timeout != HAL_MAX_DELAY)) || (Timeout =
1139:Drivers/STM32G0xx_HAL_Driver/Src/stm32g0xx_hal_spi.c ****         {
1140:Drivers/STM32G0xx_HAL_Driver/Src/stm32g0xx_hal_spi.c ****           hspi->State = HAL_SPI_STATE_READY;
1141:Drivers/STM32G0xx_HAL_Driver/Src/stm32g0xx_hal_spi.c ****           __HAL_UNLOCK(hspi);
1142:Drivers/STM32G0xx_HAL_Driver/Src/stm32g0xx_hal_spi.c ****           return HAL_TIMEOUT;
1143:Drivers/STM32G0xx_HAL_Driver/Src/stm32g0xx_hal_spi.c ****         }
1144:Drivers/STM32G0xx_HAL_Driver/Src/stm32g0xx_hal_spi.c ****       }
1145:Drivers/STM32G0xx_HAL_Driver/Src/stm32g0xx_hal_spi.c ****     }
1146:Drivers/STM32G0xx_HAL_Driver/Src/stm32g0xx_hal_spi.c ****   }
1147:Drivers/STM32G0xx_HAL_Driver/Src/stm32g0xx_hal_spi.c **** 
1148:Drivers/STM32G0xx_HAL_Driver/Src/stm32g0xx_hal_spi.c **** #if (USE_SPI_CRC != 0U)
1149:Drivers/STM32G0xx_HAL_Driver/Src/stm32g0xx_hal_spi.c ****   /* Handle the CRC Transmission */
1150:Drivers/STM32G0xx_HAL_Driver/Src/stm32g0xx_hal_spi.c ****   if (hspi->Init.CRCCalculation == SPI_CRCCALCULATION_ENABLE)
1151:Drivers/STM32G0xx_HAL_Driver/Src/stm32g0xx_hal_spi.c ****   {
1152:Drivers/STM32G0xx_HAL_Driver/Src/stm32g0xx_hal_spi.c ****     /* freeze the CRC before the latest data */
1153:Drivers/STM32G0xx_HAL_Driver/Src/stm32g0xx_hal_spi.c ****     SET_BIT(hspi->Instance->CR1, SPI_CR1_CRCNEXT);
1154:Drivers/STM32G0xx_HAL_Driver/Src/stm32g0xx_hal_spi.c **** 
1155:Drivers/STM32G0xx_HAL_Driver/Src/stm32g0xx_hal_spi.c ****     /* Read the latest data */
1156:Drivers/STM32G0xx_HAL_Driver/Src/stm32g0xx_hal_spi.c ****     if (SPI_WaitFlagStateUntilTimeout(hspi, SPI_FLAG_RXNE, SET, Timeout, tickstart) != HAL_OK)
1157:Drivers/STM32G0xx_HAL_Driver/Src/stm32g0xx_hal_spi.c ****     {
1158:Drivers/STM32G0xx_HAL_Driver/Src/stm32g0xx_hal_spi.c ****       /* the latest data has not been received */
1159:Drivers/STM32G0xx_HAL_Driver/Src/stm32g0xx_hal_spi.c ****       __HAL_UNLOCK(hspi);
1160:Drivers/STM32G0xx_HAL_Driver/Src/stm32g0xx_hal_spi.c ****       return HAL_TIMEOUT;
1161:Drivers/STM32G0xx_HAL_Driver/Src/stm32g0xx_hal_spi.c ****     }
1162:Drivers/STM32G0xx_HAL_Driver/Src/stm32g0xx_hal_spi.c **** 
1163:Drivers/STM32G0xx_HAL_Driver/Src/stm32g0xx_hal_spi.c ****     /* Receive last data in 16 Bit mode */
1164:Drivers/STM32G0xx_HAL_Driver/Src/stm32g0xx_hal_spi.c ****     if (hspi->Init.DataSize > SPI_DATASIZE_8BIT)
1165:Drivers/STM32G0xx_HAL_Driver/Src/stm32g0xx_hal_spi.c ****     {
1166:Drivers/STM32G0xx_HAL_Driver/Src/stm32g0xx_hal_spi.c ****       *((uint16_t *)hspi->pRxBuffPtr) = (uint16_t)hspi->Instance->DR;
1167:Drivers/STM32G0xx_HAL_Driver/Src/stm32g0xx_hal_spi.c ****     }
1168:Drivers/STM32G0xx_HAL_Driver/Src/stm32g0xx_hal_spi.c ****     /* Receive last data in 8 Bit mode */
1169:Drivers/STM32G0xx_HAL_Driver/Src/stm32g0xx_hal_spi.c ****     else
1170:Drivers/STM32G0xx_HAL_Driver/Src/stm32g0xx_hal_spi.c ****     {
1171:Drivers/STM32G0xx_HAL_Driver/Src/stm32g0xx_hal_spi.c ****       (*(uint8_t *)hspi->pRxBuffPtr) = *(__IO uint8_t *)&hspi->Instance->DR;
1172:Drivers/STM32G0xx_HAL_Driver/Src/stm32g0xx_hal_spi.c ****     }
ARM GAS  C:\Users\Domagoj\AppData\Local\Temp\ccvehG6g.s 			page 22


1173:Drivers/STM32G0xx_HAL_Driver/Src/stm32g0xx_hal_spi.c **** 
1174:Drivers/STM32G0xx_HAL_Driver/Src/stm32g0xx_hal_spi.c ****     /* Wait the CRC data */
1175:Drivers/STM32G0xx_HAL_Driver/Src/stm32g0xx_hal_spi.c ****     if (SPI_WaitFlagStateUntilTimeout(hspi, SPI_FLAG_RXNE, SET, Timeout, tickstart) != HAL_OK)
1176:Drivers/STM32G0xx_HAL_Driver/Src/stm32g0xx_hal_spi.c ****     {
1177:Drivers/STM32G0xx_HAL_Driver/Src/stm32g0xx_hal_spi.c ****       SET_BIT(hspi->ErrorCode, HAL_SPI_ERROR_CRC);
1178:Drivers/STM32G0xx_HAL_Driver/Src/stm32g0xx_hal_spi.c ****       hspi->State = HAL_SPI_STATE_READY;
1179:Drivers/STM32G0xx_HAL_Driver/Src/stm32g0xx_hal_spi.c ****       __HAL_UNLOCK(hspi);
1180:Drivers/STM32G0xx_HAL_Driver/Src/stm32g0xx_hal_spi.c ****       return HAL_TIMEOUT;
1181:Drivers/STM32G0xx_HAL_Driver/Src/stm32g0xx_hal_spi.c ****     }
1182:Drivers/STM32G0xx_HAL_Driver/Src/stm32g0xx_hal_spi.c **** 
1183:Drivers/STM32G0xx_HAL_Driver/Src/stm32g0xx_hal_spi.c ****     /* Read CRC to Flush DR and RXNE flag */
1184:Drivers/STM32G0xx_HAL_Driver/Src/stm32g0xx_hal_spi.c ****     if (hspi->Init.DataSize == SPI_DATASIZE_16BIT)
1185:Drivers/STM32G0xx_HAL_Driver/Src/stm32g0xx_hal_spi.c ****     {
1186:Drivers/STM32G0xx_HAL_Driver/Src/stm32g0xx_hal_spi.c ****       /* Read 16bit CRC */
1187:Drivers/STM32G0xx_HAL_Driver/Src/stm32g0xx_hal_spi.c ****       tmpreg = READ_REG(hspi->Instance->DR);
1188:Drivers/STM32G0xx_HAL_Driver/Src/stm32g0xx_hal_spi.c ****       /* To avoid GCC warning */
1189:Drivers/STM32G0xx_HAL_Driver/Src/stm32g0xx_hal_spi.c ****       UNUSED(tmpreg);
1190:Drivers/STM32G0xx_HAL_Driver/Src/stm32g0xx_hal_spi.c ****     }
1191:Drivers/STM32G0xx_HAL_Driver/Src/stm32g0xx_hal_spi.c ****     else
1192:Drivers/STM32G0xx_HAL_Driver/Src/stm32g0xx_hal_spi.c ****     {
1193:Drivers/STM32G0xx_HAL_Driver/Src/stm32g0xx_hal_spi.c ****       /* Initialize the 8bit temporary pointer */
1194:Drivers/STM32G0xx_HAL_Driver/Src/stm32g0xx_hal_spi.c ****       ptmpreg8 = (__IO uint8_t *)&hspi->Instance->DR;
1195:Drivers/STM32G0xx_HAL_Driver/Src/stm32g0xx_hal_spi.c ****       /* Read 8bit CRC */
1196:Drivers/STM32G0xx_HAL_Driver/Src/stm32g0xx_hal_spi.c ****       tmpreg8 = *ptmpreg8;
1197:Drivers/STM32G0xx_HAL_Driver/Src/stm32g0xx_hal_spi.c ****       /* To avoid GCC warning */
1198:Drivers/STM32G0xx_HAL_Driver/Src/stm32g0xx_hal_spi.c ****       UNUSED(tmpreg8);
1199:Drivers/STM32G0xx_HAL_Driver/Src/stm32g0xx_hal_spi.c **** 
1200:Drivers/STM32G0xx_HAL_Driver/Src/stm32g0xx_hal_spi.c ****       if ((hspi->Init.DataSize == SPI_DATASIZE_8BIT) && (hspi->Init.CRCLength == SPI_CRC_LENGTH_16B
1201:Drivers/STM32G0xx_HAL_Driver/Src/stm32g0xx_hal_spi.c ****       {
1202:Drivers/STM32G0xx_HAL_Driver/Src/stm32g0xx_hal_spi.c ****         if (SPI_WaitFlagStateUntilTimeout(hspi, SPI_FLAG_RXNE, SET, Timeout, tickstart) != HAL_OK)
1203:Drivers/STM32G0xx_HAL_Driver/Src/stm32g0xx_hal_spi.c ****         {
1204:Drivers/STM32G0xx_HAL_Driver/Src/stm32g0xx_hal_spi.c ****           /* Error on the CRC reception */
1205:Drivers/STM32G0xx_HAL_Driver/Src/stm32g0xx_hal_spi.c ****           SET_BIT(hspi->ErrorCode, HAL_SPI_ERROR_CRC);
1206:Drivers/STM32G0xx_HAL_Driver/Src/stm32g0xx_hal_spi.c ****           hspi->State = HAL_SPI_STATE_READY;
1207:Drivers/STM32G0xx_HAL_Driver/Src/stm32g0xx_hal_spi.c ****           __HAL_UNLOCK(hspi);
1208:Drivers/STM32G0xx_HAL_Driver/Src/stm32g0xx_hal_spi.c ****           return HAL_TIMEOUT;
1209:Drivers/STM32G0xx_HAL_Driver/Src/stm32g0xx_hal_spi.c ****         }
1210:Drivers/STM32G0xx_HAL_Driver/Src/stm32g0xx_hal_spi.c ****         /* Read 8bit CRC again in case of 16bit CRC in 8bit Data mode */
1211:Drivers/STM32G0xx_HAL_Driver/Src/stm32g0xx_hal_spi.c ****         tmpreg8 = *ptmpreg8;
1212:Drivers/STM32G0xx_HAL_Driver/Src/stm32g0xx_hal_spi.c ****         /* To avoid GCC warning */
1213:Drivers/STM32G0xx_HAL_Driver/Src/stm32g0xx_hal_spi.c ****         UNUSED(tmpreg8);
1214:Drivers/STM32G0xx_HAL_Driver/Src/stm32g0xx_hal_spi.c ****       }
1215:Drivers/STM32G0xx_HAL_Driver/Src/stm32g0xx_hal_spi.c ****     }
1216:Drivers/STM32G0xx_HAL_Driver/Src/stm32g0xx_hal_spi.c ****   }
1217:Drivers/STM32G0xx_HAL_Driver/Src/stm32g0xx_hal_spi.c **** #endif /* USE_SPI_CRC */
1218:Drivers/STM32G0xx_HAL_Driver/Src/stm32g0xx_hal_spi.c **** 
1219:Drivers/STM32G0xx_HAL_Driver/Src/stm32g0xx_hal_spi.c ****   /* Check the end of the transaction */
1220:Drivers/STM32G0xx_HAL_Driver/Src/stm32g0xx_hal_spi.c ****   if (SPI_EndRxTransaction(hspi, Timeout, tickstart) != HAL_OK)
1221:Drivers/STM32G0xx_HAL_Driver/Src/stm32g0xx_hal_spi.c ****   {
1222:Drivers/STM32G0xx_HAL_Driver/Src/stm32g0xx_hal_spi.c ****     hspi->ErrorCode = HAL_SPI_ERROR_FLAG;
1223:Drivers/STM32G0xx_HAL_Driver/Src/stm32g0xx_hal_spi.c ****   }
1224:Drivers/STM32G0xx_HAL_Driver/Src/stm32g0xx_hal_spi.c **** 
1225:Drivers/STM32G0xx_HAL_Driver/Src/stm32g0xx_hal_spi.c **** #if (USE_SPI_CRC != 0U)
1226:Drivers/STM32G0xx_HAL_Driver/Src/stm32g0xx_hal_spi.c ****   /* Check if CRC error occurred */
1227:Drivers/STM32G0xx_HAL_Driver/Src/stm32g0xx_hal_spi.c ****   if (__HAL_SPI_GET_FLAG(hspi, SPI_FLAG_CRCERR))
1228:Drivers/STM32G0xx_HAL_Driver/Src/stm32g0xx_hal_spi.c ****   {
1229:Drivers/STM32G0xx_HAL_Driver/Src/stm32g0xx_hal_spi.c ****     SET_BIT(hspi->ErrorCode, HAL_SPI_ERROR_CRC);
ARM GAS  C:\Users\Domagoj\AppData\Local\Temp\ccvehG6g.s 			page 23


1230:Drivers/STM32G0xx_HAL_Driver/Src/stm32g0xx_hal_spi.c ****     __HAL_SPI_CLEAR_CRCERRFLAG(hspi);
1231:Drivers/STM32G0xx_HAL_Driver/Src/stm32g0xx_hal_spi.c ****   }
1232:Drivers/STM32G0xx_HAL_Driver/Src/stm32g0xx_hal_spi.c **** #endif /* USE_SPI_CRC */
1233:Drivers/STM32G0xx_HAL_Driver/Src/stm32g0xx_hal_spi.c **** 
1234:Drivers/STM32G0xx_HAL_Driver/Src/stm32g0xx_hal_spi.c ****   hspi->State = HAL_SPI_STATE_READY;
1235:Drivers/STM32G0xx_HAL_Driver/Src/stm32g0xx_hal_spi.c ****   /* Unlock the process */
1236:Drivers/STM32G0xx_HAL_Driver/Src/stm32g0xx_hal_spi.c ****   __HAL_UNLOCK(hspi);
1237:Drivers/STM32G0xx_HAL_Driver/Src/stm32g0xx_hal_spi.c ****   if (hspi->ErrorCode != HAL_SPI_ERROR_NONE)
1238:Drivers/STM32G0xx_HAL_Driver/Src/stm32g0xx_hal_spi.c ****   {
1239:Drivers/STM32G0xx_HAL_Driver/Src/stm32g0xx_hal_spi.c ****     return HAL_ERROR;
1240:Drivers/STM32G0xx_HAL_Driver/Src/stm32g0xx_hal_spi.c ****   }
1241:Drivers/STM32G0xx_HAL_Driver/Src/stm32g0xx_hal_spi.c ****   else
1242:Drivers/STM32G0xx_HAL_Driver/Src/stm32g0xx_hal_spi.c ****   {
1243:Drivers/STM32G0xx_HAL_Driver/Src/stm32g0xx_hal_spi.c ****     return HAL_OK;
1244:Drivers/STM32G0xx_HAL_Driver/Src/stm32g0xx_hal_spi.c ****   }
1245:Drivers/STM32G0xx_HAL_Driver/Src/stm32g0xx_hal_spi.c **** }
1246:Drivers/STM32G0xx_HAL_Driver/Src/stm32g0xx_hal_spi.c **** 
1247:Drivers/STM32G0xx_HAL_Driver/Src/stm32g0xx_hal_spi.c **** /**
1248:Drivers/STM32G0xx_HAL_Driver/Src/stm32g0xx_hal_spi.c ****   * @brief  Transmit and Receive an amount of data in blocking mode.
1249:Drivers/STM32G0xx_HAL_Driver/Src/stm32g0xx_hal_spi.c ****   * @param  hspi pointer to a SPI_HandleTypeDef structure that contains
1250:Drivers/STM32G0xx_HAL_Driver/Src/stm32g0xx_hal_spi.c ****   *               the configuration information for SPI module.
1251:Drivers/STM32G0xx_HAL_Driver/Src/stm32g0xx_hal_spi.c ****   * @param  pTxData pointer to transmission data buffer (u8 or u16 data elements)
1252:Drivers/STM32G0xx_HAL_Driver/Src/stm32g0xx_hal_spi.c ****   * @param  pRxData pointer to reception data buffer (u8 or u16 data elements)
1253:Drivers/STM32G0xx_HAL_Driver/Src/stm32g0xx_hal_spi.c ****   * @param  Size amount of data elements (u8 or u16) to be sent and received
1254:Drivers/STM32G0xx_HAL_Driver/Src/stm32g0xx_hal_spi.c ****   * @param  Timeout Timeout duration in ms
1255:Drivers/STM32G0xx_HAL_Driver/Src/stm32g0xx_hal_spi.c ****   * @retval HAL status
1256:Drivers/STM32G0xx_HAL_Driver/Src/stm32g0xx_hal_spi.c ****   */
1257:Drivers/STM32G0xx_HAL_Driver/Src/stm32g0xx_hal_spi.c **** HAL_StatusTypeDef HAL_SPI_TransmitReceive(SPI_HandleTypeDef *hspi, const uint8_t *pTxData, uint8_t 
1258:Drivers/STM32G0xx_HAL_Driver/Src/stm32g0xx_hal_spi.c ****                                           uint16_t Size, uint32_t Timeout)
1259:Drivers/STM32G0xx_HAL_Driver/Src/stm32g0xx_hal_spi.c **** {
1260:Drivers/STM32G0xx_HAL_Driver/Src/stm32g0xx_hal_spi.c ****   uint16_t             initial_TxXferCount;
1261:Drivers/STM32G0xx_HAL_Driver/Src/stm32g0xx_hal_spi.c ****   uint32_t             tmp_mode;
1262:Drivers/STM32G0xx_HAL_Driver/Src/stm32g0xx_hal_spi.c ****   HAL_SPI_StateTypeDef tmp_state;
1263:Drivers/STM32G0xx_HAL_Driver/Src/stm32g0xx_hal_spi.c ****   uint32_t             tickstart;
1264:Drivers/STM32G0xx_HAL_Driver/Src/stm32g0xx_hal_spi.c **** #if (USE_SPI_CRC != 0U)
1265:Drivers/STM32G0xx_HAL_Driver/Src/stm32g0xx_hal_spi.c ****   __IO uint32_t tmpreg = 0U;
1266:Drivers/STM32G0xx_HAL_Driver/Src/stm32g0xx_hal_spi.c ****   uint32_t             spi_cr1;
1267:Drivers/STM32G0xx_HAL_Driver/Src/stm32g0xx_hal_spi.c ****   uint32_t             spi_cr2;
1268:Drivers/STM32G0xx_HAL_Driver/Src/stm32g0xx_hal_spi.c ****   __IO uint8_t  *ptmpreg8;
1269:Drivers/STM32G0xx_HAL_Driver/Src/stm32g0xx_hal_spi.c ****   __IO uint8_t  tmpreg8 = 0;
1270:Drivers/STM32G0xx_HAL_Driver/Src/stm32g0xx_hal_spi.c **** #endif /* USE_SPI_CRC */
1271:Drivers/STM32G0xx_HAL_Driver/Src/stm32g0xx_hal_spi.c **** 
1272:Drivers/STM32G0xx_HAL_Driver/Src/stm32g0xx_hal_spi.c ****   /* Variable used to alternate Rx and Tx during transfer */
1273:Drivers/STM32G0xx_HAL_Driver/Src/stm32g0xx_hal_spi.c ****   uint32_t             txallowed = 1U;
1274:Drivers/STM32G0xx_HAL_Driver/Src/stm32g0xx_hal_spi.c **** 
1275:Drivers/STM32G0xx_HAL_Driver/Src/stm32g0xx_hal_spi.c ****   if (hspi->Init.DataSize > SPI_DATASIZE_8BIT)
1276:Drivers/STM32G0xx_HAL_Driver/Src/stm32g0xx_hal_spi.c ****   {
1277:Drivers/STM32G0xx_HAL_Driver/Src/stm32g0xx_hal_spi.c ****     /* in this case, 16-bit access is performed on Data
1278:Drivers/STM32G0xx_HAL_Driver/Src/stm32g0xx_hal_spi.c ****        So, check Data is 16-bit aligned address */
1279:Drivers/STM32G0xx_HAL_Driver/Src/stm32g0xx_hal_spi.c ****     assert_param(IS_SPI_16BIT_ALIGNED_ADDRESS(pTxData));
1280:Drivers/STM32G0xx_HAL_Driver/Src/stm32g0xx_hal_spi.c ****     assert_param(IS_SPI_16BIT_ALIGNED_ADDRESS(pRxData));
1281:Drivers/STM32G0xx_HAL_Driver/Src/stm32g0xx_hal_spi.c ****   }
1282:Drivers/STM32G0xx_HAL_Driver/Src/stm32g0xx_hal_spi.c **** 
1283:Drivers/STM32G0xx_HAL_Driver/Src/stm32g0xx_hal_spi.c ****   /* Check Direction parameter */
1284:Drivers/STM32G0xx_HAL_Driver/Src/stm32g0xx_hal_spi.c ****   assert_param(IS_SPI_DIRECTION_2LINES(hspi->Init.Direction));
1285:Drivers/STM32G0xx_HAL_Driver/Src/stm32g0xx_hal_spi.c **** 
1286:Drivers/STM32G0xx_HAL_Driver/Src/stm32g0xx_hal_spi.c ****   /* Init tickstart for timeout management*/
ARM GAS  C:\Users\Domagoj\AppData\Local\Temp\ccvehG6g.s 			page 24


1287:Drivers/STM32G0xx_HAL_Driver/Src/stm32g0xx_hal_spi.c ****   tickstart = HAL_GetTick();
1288:Drivers/STM32G0xx_HAL_Driver/Src/stm32g0xx_hal_spi.c **** 
1289:Drivers/STM32G0xx_HAL_Driver/Src/stm32g0xx_hal_spi.c ****   /* Init temporary variables */
1290:Drivers/STM32G0xx_HAL_Driver/Src/stm32g0xx_hal_spi.c ****   tmp_state           = hspi->State;
1291:Drivers/STM32G0xx_HAL_Driver/Src/stm32g0xx_hal_spi.c ****   tmp_mode            = hspi->Init.Mode;
1292:Drivers/STM32G0xx_HAL_Driver/Src/stm32g0xx_hal_spi.c ****   initial_TxXferCount = Size;
1293:Drivers/STM32G0xx_HAL_Driver/Src/stm32g0xx_hal_spi.c **** #if (USE_SPI_CRC != 0U)
1294:Drivers/STM32G0xx_HAL_Driver/Src/stm32g0xx_hal_spi.c ****   spi_cr1             = READ_REG(hspi->Instance->CR1);
1295:Drivers/STM32G0xx_HAL_Driver/Src/stm32g0xx_hal_spi.c ****   spi_cr2             = READ_REG(hspi->Instance->CR2);
1296:Drivers/STM32G0xx_HAL_Driver/Src/stm32g0xx_hal_spi.c **** #endif /* USE_SPI_CRC */
1297:Drivers/STM32G0xx_HAL_Driver/Src/stm32g0xx_hal_spi.c **** 
1298:Drivers/STM32G0xx_HAL_Driver/Src/stm32g0xx_hal_spi.c ****   if (!((tmp_state == HAL_SPI_STATE_READY) || \
1299:Drivers/STM32G0xx_HAL_Driver/Src/stm32g0xx_hal_spi.c ****         ((tmp_mode == SPI_MODE_MASTER) && (hspi->Init.Direction == SPI_DIRECTION_2LINES) &&
1300:Drivers/STM32G0xx_HAL_Driver/Src/stm32g0xx_hal_spi.c ****          (tmp_state == HAL_SPI_STATE_BUSY_RX))))
1301:Drivers/STM32G0xx_HAL_Driver/Src/stm32g0xx_hal_spi.c ****   {
1302:Drivers/STM32G0xx_HAL_Driver/Src/stm32g0xx_hal_spi.c ****     return HAL_BUSY;
1303:Drivers/STM32G0xx_HAL_Driver/Src/stm32g0xx_hal_spi.c ****   }
1304:Drivers/STM32G0xx_HAL_Driver/Src/stm32g0xx_hal_spi.c **** 
1305:Drivers/STM32G0xx_HAL_Driver/Src/stm32g0xx_hal_spi.c ****   if ((pTxData == NULL) || (pRxData == NULL) || (Size == 0U))
1306:Drivers/STM32G0xx_HAL_Driver/Src/stm32g0xx_hal_spi.c ****   {
1307:Drivers/STM32G0xx_HAL_Driver/Src/stm32g0xx_hal_spi.c ****     return HAL_ERROR;
1308:Drivers/STM32G0xx_HAL_Driver/Src/stm32g0xx_hal_spi.c ****   }
1309:Drivers/STM32G0xx_HAL_Driver/Src/stm32g0xx_hal_spi.c **** 
1310:Drivers/STM32G0xx_HAL_Driver/Src/stm32g0xx_hal_spi.c ****   /* Process Locked */
1311:Drivers/STM32G0xx_HAL_Driver/Src/stm32g0xx_hal_spi.c ****   __HAL_LOCK(hspi);
1312:Drivers/STM32G0xx_HAL_Driver/Src/stm32g0xx_hal_spi.c **** 
1313:Drivers/STM32G0xx_HAL_Driver/Src/stm32g0xx_hal_spi.c ****   /* Don't overwrite in case of HAL_SPI_STATE_BUSY_RX */
1314:Drivers/STM32G0xx_HAL_Driver/Src/stm32g0xx_hal_spi.c ****   if (hspi->State != HAL_SPI_STATE_BUSY_RX)
1315:Drivers/STM32G0xx_HAL_Driver/Src/stm32g0xx_hal_spi.c ****   {
1316:Drivers/STM32G0xx_HAL_Driver/Src/stm32g0xx_hal_spi.c ****     hspi->State = HAL_SPI_STATE_BUSY_TX_RX;
1317:Drivers/STM32G0xx_HAL_Driver/Src/stm32g0xx_hal_spi.c ****   }
1318:Drivers/STM32G0xx_HAL_Driver/Src/stm32g0xx_hal_spi.c **** 
1319:Drivers/STM32G0xx_HAL_Driver/Src/stm32g0xx_hal_spi.c ****   /* Set the transaction information */
1320:Drivers/STM32G0xx_HAL_Driver/Src/stm32g0xx_hal_spi.c ****   hspi->ErrorCode   = HAL_SPI_ERROR_NONE;
1321:Drivers/STM32G0xx_HAL_Driver/Src/stm32g0xx_hal_spi.c ****   hspi->pRxBuffPtr  = (uint8_t *)pRxData;
1322:Drivers/STM32G0xx_HAL_Driver/Src/stm32g0xx_hal_spi.c ****   hspi->RxXferCount = Size;
1323:Drivers/STM32G0xx_HAL_Driver/Src/stm32g0xx_hal_spi.c ****   hspi->RxXferSize  = Size;
1324:Drivers/STM32G0xx_HAL_Driver/Src/stm32g0xx_hal_spi.c ****   hspi->pTxBuffPtr  = (const uint8_t *)pTxData;
1325:Drivers/STM32G0xx_HAL_Driver/Src/stm32g0xx_hal_spi.c ****   hspi->TxXferCount = Size;
1326:Drivers/STM32G0xx_HAL_Driver/Src/stm32g0xx_hal_spi.c ****   hspi->TxXferSize  = Size;
1327:Drivers/STM32G0xx_HAL_Driver/Src/stm32g0xx_hal_spi.c **** 
1328:Drivers/STM32G0xx_HAL_Driver/Src/stm32g0xx_hal_spi.c ****   /*Init field not used in handle to zero */
1329:Drivers/STM32G0xx_HAL_Driver/Src/stm32g0xx_hal_spi.c ****   hspi->RxISR       = NULL;
1330:Drivers/STM32G0xx_HAL_Driver/Src/stm32g0xx_hal_spi.c ****   hspi->TxISR       = NULL;
1331:Drivers/STM32G0xx_HAL_Driver/Src/stm32g0xx_hal_spi.c **** 
1332:Drivers/STM32G0xx_HAL_Driver/Src/stm32g0xx_hal_spi.c **** #if (USE_SPI_CRC != 0U)
1333:Drivers/STM32G0xx_HAL_Driver/Src/stm32g0xx_hal_spi.c ****   /* Reset CRC Calculation */
1334:Drivers/STM32G0xx_HAL_Driver/Src/stm32g0xx_hal_spi.c ****   if (hspi->Init.CRCCalculation == SPI_CRCCALCULATION_ENABLE)
1335:Drivers/STM32G0xx_HAL_Driver/Src/stm32g0xx_hal_spi.c ****   {
1336:Drivers/STM32G0xx_HAL_Driver/Src/stm32g0xx_hal_spi.c ****     SPI_RESET_CRC(hspi);
1337:Drivers/STM32G0xx_HAL_Driver/Src/stm32g0xx_hal_spi.c ****   }
1338:Drivers/STM32G0xx_HAL_Driver/Src/stm32g0xx_hal_spi.c **** #endif /* USE_SPI_CRC */
1339:Drivers/STM32G0xx_HAL_Driver/Src/stm32g0xx_hal_spi.c **** 
1340:Drivers/STM32G0xx_HAL_Driver/Src/stm32g0xx_hal_spi.c ****   /* Set the Rx Fifo threshold */
1341:Drivers/STM32G0xx_HAL_Driver/Src/stm32g0xx_hal_spi.c ****   if (hspi->Init.DataSize > SPI_DATASIZE_8BIT)
1342:Drivers/STM32G0xx_HAL_Driver/Src/stm32g0xx_hal_spi.c ****   {
1343:Drivers/STM32G0xx_HAL_Driver/Src/stm32g0xx_hal_spi.c ****     /* Set fiforxthreshold according the reception data length: 16bit */
ARM GAS  C:\Users\Domagoj\AppData\Local\Temp\ccvehG6g.s 			page 25


1344:Drivers/STM32G0xx_HAL_Driver/Src/stm32g0xx_hal_spi.c ****     CLEAR_BIT(hspi->Instance->CR2, SPI_RXFIFO_THRESHOLD);
1345:Drivers/STM32G0xx_HAL_Driver/Src/stm32g0xx_hal_spi.c ****   }
1346:Drivers/STM32G0xx_HAL_Driver/Src/stm32g0xx_hal_spi.c ****   else
1347:Drivers/STM32G0xx_HAL_Driver/Src/stm32g0xx_hal_spi.c ****   {
1348:Drivers/STM32G0xx_HAL_Driver/Src/stm32g0xx_hal_spi.c ****     /* Set fiforxthreshold according the reception data length: 8bit */
1349:Drivers/STM32G0xx_HAL_Driver/Src/stm32g0xx_hal_spi.c ****     SET_BIT(hspi->Instance->CR2, SPI_RXFIFO_THRESHOLD);
1350:Drivers/STM32G0xx_HAL_Driver/Src/stm32g0xx_hal_spi.c ****   }
1351:Drivers/STM32G0xx_HAL_Driver/Src/stm32g0xx_hal_spi.c **** 
1352:Drivers/STM32G0xx_HAL_Driver/Src/stm32g0xx_hal_spi.c ****   /* Check if the SPI is already enabled */
1353:Drivers/STM32G0xx_HAL_Driver/Src/stm32g0xx_hal_spi.c ****   if ((hspi->Instance->CR1 & SPI_CR1_SPE) != SPI_CR1_SPE)
1354:Drivers/STM32G0xx_HAL_Driver/Src/stm32g0xx_hal_spi.c ****   {
1355:Drivers/STM32G0xx_HAL_Driver/Src/stm32g0xx_hal_spi.c ****     /* Enable SPI peripheral */
1356:Drivers/STM32G0xx_HAL_Driver/Src/stm32g0xx_hal_spi.c ****     __HAL_SPI_ENABLE(hspi);
1357:Drivers/STM32G0xx_HAL_Driver/Src/stm32g0xx_hal_spi.c ****   }
1358:Drivers/STM32G0xx_HAL_Driver/Src/stm32g0xx_hal_spi.c **** 
1359:Drivers/STM32G0xx_HAL_Driver/Src/stm32g0xx_hal_spi.c ****   /* Transmit and Receive data in 16 Bit mode */
1360:Drivers/STM32G0xx_HAL_Driver/Src/stm32g0xx_hal_spi.c ****   if (hspi->Init.DataSize > SPI_DATASIZE_8BIT)
1361:Drivers/STM32G0xx_HAL_Driver/Src/stm32g0xx_hal_spi.c ****   {
1362:Drivers/STM32G0xx_HAL_Driver/Src/stm32g0xx_hal_spi.c ****     if ((hspi->Init.Mode == SPI_MODE_SLAVE) || (initial_TxXferCount == 0x01U))
1363:Drivers/STM32G0xx_HAL_Driver/Src/stm32g0xx_hal_spi.c ****     {
1364:Drivers/STM32G0xx_HAL_Driver/Src/stm32g0xx_hal_spi.c ****       hspi->Instance->DR = *((const uint16_t *)hspi->pTxBuffPtr);
1365:Drivers/STM32G0xx_HAL_Driver/Src/stm32g0xx_hal_spi.c ****       hspi->pTxBuffPtr += sizeof(uint16_t);
1366:Drivers/STM32G0xx_HAL_Driver/Src/stm32g0xx_hal_spi.c ****       hspi->TxXferCount--;
1367:Drivers/STM32G0xx_HAL_Driver/Src/stm32g0xx_hal_spi.c **** 
1368:Drivers/STM32G0xx_HAL_Driver/Src/stm32g0xx_hal_spi.c **** #if (USE_SPI_CRC != 0U)
1369:Drivers/STM32G0xx_HAL_Driver/Src/stm32g0xx_hal_spi.c ****       /* Enable CRC Transmission */
1370:Drivers/STM32G0xx_HAL_Driver/Src/stm32g0xx_hal_spi.c ****       if ((hspi->TxXferCount == 0U) && (hspi->Init.CRCCalculation == SPI_CRCCALCULATION_ENABLE))
1371:Drivers/STM32G0xx_HAL_Driver/Src/stm32g0xx_hal_spi.c ****       {
1372:Drivers/STM32G0xx_HAL_Driver/Src/stm32g0xx_hal_spi.c ****         /* Set NSS Soft to received correctly the CRC on slave mode with NSS pulse activated */
1373:Drivers/STM32G0xx_HAL_Driver/Src/stm32g0xx_hal_spi.c ****         if ((READ_BIT(spi_cr1, SPI_CR1_MSTR) == 0U) && (READ_BIT(spi_cr2, SPI_CR2_NSSP) == SPI_CR2_
1374:Drivers/STM32G0xx_HAL_Driver/Src/stm32g0xx_hal_spi.c ****         {
1375:Drivers/STM32G0xx_HAL_Driver/Src/stm32g0xx_hal_spi.c ****           SET_BIT(hspi->Instance->CR1, SPI_CR1_SSM);
1376:Drivers/STM32G0xx_HAL_Driver/Src/stm32g0xx_hal_spi.c ****         }
1377:Drivers/STM32G0xx_HAL_Driver/Src/stm32g0xx_hal_spi.c ****         SET_BIT(hspi->Instance->CR1, SPI_CR1_CRCNEXT);
1378:Drivers/STM32G0xx_HAL_Driver/Src/stm32g0xx_hal_spi.c ****       }
1379:Drivers/STM32G0xx_HAL_Driver/Src/stm32g0xx_hal_spi.c **** #endif /* USE_SPI_CRC */
1380:Drivers/STM32G0xx_HAL_Driver/Src/stm32g0xx_hal_spi.c **** 
1381:Drivers/STM32G0xx_HAL_Driver/Src/stm32g0xx_hal_spi.c ****     }
1382:Drivers/STM32G0xx_HAL_Driver/Src/stm32g0xx_hal_spi.c ****     while ((hspi->TxXferCount > 0U) || (hspi->RxXferCount > 0U))
1383:Drivers/STM32G0xx_HAL_Driver/Src/stm32g0xx_hal_spi.c ****     {
1384:Drivers/STM32G0xx_HAL_Driver/Src/stm32g0xx_hal_spi.c ****       /* Check TXE flag */
1385:Drivers/STM32G0xx_HAL_Driver/Src/stm32g0xx_hal_spi.c ****       if ((__HAL_SPI_GET_FLAG(hspi, SPI_FLAG_TXE)) && (hspi->TxXferCount > 0U) && (txallowed == 1U)
1386:Drivers/STM32G0xx_HAL_Driver/Src/stm32g0xx_hal_spi.c ****       {
1387:Drivers/STM32G0xx_HAL_Driver/Src/stm32g0xx_hal_spi.c ****         hspi->Instance->DR = *((const uint16_t *)hspi->pTxBuffPtr);
1388:Drivers/STM32G0xx_HAL_Driver/Src/stm32g0xx_hal_spi.c ****         hspi->pTxBuffPtr += sizeof(uint16_t);
1389:Drivers/STM32G0xx_HAL_Driver/Src/stm32g0xx_hal_spi.c ****         hspi->TxXferCount--;
1390:Drivers/STM32G0xx_HAL_Driver/Src/stm32g0xx_hal_spi.c ****         /* Next Data is a reception (Rx). Tx not allowed */
1391:Drivers/STM32G0xx_HAL_Driver/Src/stm32g0xx_hal_spi.c ****         txallowed = 0U;
1392:Drivers/STM32G0xx_HAL_Driver/Src/stm32g0xx_hal_spi.c **** 
1393:Drivers/STM32G0xx_HAL_Driver/Src/stm32g0xx_hal_spi.c **** #if (USE_SPI_CRC != 0U)
1394:Drivers/STM32G0xx_HAL_Driver/Src/stm32g0xx_hal_spi.c ****         /* Enable CRC Transmission */
1395:Drivers/STM32G0xx_HAL_Driver/Src/stm32g0xx_hal_spi.c ****         if ((hspi->TxXferCount == 0U) && (hspi->Init.CRCCalculation == SPI_CRCCALCULATION_ENABLE))
1396:Drivers/STM32G0xx_HAL_Driver/Src/stm32g0xx_hal_spi.c ****         {
1397:Drivers/STM32G0xx_HAL_Driver/Src/stm32g0xx_hal_spi.c ****           /* Set NSS Soft to received correctly the CRC on slave mode with NSS pulse activated */
1398:Drivers/STM32G0xx_HAL_Driver/Src/stm32g0xx_hal_spi.c ****           if ((READ_BIT(spi_cr1, SPI_CR1_MSTR) == 0U) && (READ_BIT(spi_cr2, SPI_CR2_NSSP) == SPI_CR
1399:Drivers/STM32G0xx_HAL_Driver/Src/stm32g0xx_hal_spi.c ****           {
1400:Drivers/STM32G0xx_HAL_Driver/Src/stm32g0xx_hal_spi.c ****             SET_BIT(hspi->Instance->CR1, SPI_CR1_SSM);
ARM GAS  C:\Users\Domagoj\AppData\Local\Temp\ccvehG6g.s 			page 26


1401:Drivers/STM32G0xx_HAL_Driver/Src/stm32g0xx_hal_spi.c ****           }
1402:Drivers/STM32G0xx_HAL_Driver/Src/stm32g0xx_hal_spi.c ****           SET_BIT(hspi->Instance->CR1, SPI_CR1_CRCNEXT);
1403:Drivers/STM32G0xx_HAL_Driver/Src/stm32g0xx_hal_spi.c ****         }
1404:Drivers/STM32G0xx_HAL_Driver/Src/stm32g0xx_hal_spi.c **** #endif /* USE_SPI_CRC */
1405:Drivers/STM32G0xx_HAL_Driver/Src/stm32g0xx_hal_spi.c ****       }
1406:Drivers/STM32G0xx_HAL_Driver/Src/stm32g0xx_hal_spi.c **** 
1407:Drivers/STM32G0xx_HAL_Driver/Src/stm32g0xx_hal_spi.c ****       /* Check RXNE flag */
1408:Drivers/STM32G0xx_HAL_Driver/Src/stm32g0xx_hal_spi.c ****       if ((__HAL_SPI_GET_FLAG(hspi, SPI_FLAG_RXNE)) && (hspi->RxXferCount > 0U))
1409:Drivers/STM32G0xx_HAL_Driver/Src/stm32g0xx_hal_spi.c ****       {
1410:Drivers/STM32G0xx_HAL_Driver/Src/stm32g0xx_hal_spi.c ****         *((uint16_t *)hspi->pRxBuffPtr) = (uint16_t)hspi->Instance->DR;
1411:Drivers/STM32G0xx_HAL_Driver/Src/stm32g0xx_hal_spi.c ****         hspi->pRxBuffPtr += sizeof(uint16_t);
1412:Drivers/STM32G0xx_HAL_Driver/Src/stm32g0xx_hal_spi.c ****         hspi->RxXferCount--;
1413:Drivers/STM32G0xx_HAL_Driver/Src/stm32g0xx_hal_spi.c ****         /* Next Data is a Transmission (Tx). Tx is allowed */
1414:Drivers/STM32G0xx_HAL_Driver/Src/stm32g0xx_hal_spi.c ****         txallowed = 1U;
1415:Drivers/STM32G0xx_HAL_Driver/Src/stm32g0xx_hal_spi.c ****       }
1416:Drivers/STM32G0xx_HAL_Driver/Src/stm32g0xx_hal_spi.c ****       if (((HAL_GetTick() - tickstart) >=  Timeout) && (Timeout != HAL_MAX_DELAY))
1417:Drivers/STM32G0xx_HAL_Driver/Src/stm32g0xx_hal_spi.c ****       {
1418:Drivers/STM32G0xx_HAL_Driver/Src/stm32g0xx_hal_spi.c ****         hspi->State = HAL_SPI_STATE_READY;
1419:Drivers/STM32G0xx_HAL_Driver/Src/stm32g0xx_hal_spi.c ****         __HAL_UNLOCK(hspi);
1420:Drivers/STM32G0xx_HAL_Driver/Src/stm32g0xx_hal_spi.c ****         return HAL_TIMEOUT;
1421:Drivers/STM32G0xx_HAL_Driver/Src/stm32g0xx_hal_spi.c ****       }
1422:Drivers/STM32G0xx_HAL_Driver/Src/stm32g0xx_hal_spi.c ****     }
1423:Drivers/STM32G0xx_HAL_Driver/Src/stm32g0xx_hal_spi.c ****   }
1424:Drivers/STM32G0xx_HAL_Driver/Src/stm32g0xx_hal_spi.c ****   /* Transmit and Receive data in 8 Bit mode */
1425:Drivers/STM32G0xx_HAL_Driver/Src/stm32g0xx_hal_spi.c ****   else
1426:Drivers/STM32G0xx_HAL_Driver/Src/stm32g0xx_hal_spi.c ****   {
1427:Drivers/STM32G0xx_HAL_Driver/Src/stm32g0xx_hal_spi.c ****     if ((hspi->Init.Mode == SPI_MODE_SLAVE) || (initial_TxXferCount == 0x01U))
1428:Drivers/STM32G0xx_HAL_Driver/Src/stm32g0xx_hal_spi.c ****     {
1429:Drivers/STM32G0xx_HAL_Driver/Src/stm32g0xx_hal_spi.c ****       *((__IO uint8_t *)&hspi->Instance->DR) = *((const uint8_t *)hspi->pTxBuffPtr);
1430:Drivers/STM32G0xx_HAL_Driver/Src/stm32g0xx_hal_spi.c ****       hspi->pTxBuffPtr += sizeof(uint8_t);
1431:Drivers/STM32G0xx_HAL_Driver/Src/stm32g0xx_hal_spi.c ****       hspi->TxXferCount--;
1432:Drivers/STM32G0xx_HAL_Driver/Src/stm32g0xx_hal_spi.c **** 
1433:Drivers/STM32G0xx_HAL_Driver/Src/stm32g0xx_hal_spi.c **** #if (USE_SPI_CRC != 0U)
1434:Drivers/STM32G0xx_HAL_Driver/Src/stm32g0xx_hal_spi.c ****       /* Enable CRC Transmission */
1435:Drivers/STM32G0xx_HAL_Driver/Src/stm32g0xx_hal_spi.c ****       if ((hspi->TxXferCount == 0U) && (hspi->Init.CRCCalculation == SPI_CRCCALCULATION_ENABLE))
1436:Drivers/STM32G0xx_HAL_Driver/Src/stm32g0xx_hal_spi.c ****       {
1437:Drivers/STM32G0xx_HAL_Driver/Src/stm32g0xx_hal_spi.c ****         /* Set NSS Soft to received correctly the CRC on slave mode with NSS pulse activated */
1438:Drivers/STM32G0xx_HAL_Driver/Src/stm32g0xx_hal_spi.c ****         if ((READ_BIT(spi_cr1, SPI_CR1_MSTR) == 0U) && (READ_BIT(spi_cr2, SPI_CR2_NSSP) == SPI_CR2_
1439:Drivers/STM32G0xx_HAL_Driver/Src/stm32g0xx_hal_spi.c ****         {
1440:Drivers/STM32G0xx_HAL_Driver/Src/stm32g0xx_hal_spi.c ****           SET_BIT(hspi->Instance->CR1, SPI_CR1_SSM);
1441:Drivers/STM32G0xx_HAL_Driver/Src/stm32g0xx_hal_spi.c ****         }
1442:Drivers/STM32G0xx_HAL_Driver/Src/stm32g0xx_hal_spi.c ****         SET_BIT(hspi->Instance->CR1, SPI_CR1_CRCNEXT);
1443:Drivers/STM32G0xx_HAL_Driver/Src/stm32g0xx_hal_spi.c ****       }
1444:Drivers/STM32G0xx_HAL_Driver/Src/stm32g0xx_hal_spi.c **** #endif /* USE_SPI_CRC */
1445:Drivers/STM32G0xx_HAL_Driver/Src/stm32g0xx_hal_spi.c ****     }
1446:Drivers/STM32G0xx_HAL_Driver/Src/stm32g0xx_hal_spi.c ****     while ((hspi->TxXferCount > 0U) || (hspi->RxXferCount > 0U))
1447:Drivers/STM32G0xx_HAL_Driver/Src/stm32g0xx_hal_spi.c ****     {
1448:Drivers/STM32G0xx_HAL_Driver/Src/stm32g0xx_hal_spi.c ****       /* Check TXE flag */
1449:Drivers/STM32G0xx_HAL_Driver/Src/stm32g0xx_hal_spi.c ****       if ((__HAL_SPI_GET_FLAG(hspi, SPI_FLAG_TXE)) && (hspi->TxXferCount > 0U) && (txallowed == 1U)
1450:Drivers/STM32G0xx_HAL_Driver/Src/stm32g0xx_hal_spi.c ****       {
1451:Drivers/STM32G0xx_HAL_Driver/Src/stm32g0xx_hal_spi.c ****         *(__IO uint8_t *)&hspi->Instance->DR = *((const uint8_t *)hspi->pTxBuffPtr);
1452:Drivers/STM32G0xx_HAL_Driver/Src/stm32g0xx_hal_spi.c ****         hspi->pTxBuffPtr++;
1453:Drivers/STM32G0xx_HAL_Driver/Src/stm32g0xx_hal_spi.c ****         hspi->TxXferCount--;
1454:Drivers/STM32G0xx_HAL_Driver/Src/stm32g0xx_hal_spi.c ****         /* Next Data is a reception (Rx). Tx not allowed */
1455:Drivers/STM32G0xx_HAL_Driver/Src/stm32g0xx_hal_spi.c ****         txallowed = 0U;
1456:Drivers/STM32G0xx_HAL_Driver/Src/stm32g0xx_hal_spi.c **** 
1457:Drivers/STM32G0xx_HAL_Driver/Src/stm32g0xx_hal_spi.c **** #if (USE_SPI_CRC != 0U)
ARM GAS  C:\Users\Domagoj\AppData\Local\Temp\ccvehG6g.s 			page 27


1458:Drivers/STM32G0xx_HAL_Driver/Src/stm32g0xx_hal_spi.c ****         /* Enable CRC Transmission */
1459:Drivers/STM32G0xx_HAL_Driver/Src/stm32g0xx_hal_spi.c ****         if ((hspi->TxXferCount == 0U) && (hspi->Init.CRCCalculation == SPI_CRCCALCULATION_ENABLE))
1460:Drivers/STM32G0xx_HAL_Driver/Src/stm32g0xx_hal_spi.c ****         {
1461:Drivers/STM32G0xx_HAL_Driver/Src/stm32g0xx_hal_spi.c ****           /* Set NSS Soft to received correctly the CRC on slave mode with NSS pulse activated */
1462:Drivers/STM32G0xx_HAL_Driver/Src/stm32g0xx_hal_spi.c ****           if ((READ_BIT(spi_cr1, SPI_CR1_MSTR) == 0U) && (READ_BIT(spi_cr2, SPI_CR2_NSSP) == SPI_CR
1463:Drivers/STM32G0xx_HAL_Driver/Src/stm32g0xx_hal_spi.c ****           {
1464:Drivers/STM32G0xx_HAL_Driver/Src/stm32g0xx_hal_spi.c ****             SET_BIT(hspi->Instance->CR1, SPI_CR1_SSM);
1465:Drivers/STM32G0xx_HAL_Driver/Src/stm32g0xx_hal_spi.c ****           }
1466:Drivers/STM32G0xx_HAL_Driver/Src/stm32g0xx_hal_spi.c ****           SET_BIT(hspi->Instance->CR1, SPI_CR1_CRCNEXT);
1467:Drivers/STM32G0xx_HAL_Driver/Src/stm32g0xx_hal_spi.c ****         }
1468:Drivers/STM32G0xx_HAL_Driver/Src/stm32g0xx_hal_spi.c **** #endif /* USE_SPI_CRC */
1469:Drivers/STM32G0xx_HAL_Driver/Src/stm32g0xx_hal_spi.c ****       }
1470:Drivers/STM32G0xx_HAL_Driver/Src/stm32g0xx_hal_spi.c **** 
1471:Drivers/STM32G0xx_HAL_Driver/Src/stm32g0xx_hal_spi.c ****       /* Wait until RXNE flag is reset */
1472:Drivers/STM32G0xx_HAL_Driver/Src/stm32g0xx_hal_spi.c ****       if ((__HAL_SPI_GET_FLAG(hspi, SPI_FLAG_RXNE)) && (hspi->RxXferCount > 0U))
1473:Drivers/STM32G0xx_HAL_Driver/Src/stm32g0xx_hal_spi.c ****       {
1474:Drivers/STM32G0xx_HAL_Driver/Src/stm32g0xx_hal_spi.c ****         (*(uint8_t *)hspi->pRxBuffPtr) = *(__IO uint8_t *)&hspi->Instance->DR;
1475:Drivers/STM32G0xx_HAL_Driver/Src/stm32g0xx_hal_spi.c ****         hspi->pRxBuffPtr++;
1476:Drivers/STM32G0xx_HAL_Driver/Src/stm32g0xx_hal_spi.c ****         hspi->RxXferCount--;
1477:Drivers/STM32G0xx_HAL_Driver/Src/stm32g0xx_hal_spi.c ****         /* Next Data is a Transmission (Tx). Tx is allowed */
1478:Drivers/STM32G0xx_HAL_Driver/Src/stm32g0xx_hal_spi.c ****         txallowed = 1U;
1479:Drivers/STM32G0xx_HAL_Driver/Src/stm32g0xx_hal_spi.c ****       }
1480:Drivers/STM32G0xx_HAL_Driver/Src/stm32g0xx_hal_spi.c ****       if ((((HAL_GetTick() - tickstart) >=  Timeout) && ((Timeout != HAL_MAX_DELAY))) || (Timeout =
1481:Drivers/STM32G0xx_HAL_Driver/Src/stm32g0xx_hal_spi.c ****       {
1482:Drivers/STM32G0xx_HAL_Driver/Src/stm32g0xx_hal_spi.c ****         hspi->State = HAL_SPI_STATE_READY;
1483:Drivers/STM32G0xx_HAL_Driver/Src/stm32g0xx_hal_spi.c ****         __HAL_UNLOCK(hspi);
1484:Drivers/STM32G0xx_HAL_Driver/Src/stm32g0xx_hal_spi.c ****         return HAL_TIMEOUT;
1485:Drivers/STM32G0xx_HAL_Driver/Src/stm32g0xx_hal_spi.c ****       }
1486:Drivers/STM32G0xx_HAL_Driver/Src/stm32g0xx_hal_spi.c ****     }
1487:Drivers/STM32G0xx_HAL_Driver/Src/stm32g0xx_hal_spi.c ****   }
1488:Drivers/STM32G0xx_HAL_Driver/Src/stm32g0xx_hal_spi.c **** 
1489:Drivers/STM32G0xx_HAL_Driver/Src/stm32g0xx_hal_spi.c **** #if (USE_SPI_CRC != 0U)
1490:Drivers/STM32G0xx_HAL_Driver/Src/stm32g0xx_hal_spi.c ****   /* Read CRC from DR to close CRC calculation process */
1491:Drivers/STM32G0xx_HAL_Driver/Src/stm32g0xx_hal_spi.c ****   if (hspi->Init.CRCCalculation == SPI_CRCCALCULATION_ENABLE)
1492:Drivers/STM32G0xx_HAL_Driver/Src/stm32g0xx_hal_spi.c ****   {
1493:Drivers/STM32G0xx_HAL_Driver/Src/stm32g0xx_hal_spi.c ****     /* Wait until TXE flag */
1494:Drivers/STM32G0xx_HAL_Driver/Src/stm32g0xx_hal_spi.c ****     if (SPI_WaitFlagStateUntilTimeout(hspi, SPI_FLAG_RXNE, SET, Timeout, tickstart) != HAL_OK)
1495:Drivers/STM32G0xx_HAL_Driver/Src/stm32g0xx_hal_spi.c ****     {
1496:Drivers/STM32G0xx_HAL_Driver/Src/stm32g0xx_hal_spi.c ****       /* Error on the CRC reception */
1497:Drivers/STM32G0xx_HAL_Driver/Src/stm32g0xx_hal_spi.c ****       SET_BIT(hspi->ErrorCode, HAL_SPI_ERROR_CRC);
1498:Drivers/STM32G0xx_HAL_Driver/Src/stm32g0xx_hal_spi.c ****       hspi->State = HAL_SPI_STATE_READY;
1499:Drivers/STM32G0xx_HAL_Driver/Src/stm32g0xx_hal_spi.c ****       __HAL_UNLOCK(hspi);
1500:Drivers/STM32G0xx_HAL_Driver/Src/stm32g0xx_hal_spi.c ****       return HAL_TIMEOUT;
1501:Drivers/STM32G0xx_HAL_Driver/Src/stm32g0xx_hal_spi.c ****     }
1502:Drivers/STM32G0xx_HAL_Driver/Src/stm32g0xx_hal_spi.c ****     /* Read CRC */
1503:Drivers/STM32G0xx_HAL_Driver/Src/stm32g0xx_hal_spi.c ****     if (hspi->Init.DataSize == SPI_DATASIZE_16BIT)
1504:Drivers/STM32G0xx_HAL_Driver/Src/stm32g0xx_hal_spi.c ****     {
1505:Drivers/STM32G0xx_HAL_Driver/Src/stm32g0xx_hal_spi.c ****       /* Read 16bit CRC */
1506:Drivers/STM32G0xx_HAL_Driver/Src/stm32g0xx_hal_spi.c ****       tmpreg = READ_REG(hspi->Instance->DR);
1507:Drivers/STM32G0xx_HAL_Driver/Src/stm32g0xx_hal_spi.c ****       /* To avoid GCC warning */
1508:Drivers/STM32G0xx_HAL_Driver/Src/stm32g0xx_hal_spi.c ****       UNUSED(tmpreg);
1509:Drivers/STM32G0xx_HAL_Driver/Src/stm32g0xx_hal_spi.c ****     }
1510:Drivers/STM32G0xx_HAL_Driver/Src/stm32g0xx_hal_spi.c ****     else
1511:Drivers/STM32G0xx_HAL_Driver/Src/stm32g0xx_hal_spi.c ****     {
1512:Drivers/STM32G0xx_HAL_Driver/Src/stm32g0xx_hal_spi.c ****       /* Initialize the 8bit temporary pointer */
1513:Drivers/STM32G0xx_HAL_Driver/Src/stm32g0xx_hal_spi.c ****       ptmpreg8 = (__IO uint8_t *)&hspi->Instance->DR;
1514:Drivers/STM32G0xx_HAL_Driver/Src/stm32g0xx_hal_spi.c ****       /* Read 8bit CRC */
ARM GAS  C:\Users\Domagoj\AppData\Local\Temp\ccvehG6g.s 			page 28


1515:Drivers/STM32G0xx_HAL_Driver/Src/stm32g0xx_hal_spi.c ****       tmpreg8 = *ptmpreg8;
1516:Drivers/STM32G0xx_HAL_Driver/Src/stm32g0xx_hal_spi.c ****       /* To avoid GCC warning */
1517:Drivers/STM32G0xx_HAL_Driver/Src/stm32g0xx_hal_spi.c ****       UNUSED(tmpreg8);
1518:Drivers/STM32G0xx_HAL_Driver/Src/stm32g0xx_hal_spi.c **** 
1519:Drivers/STM32G0xx_HAL_Driver/Src/stm32g0xx_hal_spi.c ****       if (hspi->Init.CRCLength == SPI_CRC_LENGTH_16BIT)
1520:Drivers/STM32G0xx_HAL_Driver/Src/stm32g0xx_hal_spi.c ****       {
1521:Drivers/STM32G0xx_HAL_Driver/Src/stm32g0xx_hal_spi.c ****         if (SPI_WaitFlagStateUntilTimeout(hspi, SPI_FLAG_RXNE, SET, Timeout, tickstart) != HAL_OK)
1522:Drivers/STM32G0xx_HAL_Driver/Src/stm32g0xx_hal_spi.c ****         {
1523:Drivers/STM32G0xx_HAL_Driver/Src/stm32g0xx_hal_spi.c ****           /* Error on the CRC reception */
1524:Drivers/STM32G0xx_HAL_Driver/Src/stm32g0xx_hal_spi.c ****           SET_BIT(hspi->ErrorCode, HAL_SPI_ERROR_CRC);
1525:Drivers/STM32G0xx_HAL_Driver/Src/stm32g0xx_hal_spi.c ****           hspi->State = HAL_SPI_STATE_READY;
1526:Drivers/STM32G0xx_HAL_Driver/Src/stm32g0xx_hal_spi.c ****           __HAL_UNLOCK(hspi);
1527:Drivers/STM32G0xx_HAL_Driver/Src/stm32g0xx_hal_spi.c ****           return HAL_TIMEOUT;
1528:Drivers/STM32G0xx_HAL_Driver/Src/stm32g0xx_hal_spi.c ****         }
1529:Drivers/STM32G0xx_HAL_Driver/Src/stm32g0xx_hal_spi.c ****         /* Read 8bit CRC again in case of 16bit CRC in 8bit Data mode */
1530:Drivers/STM32G0xx_HAL_Driver/Src/stm32g0xx_hal_spi.c ****         tmpreg8 = *ptmpreg8;
1531:Drivers/STM32G0xx_HAL_Driver/Src/stm32g0xx_hal_spi.c ****         /* To avoid GCC warning */
1532:Drivers/STM32G0xx_HAL_Driver/Src/stm32g0xx_hal_spi.c ****         UNUSED(tmpreg8);
1533:Drivers/STM32G0xx_HAL_Driver/Src/stm32g0xx_hal_spi.c ****       }
1534:Drivers/STM32G0xx_HAL_Driver/Src/stm32g0xx_hal_spi.c ****     }
1535:Drivers/STM32G0xx_HAL_Driver/Src/stm32g0xx_hal_spi.c ****   }
1536:Drivers/STM32G0xx_HAL_Driver/Src/stm32g0xx_hal_spi.c **** 
1537:Drivers/STM32G0xx_HAL_Driver/Src/stm32g0xx_hal_spi.c ****   /* Check if CRC error occurred */
1538:Drivers/STM32G0xx_HAL_Driver/Src/stm32g0xx_hal_spi.c ****   if (__HAL_SPI_GET_FLAG(hspi, SPI_FLAG_CRCERR))
1539:Drivers/STM32G0xx_HAL_Driver/Src/stm32g0xx_hal_spi.c ****   {
1540:Drivers/STM32G0xx_HAL_Driver/Src/stm32g0xx_hal_spi.c ****     SET_BIT(hspi->ErrorCode, HAL_SPI_ERROR_CRC);
1541:Drivers/STM32G0xx_HAL_Driver/Src/stm32g0xx_hal_spi.c ****     /* Clear CRC Flag */
1542:Drivers/STM32G0xx_HAL_Driver/Src/stm32g0xx_hal_spi.c ****     __HAL_SPI_CLEAR_CRCERRFLAG(hspi);
1543:Drivers/STM32G0xx_HAL_Driver/Src/stm32g0xx_hal_spi.c ****     __HAL_UNLOCK(hspi);
1544:Drivers/STM32G0xx_HAL_Driver/Src/stm32g0xx_hal_spi.c ****     return HAL_ERROR;
1545:Drivers/STM32G0xx_HAL_Driver/Src/stm32g0xx_hal_spi.c ****   }
1546:Drivers/STM32G0xx_HAL_Driver/Src/stm32g0xx_hal_spi.c **** #endif /* USE_SPI_CRC */
1547:Drivers/STM32G0xx_HAL_Driver/Src/stm32g0xx_hal_spi.c **** 
1548:Drivers/STM32G0xx_HAL_Driver/Src/stm32g0xx_hal_spi.c ****   /* Check the end of the transaction */
1549:Drivers/STM32G0xx_HAL_Driver/Src/stm32g0xx_hal_spi.c ****   if (SPI_EndRxTxTransaction(hspi, Timeout, tickstart) != HAL_OK)
1550:Drivers/STM32G0xx_HAL_Driver/Src/stm32g0xx_hal_spi.c ****   {
1551:Drivers/STM32G0xx_HAL_Driver/Src/stm32g0xx_hal_spi.c ****     hspi->ErrorCode = HAL_SPI_ERROR_FLAG;
1552:Drivers/STM32G0xx_HAL_Driver/Src/stm32g0xx_hal_spi.c ****     __HAL_UNLOCK(hspi);
1553:Drivers/STM32G0xx_HAL_Driver/Src/stm32g0xx_hal_spi.c ****     return HAL_ERROR;
1554:Drivers/STM32G0xx_HAL_Driver/Src/stm32g0xx_hal_spi.c ****   }
1555:Drivers/STM32G0xx_HAL_Driver/Src/stm32g0xx_hal_spi.c **** 
1556:Drivers/STM32G0xx_HAL_Driver/Src/stm32g0xx_hal_spi.c **** 
1557:Drivers/STM32G0xx_HAL_Driver/Src/stm32g0xx_hal_spi.c ****   hspi->State = HAL_SPI_STATE_READY;
1558:Drivers/STM32G0xx_HAL_Driver/Src/stm32g0xx_hal_spi.c ****   /* Unlock the process */
1559:Drivers/STM32G0xx_HAL_Driver/Src/stm32g0xx_hal_spi.c ****   __HAL_UNLOCK(hspi);
1560:Drivers/STM32G0xx_HAL_Driver/Src/stm32g0xx_hal_spi.c **** 
1561:Drivers/STM32G0xx_HAL_Driver/Src/stm32g0xx_hal_spi.c ****   if (hspi->ErrorCode != HAL_SPI_ERROR_NONE)
1562:Drivers/STM32G0xx_HAL_Driver/Src/stm32g0xx_hal_spi.c ****   {
1563:Drivers/STM32G0xx_HAL_Driver/Src/stm32g0xx_hal_spi.c ****     return HAL_ERROR;
1564:Drivers/STM32G0xx_HAL_Driver/Src/stm32g0xx_hal_spi.c ****   }
1565:Drivers/STM32G0xx_HAL_Driver/Src/stm32g0xx_hal_spi.c ****   else
1566:Drivers/STM32G0xx_HAL_Driver/Src/stm32g0xx_hal_spi.c ****   {
1567:Drivers/STM32G0xx_HAL_Driver/Src/stm32g0xx_hal_spi.c ****     return HAL_OK;
1568:Drivers/STM32G0xx_HAL_Driver/Src/stm32g0xx_hal_spi.c ****   }
1569:Drivers/STM32G0xx_HAL_Driver/Src/stm32g0xx_hal_spi.c **** }
1570:Drivers/STM32G0xx_HAL_Driver/Src/stm32g0xx_hal_spi.c **** 
1571:Drivers/STM32G0xx_HAL_Driver/Src/stm32g0xx_hal_spi.c **** /**
ARM GAS  C:\Users\Domagoj\AppData\Local\Temp\ccvehG6g.s 			page 29


1572:Drivers/STM32G0xx_HAL_Driver/Src/stm32g0xx_hal_spi.c ****   * @brief  Transmit an amount of data in non-blocking mode with Interrupt.
1573:Drivers/STM32G0xx_HAL_Driver/Src/stm32g0xx_hal_spi.c ****   * @param  hspi pointer to a SPI_HandleTypeDef structure that contains
1574:Drivers/STM32G0xx_HAL_Driver/Src/stm32g0xx_hal_spi.c ****   *               the configuration information for SPI module.
1575:Drivers/STM32G0xx_HAL_Driver/Src/stm32g0xx_hal_spi.c ****   * @param  pData pointer to data buffer (u8 or u16 data elements)
1576:Drivers/STM32G0xx_HAL_Driver/Src/stm32g0xx_hal_spi.c ****   * @param  Size amount of data elements (u8 or u16) to be sent
1577:Drivers/STM32G0xx_HAL_Driver/Src/stm32g0xx_hal_spi.c ****   * @retval HAL status
1578:Drivers/STM32G0xx_HAL_Driver/Src/stm32g0xx_hal_spi.c ****   */
1579:Drivers/STM32G0xx_HAL_Driver/Src/stm32g0xx_hal_spi.c **** HAL_StatusTypeDef HAL_SPI_Transmit_IT(SPI_HandleTypeDef *hspi, const uint8_t *pData, uint16_t Size)
1580:Drivers/STM32G0xx_HAL_Driver/Src/stm32g0xx_hal_spi.c **** {
1581:Drivers/STM32G0xx_HAL_Driver/Src/stm32g0xx_hal_spi.c **** 
1582:Drivers/STM32G0xx_HAL_Driver/Src/stm32g0xx_hal_spi.c ****   if (hspi->Init.DataSize > SPI_DATASIZE_8BIT)
1583:Drivers/STM32G0xx_HAL_Driver/Src/stm32g0xx_hal_spi.c ****   {
1584:Drivers/STM32G0xx_HAL_Driver/Src/stm32g0xx_hal_spi.c ****     /* in this case, 16-bit access is performed on Data
1585:Drivers/STM32G0xx_HAL_Driver/Src/stm32g0xx_hal_spi.c ****        So, check Data is 16-bit aligned address */
1586:Drivers/STM32G0xx_HAL_Driver/Src/stm32g0xx_hal_spi.c ****     assert_param(IS_SPI_16BIT_ALIGNED_ADDRESS(pData));
1587:Drivers/STM32G0xx_HAL_Driver/Src/stm32g0xx_hal_spi.c ****   }
1588:Drivers/STM32G0xx_HAL_Driver/Src/stm32g0xx_hal_spi.c **** 
1589:Drivers/STM32G0xx_HAL_Driver/Src/stm32g0xx_hal_spi.c ****   /* Check Direction parameter */
1590:Drivers/STM32G0xx_HAL_Driver/Src/stm32g0xx_hal_spi.c ****   assert_param(IS_SPI_DIRECTION_2LINES_OR_1LINE(hspi->Init.Direction));
1591:Drivers/STM32G0xx_HAL_Driver/Src/stm32g0xx_hal_spi.c **** 
1592:Drivers/STM32G0xx_HAL_Driver/Src/stm32g0xx_hal_spi.c **** 
1593:Drivers/STM32G0xx_HAL_Driver/Src/stm32g0xx_hal_spi.c ****   if ((pData == NULL) || (Size == 0U))
1594:Drivers/STM32G0xx_HAL_Driver/Src/stm32g0xx_hal_spi.c ****   {
1595:Drivers/STM32G0xx_HAL_Driver/Src/stm32g0xx_hal_spi.c ****     return HAL_ERROR;
1596:Drivers/STM32G0xx_HAL_Driver/Src/stm32g0xx_hal_spi.c ****   }
1597:Drivers/STM32G0xx_HAL_Driver/Src/stm32g0xx_hal_spi.c **** 
1598:Drivers/STM32G0xx_HAL_Driver/Src/stm32g0xx_hal_spi.c ****   if (hspi->State != HAL_SPI_STATE_READY)
1599:Drivers/STM32G0xx_HAL_Driver/Src/stm32g0xx_hal_spi.c ****   {
1600:Drivers/STM32G0xx_HAL_Driver/Src/stm32g0xx_hal_spi.c ****     return HAL_BUSY;
1601:Drivers/STM32G0xx_HAL_Driver/Src/stm32g0xx_hal_spi.c ****   }
1602:Drivers/STM32G0xx_HAL_Driver/Src/stm32g0xx_hal_spi.c **** 
1603:Drivers/STM32G0xx_HAL_Driver/Src/stm32g0xx_hal_spi.c ****   /* Process Locked */
1604:Drivers/STM32G0xx_HAL_Driver/Src/stm32g0xx_hal_spi.c ****   __HAL_LOCK(hspi);
1605:Drivers/STM32G0xx_HAL_Driver/Src/stm32g0xx_hal_spi.c **** 
1606:Drivers/STM32G0xx_HAL_Driver/Src/stm32g0xx_hal_spi.c ****   /* Set the transaction information */
1607:Drivers/STM32G0xx_HAL_Driver/Src/stm32g0xx_hal_spi.c ****   hspi->State       = HAL_SPI_STATE_BUSY_TX;
1608:Drivers/STM32G0xx_HAL_Driver/Src/stm32g0xx_hal_spi.c ****   hspi->ErrorCode   = HAL_SPI_ERROR_NONE;
1609:Drivers/STM32G0xx_HAL_Driver/Src/stm32g0xx_hal_spi.c ****   hspi->pTxBuffPtr  = (const uint8_t *)pData;
1610:Drivers/STM32G0xx_HAL_Driver/Src/stm32g0xx_hal_spi.c ****   hspi->TxXferSize  = Size;
1611:Drivers/STM32G0xx_HAL_Driver/Src/stm32g0xx_hal_spi.c ****   hspi->TxXferCount = Size;
1612:Drivers/STM32G0xx_HAL_Driver/Src/stm32g0xx_hal_spi.c **** 
1613:Drivers/STM32G0xx_HAL_Driver/Src/stm32g0xx_hal_spi.c ****   /* Init field not used in handle to zero */
1614:Drivers/STM32G0xx_HAL_Driver/Src/stm32g0xx_hal_spi.c ****   hspi->pRxBuffPtr  = (uint8_t *)NULL;
1615:Drivers/STM32G0xx_HAL_Driver/Src/stm32g0xx_hal_spi.c ****   hspi->RxXferSize  = 0U;
1616:Drivers/STM32G0xx_HAL_Driver/Src/stm32g0xx_hal_spi.c ****   hspi->RxXferCount = 0U;
1617:Drivers/STM32G0xx_HAL_Driver/Src/stm32g0xx_hal_spi.c ****   hspi->RxISR       = NULL;
1618:Drivers/STM32G0xx_HAL_Driver/Src/stm32g0xx_hal_spi.c **** 
1619:Drivers/STM32G0xx_HAL_Driver/Src/stm32g0xx_hal_spi.c ****   /* Set the function for IT treatment */
1620:Drivers/STM32G0xx_HAL_Driver/Src/stm32g0xx_hal_spi.c ****   if (hspi->Init.DataSize > SPI_DATASIZE_8BIT)
1621:Drivers/STM32G0xx_HAL_Driver/Src/stm32g0xx_hal_spi.c ****   {
1622:Drivers/STM32G0xx_HAL_Driver/Src/stm32g0xx_hal_spi.c ****     hspi->TxISR = SPI_TxISR_16BIT;
1623:Drivers/STM32G0xx_HAL_Driver/Src/stm32g0xx_hal_spi.c ****   }
1624:Drivers/STM32G0xx_HAL_Driver/Src/stm32g0xx_hal_spi.c ****   else
1625:Drivers/STM32G0xx_HAL_Driver/Src/stm32g0xx_hal_spi.c ****   {
1626:Drivers/STM32G0xx_HAL_Driver/Src/stm32g0xx_hal_spi.c ****     hspi->TxISR = SPI_TxISR_8BIT;
1627:Drivers/STM32G0xx_HAL_Driver/Src/stm32g0xx_hal_spi.c ****   }
1628:Drivers/STM32G0xx_HAL_Driver/Src/stm32g0xx_hal_spi.c **** 
ARM GAS  C:\Users\Domagoj\AppData\Local\Temp\ccvehG6g.s 			page 30


1629:Drivers/STM32G0xx_HAL_Driver/Src/stm32g0xx_hal_spi.c ****   /* Configure communication direction : 1Line */
1630:Drivers/STM32G0xx_HAL_Driver/Src/stm32g0xx_hal_spi.c ****   if (hspi->Init.Direction == SPI_DIRECTION_1LINE)
1631:Drivers/STM32G0xx_HAL_Driver/Src/stm32g0xx_hal_spi.c ****   {
1632:Drivers/STM32G0xx_HAL_Driver/Src/stm32g0xx_hal_spi.c ****     /* Disable SPI Peripheral before set 1Line direction (BIDIOE bit) */
1633:Drivers/STM32G0xx_HAL_Driver/Src/stm32g0xx_hal_spi.c ****     __HAL_SPI_DISABLE(hspi);
1634:Drivers/STM32G0xx_HAL_Driver/Src/stm32g0xx_hal_spi.c ****     SPI_1LINE_TX(hspi);
1635:Drivers/STM32G0xx_HAL_Driver/Src/stm32g0xx_hal_spi.c ****   }
1636:Drivers/STM32G0xx_HAL_Driver/Src/stm32g0xx_hal_spi.c **** 
1637:Drivers/STM32G0xx_HAL_Driver/Src/stm32g0xx_hal_spi.c **** #if (USE_SPI_CRC != 0U)
1638:Drivers/STM32G0xx_HAL_Driver/Src/stm32g0xx_hal_spi.c ****   /* Reset CRC Calculation */
1639:Drivers/STM32G0xx_HAL_Driver/Src/stm32g0xx_hal_spi.c ****   if (hspi->Init.CRCCalculation == SPI_CRCCALCULATION_ENABLE)
1640:Drivers/STM32G0xx_HAL_Driver/Src/stm32g0xx_hal_spi.c ****   {
1641:Drivers/STM32G0xx_HAL_Driver/Src/stm32g0xx_hal_spi.c ****     SPI_RESET_CRC(hspi);
1642:Drivers/STM32G0xx_HAL_Driver/Src/stm32g0xx_hal_spi.c ****   }
1643:Drivers/STM32G0xx_HAL_Driver/Src/stm32g0xx_hal_spi.c **** #endif /* USE_SPI_CRC */
1644:Drivers/STM32G0xx_HAL_Driver/Src/stm32g0xx_hal_spi.c **** 
1645:Drivers/STM32G0xx_HAL_Driver/Src/stm32g0xx_hal_spi.c ****   /* Check if the SPI is already enabled */
1646:Drivers/STM32G0xx_HAL_Driver/Src/stm32g0xx_hal_spi.c ****   if ((hspi->Instance->CR1 & SPI_CR1_SPE) != SPI_CR1_SPE)
1647:Drivers/STM32G0xx_HAL_Driver/Src/stm32g0xx_hal_spi.c ****   {
1648:Drivers/STM32G0xx_HAL_Driver/Src/stm32g0xx_hal_spi.c ****     /* Enable SPI peripheral */
1649:Drivers/STM32G0xx_HAL_Driver/Src/stm32g0xx_hal_spi.c ****     __HAL_SPI_ENABLE(hspi);
1650:Drivers/STM32G0xx_HAL_Driver/Src/stm32g0xx_hal_spi.c ****   }
1651:Drivers/STM32G0xx_HAL_Driver/Src/stm32g0xx_hal_spi.c **** 
1652:Drivers/STM32G0xx_HAL_Driver/Src/stm32g0xx_hal_spi.c ****   /* Process Unlocked */
1653:Drivers/STM32G0xx_HAL_Driver/Src/stm32g0xx_hal_spi.c ****   __HAL_UNLOCK(hspi);
1654:Drivers/STM32G0xx_HAL_Driver/Src/stm32g0xx_hal_spi.c ****   /* Enable TXE and ERR interrupt */
1655:Drivers/STM32G0xx_HAL_Driver/Src/stm32g0xx_hal_spi.c ****   __HAL_SPI_ENABLE_IT(hspi, (SPI_IT_TXE | SPI_IT_ERR));
1656:Drivers/STM32G0xx_HAL_Driver/Src/stm32g0xx_hal_spi.c **** 
1657:Drivers/STM32G0xx_HAL_Driver/Src/stm32g0xx_hal_spi.c ****   return HAL_OK;
1658:Drivers/STM32G0xx_HAL_Driver/Src/stm32g0xx_hal_spi.c **** }
1659:Drivers/STM32G0xx_HAL_Driver/Src/stm32g0xx_hal_spi.c **** 
1660:Drivers/STM32G0xx_HAL_Driver/Src/stm32g0xx_hal_spi.c **** /**
1661:Drivers/STM32G0xx_HAL_Driver/Src/stm32g0xx_hal_spi.c ****   * @brief  Receive an amount of data in non-blocking mode with Interrupt.
1662:Drivers/STM32G0xx_HAL_Driver/Src/stm32g0xx_hal_spi.c ****   * @param  hspi pointer to a SPI_HandleTypeDef structure that contains
1663:Drivers/STM32G0xx_HAL_Driver/Src/stm32g0xx_hal_spi.c ****   *               the configuration information for SPI module.
1664:Drivers/STM32G0xx_HAL_Driver/Src/stm32g0xx_hal_spi.c ****   * @param  pData pointer to data buffer (u8 or u16 data elements)
1665:Drivers/STM32G0xx_HAL_Driver/Src/stm32g0xx_hal_spi.c ****   * @param  Size amount of data elements (u8 or u16) to be received
1666:Drivers/STM32G0xx_HAL_Driver/Src/stm32g0xx_hal_spi.c ****   * @retval HAL status
1667:Drivers/STM32G0xx_HAL_Driver/Src/stm32g0xx_hal_spi.c ****   */
1668:Drivers/STM32G0xx_HAL_Driver/Src/stm32g0xx_hal_spi.c **** HAL_StatusTypeDef HAL_SPI_Receive_IT(SPI_HandleTypeDef *hspi, uint8_t *pData, uint16_t Size)
1669:Drivers/STM32G0xx_HAL_Driver/Src/stm32g0xx_hal_spi.c **** {
1670:Drivers/STM32G0xx_HAL_Driver/Src/stm32g0xx_hal_spi.c ****   if (hspi->Init.DataSize > SPI_DATASIZE_8BIT)
1671:Drivers/STM32G0xx_HAL_Driver/Src/stm32g0xx_hal_spi.c ****   {
1672:Drivers/STM32G0xx_HAL_Driver/Src/stm32g0xx_hal_spi.c ****     /* in this case, 16-bit access is performed on Data
1673:Drivers/STM32G0xx_HAL_Driver/Src/stm32g0xx_hal_spi.c ****        So, check Data is 16-bit aligned address */
1674:Drivers/STM32G0xx_HAL_Driver/Src/stm32g0xx_hal_spi.c ****     assert_param(IS_SPI_16BIT_ALIGNED_ADDRESS(pData));
1675:Drivers/STM32G0xx_HAL_Driver/Src/stm32g0xx_hal_spi.c ****   }
1676:Drivers/STM32G0xx_HAL_Driver/Src/stm32g0xx_hal_spi.c **** 
1677:Drivers/STM32G0xx_HAL_Driver/Src/stm32g0xx_hal_spi.c **** 
1678:Drivers/STM32G0xx_HAL_Driver/Src/stm32g0xx_hal_spi.c ****   if (hspi->State != HAL_SPI_STATE_READY)
1679:Drivers/STM32G0xx_HAL_Driver/Src/stm32g0xx_hal_spi.c ****   {
1680:Drivers/STM32G0xx_HAL_Driver/Src/stm32g0xx_hal_spi.c ****     return HAL_BUSY;
1681:Drivers/STM32G0xx_HAL_Driver/Src/stm32g0xx_hal_spi.c ****   }
1682:Drivers/STM32G0xx_HAL_Driver/Src/stm32g0xx_hal_spi.c **** 
1683:Drivers/STM32G0xx_HAL_Driver/Src/stm32g0xx_hal_spi.c ****   if ((pData == NULL) || (Size == 0U))
1684:Drivers/STM32G0xx_HAL_Driver/Src/stm32g0xx_hal_spi.c ****   {
1685:Drivers/STM32G0xx_HAL_Driver/Src/stm32g0xx_hal_spi.c ****     return HAL_ERROR;
ARM GAS  C:\Users\Domagoj\AppData\Local\Temp\ccvehG6g.s 			page 31


1686:Drivers/STM32G0xx_HAL_Driver/Src/stm32g0xx_hal_spi.c ****   }
1687:Drivers/STM32G0xx_HAL_Driver/Src/stm32g0xx_hal_spi.c **** 
1688:Drivers/STM32G0xx_HAL_Driver/Src/stm32g0xx_hal_spi.c ****   if ((hspi->Init.Direction == SPI_DIRECTION_2LINES) && (hspi->Init.Mode == SPI_MODE_MASTER))
1689:Drivers/STM32G0xx_HAL_Driver/Src/stm32g0xx_hal_spi.c ****   {
1690:Drivers/STM32G0xx_HAL_Driver/Src/stm32g0xx_hal_spi.c ****     hspi->State = HAL_SPI_STATE_BUSY_RX;
1691:Drivers/STM32G0xx_HAL_Driver/Src/stm32g0xx_hal_spi.c ****     /* Call transmit-receive function to send Dummy data on Tx line and generate clock on CLK line 
1692:Drivers/STM32G0xx_HAL_Driver/Src/stm32g0xx_hal_spi.c ****     return HAL_SPI_TransmitReceive_IT(hspi, pData, pData, Size);
1693:Drivers/STM32G0xx_HAL_Driver/Src/stm32g0xx_hal_spi.c ****   }
1694:Drivers/STM32G0xx_HAL_Driver/Src/stm32g0xx_hal_spi.c **** 
1695:Drivers/STM32G0xx_HAL_Driver/Src/stm32g0xx_hal_spi.c **** 
1696:Drivers/STM32G0xx_HAL_Driver/Src/stm32g0xx_hal_spi.c ****   /* Process Locked */
1697:Drivers/STM32G0xx_HAL_Driver/Src/stm32g0xx_hal_spi.c ****   __HAL_LOCK(hspi);
1698:Drivers/STM32G0xx_HAL_Driver/Src/stm32g0xx_hal_spi.c **** 
1699:Drivers/STM32G0xx_HAL_Driver/Src/stm32g0xx_hal_spi.c ****   /* Set the transaction information */
1700:Drivers/STM32G0xx_HAL_Driver/Src/stm32g0xx_hal_spi.c ****   hspi->State       = HAL_SPI_STATE_BUSY_RX;
1701:Drivers/STM32G0xx_HAL_Driver/Src/stm32g0xx_hal_spi.c ****   hspi->ErrorCode   = HAL_SPI_ERROR_NONE;
1702:Drivers/STM32G0xx_HAL_Driver/Src/stm32g0xx_hal_spi.c ****   hspi->pRxBuffPtr  = (uint8_t *)pData;
1703:Drivers/STM32G0xx_HAL_Driver/Src/stm32g0xx_hal_spi.c ****   hspi->RxXferSize  = Size;
1704:Drivers/STM32G0xx_HAL_Driver/Src/stm32g0xx_hal_spi.c ****   hspi->RxXferCount = Size;
1705:Drivers/STM32G0xx_HAL_Driver/Src/stm32g0xx_hal_spi.c **** 
1706:Drivers/STM32G0xx_HAL_Driver/Src/stm32g0xx_hal_spi.c ****   /* Init field not used in handle to zero */
1707:Drivers/STM32G0xx_HAL_Driver/Src/stm32g0xx_hal_spi.c ****   hspi->pTxBuffPtr  = (uint8_t *)NULL;
1708:Drivers/STM32G0xx_HAL_Driver/Src/stm32g0xx_hal_spi.c ****   hspi->TxXferSize  = 0U;
1709:Drivers/STM32G0xx_HAL_Driver/Src/stm32g0xx_hal_spi.c ****   hspi->TxXferCount = 0U;
1710:Drivers/STM32G0xx_HAL_Driver/Src/stm32g0xx_hal_spi.c ****   hspi->TxISR       = NULL;
1711:Drivers/STM32G0xx_HAL_Driver/Src/stm32g0xx_hal_spi.c **** 
1712:Drivers/STM32G0xx_HAL_Driver/Src/stm32g0xx_hal_spi.c ****   /* Check the data size to adapt Rx threshold and the set the function for IT treatment */
1713:Drivers/STM32G0xx_HAL_Driver/Src/stm32g0xx_hal_spi.c ****   if (hspi->Init.DataSize > SPI_DATASIZE_8BIT)
1714:Drivers/STM32G0xx_HAL_Driver/Src/stm32g0xx_hal_spi.c ****   {
1715:Drivers/STM32G0xx_HAL_Driver/Src/stm32g0xx_hal_spi.c ****     /* Set RX Fifo threshold according the reception data length: 16 bit */
1716:Drivers/STM32G0xx_HAL_Driver/Src/stm32g0xx_hal_spi.c ****     CLEAR_BIT(hspi->Instance->CR2, SPI_RXFIFO_THRESHOLD);
1717:Drivers/STM32G0xx_HAL_Driver/Src/stm32g0xx_hal_spi.c ****     hspi->RxISR = SPI_RxISR_16BIT;
1718:Drivers/STM32G0xx_HAL_Driver/Src/stm32g0xx_hal_spi.c ****   }
1719:Drivers/STM32G0xx_HAL_Driver/Src/stm32g0xx_hal_spi.c ****   else
1720:Drivers/STM32G0xx_HAL_Driver/Src/stm32g0xx_hal_spi.c ****   {
1721:Drivers/STM32G0xx_HAL_Driver/Src/stm32g0xx_hal_spi.c ****     /* Set RX Fifo threshold according the reception data length: 8 bit */
1722:Drivers/STM32G0xx_HAL_Driver/Src/stm32g0xx_hal_spi.c ****     SET_BIT(hspi->Instance->CR2, SPI_RXFIFO_THRESHOLD);
1723:Drivers/STM32G0xx_HAL_Driver/Src/stm32g0xx_hal_spi.c ****     hspi->RxISR = SPI_RxISR_8BIT;
1724:Drivers/STM32G0xx_HAL_Driver/Src/stm32g0xx_hal_spi.c ****   }
1725:Drivers/STM32G0xx_HAL_Driver/Src/stm32g0xx_hal_spi.c **** 
1726:Drivers/STM32G0xx_HAL_Driver/Src/stm32g0xx_hal_spi.c ****   /* Configure communication direction : 1Line */
1727:Drivers/STM32G0xx_HAL_Driver/Src/stm32g0xx_hal_spi.c ****   if (hspi->Init.Direction == SPI_DIRECTION_1LINE)
1728:Drivers/STM32G0xx_HAL_Driver/Src/stm32g0xx_hal_spi.c ****   {
1729:Drivers/STM32G0xx_HAL_Driver/Src/stm32g0xx_hal_spi.c ****     /* Disable SPI Peripheral before set 1Line direction (BIDIOE bit) */
1730:Drivers/STM32G0xx_HAL_Driver/Src/stm32g0xx_hal_spi.c ****     __HAL_SPI_DISABLE(hspi);
1731:Drivers/STM32G0xx_HAL_Driver/Src/stm32g0xx_hal_spi.c ****     SPI_1LINE_RX(hspi);
1732:Drivers/STM32G0xx_HAL_Driver/Src/stm32g0xx_hal_spi.c ****   }
1733:Drivers/STM32G0xx_HAL_Driver/Src/stm32g0xx_hal_spi.c **** 
1734:Drivers/STM32G0xx_HAL_Driver/Src/stm32g0xx_hal_spi.c **** #if (USE_SPI_CRC != 0U)
1735:Drivers/STM32G0xx_HAL_Driver/Src/stm32g0xx_hal_spi.c ****   /* Reset CRC Calculation */
1736:Drivers/STM32G0xx_HAL_Driver/Src/stm32g0xx_hal_spi.c ****   if (hspi->Init.CRCCalculation == SPI_CRCCALCULATION_ENABLE)
1737:Drivers/STM32G0xx_HAL_Driver/Src/stm32g0xx_hal_spi.c ****   {
1738:Drivers/STM32G0xx_HAL_Driver/Src/stm32g0xx_hal_spi.c ****     hspi->CRCSize = 1U;
1739:Drivers/STM32G0xx_HAL_Driver/Src/stm32g0xx_hal_spi.c ****     if ((hspi->Init.DataSize <= SPI_DATASIZE_8BIT) && (hspi->Init.CRCLength == SPI_CRC_LENGTH_16BIT
1740:Drivers/STM32G0xx_HAL_Driver/Src/stm32g0xx_hal_spi.c ****     {
1741:Drivers/STM32G0xx_HAL_Driver/Src/stm32g0xx_hal_spi.c ****       hspi->CRCSize = 2U;
1742:Drivers/STM32G0xx_HAL_Driver/Src/stm32g0xx_hal_spi.c ****     }
ARM GAS  C:\Users\Domagoj\AppData\Local\Temp\ccvehG6g.s 			page 32


1743:Drivers/STM32G0xx_HAL_Driver/Src/stm32g0xx_hal_spi.c ****     SPI_RESET_CRC(hspi);
1744:Drivers/STM32G0xx_HAL_Driver/Src/stm32g0xx_hal_spi.c ****   }
1745:Drivers/STM32G0xx_HAL_Driver/Src/stm32g0xx_hal_spi.c ****   else
1746:Drivers/STM32G0xx_HAL_Driver/Src/stm32g0xx_hal_spi.c ****   {
1747:Drivers/STM32G0xx_HAL_Driver/Src/stm32g0xx_hal_spi.c ****     hspi->CRCSize = 0U;
1748:Drivers/STM32G0xx_HAL_Driver/Src/stm32g0xx_hal_spi.c ****   }
1749:Drivers/STM32G0xx_HAL_Driver/Src/stm32g0xx_hal_spi.c **** #endif /* USE_SPI_CRC */
1750:Drivers/STM32G0xx_HAL_Driver/Src/stm32g0xx_hal_spi.c **** 
1751:Drivers/STM32G0xx_HAL_Driver/Src/stm32g0xx_hal_spi.c ****   /* Note : The SPI must be enabled after unlocking current process
1752:Drivers/STM32G0xx_HAL_Driver/Src/stm32g0xx_hal_spi.c ****             to avoid the risk of SPI interrupt handle execution before current
1753:Drivers/STM32G0xx_HAL_Driver/Src/stm32g0xx_hal_spi.c ****             process unlock */
1754:Drivers/STM32G0xx_HAL_Driver/Src/stm32g0xx_hal_spi.c **** 
1755:Drivers/STM32G0xx_HAL_Driver/Src/stm32g0xx_hal_spi.c ****   /* Check if the SPI is already enabled */
1756:Drivers/STM32G0xx_HAL_Driver/Src/stm32g0xx_hal_spi.c ****   if ((hspi->Instance->CR1 & SPI_CR1_SPE) != SPI_CR1_SPE)
1757:Drivers/STM32G0xx_HAL_Driver/Src/stm32g0xx_hal_spi.c ****   {
1758:Drivers/STM32G0xx_HAL_Driver/Src/stm32g0xx_hal_spi.c ****     /* Enable SPI peripheral */
1759:Drivers/STM32G0xx_HAL_Driver/Src/stm32g0xx_hal_spi.c ****     __HAL_SPI_ENABLE(hspi);
1760:Drivers/STM32G0xx_HAL_Driver/Src/stm32g0xx_hal_spi.c ****   }
1761:Drivers/STM32G0xx_HAL_Driver/Src/stm32g0xx_hal_spi.c **** 
1762:Drivers/STM32G0xx_HAL_Driver/Src/stm32g0xx_hal_spi.c ****   /* Process Unlocked */
1763:Drivers/STM32G0xx_HAL_Driver/Src/stm32g0xx_hal_spi.c ****   __HAL_UNLOCK(hspi);
1764:Drivers/STM32G0xx_HAL_Driver/Src/stm32g0xx_hal_spi.c ****   /* Enable RXNE and ERR interrupt */
1765:Drivers/STM32G0xx_HAL_Driver/Src/stm32g0xx_hal_spi.c ****   __HAL_SPI_ENABLE_IT(hspi, (SPI_IT_RXNE | SPI_IT_ERR));
1766:Drivers/STM32G0xx_HAL_Driver/Src/stm32g0xx_hal_spi.c **** 
1767:Drivers/STM32G0xx_HAL_Driver/Src/stm32g0xx_hal_spi.c ****   return HAL_OK;
1768:Drivers/STM32G0xx_HAL_Driver/Src/stm32g0xx_hal_spi.c **** }
1769:Drivers/STM32G0xx_HAL_Driver/Src/stm32g0xx_hal_spi.c **** 
1770:Drivers/STM32G0xx_HAL_Driver/Src/stm32g0xx_hal_spi.c **** /**
1771:Drivers/STM32G0xx_HAL_Driver/Src/stm32g0xx_hal_spi.c ****   * @brief  Transmit and Receive an amount of data in non-blocking mode with Interrupt.
1772:Drivers/STM32G0xx_HAL_Driver/Src/stm32g0xx_hal_spi.c ****   * @param  hspi pointer to a SPI_HandleTypeDef structure that contains
1773:Drivers/STM32G0xx_HAL_Driver/Src/stm32g0xx_hal_spi.c ****   *               the configuration information for SPI module.
1774:Drivers/STM32G0xx_HAL_Driver/Src/stm32g0xx_hal_spi.c ****   * @param  pTxData pointer to transmission data buffer (u8 or u16 data elements)
1775:Drivers/STM32G0xx_HAL_Driver/Src/stm32g0xx_hal_spi.c ****   * @param  pRxData pointer to reception data buffer (u8 or u16 data elements)
1776:Drivers/STM32G0xx_HAL_Driver/Src/stm32g0xx_hal_spi.c ****   * @param  Size amount of data elements (u8 or u16) to be sent and received
1777:Drivers/STM32G0xx_HAL_Driver/Src/stm32g0xx_hal_spi.c ****   * @retval HAL status
1778:Drivers/STM32G0xx_HAL_Driver/Src/stm32g0xx_hal_spi.c ****   */
1779:Drivers/STM32G0xx_HAL_Driver/Src/stm32g0xx_hal_spi.c **** HAL_StatusTypeDef HAL_SPI_TransmitReceive_IT(SPI_HandleTypeDef *hspi, const uint8_t *pTxData, uint8
1780:Drivers/STM32G0xx_HAL_Driver/Src/stm32g0xx_hal_spi.c ****                                              uint16_t Size)
1781:Drivers/STM32G0xx_HAL_Driver/Src/stm32g0xx_hal_spi.c **** {
1782:Drivers/STM32G0xx_HAL_Driver/Src/stm32g0xx_hal_spi.c ****   uint32_t             tmp_mode;
1783:Drivers/STM32G0xx_HAL_Driver/Src/stm32g0xx_hal_spi.c ****   HAL_SPI_StateTypeDef tmp_state;
1784:Drivers/STM32G0xx_HAL_Driver/Src/stm32g0xx_hal_spi.c **** 
1785:Drivers/STM32G0xx_HAL_Driver/Src/stm32g0xx_hal_spi.c ****   if (hspi->Init.DataSize > SPI_DATASIZE_8BIT)
1786:Drivers/STM32G0xx_HAL_Driver/Src/stm32g0xx_hal_spi.c ****   {
1787:Drivers/STM32G0xx_HAL_Driver/Src/stm32g0xx_hal_spi.c ****     /* in this case, 16-bit access is performed on Data
1788:Drivers/STM32G0xx_HAL_Driver/Src/stm32g0xx_hal_spi.c ****        So, check Data is 16-bit aligned address */
1789:Drivers/STM32G0xx_HAL_Driver/Src/stm32g0xx_hal_spi.c ****     assert_param(IS_SPI_16BIT_ALIGNED_ADDRESS(pTxData));
1790:Drivers/STM32G0xx_HAL_Driver/Src/stm32g0xx_hal_spi.c ****     assert_param(IS_SPI_16BIT_ALIGNED_ADDRESS(pRxData));
1791:Drivers/STM32G0xx_HAL_Driver/Src/stm32g0xx_hal_spi.c ****   }
1792:Drivers/STM32G0xx_HAL_Driver/Src/stm32g0xx_hal_spi.c **** 
1793:Drivers/STM32G0xx_HAL_Driver/Src/stm32g0xx_hal_spi.c ****   /* Check Direction parameter */
1794:Drivers/STM32G0xx_HAL_Driver/Src/stm32g0xx_hal_spi.c ****   assert_param(IS_SPI_DIRECTION_2LINES(hspi->Init.Direction));
1795:Drivers/STM32G0xx_HAL_Driver/Src/stm32g0xx_hal_spi.c **** 
1796:Drivers/STM32G0xx_HAL_Driver/Src/stm32g0xx_hal_spi.c ****   /* Init temporary variables */
1797:Drivers/STM32G0xx_HAL_Driver/Src/stm32g0xx_hal_spi.c ****   tmp_state           = hspi->State;
1798:Drivers/STM32G0xx_HAL_Driver/Src/stm32g0xx_hal_spi.c ****   tmp_mode            = hspi->Init.Mode;
1799:Drivers/STM32G0xx_HAL_Driver/Src/stm32g0xx_hal_spi.c **** 
ARM GAS  C:\Users\Domagoj\AppData\Local\Temp\ccvehG6g.s 			page 33


1800:Drivers/STM32G0xx_HAL_Driver/Src/stm32g0xx_hal_spi.c ****   if (!((tmp_state == HAL_SPI_STATE_READY) || \
1801:Drivers/STM32G0xx_HAL_Driver/Src/stm32g0xx_hal_spi.c ****         ((tmp_mode == SPI_MODE_MASTER) && (hspi->Init.Direction == SPI_DIRECTION_2LINES) &&
1802:Drivers/STM32G0xx_HAL_Driver/Src/stm32g0xx_hal_spi.c ****          (tmp_state == HAL_SPI_STATE_BUSY_RX))))
1803:Drivers/STM32G0xx_HAL_Driver/Src/stm32g0xx_hal_spi.c ****   {
1804:Drivers/STM32G0xx_HAL_Driver/Src/stm32g0xx_hal_spi.c ****     return HAL_BUSY;
1805:Drivers/STM32G0xx_HAL_Driver/Src/stm32g0xx_hal_spi.c ****   }
1806:Drivers/STM32G0xx_HAL_Driver/Src/stm32g0xx_hal_spi.c **** 
1807:Drivers/STM32G0xx_HAL_Driver/Src/stm32g0xx_hal_spi.c ****   if ((pTxData == NULL) || (pRxData == NULL) || (Size == 0U))
1808:Drivers/STM32G0xx_HAL_Driver/Src/stm32g0xx_hal_spi.c ****   {
1809:Drivers/STM32G0xx_HAL_Driver/Src/stm32g0xx_hal_spi.c ****     return HAL_ERROR;
1810:Drivers/STM32G0xx_HAL_Driver/Src/stm32g0xx_hal_spi.c ****   }
1811:Drivers/STM32G0xx_HAL_Driver/Src/stm32g0xx_hal_spi.c **** 
1812:Drivers/STM32G0xx_HAL_Driver/Src/stm32g0xx_hal_spi.c ****   /* Process locked */
1813:Drivers/STM32G0xx_HAL_Driver/Src/stm32g0xx_hal_spi.c ****   __HAL_LOCK(hspi);
1814:Drivers/STM32G0xx_HAL_Driver/Src/stm32g0xx_hal_spi.c **** 
1815:Drivers/STM32G0xx_HAL_Driver/Src/stm32g0xx_hal_spi.c ****   /* Don't overwrite in case of HAL_SPI_STATE_BUSY_RX */
1816:Drivers/STM32G0xx_HAL_Driver/Src/stm32g0xx_hal_spi.c ****   if (hspi->State != HAL_SPI_STATE_BUSY_RX)
1817:Drivers/STM32G0xx_HAL_Driver/Src/stm32g0xx_hal_spi.c ****   {
1818:Drivers/STM32G0xx_HAL_Driver/Src/stm32g0xx_hal_spi.c ****     hspi->State = HAL_SPI_STATE_BUSY_TX_RX;
1819:Drivers/STM32G0xx_HAL_Driver/Src/stm32g0xx_hal_spi.c ****   }
1820:Drivers/STM32G0xx_HAL_Driver/Src/stm32g0xx_hal_spi.c **** 
1821:Drivers/STM32G0xx_HAL_Driver/Src/stm32g0xx_hal_spi.c ****   /* Set the transaction information */
1822:Drivers/STM32G0xx_HAL_Driver/Src/stm32g0xx_hal_spi.c ****   hspi->ErrorCode   = HAL_SPI_ERROR_NONE;
1823:Drivers/STM32G0xx_HAL_Driver/Src/stm32g0xx_hal_spi.c ****   hspi->pTxBuffPtr  = (const uint8_t *)pTxData;
1824:Drivers/STM32G0xx_HAL_Driver/Src/stm32g0xx_hal_spi.c ****   hspi->TxXferSize  = Size;
1825:Drivers/STM32G0xx_HAL_Driver/Src/stm32g0xx_hal_spi.c ****   hspi->TxXferCount = Size;
1826:Drivers/STM32G0xx_HAL_Driver/Src/stm32g0xx_hal_spi.c ****   hspi->pRxBuffPtr  = (uint8_t *)pRxData;
1827:Drivers/STM32G0xx_HAL_Driver/Src/stm32g0xx_hal_spi.c ****   hspi->RxXferSize  = Size;
1828:Drivers/STM32G0xx_HAL_Driver/Src/stm32g0xx_hal_spi.c ****   hspi->RxXferCount = Size;
1829:Drivers/STM32G0xx_HAL_Driver/Src/stm32g0xx_hal_spi.c **** 
1830:Drivers/STM32G0xx_HAL_Driver/Src/stm32g0xx_hal_spi.c ****   /* Set the function for IT treatment */
1831:Drivers/STM32G0xx_HAL_Driver/Src/stm32g0xx_hal_spi.c ****   if (hspi->Init.DataSize > SPI_DATASIZE_8BIT)
1832:Drivers/STM32G0xx_HAL_Driver/Src/stm32g0xx_hal_spi.c ****   {
1833:Drivers/STM32G0xx_HAL_Driver/Src/stm32g0xx_hal_spi.c ****     hspi->RxISR     = SPI_2linesRxISR_16BIT;
1834:Drivers/STM32G0xx_HAL_Driver/Src/stm32g0xx_hal_spi.c ****     hspi->TxISR     = SPI_2linesTxISR_16BIT;
1835:Drivers/STM32G0xx_HAL_Driver/Src/stm32g0xx_hal_spi.c ****   }
1836:Drivers/STM32G0xx_HAL_Driver/Src/stm32g0xx_hal_spi.c ****   else
1837:Drivers/STM32G0xx_HAL_Driver/Src/stm32g0xx_hal_spi.c ****   {
1838:Drivers/STM32G0xx_HAL_Driver/Src/stm32g0xx_hal_spi.c ****     hspi->RxISR     = SPI_2linesRxISR_8BIT;
1839:Drivers/STM32G0xx_HAL_Driver/Src/stm32g0xx_hal_spi.c ****     hspi->TxISR     = SPI_2linesTxISR_8BIT;
1840:Drivers/STM32G0xx_HAL_Driver/Src/stm32g0xx_hal_spi.c ****   }
1841:Drivers/STM32G0xx_HAL_Driver/Src/stm32g0xx_hal_spi.c **** 
1842:Drivers/STM32G0xx_HAL_Driver/Src/stm32g0xx_hal_spi.c **** #if (USE_SPI_CRC != 0U)
1843:Drivers/STM32G0xx_HAL_Driver/Src/stm32g0xx_hal_spi.c ****   /* Reset CRC Calculation */
1844:Drivers/STM32G0xx_HAL_Driver/Src/stm32g0xx_hal_spi.c ****   if (hspi->Init.CRCCalculation == SPI_CRCCALCULATION_ENABLE)
1845:Drivers/STM32G0xx_HAL_Driver/Src/stm32g0xx_hal_spi.c ****   {
1846:Drivers/STM32G0xx_HAL_Driver/Src/stm32g0xx_hal_spi.c ****     hspi->CRCSize = 1U;
1847:Drivers/STM32G0xx_HAL_Driver/Src/stm32g0xx_hal_spi.c ****     if ((hspi->Init.DataSize <= SPI_DATASIZE_8BIT) && (hspi->Init.CRCLength == SPI_CRC_LENGTH_16BIT
1848:Drivers/STM32G0xx_HAL_Driver/Src/stm32g0xx_hal_spi.c ****     {
1849:Drivers/STM32G0xx_HAL_Driver/Src/stm32g0xx_hal_spi.c ****       hspi->CRCSize = 2U;
1850:Drivers/STM32G0xx_HAL_Driver/Src/stm32g0xx_hal_spi.c ****     }
1851:Drivers/STM32G0xx_HAL_Driver/Src/stm32g0xx_hal_spi.c ****     SPI_RESET_CRC(hspi);
1852:Drivers/STM32G0xx_HAL_Driver/Src/stm32g0xx_hal_spi.c ****   }
1853:Drivers/STM32G0xx_HAL_Driver/Src/stm32g0xx_hal_spi.c ****   else
1854:Drivers/STM32G0xx_HAL_Driver/Src/stm32g0xx_hal_spi.c ****   {
1855:Drivers/STM32G0xx_HAL_Driver/Src/stm32g0xx_hal_spi.c ****     hspi->CRCSize = 0U;
1856:Drivers/STM32G0xx_HAL_Driver/Src/stm32g0xx_hal_spi.c ****   }
ARM GAS  C:\Users\Domagoj\AppData\Local\Temp\ccvehG6g.s 			page 34


1857:Drivers/STM32G0xx_HAL_Driver/Src/stm32g0xx_hal_spi.c **** #endif /* USE_SPI_CRC */
1858:Drivers/STM32G0xx_HAL_Driver/Src/stm32g0xx_hal_spi.c **** 
1859:Drivers/STM32G0xx_HAL_Driver/Src/stm32g0xx_hal_spi.c ****   /* Check if packing mode is enabled and if there is more than 2 data to receive */
1860:Drivers/STM32G0xx_HAL_Driver/Src/stm32g0xx_hal_spi.c ****   if ((hspi->Init.DataSize > SPI_DATASIZE_8BIT) || (Size >= 2U))
1861:Drivers/STM32G0xx_HAL_Driver/Src/stm32g0xx_hal_spi.c ****   {
1862:Drivers/STM32G0xx_HAL_Driver/Src/stm32g0xx_hal_spi.c ****     /* Set RX Fifo threshold according the reception data length: 16 bit */
1863:Drivers/STM32G0xx_HAL_Driver/Src/stm32g0xx_hal_spi.c ****     CLEAR_BIT(hspi->Instance->CR2, SPI_RXFIFO_THRESHOLD);
1864:Drivers/STM32G0xx_HAL_Driver/Src/stm32g0xx_hal_spi.c ****   }
1865:Drivers/STM32G0xx_HAL_Driver/Src/stm32g0xx_hal_spi.c ****   else
1866:Drivers/STM32G0xx_HAL_Driver/Src/stm32g0xx_hal_spi.c ****   {
1867:Drivers/STM32G0xx_HAL_Driver/Src/stm32g0xx_hal_spi.c ****     /* Set RX Fifo threshold according the reception data length: 8 bit */
1868:Drivers/STM32G0xx_HAL_Driver/Src/stm32g0xx_hal_spi.c ****     SET_BIT(hspi->Instance->CR2, SPI_RXFIFO_THRESHOLD);
1869:Drivers/STM32G0xx_HAL_Driver/Src/stm32g0xx_hal_spi.c ****   }
1870:Drivers/STM32G0xx_HAL_Driver/Src/stm32g0xx_hal_spi.c **** 
1871:Drivers/STM32G0xx_HAL_Driver/Src/stm32g0xx_hal_spi.c **** 
1872:Drivers/STM32G0xx_HAL_Driver/Src/stm32g0xx_hal_spi.c ****   /* Check if the SPI is already enabled */
1873:Drivers/STM32G0xx_HAL_Driver/Src/stm32g0xx_hal_spi.c ****   if ((hspi->Instance->CR1 & SPI_CR1_SPE) != SPI_CR1_SPE)
1874:Drivers/STM32G0xx_HAL_Driver/Src/stm32g0xx_hal_spi.c ****   {
1875:Drivers/STM32G0xx_HAL_Driver/Src/stm32g0xx_hal_spi.c ****     /* Enable SPI peripheral */
1876:Drivers/STM32G0xx_HAL_Driver/Src/stm32g0xx_hal_spi.c ****     __HAL_SPI_ENABLE(hspi);
1877:Drivers/STM32G0xx_HAL_Driver/Src/stm32g0xx_hal_spi.c ****   }
1878:Drivers/STM32G0xx_HAL_Driver/Src/stm32g0xx_hal_spi.c **** 
1879:Drivers/STM32G0xx_HAL_Driver/Src/stm32g0xx_hal_spi.c ****   /* Process Unlocked */
1880:Drivers/STM32G0xx_HAL_Driver/Src/stm32g0xx_hal_spi.c ****   __HAL_UNLOCK(hspi);
1881:Drivers/STM32G0xx_HAL_Driver/Src/stm32g0xx_hal_spi.c ****   /* Enable TXE, RXNE and ERR interrupt */
1882:Drivers/STM32G0xx_HAL_Driver/Src/stm32g0xx_hal_spi.c ****   __HAL_SPI_ENABLE_IT(hspi, (SPI_IT_TXE | SPI_IT_RXNE | SPI_IT_ERR));
1883:Drivers/STM32G0xx_HAL_Driver/Src/stm32g0xx_hal_spi.c **** 
1884:Drivers/STM32G0xx_HAL_Driver/Src/stm32g0xx_hal_spi.c ****   return HAL_OK;
1885:Drivers/STM32G0xx_HAL_Driver/Src/stm32g0xx_hal_spi.c **** }
1886:Drivers/STM32G0xx_HAL_Driver/Src/stm32g0xx_hal_spi.c **** 
1887:Drivers/STM32G0xx_HAL_Driver/Src/stm32g0xx_hal_spi.c **** /**
1888:Drivers/STM32G0xx_HAL_Driver/Src/stm32g0xx_hal_spi.c ****   * @brief  Transmit an amount of data in non-blocking mode with DMA.
1889:Drivers/STM32G0xx_HAL_Driver/Src/stm32g0xx_hal_spi.c ****   * @param  hspi pointer to a SPI_HandleTypeDef structure that contains
1890:Drivers/STM32G0xx_HAL_Driver/Src/stm32g0xx_hal_spi.c ****   *               the configuration information for SPI module.
1891:Drivers/STM32G0xx_HAL_Driver/Src/stm32g0xx_hal_spi.c ****   * @param  pData pointer to data buffer  (u8 or u16 data elements)
1892:Drivers/STM32G0xx_HAL_Driver/Src/stm32g0xx_hal_spi.c ****   * @param  Size amount of data elements (u8 or u16) to be sent
1893:Drivers/STM32G0xx_HAL_Driver/Src/stm32g0xx_hal_spi.c ****   * @retval HAL status
1894:Drivers/STM32G0xx_HAL_Driver/Src/stm32g0xx_hal_spi.c ****   */
1895:Drivers/STM32G0xx_HAL_Driver/Src/stm32g0xx_hal_spi.c **** HAL_StatusTypeDef HAL_SPI_Transmit_DMA(SPI_HandleTypeDef *hspi, const uint8_t *pData, uint16_t Size
1896:Drivers/STM32G0xx_HAL_Driver/Src/stm32g0xx_hal_spi.c **** {
1897:Drivers/STM32G0xx_HAL_Driver/Src/stm32g0xx_hal_spi.c **** 
1898:Drivers/STM32G0xx_HAL_Driver/Src/stm32g0xx_hal_spi.c ****   /* Check tx dma handle */
1899:Drivers/STM32G0xx_HAL_Driver/Src/stm32g0xx_hal_spi.c ****   assert_param(IS_SPI_DMA_HANDLE(hspi->hdmatx));
1900:Drivers/STM32G0xx_HAL_Driver/Src/stm32g0xx_hal_spi.c **** 
1901:Drivers/STM32G0xx_HAL_Driver/Src/stm32g0xx_hal_spi.c ****   /* Check Direction parameter */
1902:Drivers/STM32G0xx_HAL_Driver/Src/stm32g0xx_hal_spi.c ****   assert_param(IS_SPI_DIRECTION_2LINES_OR_1LINE(hspi->Init.Direction));
1903:Drivers/STM32G0xx_HAL_Driver/Src/stm32g0xx_hal_spi.c **** 
1904:Drivers/STM32G0xx_HAL_Driver/Src/stm32g0xx_hal_spi.c ****   if (hspi->State != HAL_SPI_STATE_READY)
1905:Drivers/STM32G0xx_HAL_Driver/Src/stm32g0xx_hal_spi.c ****   {
1906:Drivers/STM32G0xx_HAL_Driver/Src/stm32g0xx_hal_spi.c ****     return HAL_BUSY;
1907:Drivers/STM32G0xx_HAL_Driver/Src/stm32g0xx_hal_spi.c ****   }
1908:Drivers/STM32G0xx_HAL_Driver/Src/stm32g0xx_hal_spi.c **** 
1909:Drivers/STM32G0xx_HAL_Driver/Src/stm32g0xx_hal_spi.c ****   if ((pData == NULL) || (Size == 0U))
1910:Drivers/STM32G0xx_HAL_Driver/Src/stm32g0xx_hal_spi.c ****   {
1911:Drivers/STM32G0xx_HAL_Driver/Src/stm32g0xx_hal_spi.c ****     return HAL_ERROR;
1912:Drivers/STM32G0xx_HAL_Driver/Src/stm32g0xx_hal_spi.c ****   }
1913:Drivers/STM32G0xx_HAL_Driver/Src/stm32g0xx_hal_spi.c **** 
ARM GAS  C:\Users\Domagoj\AppData\Local\Temp\ccvehG6g.s 			page 35


1914:Drivers/STM32G0xx_HAL_Driver/Src/stm32g0xx_hal_spi.c ****   /* Process Locked */
1915:Drivers/STM32G0xx_HAL_Driver/Src/stm32g0xx_hal_spi.c ****   __HAL_LOCK(hspi);
1916:Drivers/STM32G0xx_HAL_Driver/Src/stm32g0xx_hal_spi.c **** 
1917:Drivers/STM32G0xx_HAL_Driver/Src/stm32g0xx_hal_spi.c ****   /* Set the transaction information */
1918:Drivers/STM32G0xx_HAL_Driver/Src/stm32g0xx_hal_spi.c ****   hspi->State       = HAL_SPI_STATE_BUSY_TX;
1919:Drivers/STM32G0xx_HAL_Driver/Src/stm32g0xx_hal_spi.c ****   hspi->ErrorCode   = HAL_SPI_ERROR_NONE;
1920:Drivers/STM32G0xx_HAL_Driver/Src/stm32g0xx_hal_spi.c ****   hspi->pTxBuffPtr  = (const uint8_t *)pData;
1921:Drivers/STM32G0xx_HAL_Driver/Src/stm32g0xx_hal_spi.c ****   hspi->TxXferSize  = Size;
1922:Drivers/STM32G0xx_HAL_Driver/Src/stm32g0xx_hal_spi.c ****   hspi->TxXferCount = Size;
1923:Drivers/STM32G0xx_HAL_Driver/Src/stm32g0xx_hal_spi.c **** 
1924:Drivers/STM32G0xx_HAL_Driver/Src/stm32g0xx_hal_spi.c ****   /* Init field not used in handle to zero */
1925:Drivers/STM32G0xx_HAL_Driver/Src/stm32g0xx_hal_spi.c ****   hspi->pRxBuffPtr  = (uint8_t *)NULL;
1926:Drivers/STM32G0xx_HAL_Driver/Src/stm32g0xx_hal_spi.c ****   hspi->TxISR       = NULL;
1927:Drivers/STM32G0xx_HAL_Driver/Src/stm32g0xx_hal_spi.c ****   hspi->RxISR       = NULL;
1928:Drivers/STM32G0xx_HAL_Driver/Src/stm32g0xx_hal_spi.c ****   hspi->RxXferSize  = 0U;
1929:Drivers/STM32G0xx_HAL_Driver/Src/stm32g0xx_hal_spi.c ****   hspi->RxXferCount = 0U;
1930:Drivers/STM32G0xx_HAL_Driver/Src/stm32g0xx_hal_spi.c **** 
1931:Drivers/STM32G0xx_HAL_Driver/Src/stm32g0xx_hal_spi.c ****   /* Configure communication direction : 1Line */
1932:Drivers/STM32G0xx_HAL_Driver/Src/stm32g0xx_hal_spi.c ****   if (hspi->Init.Direction == SPI_DIRECTION_1LINE)
1933:Drivers/STM32G0xx_HAL_Driver/Src/stm32g0xx_hal_spi.c ****   {
1934:Drivers/STM32G0xx_HAL_Driver/Src/stm32g0xx_hal_spi.c ****     /* Disable SPI Peripheral before set 1Line direction (BIDIOE bit) */
1935:Drivers/STM32G0xx_HAL_Driver/Src/stm32g0xx_hal_spi.c ****     __HAL_SPI_DISABLE(hspi);
1936:Drivers/STM32G0xx_HAL_Driver/Src/stm32g0xx_hal_spi.c ****     SPI_1LINE_TX(hspi);
1937:Drivers/STM32G0xx_HAL_Driver/Src/stm32g0xx_hal_spi.c ****   }
1938:Drivers/STM32G0xx_HAL_Driver/Src/stm32g0xx_hal_spi.c **** 
1939:Drivers/STM32G0xx_HAL_Driver/Src/stm32g0xx_hal_spi.c **** #if (USE_SPI_CRC != 0U)
1940:Drivers/STM32G0xx_HAL_Driver/Src/stm32g0xx_hal_spi.c ****   /* Reset CRC Calculation */
1941:Drivers/STM32G0xx_HAL_Driver/Src/stm32g0xx_hal_spi.c ****   if (hspi->Init.CRCCalculation == SPI_CRCCALCULATION_ENABLE)
1942:Drivers/STM32G0xx_HAL_Driver/Src/stm32g0xx_hal_spi.c ****   {
1943:Drivers/STM32G0xx_HAL_Driver/Src/stm32g0xx_hal_spi.c ****     SPI_RESET_CRC(hspi);
1944:Drivers/STM32G0xx_HAL_Driver/Src/stm32g0xx_hal_spi.c ****   }
1945:Drivers/STM32G0xx_HAL_Driver/Src/stm32g0xx_hal_spi.c **** #endif /* USE_SPI_CRC */
1946:Drivers/STM32G0xx_HAL_Driver/Src/stm32g0xx_hal_spi.c **** 
1947:Drivers/STM32G0xx_HAL_Driver/Src/stm32g0xx_hal_spi.c ****   /* Set the SPI TxDMA Half transfer complete callback */
1948:Drivers/STM32G0xx_HAL_Driver/Src/stm32g0xx_hal_spi.c ****   hspi->hdmatx->XferHalfCpltCallback = SPI_DMAHalfTransmitCplt;
1949:Drivers/STM32G0xx_HAL_Driver/Src/stm32g0xx_hal_spi.c **** 
1950:Drivers/STM32G0xx_HAL_Driver/Src/stm32g0xx_hal_spi.c ****   /* Set the SPI TxDMA transfer complete callback */
1951:Drivers/STM32G0xx_HAL_Driver/Src/stm32g0xx_hal_spi.c ****   hspi->hdmatx->XferCpltCallback = SPI_DMATransmitCplt;
1952:Drivers/STM32G0xx_HAL_Driver/Src/stm32g0xx_hal_spi.c **** 
1953:Drivers/STM32G0xx_HAL_Driver/Src/stm32g0xx_hal_spi.c ****   /* Set the DMA error callback */
1954:Drivers/STM32G0xx_HAL_Driver/Src/stm32g0xx_hal_spi.c ****   hspi->hdmatx->XferErrorCallback = SPI_DMAError;
1955:Drivers/STM32G0xx_HAL_Driver/Src/stm32g0xx_hal_spi.c **** 
1956:Drivers/STM32G0xx_HAL_Driver/Src/stm32g0xx_hal_spi.c ****   /* Set the DMA AbortCpltCallback */
1957:Drivers/STM32G0xx_HAL_Driver/Src/stm32g0xx_hal_spi.c ****   hspi->hdmatx->XferAbortCallback = NULL;
1958:Drivers/STM32G0xx_HAL_Driver/Src/stm32g0xx_hal_spi.c **** 
1959:Drivers/STM32G0xx_HAL_Driver/Src/stm32g0xx_hal_spi.c ****   CLEAR_BIT(hspi->Instance->CR2, SPI_CR2_LDMATX);
1960:Drivers/STM32G0xx_HAL_Driver/Src/stm32g0xx_hal_spi.c ****   /* Packing mode is enabled only if the DMA setting is HALWORD */
1961:Drivers/STM32G0xx_HAL_Driver/Src/stm32g0xx_hal_spi.c ****   if ((hspi->Init.DataSize <= SPI_DATASIZE_8BIT) && (hspi->hdmatx->Init.MemDataAlignment == DMA_MDA
1962:Drivers/STM32G0xx_HAL_Driver/Src/stm32g0xx_hal_spi.c ****   {
1963:Drivers/STM32G0xx_HAL_Driver/Src/stm32g0xx_hal_spi.c ****     /* Check the even/odd of the data size + crc if enabled */
1964:Drivers/STM32G0xx_HAL_Driver/Src/stm32g0xx_hal_spi.c ****     if ((hspi->TxXferCount & 0x1U) == 0U)
1965:Drivers/STM32G0xx_HAL_Driver/Src/stm32g0xx_hal_spi.c ****     {
1966:Drivers/STM32G0xx_HAL_Driver/Src/stm32g0xx_hal_spi.c ****       CLEAR_BIT(hspi->Instance->CR2, SPI_CR2_LDMATX);
1967:Drivers/STM32G0xx_HAL_Driver/Src/stm32g0xx_hal_spi.c ****       hspi->TxXferCount = (hspi->TxXferCount >> 1U);
1968:Drivers/STM32G0xx_HAL_Driver/Src/stm32g0xx_hal_spi.c ****     }
1969:Drivers/STM32G0xx_HAL_Driver/Src/stm32g0xx_hal_spi.c ****     else
1970:Drivers/STM32G0xx_HAL_Driver/Src/stm32g0xx_hal_spi.c ****     {
ARM GAS  C:\Users\Domagoj\AppData\Local\Temp\ccvehG6g.s 			page 36


1971:Drivers/STM32G0xx_HAL_Driver/Src/stm32g0xx_hal_spi.c ****       SET_BIT(hspi->Instance->CR2, SPI_CR2_LDMATX);
1972:Drivers/STM32G0xx_HAL_Driver/Src/stm32g0xx_hal_spi.c ****       hspi->TxXferCount = (hspi->TxXferCount >> 1U) + 1U;
1973:Drivers/STM32G0xx_HAL_Driver/Src/stm32g0xx_hal_spi.c ****     }
1974:Drivers/STM32G0xx_HAL_Driver/Src/stm32g0xx_hal_spi.c ****   }
1975:Drivers/STM32G0xx_HAL_Driver/Src/stm32g0xx_hal_spi.c **** 
1976:Drivers/STM32G0xx_HAL_Driver/Src/stm32g0xx_hal_spi.c ****   /* Enable the Tx DMA Stream/Channel */
1977:Drivers/STM32G0xx_HAL_Driver/Src/stm32g0xx_hal_spi.c ****   if (HAL_OK != HAL_DMA_Start_IT(hspi->hdmatx, (uint32_t)hspi->pTxBuffPtr, (uint32_t)&hspi->Instanc
1978:Drivers/STM32G0xx_HAL_Driver/Src/stm32g0xx_hal_spi.c ****                                  hspi->TxXferCount))
1979:Drivers/STM32G0xx_HAL_Driver/Src/stm32g0xx_hal_spi.c ****   {
1980:Drivers/STM32G0xx_HAL_Driver/Src/stm32g0xx_hal_spi.c ****     /* Update SPI error code */
1981:Drivers/STM32G0xx_HAL_Driver/Src/stm32g0xx_hal_spi.c ****     SET_BIT(hspi->ErrorCode, HAL_SPI_ERROR_DMA);
1982:Drivers/STM32G0xx_HAL_Driver/Src/stm32g0xx_hal_spi.c ****     /* Process Unlocked */
1983:Drivers/STM32G0xx_HAL_Driver/Src/stm32g0xx_hal_spi.c ****     __HAL_UNLOCK(hspi);
1984:Drivers/STM32G0xx_HAL_Driver/Src/stm32g0xx_hal_spi.c ****     return HAL_ERROR;
1985:Drivers/STM32G0xx_HAL_Driver/Src/stm32g0xx_hal_spi.c ****   }
1986:Drivers/STM32G0xx_HAL_Driver/Src/stm32g0xx_hal_spi.c **** 
1987:Drivers/STM32G0xx_HAL_Driver/Src/stm32g0xx_hal_spi.c ****   /* Check if the SPI is already enabled */
1988:Drivers/STM32G0xx_HAL_Driver/Src/stm32g0xx_hal_spi.c ****   if ((hspi->Instance->CR1 & SPI_CR1_SPE) != SPI_CR1_SPE)
1989:Drivers/STM32G0xx_HAL_Driver/Src/stm32g0xx_hal_spi.c ****   {
1990:Drivers/STM32G0xx_HAL_Driver/Src/stm32g0xx_hal_spi.c ****     /* Enable SPI peripheral */
1991:Drivers/STM32G0xx_HAL_Driver/Src/stm32g0xx_hal_spi.c ****     __HAL_SPI_ENABLE(hspi);
1992:Drivers/STM32G0xx_HAL_Driver/Src/stm32g0xx_hal_spi.c ****   }
1993:Drivers/STM32G0xx_HAL_Driver/Src/stm32g0xx_hal_spi.c **** 
1994:Drivers/STM32G0xx_HAL_Driver/Src/stm32g0xx_hal_spi.c ****   /* Process Unlocked */
1995:Drivers/STM32G0xx_HAL_Driver/Src/stm32g0xx_hal_spi.c ****   __HAL_UNLOCK(hspi);
1996:Drivers/STM32G0xx_HAL_Driver/Src/stm32g0xx_hal_spi.c **** 
1997:Drivers/STM32G0xx_HAL_Driver/Src/stm32g0xx_hal_spi.c ****   /* Enable the SPI Error Interrupt Bit */
1998:Drivers/STM32G0xx_HAL_Driver/Src/stm32g0xx_hal_spi.c ****   __HAL_SPI_ENABLE_IT(hspi, (SPI_IT_ERR));
1999:Drivers/STM32G0xx_HAL_Driver/Src/stm32g0xx_hal_spi.c **** 
2000:Drivers/STM32G0xx_HAL_Driver/Src/stm32g0xx_hal_spi.c ****   /* Enable Tx DMA Request */
2001:Drivers/STM32G0xx_HAL_Driver/Src/stm32g0xx_hal_spi.c ****   SET_BIT(hspi->Instance->CR2, SPI_CR2_TXDMAEN);
2002:Drivers/STM32G0xx_HAL_Driver/Src/stm32g0xx_hal_spi.c **** 
2003:Drivers/STM32G0xx_HAL_Driver/Src/stm32g0xx_hal_spi.c ****   return HAL_OK;
2004:Drivers/STM32G0xx_HAL_Driver/Src/stm32g0xx_hal_spi.c **** }
2005:Drivers/STM32G0xx_HAL_Driver/Src/stm32g0xx_hal_spi.c **** 
2006:Drivers/STM32G0xx_HAL_Driver/Src/stm32g0xx_hal_spi.c **** /**
2007:Drivers/STM32G0xx_HAL_Driver/Src/stm32g0xx_hal_spi.c ****   * @brief  Receive an amount of data in non-blocking mode with DMA.
2008:Drivers/STM32G0xx_HAL_Driver/Src/stm32g0xx_hal_spi.c ****   * @note   In case of MASTER mode and SPI_DIRECTION_2LINES direction, hdmatx shall be defined.
2009:Drivers/STM32G0xx_HAL_Driver/Src/stm32g0xx_hal_spi.c ****   * @param  hspi pointer to a SPI_HandleTypeDef structure that contains
2010:Drivers/STM32G0xx_HAL_Driver/Src/stm32g0xx_hal_spi.c ****   *               the configuration information for SPI module.
2011:Drivers/STM32G0xx_HAL_Driver/Src/stm32g0xx_hal_spi.c ****   * @param  pData pointer to data buffer (u8 or u16 data elements)
2012:Drivers/STM32G0xx_HAL_Driver/Src/stm32g0xx_hal_spi.c ****   * @note   When the CRC feature is enabled the pData Length must be Size + 1.
2013:Drivers/STM32G0xx_HAL_Driver/Src/stm32g0xx_hal_spi.c ****   * @param  Size amount of data elements (u8 or u16) to be received
2014:Drivers/STM32G0xx_HAL_Driver/Src/stm32g0xx_hal_spi.c ****   * @retval HAL status
2015:Drivers/STM32G0xx_HAL_Driver/Src/stm32g0xx_hal_spi.c ****   */
2016:Drivers/STM32G0xx_HAL_Driver/Src/stm32g0xx_hal_spi.c **** HAL_StatusTypeDef HAL_SPI_Receive_DMA(SPI_HandleTypeDef *hspi, uint8_t *pData, uint16_t Size)
2017:Drivers/STM32G0xx_HAL_Driver/Src/stm32g0xx_hal_spi.c **** {
2018:Drivers/STM32G0xx_HAL_Driver/Src/stm32g0xx_hal_spi.c ****   /* Check rx dma handle */
2019:Drivers/STM32G0xx_HAL_Driver/Src/stm32g0xx_hal_spi.c ****   assert_param(IS_SPI_DMA_HANDLE(hspi->hdmarx));
2020:Drivers/STM32G0xx_HAL_Driver/Src/stm32g0xx_hal_spi.c **** 
2021:Drivers/STM32G0xx_HAL_Driver/Src/stm32g0xx_hal_spi.c ****   if (hspi->State != HAL_SPI_STATE_READY)
2022:Drivers/STM32G0xx_HAL_Driver/Src/stm32g0xx_hal_spi.c ****   {
2023:Drivers/STM32G0xx_HAL_Driver/Src/stm32g0xx_hal_spi.c ****     return HAL_BUSY;
2024:Drivers/STM32G0xx_HAL_Driver/Src/stm32g0xx_hal_spi.c ****   }
2025:Drivers/STM32G0xx_HAL_Driver/Src/stm32g0xx_hal_spi.c **** 
2026:Drivers/STM32G0xx_HAL_Driver/Src/stm32g0xx_hal_spi.c ****   if ((pData == NULL) || (Size == 0U))
2027:Drivers/STM32G0xx_HAL_Driver/Src/stm32g0xx_hal_spi.c ****   {
ARM GAS  C:\Users\Domagoj\AppData\Local\Temp\ccvehG6g.s 			page 37


2028:Drivers/STM32G0xx_HAL_Driver/Src/stm32g0xx_hal_spi.c ****     return HAL_ERROR;
2029:Drivers/STM32G0xx_HAL_Driver/Src/stm32g0xx_hal_spi.c ****   }
2030:Drivers/STM32G0xx_HAL_Driver/Src/stm32g0xx_hal_spi.c **** 
2031:Drivers/STM32G0xx_HAL_Driver/Src/stm32g0xx_hal_spi.c ****   if ((hspi->Init.Direction == SPI_DIRECTION_2LINES) && (hspi->Init.Mode == SPI_MODE_MASTER))
2032:Drivers/STM32G0xx_HAL_Driver/Src/stm32g0xx_hal_spi.c ****   {
2033:Drivers/STM32G0xx_HAL_Driver/Src/stm32g0xx_hal_spi.c ****     hspi->State = HAL_SPI_STATE_BUSY_RX;
2034:Drivers/STM32G0xx_HAL_Driver/Src/stm32g0xx_hal_spi.c **** 
2035:Drivers/STM32G0xx_HAL_Driver/Src/stm32g0xx_hal_spi.c ****     /* Check tx dma handle */
2036:Drivers/STM32G0xx_HAL_Driver/Src/stm32g0xx_hal_spi.c ****     assert_param(IS_SPI_DMA_HANDLE(hspi->hdmatx));
2037:Drivers/STM32G0xx_HAL_Driver/Src/stm32g0xx_hal_spi.c **** 
2038:Drivers/STM32G0xx_HAL_Driver/Src/stm32g0xx_hal_spi.c ****     /* Call transmit-receive function to send Dummy data on Tx line and generate clock on CLK line 
2039:Drivers/STM32G0xx_HAL_Driver/Src/stm32g0xx_hal_spi.c ****     return HAL_SPI_TransmitReceive_DMA(hspi, pData, pData, Size);
2040:Drivers/STM32G0xx_HAL_Driver/Src/stm32g0xx_hal_spi.c ****   }
2041:Drivers/STM32G0xx_HAL_Driver/Src/stm32g0xx_hal_spi.c **** 
2042:Drivers/STM32G0xx_HAL_Driver/Src/stm32g0xx_hal_spi.c ****   /* Process Locked */
2043:Drivers/STM32G0xx_HAL_Driver/Src/stm32g0xx_hal_spi.c ****   __HAL_LOCK(hspi);
2044:Drivers/STM32G0xx_HAL_Driver/Src/stm32g0xx_hal_spi.c **** 
2045:Drivers/STM32G0xx_HAL_Driver/Src/stm32g0xx_hal_spi.c ****   /* Set the transaction information */
2046:Drivers/STM32G0xx_HAL_Driver/Src/stm32g0xx_hal_spi.c ****   hspi->State       = HAL_SPI_STATE_BUSY_RX;
2047:Drivers/STM32G0xx_HAL_Driver/Src/stm32g0xx_hal_spi.c ****   hspi->ErrorCode   = HAL_SPI_ERROR_NONE;
2048:Drivers/STM32G0xx_HAL_Driver/Src/stm32g0xx_hal_spi.c ****   hspi->pRxBuffPtr  = (uint8_t *)pData;
2049:Drivers/STM32G0xx_HAL_Driver/Src/stm32g0xx_hal_spi.c ****   hspi->RxXferSize  = Size;
2050:Drivers/STM32G0xx_HAL_Driver/Src/stm32g0xx_hal_spi.c ****   hspi->RxXferCount = Size;
2051:Drivers/STM32G0xx_HAL_Driver/Src/stm32g0xx_hal_spi.c **** 
2052:Drivers/STM32G0xx_HAL_Driver/Src/stm32g0xx_hal_spi.c ****   /*Init field not used in handle to zero */
2053:Drivers/STM32G0xx_HAL_Driver/Src/stm32g0xx_hal_spi.c ****   hspi->RxISR       = NULL;
2054:Drivers/STM32G0xx_HAL_Driver/Src/stm32g0xx_hal_spi.c ****   hspi->TxISR       = NULL;
2055:Drivers/STM32G0xx_HAL_Driver/Src/stm32g0xx_hal_spi.c ****   hspi->TxXferSize  = 0U;
2056:Drivers/STM32G0xx_HAL_Driver/Src/stm32g0xx_hal_spi.c ****   hspi->TxXferCount = 0U;
2057:Drivers/STM32G0xx_HAL_Driver/Src/stm32g0xx_hal_spi.c **** 
2058:Drivers/STM32G0xx_HAL_Driver/Src/stm32g0xx_hal_spi.c ****   /* Configure communication direction : 1Line */
2059:Drivers/STM32G0xx_HAL_Driver/Src/stm32g0xx_hal_spi.c ****   if (hspi->Init.Direction == SPI_DIRECTION_1LINE)
2060:Drivers/STM32G0xx_HAL_Driver/Src/stm32g0xx_hal_spi.c ****   {
2061:Drivers/STM32G0xx_HAL_Driver/Src/stm32g0xx_hal_spi.c ****     /* Disable SPI Peripheral before set 1Line direction (BIDIOE bit) */
2062:Drivers/STM32G0xx_HAL_Driver/Src/stm32g0xx_hal_spi.c ****     __HAL_SPI_DISABLE(hspi);
2063:Drivers/STM32G0xx_HAL_Driver/Src/stm32g0xx_hal_spi.c ****     SPI_1LINE_RX(hspi);
2064:Drivers/STM32G0xx_HAL_Driver/Src/stm32g0xx_hal_spi.c ****   }
2065:Drivers/STM32G0xx_HAL_Driver/Src/stm32g0xx_hal_spi.c **** 
2066:Drivers/STM32G0xx_HAL_Driver/Src/stm32g0xx_hal_spi.c **** #if (USE_SPI_CRC != 0U)
2067:Drivers/STM32G0xx_HAL_Driver/Src/stm32g0xx_hal_spi.c ****   /* Reset CRC Calculation */
2068:Drivers/STM32G0xx_HAL_Driver/Src/stm32g0xx_hal_spi.c ****   if (hspi->Init.CRCCalculation == SPI_CRCCALCULATION_ENABLE)
2069:Drivers/STM32G0xx_HAL_Driver/Src/stm32g0xx_hal_spi.c ****   {
2070:Drivers/STM32G0xx_HAL_Driver/Src/stm32g0xx_hal_spi.c ****     SPI_RESET_CRC(hspi);
2071:Drivers/STM32G0xx_HAL_Driver/Src/stm32g0xx_hal_spi.c ****   }
2072:Drivers/STM32G0xx_HAL_Driver/Src/stm32g0xx_hal_spi.c **** #endif /* USE_SPI_CRC */
2073:Drivers/STM32G0xx_HAL_Driver/Src/stm32g0xx_hal_spi.c **** 
2074:Drivers/STM32G0xx_HAL_Driver/Src/stm32g0xx_hal_spi.c **** 
2075:Drivers/STM32G0xx_HAL_Driver/Src/stm32g0xx_hal_spi.c ****   CLEAR_BIT(hspi->Instance->CR2, SPI_CR2_LDMARX);
2076:Drivers/STM32G0xx_HAL_Driver/Src/stm32g0xx_hal_spi.c ****   if (hspi->Init.DataSize > SPI_DATASIZE_8BIT)
2077:Drivers/STM32G0xx_HAL_Driver/Src/stm32g0xx_hal_spi.c ****   {
2078:Drivers/STM32G0xx_HAL_Driver/Src/stm32g0xx_hal_spi.c ****     /* Set RX Fifo threshold according the reception data length: 16bit */
2079:Drivers/STM32G0xx_HAL_Driver/Src/stm32g0xx_hal_spi.c ****     CLEAR_BIT(hspi->Instance->CR2, SPI_RXFIFO_THRESHOLD);
2080:Drivers/STM32G0xx_HAL_Driver/Src/stm32g0xx_hal_spi.c ****   }
2081:Drivers/STM32G0xx_HAL_Driver/Src/stm32g0xx_hal_spi.c ****   else
2082:Drivers/STM32G0xx_HAL_Driver/Src/stm32g0xx_hal_spi.c ****   {
2083:Drivers/STM32G0xx_HAL_Driver/Src/stm32g0xx_hal_spi.c ****     /* Set RX Fifo threshold according the reception data length: 8bit */
2084:Drivers/STM32G0xx_HAL_Driver/Src/stm32g0xx_hal_spi.c ****     SET_BIT(hspi->Instance->CR2, SPI_RXFIFO_THRESHOLD);
ARM GAS  C:\Users\Domagoj\AppData\Local\Temp\ccvehG6g.s 			page 38


2085:Drivers/STM32G0xx_HAL_Driver/Src/stm32g0xx_hal_spi.c **** 
2086:Drivers/STM32G0xx_HAL_Driver/Src/stm32g0xx_hal_spi.c ****     if (hspi->hdmarx->Init.MemDataAlignment == DMA_MDATAALIGN_HALFWORD)
2087:Drivers/STM32G0xx_HAL_Driver/Src/stm32g0xx_hal_spi.c ****     {
2088:Drivers/STM32G0xx_HAL_Driver/Src/stm32g0xx_hal_spi.c ****       /* Set RX Fifo threshold according the reception data length: 16bit */
2089:Drivers/STM32G0xx_HAL_Driver/Src/stm32g0xx_hal_spi.c ****       CLEAR_BIT(hspi->Instance->CR2, SPI_RXFIFO_THRESHOLD);
2090:Drivers/STM32G0xx_HAL_Driver/Src/stm32g0xx_hal_spi.c **** 
2091:Drivers/STM32G0xx_HAL_Driver/Src/stm32g0xx_hal_spi.c ****       if ((hspi->RxXferCount & 0x1U) == 0x0U)
2092:Drivers/STM32G0xx_HAL_Driver/Src/stm32g0xx_hal_spi.c ****       {
2093:Drivers/STM32G0xx_HAL_Driver/Src/stm32g0xx_hal_spi.c ****         CLEAR_BIT(hspi->Instance->CR2, SPI_CR2_LDMARX);
2094:Drivers/STM32G0xx_HAL_Driver/Src/stm32g0xx_hal_spi.c ****         hspi->RxXferCount = hspi->RxXferCount >> 1U;
2095:Drivers/STM32G0xx_HAL_Driver/Src/stm32g0xx_hal_spi.c ****       }
2096:Drivers/STM32G0xx_HAL_Driver/Src/stm32g0xx_hal_spi.c ****       else
2097:Drivers/STM32G0xx_HAL_Driver/Src/stm32g0xx_hal_spi.c ****       {
2098:Drivers/STM32G0xx_HAL_Driver/Src/stm32g0xx_hal_spi.c ****         SET_BIT(hspi->Instance->CR2, SPI_CR2_LDMARX);
2099:Drivers/STM32G0xx_HAL_Driver/Src/stm32g0xx_hal_spi.c ****         hspi->RxXferCount = (hspi->RxXferCount >> 1U) + 1U;
2100:Drivers/STM32G0xx_HAL_Driver/Src/stm32g0xx_hal_spi.c ****       }
2101:Drivers/STM32G0xx_HAL_Driver/Src/stm32g0xx_hal_spi.c ****     }
2102:Drivers/STM32G0xx_HAL_Driver/Src/stm32g0xx_hal_spi.c ****   }
2103:Drivers/STM32G0xx_HAL_Driver/Src/stm32g0xx_hal_spi.c **** 
2104:Drivers/STM32G0xx_HAL_Driver/Src/stm32g0xx_hal_spi.c ****   /* Set the SPI RxDMA Half transfer complete callback */
2105:Drivers/STM32G0xx_HAL_Driver/Src/stm32g0xx_hal_spi.c ****   hspi->hdmarx->XferHalfCpltCallback = SPI_DMAHalfReceiveCplt;
2106:Drivers/STM32G0xx_HAL_Driver/Src/stm32g0xx_hal_spi.c **** 
2107:Drivers/STM32G0xx_HAL_Driver/Src/stm32g0xx_hal_spi.c ****   /* Set the SPI Rx DMA transfer complete callback */
2108:Drivers/STM32G0xx_HAL_Driver/Src/stm32g0xx_hal_spi.c ****   hspi->hdmarx->XferCpltCallback = SPI_DMAReceiveCplt;
2109:Drivers/STM32G0xx_HAL_Driver/Src/stm32g0xx_hal_spi.c **** 
2110:Drivers/STM32G0xx_HAL_Driver/Src/stm32g0xx_hal_spi.c ****   /* Set the DMA error callback */
2111:Drivers/STM32G0xx_HAL_Driver/Src/stm32g0xx_hal_spi.c ****   hspi->hdmarx->XferErrorCallback = SPI_DMAError;
2112:Drivers/STM32G0xx_HAL_Driver/Src/stm32g0xx_hal_spi.c **** 
2113:Drivers/STM32G0xx_HAL_Driver/Src/stm32g0xx_hal_spi.c ****   /* Set the DMA AbortCpltCallback */
2114:Drivers/STM32G0xx_HAL_Driver/Src/stm32g0xx_hal_spi.c ****   hspi->hdmarx->XferAbortCallback = NULL;
2115:Drivers/STM32G0xx_HAL_Driver/Src/stm32g0xx_hal_spi.c **** 
2116:Drivers/STM32G0xx_HAL_Driver/Src/stm32g0xx_hal_spi.c ****   /* Enable the Rx DMA Stream/Channel  */
2117:Drivers/STM32G0xx_HAL_Driver/Src/stm32g0xx_hal_spi.c ****   if (HAL_OK != HAL_DMA_Start_IT(hspi->hdmarx, (uint32_t)&hspi->Instance->DR, (uint32_t)hspi->pRxBu
2118:Drivers/STM32G0xx_HAL_Driver/Src/stm32g0xx_hal_spi.c ****                                  hspi->RxXferCount))
2119:Drivers/STM32G0xx_HAL_Driver/Src/stm32g0xx_hal_spi.c ****   {
2120:Drivers/STM32G0xx_HAL_Driver/Src/stm32g0xx_hal_spi.c ****     /* Update SPI error code */
2121:Drivers/STM32G0xx_HAL_Driver/Src/stm32g0xx_hal_spi.c ****     SET_BIT(hspi->ErrorCode, HAL_SPI_ERROR_DMA);
2122:Drivers/STM32G0xx_HAL_Driver/Src/stm32g0xx_hal_spi.c ****     /* Process Unlocked */
2123:Drivers/STM32G0xx_HAL_Driver/Src/stm32g0xx_hal_spi.c ****     __HAL_UNLOCK(hspi);
2124:Drivers/STM32G0xx_HAL_Driver/Src/stm32g0xx_hal_spi.c ****     return HAL_ERROR;
2125:Drivers/STM32G0xx_HAL_Driver/Src/stm32g0xx_hal_spi.c ****   }
2126:Drivers/STM32G0xx_HAL_Driver/Src/stm32g0xx_hal_spi.c **** 
2127:Drivers/STM32G0xx_HAL_Driver/Src/stm32g0xx_hal_spi.c ****   /* Check if the SPI is already enabled */
2128:Drivers/STM32G0xx_HAL_Driver/Src/stm32g0xx_hal_spi.c ****   if ((hspi->Instance->CR1 & SPI_CR1_SPE) != SPI_CR1_SPE)
2129:Drivers/STM32G0xx_HAL_Driver/Src/stm32g0xx_hal_spi.c ****   {
2130:Drivers/STM32G0xx_HAL_Driver/Src/stm32g0xx_hal_spi.c ****     /* Enable SPI peripheral */
2131:Drivers/STM32G0xx_HAL_Driver/Src/stm32g0xx_hal_spi.c ****     __HAL_SPI_ENABLE(hspi);
2132:Drivers/STM32G0xx_HAL_Driver/Src/stm32g0xx_hal_spi.c ****   }
2133:Drivers/STM32G0xx_HAL_Driver/Src/stm32g0xx_hal_spi.c **** 
2134:Drivers/STM32G0xx_HAL_Driver/Src/stm32g0xx_hal_spi.c ****   /* Process Unlocked */
2135:Drivers/STM32G0xx_HAL_Driver/Src/stm32g0xx_hal_spi.c ****   __HAL_UNLOCK(hspi);
2136:Drivers/STM32G0xx_HAL_Driver/Src/stm32g0xx_hal_spi.c **** 
2137:Drivers/STM32G0xx_HAL_Driver/Src/stm32g0xx_hal_spi.c ****   /* Enable the SPI Error Interrupt Bit */
2138:Drivers/STM32G0xx_HAL_Driver/Src/stm32g0xx_hal_spi.c ****   __HAL_SPI_ENABLE_IT(hspi, (SPI_IT_ERR));
2139:Drivers/STM32G0xx_HAL_Driver/Src/stm32g0xx_hal_spi.c **** 
2140:Drivers/STM32G0xx_HAL_Driver/Src/stm32g0xx_hal_spi.c ****   /* Enable Rx DMA Request */
2141:Drivers/STM32G0xx_HAL_Driver/Src/stm32g0xx_hal_spi.c ****   SET_BIT(hspi->Instance->CR2, SPI_CR2_RXDMAEN);
ARM GAS  C:\Users\Domagoj\AppData\Local\Temp\ccvehG6g.s 			page 39


2142:Drivers/STM32G0xx_HAL_Driver/Src/stm32g0xx_hal_spi.c **** 
2143:Drivers/STM32G0xx_HAL_Driver/Src/stm32g0xx_hal_spi.c ****   return HAL_OK;
2144:Drivers/STM32G0xx_HAL_Driver/Src/stm32g0xx_hal_spi.c **** }
2145:Drivers/STM32G0xx_HAL_Driver/Src/stm32g0xx_hal_spi.c **** 
2146:Drivers/STM32G0xx_HAL_Driver/Src/stm32g0xx_hal_spi.c **** /**
2147:Drivers/STM32G0xx_HAL_Driver/Src/stm32g0xx_hal_spi.c ****   * @brief  Transmit and Receive an amount of data in non-blocking mode with DMA.
2148:Drivers/STM32G0xx_HAL_Driver/Src/stm32g0xx_hal_spi.c ****   * @param  hspi pointer to a SPI_HandleTypeDef structure that contains
2149:Drivers/STM32G0xx_HAL_Driver/Src/stm32g0xx_hal_spi.c ****   *               the configuration information for SPI module.
2150:Drivers/STM32G0xx_HAL_Driver/Src/stm32g0xx_hal_spi.c ****   * @param  pTxData pointer to transmission data buffer (u8 or u16 data elements)
2151:Drivers/STM32G0xx_HAL_Driver/Src/stm32g0xx_hal_spi.c ****   * @param  pRxData pointer to reception data buffer (u8 or u16 data elements)
2152:Drivers/STM32G0xx_HAL_Driver/Src/stm32g0xx_hal_spi.c ****   * @note   When the CRC feature is enabled the pRxData Length must be Size + 1
2153:Drivers/STM32G0xx_HAL_Driver/Src/stm32g0xx_hal_spi.c ****   * @param  Size amount of data elements (u8 or u16) to be sent and received
2154:Drivers/STM32G0xx_HAL_Driver/Src/stm32g0xx_hal_spi.c ****   * @retval HAL status
2155:Drivers/STM32G0xx_HAL_Driver/Src/stm32g0xx_hal_spi.c ****   */
2156:Drivers/STM32G0xx_HAL_Driver/Src/stm32g0xx_hal_spi.c **** HAL_StatusTypeDef HAL_SPI_TransmitReceive_DMA(SPI_HandleTypeDef *hspi, const uint8_t *pTxData, uint
2157:Drivers/STM32G0xx_HAL_Driver/Src/stm32g0xx_hal_spi.c ****                                               uint16_t Size)
2158:Drivers/STM32G0xx_HAL_Driver/Src/stm32g0xx_hal_spi.c **** {
2159:Drivers/STM32G0xx_HAL_Driver/Src/stm32g0xx_hal_spi.c ****   uint32_t             tmp_mode;
2160:Drivers/STM32G0xx_HAL_Driver/Src/stm32g0xx_hal_spi.c ****   HAL_SPI_StateTypeDef tmp_state;
2161:Drivers/STM32G0xx_HAL_Driver/Src/stm32g0xx_hal_spi.c **** 
2162:Drivers/STM32G0xx_HAL_Driver/Src/stm32g0xx_hal_spi.c ****   /* Check rx & tx dma handles */
2163:Drivers/STM32G0xx_HAL_Driver/Src/stm32g0xx_hal_spi.c ****   assert_param(IS_SPI_DMA_HANDLE(hspi->hdmarx));
2164:Drivers/STM32G0xx_HAL_Driver/Src/stm32g0xx_hal_spi.c ****   assert_param(IS_SPI_DMA_HANDLE(hspi->hdmatx));
2165:Drivers/STM32G0xx_HAL_Driver/Src/stm32g0xx_hal_spi.c **** 
2166:Drivers/STM32G0xx_HAL_Driver/Src/stm32g0xx_hal_spi.c ****   /* Check Direction parameter */
2167:Drivers/STM32G0xx_HAL_Driver/Src/stm32g0xx_hal_spi.c ****   assert_param(IS_SPI_DIRECTION_2LINES(hspi->Init.Direction));
2168:Drivers/STM32G0xx_HAL_Driver/Src/stm32g0xx_hal_spi.c **** 
2169:Drivers/STM32G0xx_HAL_Driver/Src/stm32g0xx_hal_spi.c ****   /* Init temporary variables */
2170:Drivers/STM32G0xx_HAL_Driver/Src/stm32g0xx_hal_spi.c ****   tmp_state           = hspi->State;
2171:Drivers/STM32G0xx_HAL_Driver/Src/stm32g0xx_hal_spi.c ****   tmp_mode            = hspi->Init.Mode;
2172:Drivers/STM32G0xx_HAL_Driver/Src/stm32g0xx_hal_spi.c **** 
2173:Drivers/STM32G0xx_HAL_Driver/Src/stm32g0xx_hal_spi.c ****   if (!((tmp_state == HAL_SPI_STATE_READY) ||
2174:Drivers/STM32G0xx_HAL_Driver/Src/stm32g0xx_hal_spi.c ****         ((tmp_mode == SPI_MODE_MASTER) && (hspi->Init.Direction == SPI_DIRECTION_2LINES) &&
2175:Drivers/STM32G0xx_HAL_Driver/Src/stm32g0xx_hal_spi.c ****          (tmp_state == HAL_SPI_STATE_BUSY_RX))))
2176:Drivers/STM32G0xx_HAL_Driver/Src/stm32g0xx_hal_spi.c ****   {
2177:Drivers/STM32G0xx_HAL_Driver/Src/stm32g0xx_hal_spi.c ****     return HAL_BUSY;
2178:Drivers/STM32G0xx_HAL_Driver/Src/stm32g0xx_hal_spi.c ****   }
2179:Drivers/STM32G0xx_HAL_Driver/Src/stm32g0xx_hal_spi.c **** 
2180:Drivers/STM32G0xx_HAL_Driver/Src/stm32g0xx_hal_spi.c ****   if ((pTxData == NULL) || (pRxData == NULL) || (Size == 0U))
2181:Drivers/STM32G0xx_HAL_Driver/Src/stm32g0xx_hal_spi.c ****   {
2182:Drivers/STM32G0xx_HAL_Driver/Src/stm32g0xx_hal_spi.c ****     return HAL_ERROR;
2183:Drivers/STM32G0xx_HAL_Driver/Src/stm32g0xx_hal_spi.c ****   }
2184:Drivers/STM32G0xx_HAL_Driver/Src/stm32g0xx_hal_spi.c **** 
2185:Drivers/STM32G0xx_HAL_Driver/Src/stm32g0xx_hal_spi.c ****   /* Process locked */
2186:Drivers/STM32G0xx_HAL_Driver/Src/stm32g0xx_hal_spi.c ****   __HAL_LOCK(hspi);
2187:Drivers/STM32G0xx_HAL_Driver/Src/stm32g0xx_hal_spi.c **** 
2188:Drivers/STM32G0xx_HAL_Driver/Src/stm32g0xx_hal_spi.c ****   /* Don't overwrite in case of HAL_SPI_STATE_BUSY_RX */
2189:Drivers/STM32G0xx_HAL_Driver/Src/stm32g0xx_hal_spi.c ****   if (hspi->State != HAL_SPI_STATE_BUSY_RX)
2190:Drivers/STM32G0xx_HAL_Driver/Src/stm32g0xx_hal_spi.c ****   {
2191:Drivers/STM32G0xx_HAL_Driver/Src/stm32g0xx_hal_spi.c ****     hspi->State = HAL_SPI_STATE_BUSY_TX_RX;
2192:Drivers/STM32G0xx_HAL_Driver/Src/stm32g0xx_hal_spi.c ****   }
2193:Drivers/STM32G0xx_HAL_Driver/Src/stm32g0xx_hal_spi.c **** 
2194:Drivers/STM32G0xx_HAL_Driver/Src/stm32g0xx_hal_spi.c ****   /* Set the transaction information */
2195:Drivers/STM32G0xx_HAL_Driver/Src/stm32g0xx_hal_spi.c ****   hspi->ErrorCode   = HAL_SPI_ERROR_NONE;
2196:Drivers/STM32G0xx_HAL_Driver/Src/stm32g0xx_hal_spi.c ****   hspi->pTxBuffPtr  = (const uint8_t *)pTxData;
2197:Drivers/STM32G0xx_HAL_Driver/Src/stm32g0xx_hal_spi.c ****   hspi->TxXferSize  = Size;
2198:Drivers/STM32G0xx_HAL_Driver/Src/stm32g0xx_hal_spi.c ****   hspi->TxXferCount = Size;
ARM GAS  C:\Users\Domagoj\AppData\Local\Temp\ccvehG6g.s 			page 40


2199:Drivers/STM32G0xx_HAL_Driver/Src/stm32g0xx_hal_spi.c ****   hspi->pRxBuffPtr  = (uint8_t *)pRxData;
2200:Drivers/STM32G0xx_HAL_Driver/Src/stm32g0xx_hal_spi.c ****   hspi->RxXferSize  = Size;
2201:Drivers/STM32G0xx_HAL_Driver/Src/stm32g0xx_hal_spi.c ****   hspi->RxXferCount = Size;
2202:Drivers/STM32G0xx_HAL_Driver/Src/stm32g0xx_hal_spi.c **** 
2203:Drivers/STM32G0xx_HAL_Driver/Src/stm32g0xx_hal_spi.c ****   /* Init field not used in handle to zero */
2204:Drivers/STM32G0xx_HAL_Driver/Src/stm32g0xx_hal_spi.c ****   hspi->RxISR       = NULL;
2205:Drivers/STM32G0xx_HAL_Driver/Src/stm32g0xx_hal_spi.c ****   hspi->TxISR       = NULL;
2206:Drivers/STM32G0xx_HAL_Driver/Src/stm32g0xx_hal_spi.c **** 
2207:Drivers/STM32G0xx_HAL_Driver/Src/stm32g0xx_hal_spi.c **** #if (USE_SPI_CRC != 0U)
2208:Drivers/STM32G0xx_HAL_Driver/Src/stm32g0xx_hal_spi.c ****   /* Reset CRC Calculation */
2209:Drivers/STM32G0xx_HAL_Driver/Src/stm32g0xx_hal_spi.c ****   if (hspi->Init.CRCCalculation == SPI_CRCCALCULATION_ENABLE)
2210:Drivers/STM32G0xx_HAL_Driver/Src/stm32g0xx_hal_spi.c ****   {
2211:Drivers/STM32G0xx_HAL_Driver/Src/stm32g0xx_hal_spi.c ****     SPI_RESET_CRC(hspi);
2212:Drivers/STM32G0xx_HAL_Driver/Src/stm32g0xx_hal_spi.c ****   }
2213:Drivers/STM32G0xx_HAL_Driver/Src/stm32g0xx_hal_spi.c **** #endif /* USE_SPI_CRC */
2214:Drivers/STM32G0xx_HAL_Driver/Src/stm32g0xx_hal_spi.c **** 
2215:Drivers/STM32G0xx_HAL_Driver/Src/stm32g0xx_hal_spi.c ****   /* Reset the threshold bit */
2216:Drivers/STM32G0xx_HAL_Driver/Src/stm32g0xx_hal_spi.c ****   CLEAR_BIT(hspi->Instance->CR2, SPI_CR2_LDMATX | SPI_CR2_LDMARX);
2217:Drivers/STM32G0xx_HAL_Driver/Src/stm32g0xx_hal_spi.c **** 
2218:Drivers/STM32G0xx_HAL_Driver/Src/stm32g0xx_hal_spi.c ****   /* The packing mode management is enabled by the DMA settings according the spi data size */
2219:Drivers/STM32G0xx_HAL_Driver/Src/stm32g0xx_hal_spi.c ****   if (hspi->Init.DataSize > SPI_DATASIZE_8BIT)
2220:Drivers/STM32G0xx_HAL_Driver/Src/stm32g0xx_hal_spi.c ****   {
2221:Drivers/STM32G0xx_HAL_Driver/Src/stm32g0xx_hal_spi.c ****     /* Set fiforxthreshold according the reception data length: 16bit */
2222:Drivers/STM32G0xx_HAL_Driver/Src/stm32g0xx_hal_spi.c ****     CLEAR_BIT(hspi->Instance->CR2, SPI_RXFIFO_THRESHOLD);
2223:Drivers/STM32G0xx_HAL_Driver/Src/stm32g0xx_hal_spi.c ****   }
2224:Drivers/STM32G0xx_HAL_Driver/Src/stm32g0xx_hal_spi.c ****   else
2225:Drivers/STM32G0xx_HAL_Driver/Src/stm32g0xx_hal_spi.c ****   {
2226:Drivers/STM32G0xx_HAL_Driver/Src/stm32g0xx_hal_spi.c ****     /* Set RX Fifo threshold according the reception data length: 8bit */
2227:Drivers/STM32G0xx_HAL_Driver/Src/stm32g0xx_hal_spi.c ****     SET_BIT(hspi->Instance->CR2, SPI_RXFIFO_THRESHOLD);
2228:Drivers/STM32G0xx_HAL_Driver/Src/stm32g0xx_hal_spi.c **** 
2229:Drivers/STM32G0xx_HAL_Driver/Src/stm32g0xx_hal_spi.c ****     if (hspi->hdmatx->Init.MemDataAlignment == DMA_MDATAALIGN_HALFWORD)
2230:Drivers/STM32G0xx_HAL_Driver/Src/stm32g0xx_hal_spi.c ****     {
2231:Drivers/STM32G0xx_HAL_Driver/Src/stm32g0xx_hal_spi.c ****       if ((hspi->TxXferSize & 0x1U) == 0x0U)
2232:Drivers/STM32G0xx_HAL_Driver/Src/stm32g0xx_hal_spi.c ****       {
2233:Drivers/STM32G0xx_HAL_Driver/Src/stm32g0xx_hal_spi.c ****         CLEAR_BIT(hspi->Instance->CR2, SPI_CR2_LDMATX);
2234:Drivers/STM32G0xx_HAL_Driver/Src/stm32g0xx_hal_spi.c ****         hspi->TxXferCount = hspi->TxXferCount >> 1U;
2235:Drivers/STM32G0xx_HAL_Driver/Src/stm32g0xx_hal_spi.c ****       }
2236:Drivers/STM32G0xx_HAL_Driver/Src/stm32g0xx_hal_spi.c ****       else
2237:Drivers/STM32G0xx_HAL_Driver/Src/stm32g0xx_hal_spi.c ****       {
2238:Drivers/STM32G0xx_HAL_Driver/Src/stm32g0xx_hal_spi.c ****         SET_BIT(hspi->Instance->CR2, SPI_CR2_LDMATX);
2239:Drivers/STM32G0xx_HAL_Driver/Src/stm32g0xx_hal_spi.c ****         hspi->TxXferCount = (hspi->TxXferCount >> 1U) + 1U;
2240:Drivers/STM32G0xx_HAL_Driver/Src/stm32g0xx_hal_spi.c ****       }
2241:Drivers/STM32G0xx_HAL_Driver/Src/stm32g0xx_hal_spi.c ****     }
2242:Drivers/STM32G0xx_HAL_Driver/Src/stm32g0xx_hal_spi.c **** 
2243:Drivers/STM32G0xx_HAL_Driver/Src/stm32g0xx_hal_spi.c ****     if (hspi->hdmarx->Init.MemDataAlignment == DMA_MDATAALIGN_HALFWORD)
2244:Drivers/STM32G0xx_HAL_Driver/Src/stm32g0xx_hal_spi.c ****     {
2245:Drivers/STM32G0xx_HAL_Driver/Src/stm32g0xx_hal_spi.c ****       /* Set RX Fifo threshold according the reception data length: 16bit */
2246:Drivers/STM32G0xx_HAL_Driver/Src/stm32g0xx_hal_spi.c ****       CLEAR_BIT(hspi->Instance->CR2, SPI_RXFIFO_THRESHOLD);
2247:Drivers/STM32G0xx_HAL_Driver/Src/stm32g0xx_hal_spi.c **** 
2248:Drivers/STM32G0xx_HAL_Driver/Src/stm32g0xx_hal_spi.c ****       if ((hspi->RxXferCount & 0x1U) == 0x0U)
2249:Drivers/STM32G0xx_HAL_Driver/Src/stm32g0xx_hal_spi.c ****       {
2250:Drivers/STM32G0xx_HAL_Driver/Src/stm32g0xx_hal_spi.c ****         CLEAR_BIT(hspi->Instance->CR2, SPI_CR2_LDMARX);
2251:Drivers/STM32G0xx_HAL_Driver/Src/stm32g0xx_hal_spi.c ****         hspi->RxXferCount = hspi->RxXferCount >> 1U;
2252:Drivers/STM32G0xx_HAL_Driver/Src/stm32g0xx_hal_spi.c ****       }
2253:Drivers/STM32G0xx_HAL_Driver/Src/stm32g0xx_hal_spi.c ****       else
2254:Drivers/STM32G0xx_HAL_Driver/Src/stm32g0xx_hal_spi.c ****       {
2255:Drivers/STM32G0xx_HAL_Driver/Src/stm32g0xx_hal_spi.c ****         SET_BIT(hspi->Instance->CR2, SPI_CR2_LDMARX);
ARM GAS  C:\Users\Domagoj\AppData\Local\Temp\ccvehG6g.s 			page 41


2256:Drivers/STM32G0xx_HAL_Driver/Src/stm32g0xx_hal_spi.c ****         hspi->RxXferCount = (hspi->RxXferCount >> 1U) + 1U;
2257:Drivers/STM32G0xx_HAL_Driver/Src/stm32g0xx_hal_spi.c ****       }
2258:Drivers/STM32G0xx_HAL_Driver/Src/stm32g0xx_hal_spi.c ****     }
2259:Drivers/STM32G0xx_HAL_Driver/Src/stm32g0xx_hal_spi.c ****   }
2260:Drivers/STM32G0xx_HAL_Driver/Src/stm32g0xx_hal_spi.c **** 
2261:Drivers/STM32G0xx_HAL_Driver/Src/stm32g0xx_hal_spi.c ****   /* Check if we are in Rx only or in Rx/Tx Mode and configure the DMA transfer complete callback *
2262:Drivers/STM32G0xx_HAL_Driver/Src/stm32g0xx_hal_spi.c ****   if (hspi->State == HAL_SPI_STATE_BUSY_RX)
2263:Drivers/STM32G0xx_HAL_Driver/Src/stm32g0xx_hal_spi.c ****   {
2264:Drivers/STM32G0xx_HAL_Driver/Src/stm32g0xx_hal_spi.c ****     /* Set the SPI Rx DMA Half transfer complete callback */
2265:Drivers/STM32G0xx_HAL_Driver/Src/stm32g0xx_hal_spi.c ****     hspi->hdmarx->XferHalfCpltCallback = SPI_DMAHalfReceiveCplt;
2266:Drivers/STM32G0xx_HAL_Driver/Src/stm32g0xx_hal_spi.c ****     hspi->hdmarx->XferCpltCallback     = SPI_DMAReceiveCplt;
2267:Drivers/STM32G0xx_HAL_Driver/Src/stm32g0xx_hal_spi.c ****   }
2268:Drivers/STM32G0xx_HAL_Driver/Src/stm32g0xx_hal_spi.c ****   else
2269:Drivers/STM32G0xx_HAL_Driver/Src/stm32g0xx_hal_spi.c ****   {
2270:Drivers/STM32G0xx_HAL_Driver/Src/stm32g0xx_hal_spi.c ****     /* Set the SPI Tx/Rx DMA Half transfer complete callback */
2271:Drivers/STM32G0xx_HAL_Driver/Src/stm32g0xx_hal_spi.c ****     hspi->hdmarx->XferHalfCpltCallback = SPI_DMAHalfTransmitReceiveCplt;
2272:Drivers/STM32G0xx_HAL_Driver/Src/stm32g0xx_hal_spi.c ****     hspi->hdmarx->XferCpltCallback     = SPI_DMATransmitReceiveCplt;
2273:Drivers/STM32G0xx_HAL_Driver/Src/stm32g0xx_hal_spi.c ****   }
2274:Drivers/STM32G0xx_HAL_Driver/Src/stm32g0xx_hal_spi.c **** 
2275:Drivers/STM32G0xx_HAL_Driver/Src/stm32g0xx_hal_spi.c ****   /* Set the DMA error callback */
2276:Drivers/STM32G0xx_HAL_Driver/Src/stm32g0xx_hal_spi.c ****   hspi->hdmarx->XferErrorCallback = SPI_DMAError;
2277:Drivers/STM32G0xx_HAL_Driver/Src/stm32g0xx_hal_spi.c **** 
2278:Drivers/STM32G0xx_HAL_Driver/Src/stm32g0xx_hal_spi.c ****   /* Set the DMA AbortCpltCallback */
2279:Drivers/STM32G0xx_HAL_Driver/Src/stm32g0xx_hal_spi.c ****   hspi->hdmarx->XferAbortCallback = NULL;
2280:Drivers/STM32G0xx_HAL_Driver/Src/stm32g0xx_hal_spi.c **** 
2281:Drivers/STM32G0xx_HAL_Driver/Src/stm32g0xx_hal_spi.c ****   /* Enable the Rx DMA Stream/Channel  */
2282:Drivers/STM32G0xx_HAL_Driver/Src/stm32g0xx_hal_spi.c ****   if (HAL_OK != HAL_DMA_Start_IT(hspi->hdmarx, (uint32_t)&hspi->Instance->DR, (uint32_t)hspi->pRxBu
2283:Drivers/STM32G0xx_HAL_Driver/Src/stm32g0xx_hal_spi.c ****                                  hspi->RxXferCount))
2284:Drivers/STM32G0xx_HAL_Driver/Src/stm32g0xx_hal_spi.c ****   {
2285:Drivers/STM32G0xx_HAL_Driver/Src/stm32g0xx_hal_spi.c ****     /* Update SPI error code */
2286:Drivers/STM32G0xx_HAL_Driver/Src/stm32g0xx_hal_spi.c ****     SET_BIT(hspi->ErrorCode, HAL_SPI_ERROR_DMA);
2287:Drivers/STM32G0xx_HAL_Driver/Src/stm32g0xx_hal_spi.c ****     /* Process Unlocked */
2288:Drivers/STM32G0xx_HAL_Driver/Src/stm32g0xx_hal_spi.c ****     __HAL_UNLOCK(hspi);
2289:Drivers/STM32G0xx_HAL_Driver/Src/stm32g0xx_hal_spi.c ****     return HAL_ERROR;
2290:Drivers/STM32G0xx_HAL_Driver/Src/stm32g0xx_hal_spi.c ****   }
2291:Drivers/STM32G0xx_HAL_Driver/Src/stm32g0xx_hal_spi.c **** 
2292:Drivers/STM32G0xx_HAL_Driver/Src/stm32g0xx_hal_spi.c ****   /* Enable Rx DMA Request */
2293:Drivers/STM32G0xx_HAL_Driver/Src/stm32g0xx_hal_spi.c ****   SET_BIT(hspi->Instance->CR2, SPI_CR2_RXDMAEN);
2294:Drivers/STM32G0xx_HAL_Driver/Src/stm32g0xx_hal_spi.c **** 
2295:Drivers/STM32G0xx_HAL_Driver/Src/stm32g0xx_hal_spi.c ****   /* Set the SPI Tx DMA transfer complete callback as NULL because the communication closing
2296:Drivers/STM32G0xx_HAL_Driver/Src/stm32g0xx_hal_spi.c ****   is performed in DMA reception complete callback  */
2297:Drivers/STM32G0xx_HAL_Driver/Src/stm32g0xx_hal_spi.c ****   hspi->hdmatx->XferHalfCpltCallback = NULL;
2298:Drivers/STM32G0xx_HAL_Driver/Src/stm32g0xx_hal_spi.c ****   hspi->hdmatx->XferCpltCallback     = NULL;
2299:Drivers/STM32G0xx_HAL_Driver/Src/stm32g0xx_hal_spi.c ****   hspi->hdmatx->XferErrorCallback    = NULL;
2300:Drivers/STM32G0xx_HAL_Driver/Src/stm32g0xx_hal_spi.c ****   hspi->hdmatx->XferAbortCallback    = NULL;
2301:Drivers/STM32G0xx_HAL_Driver/Src/stm32g0xx_hal_spi.c **** 
2302:Drivers/STM32G0xx_HAL_Driver/Src/stm32g0xx_hal_spi.c ****   /* Enable the Tx DMA Stream/Channel  */
2303:Drivers/STM32G0xx_HAL_Driver/Src/stm32g0xx_hal_spi.c ****   if (HAL_OK != HAL_DMA_Start_IT(hspi->hdmatx, (uint32_t)hspi->pTxBuffPtr, (uint32_t)&hspi->Instanc
2304:Drivers/STM32G0xx_HAL_Driver/Src/stm32g0xx_hal_spi.c ****                                  hspi->TxXferCount))
2305:Drivers/STM32G0xx_HAL_Driver/Src/stm32g0xx_hal_spi.c ****   {
2306:Drivers/STM32G0xx_HAL_Driver/Src/stm32g0xx_hal_spi.c ****     /* Update SPI error code */
2307:Drivers/STM32G0xx_HAL_Driver/Src/stm32g0xx_hal_spi.c ****     SET_BIT(hspi->ErrorCode, HAL_SPI_ERROR_DMA);
2308:Drivers/STM32G0xx_HAL_Driver/Src/stm32g0xx_hal_spi.c ****     /* Process Unlocked */
2309:Drivers/STM32G0xx_HAL_Driver/Src/stm32g0xx_hal_spi.c ****     __HAL_UNLOCK(hspi);
2310:Drivers/STM32G0xx_HAL_Driver/Src/stm32g0xx_hal_spi.c ****     return HAL_ERROR;
2311:Drivers/STM32G0xx_HAL_Driver/Src/stm32g0xx_hal_spi.c ****   }
2312:Drivers/STM32G0xx_HAL_Driver/Src/stm32g0xx_hal_spi.c **** 
ARM GAS  C:\Users\Domagoj\AppData\Local\Temp\ccvehG6g.s 			page 42


2313:Drivers/STM32G0xx_HAL_Driver/Src/stm32g0xx_hal_spi.c ****   /* Check if the SPI is already enabled */
2314:Drivers/STM32G0xx_HAL_Driver/Src/stm32g0xx_hal_spi.c ****   if ((hspi->Instance->CR1 & SPI_CR1_SPE) != SPI_CR1_SPE)
2315:Drivers/STM32G0xx_HAL_Driver/Src/stm32g0xx_hal_spi.c ****   {
2316:Drivers/STM32G0xx_HAL_Driver/Src/stm32g0xx_hal_spi.c ****     /* Enable SPI peripheral */
2317:Drivers/STM32G0xx_HAL_Driver/Src/stm32g0xx_hal_spi.c ****     __HAL_SPI_ENABLE(hspi);
2318:Drivers/STM32G0xx_HAL_Driver/Src/stm32g0xx_hal_spi.c ****   }
2319:Drivers/STM32G0xx_HAL_Driver/Src/stm32g0xx_hal_spi.c **** 
2320:Drivers/STM32G0xx_HAL_Driver/Src/stm32g0xx_hal_spi.c ****   /* Process Unlocked */
2321:Drivers/STM32G0xx_HAL_Driver/Src/stm32g0xx_hal_spi.c ****   __HAL_UNLOCK(hspi);
2322:Drivers/STM32G0xx_HAL_Driver/Src/stm32g0xx_hal_spi.c **** 
2323:Drivers/STM32G0xx_HAL_Driver/Src/stm32g0xx_hal_spi.c ****   /* Enable the SPI Error Interrupt Bit */
2324:Drivers/STM32G0xx_HAL_Driver/Src/stm32g0xx_hal_spi.c ****   __HAL_SPI_ENABLE_IT(hspi, (SPI_IT_ERR));
2325:Drivers/STM32G0xx_HAL_Driver/Src/stm32g0xx_hal_spi.c **** 
2326:Drivers/STM32G0xx_HAL_Driver/Src/stm32g0xx_hal_spi.c ****   /* Enable Tx DMA Request */
2327:Drivers/STM32G0xx_HAL_Driver/Src/stm32g0xx_hal_spi.c ****   SET_BIT(hspi->Instance->CR2, SPI_CR2_TXDMAEN);
2328:Drivers/STM32G0xx_HAL_Driver/Src/stm32g0xx_hal_spi.c **** 
2329:Drivers/STM32G0xx_HAL_Driver/Src/stm32g0xx_hal_spi.c ****   return HAL_OK;
2330:Drivers/STM32G0xx_HAL_Driver/Src/stm32g0xx_hal_spi.c **** }
2331:Drivers/STM32G0xx_HAL_Driver/Src/stm32g0xx_hal_spi.c **** 
2332:Drivers/STM32G0xx_HAL_Driver/Src/stm32g0xx_hal_spi.c **** /**
2333:Drivers/STM32G0xx_HAL_Driver/Src/stm32g0xx_hal_spi.c ****   * @brief  Abort ongoing transfer (blocking mode).
2334:Drivers/STM32G0xx_HAL_Driver/Src/stm32g0xx_hal_spi.c ****   * @param  hspi SPI handle.
2335:Drivers/STM32G0xx_HAL_Driver/Src/stm32g0xx_hal_spi.c ****   * @note   This procedure could be used for aborting any ongoing transfer (Tx and Rx),
2336:Drivers/STM32G0xx_HAL_Driver/Src/stm32g0xx_hal_spi.c ****   *         started in Interrupt or DMA mode.
2337:Drivers/STM32G0xx_HAL_Driver/Src/stm32g0xx_hal_spi.c ****   *         This procedure performs following operations :
2338:Drivers/STM32G0xx_HAL_Driver/Src/stm32g0xx_hal_spi.c ****   *           - Disable SPI Interrupts (depending of transfer direction)
2339:Drivers/STM32G0xx_HAL_Driver/Src/stm32g0xx_hal_spi.c ****   *           - Disable the DMA transfer in the peripheral register (if enabled)
2340:Drivers/STM32G0xx_HAL_Driver/Src/stm32g0xx_hal_spi.c ****   *           - Abort DMA transfer by calling HAL_DMA_Abort (in case of transfer in DMA mode)
2341:Drivers/STM32G0xx_HAL_Driver/Src/stm32g0xx_hal_spi.c ****   *           - Set handle State to READY
2342:Drivers/STM32G0xx_HAL_Driver/Src/stm32g0xx_hal_spi.c ****   * @note   This procedure is executed in blocking mode : when exiting function, Abort is considere
2343:Drivers/STM32G0xx_HAL_Driver/Src/stm32g0xx_hal_spi.c ****   * @retval HAL status
2344:Drivers/STM32G0xx_HAL_Driver/Src/stm32g0xx_hal_spi.c ****   */
2345:Drivers/STM32G0xx_HAL_Driver/Src/stm32g0xx_hal_spi.c **** HAL_StatusTypeDef HAL_SPI_Abort(SPI_HandleTypeDef *hspi)
2346:Drivers/STM32G0xx_HAL_Driver/Src/stm32g0xx_hal_spi.c **** {
2347:Drivers/STM32G0xx_HAL_Driver/Src/stm32g0xx_hal_spi.c ****   HAL_StatusTypeDef errorcode;
2348:Drivers/STM32G0xx_HAL_Driver/Src/stm32g0xx_hal_spi.c ****   __IO uint32_t count;
2349:Drivers/STM32G0xx_HAL_Driver/Src/stm32g0xx_hal_spi.c ****   __IO uint32_t resetcount;
2350:Drivers/STM32G0xx_HAL_Driver/Src/stm32g0xx_hal_spi.c **** 
2351:Drivers/STM32G0xx_HAL_Driver/Src/stm32g0xx_hal_spi.c ****   /* Initialized local variable  */
2352:Drivers/STM32G0xx_HAL_Driver/Src/stm32g0xx_hal_spi.c ****   errorcode = HAL_OK;
2353:Drivers/STM32G0xx_HAL_Driver/Src/stm32g0xx_hal_spi.c ****   resetcount = SPI_DEFAULT_TIMEOUT * (SystemCoreClock / 24U / 1000U);
2354:Drivers/STM32G0xx_HAL_Driver/Src/stm32g0xx_hal_spi.c ****   count = resetcount;
2355:Drivers/STM32G0xx_HAL_Driver/Src/stm32g0xx_hal_spi.c **** 
2356:Drivers/STM32G0xx_HAL_Driver/Src/stm32g0xx_hal_spi.c ****   /* Clear ERRIE interrupt to avoid error interrupts generation during Abort procedure */
2357:Drivers/STM32G0xx_HAL_Driver/Src/stm32g0xx_hal_spi.c ****   CLEAR_BIT(hspi->Instance->CR2, SPI_CR2_ERRIE);
2358:Drivers/STM32G0xx_HAL_Driver/Src/stm32g0xx_hal_spi.c **** 
2359:Drivers/STM32G0xx_HAL_Driver/Src/stm32g0xx_hal_spi.c ****   /* Disable TXEIE, RXNEIE and ERRIE(mode fault event, overrun error, TI frame error) interrupts */
2360:Drivers/STM32G0xx_HAL_Driver/Src/stm32g0xx_hal_spi.c ****   if (HAL_IS_BIT_SET(hspi->Instance->CR2, SPI_CR2_TXEIE))
2361:Drivers/STM32G0xx_HAL_Driver/Src/stm32g0xx_hal_spi.c ****   {
2362:Drivers/STM32G0xx_HAL_Driver/Src/stm32g0xx_hal_spi.c ****     hspi->TxISR = SPI_AbortTx_ISR;
2363:Drivers/STM32G0xx_HAL_Driver/Src/stm32g0xx_hal_spi.c ****     /* Wait HAL_SPI_STATE_ABORT state */
2364:Drivers/STM32G0xx_HAL_Driver/Src/stm32g0xx_hal_spi.c ****     do
2365:Drivers/STM32G0xx_HAL_Driver/Src/stm32g0xx_hal_spi.c ****     {
2366:Drivers/STM32G0xx_HAL_Driver/Src/stm32g0xx_hal_spi.c ****       if (count == 0U)
2367:Drivers/STM32G0xx_HAL_Driver/Src/stm32g0xx_hal_spi.c ****       {
2368:Drivers/STM32G0xx_HAL_Driver/Src/stm32g0xx_hal_spi.c ****         SET_BIT(hspi->ErrorCode, HAL_SPI_ERROR_ABORT);
2369:Drivers/STM32G0xx_HAL_Driver/Src/stm32g0xx_hal_spi.c ****         break;
ARM GAS  C:\Users\Domagoj\AppData\Local\Temp\ccvehG6g.s 			page 43


2370:Drivers/STM32G0xx_HAL_Driver/Src/stm32g0xx_hal_spi.c ****       }
2371:Drivers/STM32G0xx_HAL_Driver/Src/stm32g0xx_hal_spi.c ****       count--;
2372:Drivers/STM32G0xx_HAL_Driver/Src/stm32g0xx_hal_spi.c ****     } while (hspi->State != HAL_SPI_STATE_ABORT);
2373:Drivers/STM32G0xx_HAL_Driver/Src/stm32g0xx_hal_spi.c ****     /* Reset Timeout Counter */
2374:Drivers/STM32G0xx_HAL_Driver/Src/stm32g0xx_hal_spi.c ****     count = resetcount;
2375:Drivers/STM32G0xx_HAL_Driver/Src/stm32g0xx_hal_spi.c ****   }
2376:Drivers/STM32G0xx_HAL_Driver/Src/stm32g0xx_hal_spi.c **** 
2377:Drivers/STM32G0xx_HAL_Driver/Src/stm32g0xx_hal_spi.c ****   if (HAL_IS_BIT_SET(hspi->Instance->CR2, SPI_CR2_RXNEIE))
2378:Drivers/STM32G0xx_HAL_Driver/Src/stm32g0xx_hal_spi.c ****   {
2379:Drivers/STM32G0xx_HAL_Driver/Src/stm32g0xx_hal_spi.c ****     hspi->RxISR = SPI_AbortRx_ISR;
2380:Drivers/STM32G0xx_HAL_Driver/Src/stm32g0xx_hal_spi.c ****     /* Wait HAL_SPI_STATE_ABORT state */
2381:Drivers/STM32G0xx_HAL_Driver/Src/stm32g0xx_hal_spi.c ****     do
2382:Drivers/STM32G0xx_HAL_Driver/Src/stm32g0xx_hal_spi.c ****     {
2383:Drivers/STM32G0xx_HAL_Driver/Src/stm32g0xx_hal_spi.c ****       if (count == 0U)
2384:Drivers/STM32G0xx_HAL_Driver/Src/stm32g0xx_hal_spi.c ****       {
2385:Drivers/STM32G0xx_HAL_Driver/Src/stm32g0xx_hal_spi.c ****         SET_BIT(hspi->ErrorCode, HAL_SPI_ERROR_ABORT);
2386:Drivers/STM32G0xx_HAL_Driver/Src/stm32g0xx_hal_spi.c ****         break;
2387:Drivers/STM32G0xx_HAL_Driver/Src/stm32g0xx_hal_spi.c ****       }
2388:Drivers/STM32G0xx_HAL_Driver/Src/stm32g0xx_hal_spi.c ****       count--;
2389:Drivers/STM32G0xx_HAL_Driver/Src/stm32g0xx_hal_spi.c ****     } while (hspi->State != HAL_SPI_STATE_ABORT);
2390:Drivers/STM32G0xx_HAL_Driver/Src/stm32g0xx_hal_spi.c ****     /* Reset Timeout Counter */
2391:Drivers/STM32G0xx_HAL_Driver/Src/stm32g0xx_hal_spi.c ****     count = resetcount;
2392:Drivers/STM32G0xx_HAL_Driver/Src/stm32g0xx_hal_spi.c ****   }
2393:Drivers/STM32G0xx_HAL_Driver/Src/stm32g0xx_hal_spi.c **** 
2394:Drivers/STM32G0xx_HAL_Driver/Src/stm32g0xx_hal_spi.c ****   /* Disable the SPI DMA Tx request if enabled */
2395:Drivers/STM32G0xx_HAL_Driver/Src/stm32g0xx_hal_spi.c ****   if (HAL_IS_BIT_SET(hspi->Instance->CR2, SPI_CR2_TXDMAEN))
2396:Drivers/STM32G0xx_HAL_Driver/Src/stm32g0xx_hal_spi.c ****   {
2397:Drivers/STM32G0xx_HAL_Driver/Src/stm32g0xx_hal_spi.c ****     /* Abort the SPI DMA Tx Stream/Channel : use blocking DMA Abort API (no callback) */
2398:Drivers/STM32G0xx_HAL_Driver/Src/stm32g0xx_hal_spi.c ****     if (hspi->hdmatx != NULL)
2399:Drivers/STM32G0xx_HAL_Driver/Src/stm32g0xx_hal_spi.c ****     {
2400:Drivers/STM32G0xx_HAL_Driver/Src/stm32g0xx_hal_spi.c ****       /* Set the SPI DMA Abort callback :
2401:Drivers/STM32G0xx_HAL_Driver/Src/stm32g0xx_hal_spi.c ****       will lead to call HAL_SPI_AbortCpltCallback() at end of DMA abort procedure */
2402:Drivers/STM32G0xx_HAL_Driver/Src/stm32g0xx_hal_spi.c ****       hspi->hdmatx->XferAbortCallback = NULL;
2403:Drivers/STM32G0xx_HAL_Driver/Src/stm32g0xx_hal_spi.c **** 
2404:Drivers/STM32G0xx_HAL_Driver/Src/stm32g0xx_hal_spi.c ****       /* Abort DMA Tx Handle linked to SPI Peripheral */
2405:Drivers/STM32G0xx_HAL_Driver/Src/stm32g0xx_hal_spi.c ****       if (HAL_DMA_Abort(hspi->hdmatx) != HAL_OK)
2406:Drivers/STM32G0xx_HAL_Driver/Src/stm32g0xx_hal_spi.c ****       {
2407:Drivers/STM32G0xx_HAL_Driver/Src/stm32g0xx_hal_spi.c ****         hspi->ErrorCode = HAL_SPI_ERROR_ABORT;
2408:Drivers/STM32G0xx_HAL_Driver/Src/stm32g0xx_hal_spi.c ****       }
2409:Drivers/STM32G0xx_HAL_Driver/Src/stm32g0xx_hal_spi.c **** 
2410:Drivers/STM32G0xx_HAL_Driver/Src/stm32g0xx_hal_spi.c ****       /* Disable Tx DMA Request */
2411:Drivers/STM32G0xx_HAL_Driver/Src/stm32g0xx_hal_spi.c ****       CLEAR_BIT(hspi->Instance->CR2, (SPI_CR2_TXDMAEN));
2412:Drivers/STM32G0xx_HAL_Driver/Src/stm32g0xx_hal_spi.c **** 
2413:Drivers/STM32G0xx_HAL_Driver/Src/stm32g0xx_hal_spi.c ****       if (SPI_EndRxTxTransaction(hspi, SPI_DEFAULT_TIMEOUT, HAL_GetTick()) != HAL_OK)
2414:Drivers/STM32G0xx_HAL_Driver/Src/stm32g0xx_hal_spi.c ****       {
2415:Drivers/STM32G0xx_HAL_Driver/Src/stm32g0xx_hal_spi.c ****         hspi->ErrorCode = HAL_SPI_ERROR_ABORT;
2416:Drivers/STM32G0xx_HAL_Driver/Src/stm32g0xx_hal_spi.c ****       }
2417:Drivers/STM32G0xx_HAL_Driver/Src/stm32g0xx_hal_spi.c **** 
2418:Drivers/STM32G0xx_HAL_Driver/Src/stm32g0xx_hal_spi.c ****       /* Disable SPI Peripheral */
2419:Drivers/STM32G0xx_HAL_Driver/Src/stm32g0xx_hal_spi.c ****       __HAL_SPI_DISABLE(hspi);
2420:Drivers/STM32G0xx_HAL_Driver/Src/stm32g0xx_hal_spi.c **** 
2421:Drivers/STM32G0xx_HAL_Driver/Src/stm32g0xx_hal_spi.c ****       /* Empty the FRLVL fifo */
2422:Drivers/STM32G0xx_HAL_Driver/Src/stm32g0xx_hal_spi.c ****       if (SPI_WaitFifoStateUntilTimeout(hspi, SPI_FLAG_FRLVL, SPI_FRLVL_EMPTY, SPI_DEFAULT_TIMEOUT,
2423:Drivers/STM32G0xx_HAL_Driver/Src/stm32g0xx_hal_spi.c ****                                         HAL_GetTick()) != HAL_OK)
2424:Drivers/STM32G0xx_HAL_Driver/Src/stm32g0xx_hal_spi.c ****       {
2425:Drivers/STM32G0xx_HAL_Driver/Src/stm32g0xx_hal_spi.c ****         hspi->ErrorCode = HAL_SPI_ERROR_ABORT;
2426:Drivers/STM32G0xx_HAL_Driver/Src/stm32g0xx_hal_spi.c ****       }
ARM GAS  C:\Users\Domagoj\AppData\Local\Temp\ccvehG6g.s 			page 44


2427:Drivers/STM32G0xx_HAL_Driver/Src/stm32g0xx_hal_spi.c ****     }
2428:Drivers/STM32G0xx_HAL_Driver/Src/stm32g0xx_hal_spi.c ****   }
2429:Drivers/STM32G0xx_HAL_Driver/Src/stm32g0xx_hal_spi.c **** 
2430:Drivers/STM32G0xx_HAL_Driver/Src/stm32g0xx_hal_spi.c ****   /* Disable the SPI DMA Rx request if enabled */
2431:Drivers/STM32G0xx_HAL_Driver/Src/stm32g0xx_hal_spi.c ****   if (HAL_IS_BIT_SET(hspi->Instance->CR2, SPI_CR2_RXDMAEN))
2432:Drivers/STM32G0xx_HAL_Driver/Src/stm32g0xx_hal_spi.c ****   {
2433:Drivers/STM32G0xx_HAL_Driver/Src/stm32g0xx_hal_spi.c ****     /* Abort the SPI DMA Rx Stream/Channel : use blocking DMA Abort API (no callback) */
2434:Drivers/STM32G0xx_HAL_Driver/Src/stm32g0xx_hal_spi.c ****     if (hspi->hdmarx != NULL)
2435:Drivers/STM32G0xx_HAL_Driver/Src/stm32g0xx_hal_spi.c ****     {
2436:Drivers/STM32G0xx_HAL_Driver/Src/stm32g0xx_hal_spi.c ****       /* Set the SPI DMA Abort callback :
2437:Drivers/STM32G0xx_HAL_Driver/Src/stm32g0xx_hal_spi.c ****       will lead to call HAL_SPI_AbortCpltCallback() at end of DMA abort procedure */
2438:Drivers/STM32G0xx_HAL_Driver/Src/stm32g0xx_hal_spi.c ****       hspi->hdmarx->XferAbortCallback = NULL;
2439:Drivers/STM32G0xx_HAL_Driver/Src/stm32g0xx_hal_spi.c **** 
2440:Drivers/STM32G0xx_HAL_Driver/Src/stm32g0xx_hal_spi.c ****       /* Abort DMA Rx Handle linked to SPI Peripheral */
2441:Drivers/STM32G0xx_HAL_Driver/Src/stm32g0xx_hal_spi.c ****       if (HAL_DMA_Abort(hspi->hdmarx) != HAL_OK)
2442:Drivers/STM32G0xx_HAL_Driver/Src/stm32g0xx_hal_spi.c ****       {
2443:Drivers/STM32G0xx_HAL_Driver/Src/stm32g0xx_hal_spi.c ****         hspi->ErrorCode = HAL_SPI_ERROR_ABORT;
2444:Drivers/STM32G0xx_HAL_Driver/Src/stm32g0xx_hal_spi.c ****       }
2445:Drivers/STM32G0xx_HAL_Driver/Src/stm32g0xx_hal_spi.c **** 
2446:Drivers/STM32G0xx_HAL_Driver/Src/stm32g0xx_hal_spi.c ****       /* Disable peripheral */
2447:Drivers/STM32G0xx_HAL_Driver/Src/stm32g0xx_hal_spi.c ****       __HAL_SPI_DISABLE(hspi);
2448:Drivers/STM32G0xx_HAL_Driver/Src/stm32g0xx_hal_spi.c **** 
2449:Drivers/STM32G0xx_HAL_Driver/Src/stm32g0xx_hal_spi.c ****       /* Control the BSY flag */
2450:Drivers/STM32G0xx_HAL_Driver/Src/stm32g0xx_hal_spi.c ****       if (SPI_WaitFlagStateUntilTimeout(hspi, SPI_FLAG_BSY, RESET, SPI_DEFAULT_TIMEOUT, HAL_GetTick
2451:Drivers/STM32G0xx_HAL_Driver/Src/stm32g0xx_hal_spi.c ****       {
2452:Drivers/STM32G0xx_HAL_Driver/Src/stm32g0xx_hal_spi.c ****         hspi->ErrorCode = HAL_SPI_ERROR_ABORT;
2453:Drivers/STM32G0xx_HAL_Driver/Src/stm32g0xx_hal_spi.c ****       }
2454:Drivers/STM32G0xx_HAL_Driver/Src/stm32g0xx_hal_spi.c **** 
2455:Drivers/STM32G0xx_HAL_Driver/Src/stm32g0xx_hal_spi.c ****       /* Empty the FRLVL fifo */
2456:Drivers/STM32G0xx_HAL_Driver/Src/stm32g0xx_hal_spi.c ****       if (SPI_WaitFifoStateUntilTimeout(hspi, SPI_FLAG_FRLVL, SPI_FRLVL_EMPTY, SPI_DEFAULT_TIMEOUT,
2457:Drivers/STM32G0xx_HAL_Driver/Src/stm32g0xx_hal_spi.c ****                                         HAL_GetTick()) != HAL_OK)
2458:Drivers/STM32G0xx_HAL_Driver/Src/stm32g0xx_hal_spi.c ****       {
2459:Drivers/STM32G0xx_HAL_Driver/Src/stm32g0xx_hal_spi.c ****         hspi->ErrorCode = HAL_SPI_ERROR_ABORT;
2460:Drivers/STM32G0xx_HAL_Driver/Src/stm32g0xx_hal_spi.c ****       }
2461:Drivers/STM32G0xx_HAL_Driver/Src/stm32g0xx_hal_spi.c **** 
2462:Drivers/STM32G0xx_HAL_Driver/Src/stm32g0xx_hal_spi.c ****       /* Disable Rx DMA Request */
2463:Drivers/STM32G0xx_HAL_Driver/Src/stm32g0xx_hal_spi.c ****       CLEAR_BIT(hspi->Instance->CR2, (SPI_CR2_RXDMAEN));
2464:Drivers/STM32G0xx_HAL_Driver/Src/stm32g0xx_hal_spi.c ****     }
2465:Drivers/STM32G0xx_HAL_Driver/Src/stm32g0xx_hal_spi.c ****   }
2466:Drivers/STM32G0xx_HAL_Driver/Src/stm32g0xx_hal_spi.c ****   /* Reset Tx and Rx transfer counters */
2467:Drivers/STM32G0xx_HAL_Driver/Src/stm32g0xx_hal_spi.c ****   hspi->RxXferCount = 0U;
2468:Drivers/STM32G0xx_HAL_Driver/Src/stm32g0xx_hal_spi.c ****   hspi->TxXferCount = 0U;
2469:Drivers/STM32G0xx_HAL_Driver/Src/stm32g0xx_hal_spi.c **** 
2470:Drivers/STM32G0xx_HAL_Driver/Src/stm32g0xx_hal_spi.c ****   /* Check error during Abort procedure */
2471:Drivers/STM32G0xx_HAL_Driver/Src/stm32g0xx_hal_spi.c ****   if (hspi->ErrorCode == HAL_SPI_ERROR_ABORT)
2472:Drivers/STM32G0xx_HAL_Driver/Src/stm32g0xx_hal_spi.c ****   {
2473:Drivers/STM32G0xx_HAL_Driver/Src/stm32g0xx_hal_spi.c ****     /* return HAL_Error in case of error during Abort procedure */
2474:Drivers/STM32G0xx_HAL_Driver/Src/stm32g0xx_hal_spi.c ****     errorcode = HAL_ERROR;
2475:Drivers/STM32G0xx_HAL_Driver/Src/stm32g0xx_hal_spi.c ****   }
2476:Drivers/STM32G0xx_HAL_Driver/Src/stm32g0xx_hal_spi.c ****   else
2477:Drivers/STM32G0xx_HAL_Driver/Src/stm32g0xx_hal_spi.c ****   {
2478:Drivers/STM32G0xx_HAL_Driver/Src/stm32g0xx_hal_spi.c ****     /* Reset errorCode */
2479:Drivers/STM32G0xx_HAL_Driver/Src/stm32g0xx_hal_spi.c ****     hspi->ErrorCode = HAL_SPI_ERROR_NONE;
2480:Drivers/STM32G0xx_HAL_Driver/Src/stm32g0xx_hal_spi.c ****   }
2481:Drivers/STM32G0xx_HAL_Driver/Src/stm32g0xx_hal_spi.c **** 
2482:Drivers/STM32G0xx_HAL_Driver/Src/stm32g0xx_hal_spi.c ****   /* Clear the Error flags in the SR register */
2483:Drivers/STM32G0xx_HAL_Driver/Src/stm32g0xx_hal_spi.c ****   __HAL_SPI_CLEAR_OVRFLAG(hspi);
ARM GAS  C:\Users\Domagoj\AppData\Local\Temp\ccvehG6g.s 			page 45


2484:Drivers/STM32G0xx_HAL_Driver/Src/stm32g0xx_hal_spi.c ****   __HAL_SPI_CLEAR_FREFLAG(hspi);
2485:Drivers/STM32G0xx_HAL_Driver/Src/stm32g0xx_hal_spi.c **** 
2486:Drivers/STM32G0xx_HAL_Driver/Src/stm32g0xx_hal_spi.c ****   /* Restore hspi->state to ready */
2487:Drivers/STM32G0xx_HAL_Driver/Src/stm32g0xx_hal_spi.c ****   hspi->State = HAL_SPI_STATE_READY;
2488:Drivers/STM32G0xx_HAL_Driver/Src/stm32g0xx_hal_spi.c **** 
2489:Drivers/STM32G0xx_HAL_Driver/Src/stm32g0xx_hal_spi.c ****   return errorcode;
2490:Drivers/STM32G0xx_HAL_Driver/Src/stm32g0xx_hal_spi.c **** }
2491:Drivers/STM32G0xx_HAL_Driver/Src/stm32g0xx_hal_spi.c **** 
2492:Drivers/STM32G0xx_HAL_Driver/Src/stm32g0xx_hal_spi.c **** /**
2493:Drivers/STM32G0xx_HAL_Driver/Src/stm32g0xx_hal_spi.c ****   * @brief  Abort ongoing transfer (Interrupt mode).
2494:Drivers/STM32G0xx_HAL_Driver/Src/stm32g0xx_hal_spi.c ****   * @param  hspi SPI handle.
2495:Drivers/STM32G0xx_HAL_Driver/Src/stm32g0xx_hal_spi.c ****   * @note   This procedure could be used for aborting any ongoing transfer (Tx and Rx),
2496:Drivers/STM32G0xx_HAL_Driver/Src/stm32g0xx_hal_spi.c ****   *         started in Interrupt or DMA mode.
2497:Drivers/STM32G0xx_HAL_Driver/Src/stm32g0xx_hal_spi.c ****   *         This procedure performs following operations :
2498:Drivers/STM32G0xx_HAL_Driver/Src/stm32g0xx_hal_spi.c ****   *           - Disable SPI Interrupts (depending of transfer direction)
2499:Drivers/STM32G0xx_HAL_Driver/Src/stm32g0xx_hal_spi.c ****   *           - Disable the DMA transfer in the peripheral register (if enabled)
2500:Drivers/STM32G0xx_HAL_Driver/Src/stm32g0xx_hal_spi.c ****   *           - Abort DMA transfer by calling HAL_DMA_Abort_IT (in case of transfer in DMA mode)
2501:Drivers/STM32G0xx_HAL_Driver/Src/stm32g0xx_hal_spi.c ****   *           - Set handle State to READY
2502:Drivers/STM32G0xx_HAL_Driver/Src/stm32g0xx_hal_spi.c ****   *           - At abort completion, call user abort complete callback
2503:Drivers/STM32G0xx_HAL_Driver/Src/stm32g0xx_hal_spi.c ****   * @note   This procedure is executed in Interrupt mode, meaning that abort procedure could be
2504:Drivers/STM32G0xx_HAL_Driver/Src/stm32g0xx_hal_spi.c ****   *         considered as completed only when user abort complete callback is executed (not when ex
2505:Drivers/STM32G0xx_HAL_Driver/Src/stm32g0xx_hal_spi.c ****   * @retval HAL status
2506:Drivers/STM32G0xx_HAL_Driver/Src/stm32g0xx_hal_spi.c ****   */
2507:Drivers/STM32G0xx_HAL_Driver/Src/stm32g0xx_hal_spi.c **** HAL_StatusTypeDef HAL_SPI_Abort_IT(SPI_HandleTypeDef *hspi)
2508:Drivers/STM32G0xx_HAL_Driver/Src/stm32g0xx_hal_spi.c **** {
2509:Drivers/STM32G0xx_HAL_Driver/Src/stm32g0xx_hal_spi.c ****   HAL_StatusTypeDef errorcode;
2510:Drivers/STM32G0xx_HAL_Driver/Src/stm32g0xx_hal_spi.c ****   uint32_t abortcplt ;
2511:Drivers/STM32G0xx_HAL_Driver/Src/stm32g0xx_hal_spi.c ****   __IO uint32_t count;
2512:Drivers/STM32G0xx_HAL_Driver/Src/stm32g0xx_hal_spi.c ****   __IO uint32_t resetcount;
2513:Drivers/STM32G0xx_HAL_Driver/Src/stm32g0xx_hal_spi.c **** 
2514:Drivers/STM32G0xx_HAL_Driver/Src/stm32g0xx_hal_spi.c ****   /* Initialized local variable  */
2515:Drivers/STM32G0xx_HAL_Driver/Src/stm32g0xx_hal_spi.c ****   errorcode = HAL_OK;
2516:Drivers/STM32G0xx_HAL_Driver/Src/stm32g0xx_hal_spi.c ****   abortcplt = 1U;
2517:Drivers/STM32G0xx_HAL_Driver/Src/stm32g0xx_hal_spi.c ****   resetcount = SPI_DEFAULT_TIMEOUT * (SystemCoreClock / 24U / 1000U);
2518:Drivers/STM32G0xx_HAL_Driver/Src/stm32g0xx_hal_spi.c ****   count = resetcount;
2519:Drivers/STM32G0xx_HAL_Driver/Src/stm32g0xx_hal_spi.c **** 
2520:Drivers/STM32G0xx_HAL_Driver/Src/stm32g0xx_hal_spi.c ****   /* Clear ERRIE interrupt to avoid error interrupts generation during Abort procedure */
2521:Drivers/STM32G0xx_HAL_Driver/Src/stm32g0xx_hal_spi.c ****   CLEAR_BIT(hspi->Instance->CR2, SPI_CR2_ERRIE);
2522:Drivers/STM32G0xx_HAL_Driver/Src/stm32g0xx_hal_spi.c **** 
2523:Drivers/STM32G0xx_HAL_Driver/Src/stm32g0xx_hal_spi.c ****   /* Change Rx and Tx Irq Handler to Disable TXEIE, RXNEIE and ERRIE interrupts */
2524:Drivers/STM32G0xx_HAL_Driver/Src/stm32g0xx_hal_spi.c ****   if (HAL_IS_BIT_SET(hspi->Instance->CR2, SPI_CR2_TXEIE))
2525:Drivers/STM32G0xx_HAL_Driver/Src/stm32g0xx_hal_spi.c ****   {
2526:Drivers/STM32G0xx_HAL_Driver/Src/stm32g0xx_hal_spi.c ****     hspi->TxISR = SPI_AbortTx_ISR;
2527:Drivers/STM32G0xx_HAL_Driver/Src/stm32g0xx_hal_spi.c ****     /* Wait HAL_SPI_STATE_ABORT state */
2528:Drivers/STM32G0xx_HAL_Driver/Src/stm32g0xx_hal_spi.c ****     do
2529:Drivers/STM32G0xx_HAL_Driver/Src/stm32g0xx_hal_spi.c ****     {
2530:Drivers/STM32G0xx_HAL_Driver/Src/stm32g0xx_hal_spi.c ****       if (count == 0U)
2531:Drivers/STM32G0xx_HAL_Driver/Src/stm32g0xx_hal_spi.c ****       {
2532:Drivers/STM32G0xx_HAL_Driver/Src/stm32g0xx_hal_spi.c ****         SET_BIT(hspi->ErrorCode, HAL_SPI_ERROR_ABORT);
2533:Drivers/STM32G0xx_HAL_Driver/Src/stm32g0xx_hal_spi.c ****         break;
2534:Drivers/STM32G0xx_HAL_Driver/Src/stm32g0xx_hal_spi.c ****       }
2535:Drivers/STM32G0xx_HAL_Driver/Src/stm32g0xx_hal_spi.c ****       count--;
2536:Drivers/STM32G0xx_HAL_Driver/Src/stm32g0xx_hal_spi.c ****     } while (hspi->State != HAL_SPI_STATE_ABORT);
2537:Drivers/STM32G0xx_HAL_Driver/Src/stm32g0xx_hal_spi.c ****     /* Reset Timeout Counter */
2538:Drivers/STM32G0xx_HAL_Driver/Src/stm32g0xx_hal_spi.c ****     count = resetcount;
2539:Drivers/STM32G0xx_HAL_Driver/Src/stm32g0xx_hal_spi.c ****   }
2540:Drivers/STM32G0xx_HAL_Driver/Src/stm32g0xx_hal_spi.c **** 
ARM GAS  C:\Users\Domagoj\AppData\Local\Temp\ccvehG6g.s 			page 46


2541:Drivers/STM32G0xx_HAL_Driver/Src/stm32g0xx_hal_spi.c ****   if (HAL_IS_BIT_SET(hspi->Instance->CR2, SPI_CR2_RXNEIE))
2542:Drivers/STM32G0xx_HAL_Driver/Src/stm32g0xx_hal_spi.c ****   {
2543:Drivers/STM32G0xx_HAL_Driver/Src/stm32g0xx_hal_spi.c ****     hspi->RxISR = SPI_AbortRx_ISR;
2544:Drivers/STM32G0xx_HAL_Driver/Src/stm32g0xx_hal_spi.c ****     /* Wait HAL_SPI_STATE_ABORT state */
2545:Drivers/STM32G0xx_HAL_Driver/Src/stm32g0xx_hal_spi.c ****     do
2546:Drivers/STM32G0xx_HAL_Driver/Src/stm32g0xx_hal_spi.c ****     {
2547:Drivers/STM32G0xx_HAL_Driver/Src/stm32g0xx_hal_spi.c ****       if (count == 0U)
2548:Drivers/STM32G0xx_HAL_Driver/Src/stm32g0xx_hal_spi.c ****       {
2549:Drivers/STM32G0xx_HAL_Driver/Src/stm32g0xx_hal_spi.c ****         SET_BIT(hspi->ErrorCode, HAL_SPI_ERROR_ABORT);
2550:Drivers/STM32G0xx_HAL_Driver/Src/stm32g0xx_hal_spi.c ****         break;
2551:Drivers/STM32G0xx_HAL_Driver/Src/stm32g0xx_hal_spi.c ****       }
2552:Drivers/STM32G0xx_HAL_Driver/Src/stm32g0xx_hal_spi.c ****       count--;
2553:Drivers/STM32G0xx_HAL_Driver/Src/stm32g0xx_hal_spi.c ****     } while (hspi->State != HAL_SPI_STATE_ABORT);
2554:Drivers/STM32G0xx_HAL_Driver/Src/stm32g0xx_hal_spi.c ****     /* Reset Timeout Counter */
2555:Drivers/STM32G0xx_HAL_Driver/Src/stm32g0xx_hal_spi.c ****     count = resetcount;
2556:Drivers/STM32G0xx_HAL_Driver/Src/stm32g0xx_hal_spi.c ****   }
2557:Drivers/STM32G0xx_HAL_Driver/Src/stm32g0xx_hal_spi.c **** 
2558:Drivers/STM32G0xx_HAL_Driver/Src/stm32g0xx_hal_spi.c ****   /* If DMA Tx and/or DMA Rx Handles are associated to SPI Handle, DMA Abort complete callbacks sho
2559:Drivers/STM32G0xx_HAL_Driver/Src/stm32g0xx_hal_spi.c ****      before any call to DMA Abort functions */
2560:Drivers/STM32G0xx_HAL_Driver/Src/stm32g0xx_hal_spi.c ****   /* DMA Tx Handle is valid */
2561:Drivers/STM32G0xx_HAL_Driver/Src/stm32g0xx_hal_spi.c ****   if (hspi->hdmatx != NULL)
2562:Drivers/STM32G0xx_HAL_Driver/Src/stm32g0xx_hal_spi.c ****   {
2563:Drivers/STM32G0xx_HAL_Driver/Src/stm32g0xx_hal_spi.c ****     /* Set DMA Abort Complete callback if UART DMA Tx request if enabled.
2564:Drivers/STM32G0xx_HAL_Driver/Src/stm32g0xx_hal_spi.c ****        Otherwise, set it to NULL */
2565:Drivers/STM32G0xx_HAL_Driver/Src/stm32g0xx_hal_spi.c ****     if (HAL_IS_BIT_SET(hspi->Instance->CR2, SPI_CR2_TXDMAEN))
2566:Drivers/STM32G0xx_HAL_Driver/Src/stm32g0xx_hal_spi.c ****     {
2567:Drivers/STM32G0xx_HAL_Driver/Src/stm32g0xx_hal_spi.c ****       hspi->hdmatx->XferAbortCallback = SPI_DMATxAbortCallback;
2568:Drivers/STM32G0xx_HAL_Driver/Src/stm32g0xx_hal_spi.c ****     }
2569:Drivers/STM32G0xx_HAL_Driver/Src/stm32g0xx_hal_spi.c ****     else
2570:Drivers/STM32G0xx_HAL_Driver/Src/stm32g0xx_hal_spi.c ****     {
2571:Drivers/STM32G0xx_HAL_Driver/Src/stm32g0xx_hal_spi.c ****       hspi->hdmatx->XferAbortCallback = NULL;
2572:Drivers/STM32G0xx_HAL_Driver/Src/stm32g0xx_hal_spi.c ****     }
2573:Drivers/STM32G0xx_HAL_Driver/Src/stm32g0xx_hal_spi.c ****   }
2574:Drivers/STM32G0xx_HAL_Driver/Src/stm32g0xx_hal_spi.c ****   /* DMA Rx Handle is valid */
2575:Drivers/STM32G0xx_HAL_Driver/Src/stm32g0xx_hal_spi.c ****   if (hspi->hdmarx != NULL)
2576:Drivers/STM32G0xx_HAL_Driver/Src/stm32g0xx_hal_spi.c ****   {
2577:Drivers/STM32G0xx_HAL_Driver/Src/stm32g0xx_hal_spi.c ****     /* Set DMA Abort Complete callback if UART DMA Rx request if enabled.
2578:Drivers/STM32G0xx_HAL_Driver/Src/stm32g0xx_hal_spi.c ****        Otherwise, set it to NULL */
2579:Drivers/STM32G0xx_HAL_Driver/Src/stm32g0xx_hal_spi.c ****     if (HAL_IS_BIT_SET(hspi->Instance->CR2, SPI_CR2_RXDMAEN))
2580:Drivers/STM32G0xx_HAL_Driver/Src/stm32g0xx_hal_spi.c ****     {
2581:Drivers/STM32G0xx_HAL_Driver/Src/stm32g0xx_hal_spi.c ****       hspi->hdmarx->XferAbortCallback = SPI_DMARxAbortCallback;
2582:Drivers/STM32G0xx_HAL_Driver/Src/stm32g0xx_hal_spi.c ****     }
2583:Drivers/STM32G0xx_HAL_Driver/Src/stm32g0xx_hal_spi.c ****     else
2584:Drivers/STM32G0xx_HAL_Driver/Src/stm32g0xx_hal_spi.c ****     {
2585:Drivers/STM32G0xx_HAL_Driver/Src/stm32g0xx_hal_spi.c ****       hspi->hdmarx->XferAbortCallback = NULL;
2586:Drivers/STM32G0xx_HAL_Driver/Src/stm32g0xx_hal_spi.c ****     }
2587:Drivers/STM32G0xx_HAL_Driver/Src/stm32g0xx_hal_spi.c ****   }
2588:Drivers/STM32G0xx_HAL_Driver/Src/stm32g0xx_hal_spi.c **** 
2589:Drivers/STM32G0xx_HAL_Driver/Src/stm32g0xx_hal_spi.c ****   /* Disable the SPI DMA Tx request if enabled */
2590:Drivers/STM32G0xx_HAL_Driver/Src/stm32g0xx_hal_spi.c ****   if (HAL_IS_BIT_SET(hspi->Instance->CR2, SPI_CR2_TXDMAEN))
2591:Drivers/STM32G0xx_HAL_Driver/Src/stm32g0xx_hal_spi.c ****   {
2592:Drivers/STM32G0xx_HAL_Driver/Src/stm32g0xx_hal_spi.c ****     /* Abort the SPI DMA Tx Stream/Channel */
2593:Drivers/STM32G0xx_HAL_Driver/Src/stm32g0xx_hal_spi.c ****     if (hspi->hdmatx != NULL)
2594:Drivers/STM32G0xx_HAL_Driver/Src/stm32g0xx_hal_spi.c ****     {
2595:Drivers/STM32G0xx_HAL_Driver/Src/stm32g0xx_hal_spi.c ****       /* Abort DMA Tx Handle linked to SPI Peripheral */
2596:Drivers/STM32G0xx_HAL_Driver/Src/stm32g0xx_hal_spi.c ****       if (HAL_DMA_Abort_IT(hspi->hdmatx) != HAL_OK)
2597:Drivers/STM32G0xx_HAL_Driver/Src/stm32g0xx_hal_spi.c ****       {
ARM GAS  C:\Users\Domagoj\AppData\Local\Temp\ccvehG6g.s 			page 47


2598:Drivers/STM32G0xx_HAL_Driver/Src/stm32g0xx_hal_spi.c ****         hspi->hdmatx->XferAbortCallback = NULL;
2599:Drivers/STM32G0xx_HAL_Driver/Src/stm32g0xx_hal_spi.c ****         hspi->ErrorCode = HAL_SPI_ERROR_ABORT;
2600:Drivers/STM32G0xx_HAL_Driver/Src/stm32g0xx_hal_spi.c ****       }
2601:Drivers/STM32G0xx_HAL_Driver/Src/stm32g0xx_hal_spi.c ****       else
2602:Drivers/STM32G0xx_HAL_Driver/Src/stm32g0xx_hal_spi.c ****       {
2603:Drivers/STM32G0xx_HAL_Driver/Src/stm32g0xx_hal_spi.c ****         abortcplt = 0U;
2604:Drivers/STM32G0xx_HAL_Driver/Src/stm32g0xx_hal_spi.c ****       }
2605:Drivers/STM32G0xx_HAL_Driver/Src/stm32g0xx_hal_spi.c ****     }
2606:Drivers/STM32G0xx_HAL_Driver/Src/stm32g0xx_hal_spi.c ****   }
2607:Drivers/STM32G0xx_HAL_Driver/Src/stm32g0xx_hal_spi.c ****   /* Disable the SPI DMA Rx request if enabled */
2608:Drivers/STM32G0xx_HAL_Driver/Src/stm32g0xx_hal_spi.c ****   if (HAL_IS_BIT_SET(hspi->Instance->CR2, SPI_CR2_RXDMAEN))
2609:Drivers/STM32G0xx_HAL_Driver/Src/stm32g0xx_hal_spi.c ****   {
2610:Drivers/STM32G0xx_HAL_Driver/Src/stm32g0xx_hal_spi.c ****     /* Abort the SPI DMA Rx Stream/Channel */
2611:Drivers/STM32G0xx_HAL_Driver/Src/stm32g0xx_hal_spi.c ****     if (hspi->hdmarx != NULL)
2612:Drivers/STM32G0xx_HAL_Driver/Src/stm32g0xx_hal_spi.c ****     {
2613:Drivers/STM32G0xx_HAL_Driver/Src/stm32g0xx_hal_spi.c ****       /* Abort DMA Rx Handle linked to SPI Peripheral */
2614:Drivers/STM32G0xx_HAL_Driver/Src/stm32g0xx_hal_spi.c ****       if (HAL_DMA_Abort_IT(hspi->hdmarx) !=  HAL_OK)
2615:Drivers/STM32G0xx_HAL_Driver/Src/stm32g0xx_hal_spi.c ****       {
2616:Drivers/STM32G0xx_HAL_Driver/Src/stm32g0xx_hal_spi.c ****         hspi->hdmarx->XferAbortCallback = NULL;
2617:Drivers/STM32G0xx_HAL_Driver/Src/stm32g0xx_hal_spi.c ****         hspi->ErrorCode = HAL_SPI_ERROR_ABORT;
2618:Drivers/STM32G0xx_HAL_Driver/Src/stm32g0xx_hal_spi.c ****       }
2619:Drivers/STM32G0xx_HAL_Driver/Src/stm32g0xx_hal_spi.c ****       else
2620:Drivers/STM32G0xx_HAL_Driver/Src/stm32g0xx_hal_spi.c ****       {
2621:Drivers/STM32G0xx_HAL_Driver/Src/stm32g0xx_hal_spi.c ****         abortcplt = 0U;
2622:Drivers/STM32G0xx_HAL_Driver/Src/stm32g0xx_hal_spi.c ****       }
2623:Drivers/STM32G0xx_HAL_Driver/Src/stm32g0xx_hal_spi.c ****     }
2624:Drivers/STM32G0xx_HAL_Driver/Src/stm32g0xx_hal_spi.c ****   }
2625:Drivers/STM32G0xx_HAL_Driver/Src/stm32g0xx_hal_spi.c **** 
2626:Drivers/STM32G0xx_HAL_Driver/Src/stm32g0xx_hal_spi.c ****   if (abortcplt == 1U)
2627:Drivers/STM32G0xx_HAL_Driver/Src/stm32g0xx_hal_spi.c ****   {
2628:Drivers/STM32G0xx_HAL_Driver/Src/stm32g0xx_hal_spi.c ****     /* Reset Tx and Rx transfer counters */
2629:Drivers/STM32G0xx_HAL_Driver/Src/stm32g0xx_hal_spi.c ****     hspi->RxXferCount = 0U;
2630:Drivers/STM32G0xx_HAL_Driver/Src/stm32g0xx_hal_spi.c ****     hspi->TxXferCount = 0U;
2631:Drivers/STM32G0xx_HAL_Driver/Src/stm32g0xx_hal_spi.c **** 
2632:Drivers/STM32G0xx_HAL_Driver/Src/stm32g0xx_hal_spi.c ****     /* Check error during Abort procedure */
2633:Drivers/STM32G0xx_HAL_Driver/Src/stm32g0xx_hal_spi.c ****     if (hspi->ErrorCode == HAL_SPI_ERROR_ABORT)
2634:Drivers/STM32G0xx_HAL_Driver/Src/stm32g0xx_hal_spi.c ****     {
2635:Drivers/STM32G0xx_HAL_Driver/Src/stm32g0xx_hal_spi.c ****       /* return HAL_Error in case of error during Abort procedure */
2636:Drivers/STM32G0xx_HAL_Driver/Src/stm32g0xx_hal_spi.c ****       errorcode = HAL_ERROR;
2637:Drivers/STM32G0xx_HAL_Driver/Src/stm32g0xx_hal_spi.c ****     }
2638:Drivers/STM32G0xx_HAL_Driver/Src/stm32g0xx_hal_spi.c ****     else
2639:Drivers/STM32G0xx_HAL_Driver/Src/stm32g0xx_hal_spi.c ****     {
2640:Drivers/STM32G0xx_HAL_Driver/Src/stm32g0xx_hal_spi.c ****       /* Reset errorCode */
2641:Drivers/STM32G0xx_HAL_Driver/Src/stm32g0xx_hal_spi.c ****       hspi->ErrorCode = HAL_SPI_ERROR_NONE;
2642:Drivers/STM32G0xx_HAL_Driver/Src/stm32g0xx_hal_spi.c ****     }
2643:Drivers/STM32G0xx_HAL_Driver/Src/stm32g0xx_hal_spi.c **** 
2644:Drivers/STM32G0xx_HAL_Driver/Src/stm32g0xx_hal_spi.c ****     /* Clear the Error flags in the SR register */
2645:Drivers/STM32G0xx_HAL_Driver/Src/stm32g0xx_hal_spi.c ****     __HAL_SPI_CLEAR_OVRFLAG(hspi);
2646:Drivers/STM32G0xx_HAL_Driver/Src/stm32g0xx_hal_spi.c ****     __HAL_SPI_CLEAR_FREFLAG(hspi);
2647:Drivers/STM32G0xx_HAL_Driver/Src/stm32g0xx_hal_spi.c **** 
2648:Drivers/STM32G0xx_HAL_Driver/Src/stm32g0xx_hal_spi.c ****     /* Restore hspi->State to Ready */
2649:Drivers/STM32G0xx_HAL_Driver/Src/stm32g0xx_hal_spi.c ****     hspi->State = HAL_SPI_STATE_READY;
2650:Drivers/STM32G0xx_HAL_Driver/Src/stm32g0xx_hal_spi.c **** 
2651:Drivers/STM32G0xx_HAL_Driver/Src/stm32g0xx_hal_spi.c ****     /* As no DMA to be aborted, call directly user Abort complete callback */
2652:Drivers/STM32G0xx_HAL_Driver/Src/stm32g0xx_hal_spi.c **** #if (USE_HAL_SPI_REGISTER_CALLBACKS == 1U)
2653:Drivers/STM32G0xx_HAL_Driver/Src/stm32g0xx_hal_spi.c ****     hspi->AbortCpltCallback(hspi);
2654:Drivers/STM32G0xx_HAL_Driver/Src/stm32g0xx_hal_spi.c **** #else
ARM GAS  C:\Users\Domagoj\AppData\Local\Temp\ccvehG6g.s 			page 48


2655:Drivers/STM32G0xx_HAL_Driver/Src/stm32g0xx_hal_spi.c ****     HAL_SPI_AbortCpltCallback(hspi);
2656:Drivers/STM32G0xx_HAL_Driver/Src/stm32g0xx_hal_spi.c **** #endif /* USE_HAL_SPI_REGISTER_CALLBACKS */
2657:Drivers/STM32G0xx_HAL_Driver/Src/stm32g0xx_hal_spi.c ****   }
2658:Drivers/STM32G0xx_HAL_Driver/Src/stm32g0xx_hal_spi.c **** 
2659:Drivers/STM32G0xx_HAL_Driver/Src/stm32g0xx_hal_spi.c ****   return errorcode;
2660:Drivers/STM32G0xx_HAL_Driver/Src/stm32g0xx_hal_spi.c **** }
2661:Drivers/STM32G0xx_HAL_Driver/Src/stm32g0xx_hal_spi.c **** 
2662:Drivers/STM32G0xx_HAL_Driver/Src/stm32g0xx_hal_spi.c **** /**
2663:Drivers/STM32G0xx_HAL_Driver/Src/stm32g0xx_hal_spi.c ****   * @brief  Pause the DMA Transfer.
2664:Drivers/STM32G0xx_HAL_Driver/Src/stm32g0xx_hal_spi.c ****   * @param  hspi pointer to a SPI_HandleTypeDef structure that contains
2665:Drivers/STM32G0xx_HAL_Driver/Src/stm32g0xx_hal_spi.c ****   *               the configuration information for the specified SPI module.
2666:Drivers/STM32G0xx_HAL_Driver/Src/stm32g0xx_hal_spi.c ****   * @retval HAL status
2667:Drivers/STM32G0xx_HAL_Driver/Src/stm32g0xx_hal_spi.c ****   */
2668:Drivers/STM32G0xx_HAL_Driver/Src/stm32g0xx_hal_spi.c **** HAL_StatusTypeDef HAL_SPI_DMAPause(SPI_HandleTypeDef *hspi)
2669:Drivers/STM32G0xx_HAL_Driver/Src/stm32g0xx_hal_spi.c **** {
2670:Drivers/STM32G0xx_HAL_Driver/Src/stm32g0xx_hal_spi.c ****   /* Process Locked */
2671:Drivers/STM32G0xx_HAL_Driver/Src/stm32g0xx_hal_spi.c ****   __HAL_LOCK(hspi);
2672:Drivers/STM32G0xx_HAL_Driver/Src/stm32g0xx_hal_spi.c **** 
2673:Drivers/STM32G0xx_HAL_Driver/Src/stm32g0xx_hal_spi.c ****   /* Disable the SPI DMA Tx & Rx requests */
2674:Drivers/STM32G0xx_HAL_Driver/Src/stm32g0xx_hal_spi.c ****   CLEAR_BIT(hspi->Instance->CR2, SPI_CR2_TXDMAEN | SPI_CR2_RXDMAEN);
2675:Drivers/STM32G0xx_HAL_Driver/Src/stm32g0xx_hal_spi.c **** 
2676:Drivers/STM32G0xx_HAL_Driver/Src/stm32g0xx_hal_spi.c ****   /* Process Unlocked */
2677:Drivers/STM32G0xx_HAL_Driver/Src/stm32g0xx_hal_spi.c ****   __HAL_UNLOCK(hspi);
2678:Drivers/STM32G0xx_HAL_Driver/Src/stm32g0xx_hal_spi.c **** 
2679:Drivers/STM32G0xx_HAL_Driver/Src/stm32g0xx_hal_spi.c ****   return HAL_OK;
2680:Drivers/STM32G0xx_HAL_Driver/Src/stm32g0xx_hal_spi.c **** }
2681:Drivers/STM32G0xx_HAL_Driver/Src/stm32g0xx_hal_spi.c **** 
2682:Drivers/STM32G0xx_HAL_Driver/Src/stm32g0xx_hal_spi.c **** /**
2683:Drivers/STM32G0xx_HAL_Driver/Src/stm32g0xx_hal_spi.c ****   * @brief  Resume the DMA Transfer.
2684:Drivers/STM32G0xx_HAL_Driver/Src/stm32g0xx_hal_spi.c ****   * @param  hspi pointer to a SPI_HandleTypeDef structure that contains
2685:Drivers/STM32G0xx_HAL_Driver/Src/stm32g0xx_hal_spi.c ****   *               the configuration information for the specified SPI module.
2686:Drivers/STM32G0xx_HAL_Driver/Src/stm32g0xx_hal_spi.c ****   * @retval HAL status
2687:Drivers/STM32G0xx_HAL_Driver/Src/stm32g0xx_hal_spi.c ****   */
2688:Drivers/STM32G0xx_HAL_Driver/Src/stm32g0xx_hal_spi.c **** HAL_StatusTypeDef HAL_SPI_DMAResume(SPI_HandleTypeDef *hspi)
2689:Drivers/STM32G0xx_HAL_Driver/Src/stm32g0xx_hal_spi.c **** {
2690:Drivers/STM32G0xx_HAL_Driver/Src/stm32g0xx_hal_spi.c ****   /* Process Locked */
2691:Drivers/STM32G0xx_HAL_Driver/Src/stm32g0xx_hal_spi.c ****   __HAL_LOCK(hspi);
2692:Drivers/STM32G0xx_HAL_Driver/Src/stm32g0xx_hal_spi.c **** 
2693:Drivers/STM32G0xx_HAL_Driver/Src/stm32g0xx_hal_spi.c ****   /* Enable the SPI DMA Tx & Rx requests */
2694:Drivers/STM32G0xx_HAL_Driver/Src/stm32g0xx_hal_spi.c ****   SET_BIT(hspi->Instance->CR2, SPI_CR2_TXDMAEN | SPI_CR2_RXDMAEN);
2695:Drivers/STM32G0xx_HAL_Driver/Src/stm32g0xx_hal_spi.c **** 
2696:Drivers/STM32G0xx_HAL_Driver/Src/stm32g0xx_hal_spi.c ****   /* Process Unlocked */
2697:Drivers/STM32G0xx_HAL_Driver/Src/stm32g0xx_hal_spi.c ****   __HAL_UNLOCK(hspi);
2698:Drivers/STM32G0xx_HAL_Driver/Src/stm32g0xx_hal_spi.c **** 
2699:Drivers/STM32G0xx_HAL_Driver/Src/stm32g0xx_hal_spi.c ****   return HAL_OK;
2700:Drivers/STM32G0xx_HAL_Driver/Src/stm32g0xx_hal_spi.c **** }
2701:Drivers/STM32G0xx_HAL_Driver/Src/stm32g0xx_hal_spi.c **** 
2702:Drivers/STM32G0xx_HAL_Driver/Src/stm32g0xx_hal_spi.c **** /**
2703:Drivers/STM32G0xx_HAL_Driver/Src/stm32g0xx_hal_spi.c ****   * @brief  Stop the DMA Transfer.
2704:Drivers/STM32G0xx_HAL_Driver/Src/stm32g0xx_hal_spi.c ****   * @param  hspi pointer to a SPI_HandleTypeDef structure that contains
2705:Drivers/STM32G0xx_HAL_Driver/Src/stm32g0xx_hal_spi.c ****   *               the configuration information for the specified SPI module.
2706:Drivers/STM32G0xx_HAL_Driver/Src/stm32g0xx_hal_spi.c ****   * @retval HAL status
2707:Drivers/STM32G0xx_HAL_Driver/Src/stm32g0xx_hal_spi.c ****   */
2708:Drivers/STM32G0xx_HAL_Driver/Src/stm32g0xx_hal_spi.c **** HAL_StatusTypeDef HAL_SPI_DMAStop(SPI_HandleTypeDef *hspi)
2709:Drivers/STM32G0xx_HAL_Driver/Src/stm32g0xx_hal_spi.c **** {
2710:Drivers/STM32G0xx_HAL_Driver/Src/stm32g0xx_hal_spi.c ****   HAL_StatusTypeDef errorcode = HAL_OK;
2711:Drivers/STM32G0xx_HAL_Driver/Src/stm32g0xx_hal_spi.c ****   /* The Lock is not implemented on this API to allow the user application
ARM GAS  C:\Users\Domagoj\AppData\Local\Temp\ccvehG6g.s 			page 49


2712:Drivers/STM32G0xx_HAL_Driver/Src/stm32g0xx_hal_spi.c ****      to call the HAL SPI API under callbacks HAL_SPI_TxCpltCallback() or HAL_SPI_RxCpltCallback() o
2713:Drivers/STM32G0xx_HAL_Driver/Src/stm32g0xx_hal_spi.c ****      HAL_SPI_TxRxCpltCallback():
2714:Drivers/STM32G0xx_HAL_Driver/Src/stm32g0xx_hal_spi.c ****      when calling HAL_DMA_Abort() API the DMA TX/RX Transfer complete interrupt is generated
2715:Drivers/STM32G0xx_HAL_Driver/Src/stm32g0xx_hal_spi.c ****      and the correspond call back is executed HAL_SPI_TxCpltCallback() or HAL_SPI_RxCpltCallback() 
2716:Drivers/STM32G0xx_HAL_Driver/Src/stm32g0xx_hal_spi.c ****      HAL_SPI_TxRxCpltCallback()
2717:Drivers/STM32G0xx_HAL_Driver/Src/stm32g0xx_hal_spi.c ****      */
2718:Drivers/STM32G0xx_HAL_Driver/Src/stm32g0xx_hal_spi.c **** 
2719:Drivers/STM32G0xx_HAL_Driver/Src/stm32g0xx_hal_spi.c ****   /* Abort the SPI DMA tx Stream/Channel  */
2720:Drivers/STM32G0xx_HAL_Driver/Src/stm32g0xx_hal_spi.c ****   if (hspi->hdmatx != NULL)
2721:Drivers/STM32G0xx_HAL_Driver/Src/stm32g0xx_hal_spi.c ****   {
2722:Drivers/STM32G0xx_HAL_Driver/Src/stm32g0xx_hal_spi.c ****     if (HAL_OK != HAL_DMA_Abort(hspi->hdmatx))
2723:Drivers/STM32G0xx_HAL_Driver/Src/stm32g0xx_hal_spi.c ****     {
2724:Drivers/STM32G0xx_HAL_Driver/Src/stm32g0xx_hal_spi.c ****       SET_BIT(hspi->ErrorCode, HAL_SPI_ERROR_DMA);
2725:Drivers/STM32G0xx_HAL_Driver/Src/stm32g0xx_hal_spi.c ****       errorcode = HAL_ERROR;
2726:Drivers/STM32G0xx_HAL_Driver/Src/stm32g0xx_hal_spi.c ****     }
2727:Drivers/STM32G0xx_HAL_Driver/Src/stm32g0xx_hal_spi.c ****   }
2728:Drivers/STM32G0xx_HAL_Driver/Src/stm32g0xx_hal_spi.c ****   /* Abort the SPI DMA rx Stream/Channel  */
2729:Drivers/STM32G0xx_HAL_Driver/Src/stm32g0xx_hal_spi.c ****   if (hspi->hdmarx != NULL)
2730:Drivers/STM32G0xx_HAL_Driver/Src/stm32g0xx_hal_spi.c ****   {
2731:Drivers/STM32G0xx_HAL_Driver/Src/stm32g0xx_hal_spi.c ****     if (HAL_OK != HAL_DMA_Abort(hspi->hdmarx))
2732:Drivers/STM32G0xx_HAL_Driver/Src/stm32g0xx_hal_spi.c ****     {
2733:Drivers/STM32G0xx_HAL_Driver/Src/stm32g0xx_hal_spi.c ****       SET_BIT(hspi->ErrorCode, HAL_SPI_ERROR_DMA);
2734:Drivers/STM32G0xx_HAL_Driver/Src/stm32g0xx_hal_spi.c ****       errorcode = HAL_ERROR;
2735:Drivers/STM32G0xx_HAL_Driver/Src/stm32g0xx_hal_spi.c ****     }
2736:Drivers/STM32G0xx_HAL_Driver/Src/stm32g0xx_hal_spi.c ****   }
2737:Drivers/STM32G0xx_HAL_Driver/Src/stm32g0xx_hal_spi.c **** 
2738:Drivers/STM32G0xx_HAL_Driver/Src/stm32g0xx_hal_spi.c ****   /* Disable the SPI DMA Tx & Rx requests */
2739:Drivers/STM32G0xx_HAL_Driver/Src/stm32g0xx_hal_spi.c ****   CLEAR_BIT(hspi->Instance->CR2, SPI_CR2_TXDMAEN | SPI_CR2_RXDMAEN);
2740:Drivers/STM32G0xx_HAL_Driver/Src/stm32g0xx_hal_spi.c ****   hspi->State = HAL_SPI_STATE_READY;
2741:Drivers/STM32G0xx_HAL_Driver/Src/stm32g0xx_hal_spi.c ****   return errorcode;
2742:Drivers/STM32G0xx_HAL_Driver/Src/stm32g0xx_hal_spi.c **** }
2743:Drivers/STM32G0xx_HAL_Driver/Src/stm32g0xx_hal_spi.c **** 
2744:Drivers/STM32G0xx_HAL_Driver/Src/stm32g0xx_hal_spi.c **** /**
2745:Drivers/STM32G0xx_HAL_Driver/Src/stm32g0xx_hal_spi.c ****   * @brief  Handle SPI interrupt request.
2746:Drivers/STM32G0xx_HAL_Driver/Src/stm32g0xx_hal_spi.c ****   * @param  hspi pointer to a SPI_HandleTypeDef structure that contains
2747:Drivers/STM32G0xx_HAL_Driver/Src/stm32g0xx_hal_spi.c ****   *               the configuration information for the specified SPI module.
2748:Drivers/STM32G0xx_HAL_Driver/Src/stm32g0xx_hal_spi.c ****   * @retval None
2749:Drivers/STM32G0xx_HAL_Driver/Src/stm32g0xx_hal_spi.c ****   */
2750:Drivers/STM32G0xx_HAL_Driver/Src/stm32g0xx_hal_spi.c **** void HAL_SPI_IRQHandler(SPI_HandleTypeDef *hspi)
2751:Drivers/STM32G0xx_HAL_Driver/Src/stm32g0xx_hal_spi.c **** {
2752:Drivers/STM32G0xx_HAL_Driver/Src/stm32g0xx_hal_spi.c ****   uint32_t itsource = hspi->Instance->CR2;
2753:Drivers/STM32G0xx_HAL_Driver/Src/stm32g0xx_hal_spi.c ****   uint32_t itflag   = hspi->Instance->SR;
2754:Drivers/STM32G0xx_HAL_Driver/Src/stm32g0xx_hal_spi.c **** 
2755:Drivers/STM32G0xx_HAL_Driver/Src/stm32g0xx_hal_spi.c ****   /* SPI in mode Receiver ----------------------------------------------------*/
2756:Drivers/STM32G0xx_HAL_Driver/Src/stm32g0xx_hal_spi.c ****   if ((SPI_CHECK_FLAG(itflag, SPI_FLAG_OVR) == RESET) &&
2757:Drivers/STM32G0xx_HAL_Driver/Src/stm32g0xx_hal_spi.c ****       (SPI_CHECK_FLAG(itflag, SPI_FLAG_RXNE) != RESET) && (SPI_CHECK_IT_SOURCE(itsource, SPI_IT_RXN
2758:Drivers/STM32G0xx_HAL_Driver/Src/stm32g0xx_hal_spi.c ****   {
2759:Drivers/STM32G0xx_HAL_Driver/Src/stm32g0xx_hal_spi.c ****     hspi->RxISR(hspi);
2760:Drivers/STM32G0xx_HAL_Driver/Src/stm32g0xx_hal_spi.c ****     return;
2761:Drivers/STM32G0xx_HAL_Driver/Src/stm32g0xx_hal_spi.c ****   }
2762:Drivers/STM32G0xx_HAL_Driver/Src/stm32g0xx_hal_spi.c **** 
2763:Drivers/STM32G0xx_HAL_Driver/Src/stm32g0xx_hal_spi.c ****   /* SPI in mode Transmitter -------------------------------------------------*/
2764:Drivers/STM32G0xx_HAL_Driver/Src/stm32g0xx_hal_spi.c ****   if ((SPI_CHECK_FLAG(itflag, SPI_FLAG_TXE) != RESET) && (SPI_CHECK_IT_SOURCE(itsource, SPI_IT_TXE)
2765:Drivers/STM32G0xx_HAL_Driver/Src/stm32g0xx_hal_spi.c ****   {
2766:Drivers/STM32G0xx_HAL_Driver/Src/stm32g0xx_hal_spi.c ****     hspi->TxISR(hspi);
2767:Drivers/STM32G0xx_HAL_Driver/Src/stm32g0xx_hal_spi.c ****     return;
2768:Drivers/STM32G0xx_HAL_Driver/Src/stm32g0xx_hal_spi.c ****   }
ARM GAS  C:\Users\Domagoj\AppData\Local\Temp\ccvehG6g.s 			page 50


2769:Drivers/STM32G0xx_HAL_Driver/Src/stm32g0xx_hal_spi.c **** 
2770:Drivers/STM32G0xx_HAL_Driver/Src/stm32g0xx_hal_spi.c ****   /* SPI in Error Treatment --------------------------------------------------*/
2771:Drivers/STM32G0xx_HAL_Driver/Src/stm32g0xx_hal_spi.c ****   if (((SPI_CHECK_FLAG(itflag, SPI_FLAG_MODF) != RESET) || (SPI_CHECK_FLAG(itflag, SPI_FLAG_OVR) !=
2772:Drivers/STM32G0xx_HAL_Driver/Src/stm32g0xx_hal_spi.c ****        || (SPI_CHECK_FLAG(itflag, SPI_FLAG_FRE) != RESET)) && (SPI_CHECK_IT_SOURCE(itsource, SPI_IT
2773:Drivers/STM32G0xx_HAL_Driver/Src/stm32g0xx_hal_spi.c ****   {
2774:Drivers/STM32G0xx_HAL_Driver/Src/stm32g0xx_hal_spi.c ****     /* SPI Overrun error interrupt occurred ----------------------------------*/
2775:Drivers/STM32G0xx_HAL_Driver/Src/stm32g0xx_hal_spi.c ****     if (SPI_CHECK_FLAG(itflag, SPI_FLAG_OVR) != RESET)
2776:Drivers/STM32G0xx_HAL_Driver/Src/stm32g0xx_hal_spi.c ****     {
2777:Drivers/STM32G0xx_HAL_Driver/Src/stm32g0xx_hal_spi.c ****       if (hspi->State != HAL_SPI_STATE_BUSY_TX)
2778:Drivers/STM32G0xx_HAL_Driver/Src/stm32g0xx_hal_spi.c ****       {
2779:Drivers/STM32G0xx_HAL_Driver/Src/stm32g0xx_hal_spi.c ****         SET_BIT(hspi->ErrorCode, HAL_SPI_ERROR_OVR);
2780:Drivers/STM32G0xx_HAL_Driver/Src/stm32g0xx_hal_spi.c ****         __HAL_SPI_CLEAR_OVRFLAG(hspi);
2781:Drivers/STM32G0xx_HAL_Driver/Src/stm32g0xx_hal_spi.c ****       }
2782:Drivers/STM32G0xx_HAL_Driver/Src/stm32g0xx_hal_spi.c ****       else
2783:Drivers/STM32G0xx_HAL_Driver/Src/stm32g0xx_hal_spi.c ****       {
2784:Drivers/STM32G0xx_HAL_Driver/Src/stm32g0xx_hal_spi.c ****         __HAL_SPI_CLEAR_OVRFLAG(hspi);
2785:Drivers/STM32G0xx_HAL_Driver/Src/stm32g0xx_hal_spi.c ****         return;
2786:Drivers/STM32G0xx_HAL_Driver/Src/stm32g0xx_hal_spi.c ****       }
2787:Drivers/STM32G0xx_HAL_Driver/Src/stm32g0xx_hal_spi.c ****     }
2788:Drivers/STM32G0xx_HAL_Driver/Src/stm32g0xx_hal_spi.c **** 
2789:Drivers/STM32G0xx_HAL_Driver/Src/stm32g0xx_hal_spi.c ****     /* SPI Mode Fault error interrupt occurred -------------------------------*/
2790:Drivers/STM32G0xx_HAL_Driver/Src/stm32g0xx_hal_spi.c ****     if (SPI_CHECK_FLAG(itflag, SPI_FLAG_MODF) != RESET)
2791:Drivers/STM32G0xx_HAL_Driver/Src/stm32g0xx_hal_spi.c ****     {
2792:Drivers/STM32G0xx_HAL_Driver/Src/stm32g0xx_hal_spi.c ****       SET_BIT(hspi->ErrorCode, HAL_SPI_ERROR_MODF);
2793:Drivers/STM32G0xx_HAL_Driver/Src/stm32g0xx_hal_spi.c ****       __HAL_SPI_CLEAR_MODFFLAG(hspi);
2794:Drivers/STM32G0xx_HAL_Driver/Src/stm32g0xx_hal_spi.c ****     }
2795:Drivers/STM32G0xx_HAL_Driver/Src/stm32g0xx_hal_spi.c **** 
2796:Drivers/STM32G0xx_HAL_Driver/Src/stm32g0xx_hal_spi.c ****     /* SPI Frame error interrupt occurred ------------------------------------*/
2797:Drivers/STM32G0xx_HAL_Driver/Src/stm32g0xx_hal_spi.c ****     if (SPI_CHECK_FLAG(itflag, SPI_FLAG_FRE) != RESET)
2798:Drivers/STM32G0xx_HAL_Driver/Src/stm32g0xx_hal_spi.c ****     {
2799:Drivers/STM32G0xx_HAL_Driver/Src/stm32g0xx_hal_spi.c ****       SET_BIT(hspi->ErrorCode, HAL_SPI_ERROR_FRE);
2800:Drivers/STM32G0xx_HAL_Driver/Src/stm32g0xx_hal_spi.c ****       __HAL_SPI_CLEAR_FREFLAG(hspi);
2801:Drivers/STM32G0xx_HAL_Driver/Src/stm32g0xx_hal_spi.c ****     }
2802:Drivers/STM32G0xx_HAL_Driver/Src/stm32g0xx_hal_spi.c **** 
2803:Drivers/STM32G0xx_HAL_Driver/Src/stm32g0xx_hal_spi.c ****     if (hspi->ErrorCode != HAL_SPI_ERROR_NONE)
2804:Drivers/STM32G0xx_HAL_Driver/Src/stm32g0xx_hal_spi.c ****     {
2805:Drivers/STM32G0xx_HAL_Driver/Src/stm32g0xx_hal_spi.c ****       /* Disable all interrupts */
2806:Drivers/STM32G0xx_HAL_Driver/Src/stm32g0xx_hal_spi.c ****       __HAL_SPI_DISABLE_IT(hspi, SPI_IT_RXNE | SPI_IT_TXE | SPI_IT_ERR);
2807:Drivers/STM32G0xx_HAL_Driver/Src/stm32g0xx_hal_spi.c **** 
2808:Drivers/STM32G0xx_HAL_Driver/Src/stm32g0xx_hal_spi.c ****       hspi->State = HAL_SPI_STATE_READY;
2809:Drivers/STM32G0xx_HAL_Driver/Src/stm32g0xx_hal_spi.c ****       /* Disable the SPI DMA requests if enabled */
2810:Drivers/STM32G0xx_HAL_Driver/Src/stm32g0xx_hal_spi.c ****       if ((HAL_IS_BIT_SET(itsource, SPI_CR2_TXDMAEN)) || (HAL_IS_BIT_SET(itsource, SPI_CR2_RXDMAEN)
2811:Drivers/STM32G0xx_HAL_Driver/Src/stm32g0xx_hal_spi.c ****       {
2812:Drivers/STM32G0xx_HAL_Driver/Src/stm32g0xx_hal_spi.c ****         CLEAR_BIT(hspi->Instance->CR2, (SPI_CR2_TXDMAEN | SPI_CR2_RXDMAEN));
2813:Drivers/STM32G0xx_HAL_Driver/Src/stm32g0xx_hal_spi.c **** 
2814:Drivers/STM32G0xx_HAL_Driver/Src/stm32g0xx_hal_spi.c ****         /* Abort the SPI DMA Rx channel */
2815:Drivers/STM32G0xx_HAL_Driver/Src/stm32g0xx_hal_spi.c ****         if (hspi->hdmarx != NULL)
2816:Drivers/STM32G0xx_HAL_Driver/Src/stm32g0xx_hal_spi.c ****         {
2817:Drivers/STM32G0xx_HAL_Driver/Src/stm32g0xx_hal_spi.c ****           /* Set the SPI DMA Abort callback :
2818:Drivers/STM32G0xx_HAL_Driver/Src/stm32g0xx_hal_spi.c ****           will lead to call HAL_SPI_ErrorCallback() at end of DMA abort procedure */
2819:Drivers/STM32G0xx_HAL_Driver/Src/stm32g0xx_hal_spi.c ****           hspi->hdmarx->XferAbortCallback = SPI_DMAAbortOnError;
2820:Drivers/STM32G0xx_HAL_Driver/Src/stm32g0xx_hal_spi.c ****           if (HAL_OK != HAL_DMA_Abort_IT(hspi->hdmarx))
2821:Drivers/STM32G0xx_HAL_Driver/Src/stm32g0xx_hal_spi.c ****           {
2822:Drivers/STM32G0xx_HAL_Driver/Src/stm32g0xx_hal_spi.c ****             SET_BIT(hspi->ErrorCode, HAL_SPI_ERROR_ABORT);
2823:Drivers/STM32G0xx_HAL_Driver/Src/stm32g0xx_hal_spi.c ****           }
2824:Drivers/STM32G0xx_HAL_Driver/Src/stm32g0xx_hal_spi.c ****         }
2825:Drivers/STM32G0xx_HAL_Driver/Src/stm32g0xx_hal_spi.c ****         /* Abort the SPI DMA Tx channel */
ARM GAS  C:\Users\Domagoj\AppData\Local\Temp\ccvehG6g.s 			page 51


2826:Drivers/STM32G0xx_HAL_Driver/Src/stm32g0xx_hal_spi.c ****         if (hspi->hdmatx != NULL)
2827:Drivers/STM32G0xx_HAL_Driver/Src/stm32g0xx_hal_spi.c ****         {
2828:Drivers/STM32G0xx_HAL_Driver/Src/stm32g0xx_hal_spi.c ****           /* Set the SPI DMA Abort callback :
2829:Drivers/STM32G0xx_HAL_Driver/Src/stm32g0xx_hal_spi.c ****           will lead to call HAL_SPI_ErrorCallback() at end of DMA abort procedure */
2830:Drivers/STM32G0xx_HAL_Driver/Src/stm32g0xx_hal_spi.c ****           hspi->hdmatx->XferAbortCallback = SPI_DMAAbortOnError;
2831:Drivers/STM32G0xx_HAL_Driver/Src/stm32g0xx_hal_spi.c ****           if (HAL_OK != HAL_DMA_Abort_IT(hspi->hdmatx))
2832:Drivers/STM32G0xx_HAL_Driver/Src/stm32g0xx_hal_spi.c ****           {
2833:Drivers/STM32G0xx_HAL_Driver/Src/stm32g0xx_hal_spi.c ****             SET_BIT(hspi->ErrorCode, HAL_SPI_ERROR_ABORT);
2834:Drivers/STM32G0xx_HAL_Driver/Src/stm32g0xx_hal_spi.c ****           }
2835:Drivers/STM32G0xx_HAL_Driver/Src/stm32g0xx_hal_spi.c ****         }
2836:Drivers/STM32G0xx_HAL_Driver/Src/stm32g0xx_hal_spi.c ****       }
2837:Drivers/STM32G0xx_HAL_Driver/Src/stm32g0xx_hal_spi.c ****       else
2838:Drivers/STM32G0xx_HAL_Driver/Src/stm32g0xx_hal_spi.c ****       {
2839:Drivers/STM32G0xx_HAL_Driver/Src/stm32g0xx_hal_spi.c ****         /* Call user error callback */
2840:Drivers/STM32G0xx_HAL_Driver/Src/stm32g0xx_hal_spi.c **** #if (USE_HAL_SPI_REGISTER_CALLBACKS == 1U)
2841:Drivers/STM32G0xx_HAL_Driver/Src/stm32g0xx_hal_spi.c ****         hspi->ErrorCallback(hspi);
2842:Drivers/STM32G0xx_HAL_Driver/Src/stm32g0xx_hal_spi.c **** #else
2843:Drivers/STM32G0xx_HAL_Driver/Src/stm32g0xx_hal_spi.c ****         HAL_SPI_ErrorCallback(hspi);
2844:Drivers/STM32G0xx_HAL_Driver/Src/stm32g0xx_hal_spi.c **** #endif /* USE_HAL_SPI_REGISTER_CALLBACKS */
2845:Drivers/STM32G0xx_HAL_Driver/Src/stm32g0xx_hal_spi.c ****       }
2846:Drivers/STM32G0xx_HAL_Driver/Src/stm32g0xx_hal_spi.c ****     }
2847:Drivers/STM32G0xx_HAL_Driver/Src/stm32g0xx_hal_spi.c ****     return;
2848:Drivers/STM32G0xx_HAL_Driver/Src/stm32g0xx_hal_spi.c ****   }
2849:Drivers/STM32G0xx_HAL_Driver/Src/stm32g0xx_hal_spi.c **** }
2850:Drivers/STM32G0xx_HAL_Driver/Src/stm32g0xx_hal_spi.c **** 
2851:Drivers/STM32G0xx_HAL_Driver/Src/stm32g0xx_hal_spi.c **** /**
2852:Drivers/STM32G0xx_HAL_Driver/Src/stm32g0xx_hal_spi.c ****   * @brief  Tx Transfer completed callback.
2853:Drivers/STM32G0xx_HAL_Driver/Src/stm32g0xx_hal_spi.c ****   * @param  hspi pointer to a SPI_HandleTypeDef structure that contains
2854:Drivers/STM32G0xx_HAL_Driver/Src/stm32g0xx_hal_spi.c ****   *               the configuration information for SPI module.
2855:Drivers/STM32G0xx_HAL_Driver/Src/stm32g0xx_hal_spi.c ****   * @retval None
2856:Drivers/STM32G0xx_HAL_Driver/Src/stm32g0xx_hal_spi.c ****   */
2857:Drivers/STM32G0xx_HAL_Driver/Src/stm32g0xx_hal_spi.c **** __weak void HAL_SPI_TxCpltCallback(SPI_HandleTypeDef *hspi)
2858:Drivers/STM32G0xx_HAL_Driver/Src/stm32g0xx_hal_spi.c **** {
2859:Drivers/STM32G0xx_HAL_Driver/Src/stm32g0xx_hal_spi.c ****   /* Prevent unused argument(s) compilation warning */
2860:Drivers/STM32G0xx_HAL_Driver/Src/stm32g0xx_hal_spi.c ****   UNUSED(hspi);
2861:Drivers/STM32G0xx_HAL_Driver/Src/stm32g0xx_hal_spi.c **** 
2862:Drivers/STM32G0xx_HAL_Driver/Src/stm32g0xx_hal_spi.c ****   /* NOTE : This function should not be modified, when the callback is needed,
2863:Drivers/STM32G0xx_HAL_Driver/Src/stm32g0xx_hal_spi.c ****             the HAL_SPI_TxCpltCallback should be implemented in the user file
2864:Drivers/STM32G0xx_HAL_Driver/Src/stm32g0xx_hal_spi.c ****    */
2865:Drivers/STM32G0xx_HAL_Driver/Src/stm32g0xx_hal_spi.c **** }
2866:Drivers/STM32G0xx_HAL_Driver/Src/stm32g0xx_hal_spi.c **** 
2867:Drivers/STM32G0xx_HAL_Driver/Src/stm32g0xx_hal_spi.c **** /**
2868:Drivers/STM32G0xx_HAL_Driver/Src/stm32g0xx_hal_spi.c ****   * @brief  Rx Transfer completed callback.
2869:Drivers/STM32G0xx_HAL_Driver/Src/stm32g0xx_hal_spi.c ****   * @param  hspi pointer to a SPI_HandleTypeDef structure that contains
2870:Drivers/STM32G0xx_HAL_Driver/Src/stm32g0xx_hal_spi.c ****   *               the configuration information for SPI module.
2871:Drivers/STM32G0xx_HAL_Driver/Src/stm32g0xx_hal_spi.c ****   * @retval None
2872:Drivers/STM32G0xx_HAL_Driver/Src/stm32g0xx_hal_spi.c ****   */
2873:Drivers/STM32G0xx_HAL_Driver/Src/stm32g0xx_hal_spi.c **** __weak void HAL_SPI_RxCpltCallback(SPI_HandleTypeDef *hspi)
2874:Drivers/STM32G0xx_HAL_Driver/Src/stm32g0xx_hal_spi.c **** {
2875:Drivers/STM32G0xx_HAL_Driver/Src/stm32g0xx_hal_spi.c ****   /* Prevent unused argument(s) compilation warning */
2876:Drivers/STM32G0xx_HAL_Driver/Src/stm32g0xx_hal_spi.c ****   UNUSED(hspi);
2877:Drivers/STM32G0xx_HAL_Driver/Src/stm32g0xx_hal_spi.c **** 
2878:Drivers/STM32G0xx_HAL_Driver/Src/stm32g0xx_hal_spi.c ****   /* NOTE : This function should not be modified, when the callback is needed,
2879:Drivers/STM32G0xx_HAL_Driver/Src/stm32g0xx_hal_spi.c ****             the HAL_SPI_RxCpltCallback should be implemented in the user file
2880:Drivers/STM32G0xx_HAL_Driver/Src/stm32g0xx_hal_spi.c ****    */
2881:Drivers/STM32G0xx_HAL_Driver/Src/stm32g0xx_hal_spi.c **** }
2882:Drivers/STM32G0xx_HAL_Driver/Src/stm32g0xx_hal_spi.c **** 
ARM GAS  C:\Users\Domagoj\AppData\Local\Temp\ccvehG6g.s 			page 52


2883:Drivers/STM32G0xx_HAL_Driver/Src/stm32g0xx_hal_spi.c **** /**
2884:Drivers/STM32G0xx_HAL_Driver/Src/stm32g0xx_hal_spi.c ****   * @brief  Tx and Rx Transfer completed callback.
2885:Drivers/STM32G0xx_HAL_Driver/Src/stm32g0xx_hal_spi.c ****   * @param  hspi pointer to a SPI_HandleTypeDef structure that contains
2886:Drivers/STM32G0xx_HAL_Driver/Src/stm32g0xx_hal_spi.c ****   *               the configuration information for SPI module.
2887:Drivers/STM32G0xx_HAL_Driver/Src/stm32g0xx_hal_spi.c ****   * @retval None
2888:Drivers/STM32G0xx_HAL_Driver/Src/stm32g0xx_hal_spi.c ****   */
2889:Drivers/STM32G0xx_HAL_Driver/Src/stm32g0xx_hal_spi.c **** __weak void HAL_SPI_TxRxCpltCallback(SPI_HandleTypeDef *hspi)
2890:Drivers/STM32G0xx_HAL_Driver/Src/stm32g0xx_hal_spi.c **** {
2891:Drivers/STM32G0xx_HAL_Driver/Src/stm32g0xx_hal_spi.c ****   /* Prevent unused argument(s) compilation warning */
2892:Drivers/STM32G0xx_HAL_Driver/Src/stm32g0xx_hal_spi.c ****   UNUSED(hspi);
2893:Drivers/STM32G0xx_HAL_Driver/Src/stm32g0xx_hal_spi.c **** 
2894:Drivers/STM32G0xx_HAL_Driver/Src/stm32g0xx_hal_spi.c ****   /* NOTE : This function should not be modified, when the callback is needed,
2895:Drivers/STM32G0xx_HAL_Driver/Src/stm32g0xx_hal_spi.c ****             the HAL_SPI_TxRxCpltCallback should be implemented in the user file
2896:Drivers/STM32G0xx_HAL_Driver/Src/stm32g0xx_hal_spi.c ****    */
2897:Drivers/STM32G0xx_HAL_Driver/Src/stm32g0xx_hal_spi.c **** }
2898:Drivers/STM32G0xx_HAL_Driver/Src/stm32g0xx_hal_spi.c **** 
2899:Drivers/STM32G0xx_HAL_Driver/Src/stm32g0xx_hal_spi.c **** /**
2900:Drivers/STM32G0xx_HAL_Driver/Src/stm32g0xx_hal_spi.c ****   * @brief  Tx Half Transfer completed callback.
2901:Drivers/STM32G0xx_HAL_Driver/Src/stm32g0xx_hal_spi.c ****   * @param  hspi pointer to a SPI_HandleTypeDef structure that contains
2902:Drivers/STM32G0xx_HAL_Driver/Src/stm32g0xx_hal_spi.c ****   *               the configuration information for SPI module.
2903:Drivers/STM32G0xx_HAL_Driver/Src/stm32g0xx_hal_spi.c ****   * @retval None
2904:Drivers/STM32G0xx_HAL_Driver/Src/stm32g0xx_hal_spi.c ****   */
2905:Drivers/STM32G0xx_HAL_Driver/Src/stm32g0xx_hal_spi.c **** __weak void HAL_SPI_TxHalfCpltCallback(SPI_HandleTypeDef *hspi)
2906:Drivers/STM32G0xx_HAL_Driver/Src/stm32g0xx_hal_spi.c **** {
2907:Drivers/STM32G0xx_HAL_Driver/Src/stm32g0xx_hal_spi.c ****   /* Prevent unused argument(s) compilation warning */
2908:Drivers/STM32G0xx_HAL_Driver/Src/stm32g0xx_hal_spi.c ****   UNUSED(hspi);
2909:Drivers/STM32G0xx_HAL_Driver/Src/stm32g0xx_hal_spi.c **** 
2910:Drivers/STM32G0xx_HAL_Driver/Src/stm32g0xx_hal_spi.c ****   /* NOTE : This function should not be modified, when the callback is needed,
2911:Drivers/STM32G0xx_HAL_Driver/Src/stm32g0xx_hal_spi.c ****             the HAL_SPI_TxHalfCpltCallback should be implemented in the user file
2912:Drivers/STM32G0xx_HAL_Driver/Src/stm32g0xx_hal_spi.c ****    */
2913:Drivers/STM32G0xx_HAL_Driver/Src/stm32g0xx_hal_spi.c **** }
2914:Drivers/STM32G0xx_HAL_Driver/Src/stm32g0xx_hal_spi.c **** 
2915:Drivers/STM32G0xx_HAL_Driver/Src/stm32g0xx_hal_spi.c **** /**
2916:Drivers/STM32G0xx_HAL_Driver/Src/stm32g0xx_hal_spi.c ****   * @brief  Rx Half Transfer completed callback.
2917:Drivers/STM32G0xx_HAL_Driver/Src/stm32g0xx_hal_spi.c ****   * @param  hspi pointer to a SPI_HandleTypeDef structure that contains
2918:Drivers/STM32G0xx_HAL_Driver/Src/stm32g0xx_hal_spi.c ****   *               the configuration information for SPI module.
2919:Drivers/STM32G0xx_HAL_Driver/Src/stm32g0xx_hal_spi.c ****   * @retval None
2920:Drivers/STM32G0xx_HAL_Driver/Src/stm32g0xx_hal_spi.c ****   */
2921:Drivers/STM32G0xx_HAL_Driver/Src/stm32g0xx_hal_spi.c **** __weak void HAL_SPI_RxHalfCpltCallback(SPI_HandleTypeDef *hspi)
2922:Drivers/STM32G0xx_HAL_Driver/Src/stm32g0xx_hal_spi.c **** {
2923:Drivers/STM32G0xx_HAL_Driver/Src/stm32g0xx_hal_spi.c ****   /* Prevent unused argument(s) compilation warning */
2924:Drivers/STM32G0xx_HAL_Driver/Src/stm32g0xx_hal_spi.c ****   UNUSED(hspi);
2925:Drivers/STM32G0xx_HAL_Driver/Src/stm32g0xx_hal_spi.c **** 
2926:Drivers/STM32G0xx_HAL_Driver/Src/stm32g0xx_hal_spi.c ****   /* NOTE : This function should not be modified, when the callback is needed,
2927:Drivers/STM32G0xx_HAL_Driver/Src/stm32g0xx_hal_spi.c ****             the HAL_SPI_RxHalfCpltCallback() should be implemented in the user file
2928:Drivers/STM32G0xx_HAL_Driver/Src/stm32g0xx_hal_spi.c ****    */
2929:Drivers/STM32G0xx_HAL_Driver/Src/stm32g0xx_hal_spi.c **** }
2930:Drivers/STM32G0xx_HAL_Driver/Src/stm32g0xx_hal_spi.c **** 
2931:Drivers/STM32G0xx_HAL_Driver/Src/stm32g0xx_hal_spi.c **** /**
2932:Drivers/STM32G0xx_HAL_Driver/Src/stm32g0xx_hal_spi.c ****   * @brief  Tx and Rx Half Transfer callback.
2933:Drivers/STM32G0xx_HAL_Driver/Src/stm32g0xx_hal_spi.c ****   * @param  hspi pointer to a SPI_HandleTypeDef structure that contains
2934:Drivers/STM32G0xx_HAL_Driver/Src/stm32g0xx_hal_spi.c ****   *               the configuration information for SPI module.
2935:Drivers/STM32G0xx_HAL_Driver/Src/stm32g0xx_hal_spi.c ****   * @retval None
2936:Drivers/STM32G0xx_HAL_Driver/Src/stm32g0xx_hal_spi.c ****   */
2937:Drivers/STM32G0xx_HAL_Driver/Src/stm32g0xx_hal_spi.c **** __weak void HAL_SPI_TxRxHalfCpltCallback(SPI_HandleTypeDef *hspi)
2938:Drivers/STM32G0xx_HAL_Driver/Src/stm32g0xx_hal_spi.c **** {
2939:Drivers/STM32G0xx_HAL_Driver/Src/stm32g0xx_hal_spi.c ****   /* Prevent unused argument(s) compilation warning */
ARM GAS  C:\Users\Domagoj\AppData\Local\Temp\ccvehG6g.s 			page 53


2940:Drivers/STM32G0xx_HAL_Driver/Src/stm32g0xx_hal_spi.c ****   UNUSED(hspi);
2941:Drivers/STM32G0xx_HAL_Driver/Src/stm32g0xx_hal_spi.c **** 
2942:Drivers/STM32G0xx_HAL_Driver/Src/stm32g0xx_hal_spi.c ****   /* NOTE : This function should not be modified, when the callback is needed,
2943:Drivers/STM32G0xx_HAL_Driver/Src/stm32g0xx_hal_spi.c ****             the HAL_SPI_TxRxHalfCpltCallback() should be implemented in the user file
2944:Drivers/STM32G0xx_HAL_Driver/Src/stm32g0xx_hal_spi.c ****    */
2945:Drivers/STM32G0xx_HAL_Driver/Src/stm32g0xx_hal_spi.c **** }
2946:Drivers/STM32G0xx_HAL_Driver/Src/stm32g0xx_hal_spi.c **** 
2947:Drivers/STM32G0xx_HAL_Driver/Src/stm32g0xx_hal_spi.c **** /**
2948:Drivers/STM32G0xx_HAL_Driver/Src/stm32g0xx_hal_spi.c ****   * @brief  SPI error callback.
2949:Drivers/STM32G0xx_HAL_Driver/Src/stm32g0xx_hal_spi.c ****   * @param  hspi pointer to a SPI_HandleTypeDef structure that contains
2950:Drivers/STM32G0xx_HAL_Driver/Src/stm32g0xx_hal_spi.c ****   *               the configuration information for SPI module.
2951:Drivers/STM32G0xx_HAL_Driver/Src/stm32g0xx_hal_spi.c ****   * @retval None
2952:Drivers/STM32G0xx_HAL_Driver/Src/stm32g0xx_hal_spi.c ****   */
2953:Drivers/STM32G0xx_HAL_Driver/Src/stm32g0xx_hal_spi.c **** __weak void HAL_SPI_ErrorCallback(SPI_HandleTypeDef *hspi)
2954:Drivers/STM32G0xx_HAL_Driver/Src/stm32g0xx_hal_spi.c **** {
2955:Drivers/STM32G0xx_HAL_Driver/Src/stm32g0xx_hal_spi.c ****   /* Prevent unused argument(s) compilation warning */
2956:Drivers/STM32G0xx_HAL_Driver/Src/stm32g0xx_hal_spi.c ****   UNUSED(hspi);
2957:Drivers/STM32G0xx_HAL_Driver/Src/stm32g0xx_hal_spi.c **** 
2958:Drivers/STM32G0xx_HAL_Driver/Src/stm32g0xx_hal_spi.c ****   /* NOTE : This function should not be modified, when the callback is needed,
2959:Drivers/STM32G0xx_HAL_Driver/Src/stm32g0xx_hal_spi.c ****             the HAL_SPI_ErrorCallback should be implemented in the user file
2960:Drivers/STM32G0xx_HAL_Driver/Src/stm32g0xx_hal_spi.c ****    */
2961:Drivers/STM32G0xx_HAL_Driver/Src/stm32g0xx_hal_spi.c ****   /* NOTE : The ErrorCode parameter in the hspi handle is updated by the SPI processes
2962:Drivers/STM32G0xx_HAL_Driver/Src/stm32g0xx_hal_spi.c ****             and user can use HAL_SPI_GetError() API to check the latest error occurred
2963:Drivers/STM32G0xx_HAL_Driver/Src/stm32g0xx_hal_spi.c ****    */
2964:Drivers/STM32G0xx_HAL_Driver/Src/stm32g0xx_hal_spi.c **** }
2965:Drivers/STM32G0xx_HAL_Driver/Src/stm32g0xx_hal_spi.c **** 
2966:Drivers/STM32G0xx_HAL_Driver/Src/stm32g0xx_hal_spi.c **** /**
2967:Drivers/STM32G0xx_HAL_Driver/Src/stm32g0xx_hal_spi.c ****   * @brief  SPI Abort Complete callback.
2968:Drivers/STM32G0xx_HAL_Driver/Src/stm32g0xx_hal_spi.c ****   * @param  hspi SPI handle.
2969:Drivers/STM32G0xx_HAL_Driver/Src/stm32g0xx_hal_spi.c ****   * @retval None
2970:Drivers/STM32G0xx_HAL_Driver/Src/stm32g0xx_hal_spi.c ****   */
2971:Drivers/STM32G0xx_HAL_Driver/Src/stm32g0xx_hal_spi.c **** __weak void HAL_SPI_AbortCpltCallback(SPI_HandleTypeDef *hspi)
2972:Drivers/STM32G0xx_HAL_Driver/Src/stm32g0xx_hal_spi.c **** {
2973:Drivers/STM32G0xx_HAL_Driver/Src/stm32g0xx_hal_spi.c ****   /* Prevent unused argument(s) compilation warning */
2974:Drivers/STM32G0xx_HAL_Driver/Src/stm32g0xx_hal_spi.c ****   UNUSED(hspi);
2975:Drivers/STM32G0xx_HAL_Driver/Src/stm32g0xx_hal_spi.c **** 
2976:Drivers/STM32G0xx_HAL_Driver/Src/stm32g0xx_hal_spi.c ****   /* NOTE : This function should not be modified, when the callback is needed,
2977:Drivers/STM32G0xx_HAL_Driver/Src/stm32g0xx_hal_spi.c ****             the HAL_SPI_AbortCpltCallback can be implemented in the user file.
2978:Drivers/STM32G0xx_HAL_Driver/Src/stm32g0xx_hal_spi.c ****    */
2979:Drivers/STM32G0xx_HAL_Driver/Src/stm32g0xx_hal_spi.c **** }
2980:Drivers/STM32G0xx_HAL_Driver/Src/stm32g0xx_hal_spi.c **** 
2981:Drivers/STM32G0xx_HAL_Driver/Src/stm32g0xx_hal_spi.c **** /**
2982:Drivers/STM32G0xx_HAL_Driver/Src/stm32g0xx_hal_spi.c ****   * @}
2983:Drivers/STM32G0xx_HAL_Driver/Src/stm32g0xx_hal_spi.c ****   */
2984:Drivers/STM32G0xx_HAL_Driver/Src/stm32g0xx_hal_spi.c **** 
2985:Drivers/STM32G0xx_HAL_Driver/Src/stm32g0xx_hal_spi.c **** /** @defgroup SPI_Exported_Functions_Group3 Peripheral State and Errors functions
2986:Drivers/STM32G0xx_HAL_Driver/Src/stm32g0xx_hal_spi.c ****   * @brief   SPI control functions
2987:Drivers/STM32G0xx_HAL_Driver/Src/stm32g0xx_hal_spi.c ****   *
2988:Drivers/STM32G0xx_HAL_Driver/Src/stm32g0xx_hal_spi.c **** @verbatim
2989:Drivers/STM32G0xx_HAL_Driver/Src/stm32g0xx_hal_spi.c ****  ===============================================================================
2990:Drivers/STM32G0xx_HAL_Driver/Src/stm32g0xx_hal_spi.c ****                       ##### Peripheral State and Errors functions #####
2991:Drivers/STM32G0xx_HAL_Driver/Src/stm32g0xx_hal_spi.c ****  ===============================================================================
2992:Drivers/STM32G0xx_HAL_Driver/Src/stm32g0xx_hal_spi.c ****     [..]
2993:Drivers/STM32G0xx_HAL_Driver/Src/stm32g0xx_hal_spi.c ****     This subsection provides a set of functions allowing to control the SPI.
2994:Drivers/STM32G0xx_HAL_Driver/Src/stm32g0xx_hal_spi.c ****      (+) HAL_SPI_GetState() API can be helpful to check in run-time the state of the SPI peripheral
2995:Drivers/STM32G0xx_HAL_Driver/Src/stm32g0xx_hal_spi.c ****      (+) HAL_SPI_GetError() check in run-time Errors occurring during communication
2996:Drivers/STM32G0xx_HAL_Driver/Src/stm32g0xx_hal_spi.c **** @endverbatim
ARM GAS  C:\Users\Domagoj\AppData\Local\Temp\ccvehG6g.s 			page 54


2997:Drivers/STM32G0xx_HAL_Driver/Src/stm32g0xx_hal_spi.c ****   * @{
2998:Drivers/STM32G0xx_HAL_Driver/Src/stm32g0xx_hal_spi.c ****   */
2999:Drivers/STM32G0xx_HAL_Driver/Src/stm32g0xx_hal_spi.c **** 
3000:Drivers/STM32G0xx_HAL_Driver/Src/stm32g0xx_hal_spi.c **** /**
3001:Drivers/STM32G0xx_HAL_Driver/Src/stm32g0xx_hal_spi.c ****   * @brief  Return the SPI handle state.
3002:Drivers/STM32G0xx_HAL_Driver/Src/stm32g0xx_hal_spi.c ****   * @param  hspi pointer to a SPI_HandleTypeDef structure that contains
3003:Drivers/STM32G0xx_HAL_Driver/Src/stm32g0xx_hal_spi.c ****   *               the configuration information for SPI module.
3004:Drivers/STM32G0xx_HAL_Driver/Src/stm32g0xx_hal_spi.c ****   * @retval SPI state
3005:Drivers/STM32G0xx_HAL_Driver/Src/stm32g0xx_hal_spi.c ****   */
3006:Drivers/STM32G0xx_HAL_Driver/Src/stm32g0xx_hal_spi.c **** HAL_SPI_StateTypeDef HAL_SPI_GetState(const SPI_HandleTypeDef *hspi)
3007:Drivers/STM32G0xx_HAL_Driver/Src/stm32g0xx_hal_spi.c **** {
3008:Drivers/STM32G0xx_HAL_Driver/Src/stm32g0xx_hal_spi.c ****   /* Return SPI handle state */
3009:Drivers/STM32G0xx_HAL_Driver/Src/stm32g0xx_hal_spi.c ****   return hspi->State;
3010:Drivers/STM32G0xx_HAL_Driver/Src/stm32g0xx_hal_spi.c **** }
3011:Drivers/STM32G0xx_HAL_Driver/Src/stm32g0xx_hal_spi.c **** 
3012:Drivers/STM32G0xx_HAL_Driver/Src/stm32g0xx_hal_spi.c **** /**
3013:Drivers/STM32G0xx_HAL_Driver/Src/stm32g0xx_hal_spi.c ****   * @brief  Return the SPI error code.
3014:Drivers/STM32G0xx_HAL_Driver/Src/stm32g0xx_hal_spi.c ****   * @param  hspi pointer to a SPI_HandleTypeDef structure that contains
3015:Drivers/STM32G0xx_HAL_Driver/Src/stm32g0xx_hal_spi.c ****   *               the configuration information for SPI module.
3016:Drivers/STM32G0xx_HAL_Driver/Src/stm32g0xx_hal_spi.c ****   * @retval SPI error code in bitmap format
3017:Drivers/STM32G0xx_HAL_Driver/Src/stm32g0xx_hal_spi.c ****   */
3018:Drivers/STM32G0xx_HAL_Driver/Src/stm32g0xx_hal_spi.c **** uint32_t HAL_SPI_GetError(const SPI_HandleTypeDef *hspi)
3019:Drivers/STM32G0xx_HAL_Driver/Src/stm32g0xx_hal_spi.c **** {
3020:Drivers/STM32G0xx_HAL_Driver/Src/stm32g0xx_hal_spi.c ****   /* Return SPI ErrorCode */
3021:Drivers/STM32G0xx_HAL_Driver/Src/stm32g0xx_hal_spi.c ****   return hspi->ErrorCode;
3022:Drivers/STM32G0xx_HAL_Driver/Src/stm32g0xx_hal_spi.c **** }
3023:Drivers/STM32G0xx_HAL_Driver/Src/stm32g0xx_hal_spi.c **** 
3024:Drivers/STM32G0xx_HAL_Driver/Src/stm32g0xx_hal_spi.c **** /**
3025:Drivers/STM32G0xx_HAL_Driver/Src/stm32g0xx_hal_spi.c ****   * @}
3026:Drivers/STM32G0xx_HAL_Driver/Src/stm32g0xx_hal_spi.c ****   */
3027:Drivers/STM32G0xx_HAL_Driver/Src/stm32g0xx_hal_spi.c **** 
3028:Drivers/STM32G0xx_HAL_Driver/Src/stm32g0xx_hal_spi.c **** /**
3029:Drivers/STM32G0xx_HAL_Driver/Src/stm32g0xx_hal_spi.c ****   * @}
3030:Drivers/STM32G0xx_HAL_Driver/Src/stm32g0xx_hal_spi.c ****   */
3031:Drivers/STM32G0xx_HAL_Driver/Src/stm32g0xx_hal_spi.c **** 
3032:Drivers/STM32G0xx_HAL_Driver/Src/stm32g0xx_hal_spi.c **** /** @addtogroup SPI_Private_Functions
3033:Drivers/STM32G0xx_HAL_Driver/Src/stm32g0xx_hal_spi.c ****   * @brief   Private functions
3034:Drivers/STM32G0xx_HAL_Driver/Src/stm32g0xx_hal_spi.c ****   * @{
3035:Drivers/STM32G0xx_HAL_Driver/Src/stm32g0xx_hal_spi.c ****   */
3036:Drivers/STM32G0xx_HAL_Driver/Src/stm32g0xx_hal_spi.c **** 
3037:Drivers/STM32G0xx_HAL_Driver/Src/stm32g0xx_hal_spi.c **** /**
3038:Drivers/STM32G0xx_HAL_Driver/Src/stm32g0xx_hal_spi.c ****   * @brief  DMA SPI transmit process complete callback.
3039:Drivers/STM32G0xx_HAL_Driver/Src/stm32g0xx_hal_spi.c ****   * @param  hdma pointer to a DMA_HandleTypeDef structure that contains
3040:Drivers/STM32G0xx_HAL_Driver/Src/stm32g0xx_hal_spi.c ****   *               the configuration information for the specified DMA module.
3041:Drivers/STM32G0xx_HAL_Driver/Src/stm32g0xx_hal_spi.c ****   * @retval None
3042:Drivers/STM32G0xx_HAL_Driver/Src/stm32g0xx_hal_spi.c ****   */
3043:Drivers/STM32G0xx_HAL_Driver/Src/stm32g0xx_hal_spi.c **** static void SPI_DMATransmitCplt(DMA_HandleTypeDef *hdma)
3044:Drivers/STM32G0xx_HAL_Driver/Src/stm32g0xx_hal_spi.c **** {
3045:Drivers/STM32G0xx_HAL_Driver/Src/stm32g0xx_hal_spi.c ****   SPI_HandleTypeDef *hspi = (SPI_HandleTypeDef *)(((DMA_HandleTypeDef *)hdma)->Parent);
3046:Drivers/STM32G0xx_HAL_Driver/Src/stm32g0xx_hal_spi.c ****   uint32_t tickstart;
3047:Drivers/STM32G0xx_HAL_Driver/Src/stm32g0xx_hal_spi.c **** 
3048:Drivers/STM32G0xx_HAL_Driver/Src/stm32g0xx_hal_spi.c ****   /* Init tickstart for timeout management*/
3049:Drivers/STM32G0xx_HAL_Driver/Src/stm32g0xx_hal_spi.c ****   tickstart = HAL_GetTick();
3050:Drivers/STM32G0xx_HAL_Driver/Src/stm32g0xx_hal_spi.c **** 
3051:Drivers/STM32G0xx_HAL_Driver/Src/stm32g0xx_hal_spi.c ****   /* DMA Normal Mode */
3052:Drivers/STM32G0xx_HAL_Driver/Src/stm32g0xx_hal_spi.c ****   if ((hdma->Instance->CCR & DMA_CCR_CIRC) != DMA_CCR_CIRC)
3053:Drivers/STM32G0xx_HAL_Driver/Src/stm32g0xx_hal_spi.c ****   {
ARM GAS  C:\Users\Domagoj\AppData\Local\Temp\ccvehG6g.s 			page 55


3054:Drivers/STM32G0xx_HAL_Driver/Src/stm32g0xx_hal_spi.c ****     /* Disable ERR interrupt */
3055:Drivers/STM32G0xx_HAL_Driver/Src/stm32g0xx_hal_spi.c ****     __HAL_SPI_DISABLE_IT(hspi, SPI_IT_ERR);
3056:Drivers/STM32G0xx_HAL_Driver/Src/stm32g0xx_hal_spi.c **** 
3057:Drivers/STM32G0xx_HAL_Driver/Src/stm32g0xx_hal_spi.c ****     /* Disable Tx DMA Request */
3058:Drivers/STM32G0xx_HAL_Driver/Src/stm32g0xx_hal_spi.c ****     CLEAR_BIT(hspi->Instance->CR2, SPI_CR2_TXDMAEN);
3059:Drivers/STM32G0xx_HAL_Driver/Src/stm32g0xx_hal_spi.c **** 
3060:Drivers/STM32G0xx_HAL_Driver/Src/stm32g0xx_hal_spi.c ****     /* Check the end of the transaction */
3061:Drivers/STM32G0xx_HAL_Driver/Src/stm32g0xx_hal_spi.c ****     if (SPI_EndRxTxTransaction(hspi, SPI_DEFAULT_TIMEOUT, tickstart) != HAL_OK)
3062:Drivers/STM32G0xx_HAL_Driver/Src/stm32g0xx_hal_spi.c ****     {
3063:Drivers/STM32G0xx_HAL_Driver/Src/stm32g0xx_hal_spi.c ****       SET_BIT(hspi->ErrorCode, HAL_SPI_ERROR_FLAG);
3064:Drivers/STM32G0xx_HAL_Driver/Src/stm32g0xx_hal_spi.c ****     }
3065:Drivers/STM32G0xx_HAL_Driver/Src/stm32g0xx_hal_spi.c **** 
3066:Drivers/STM32G0xx_HAL_Driver/Src/stm32g0xx_hal_spi.c ****     /* Clear overrun flag in 2 Lines communication mode because received data is not read */
3067:Drivers/STM32G0xx_HAL_Driver/Src/stm32g0xx_hal_spi.c ****     if (hspi->Init.Direction == SPI_DIRECTION_2LINES)
3068:Drivers/STM32G0xx_HAL_Driver/Src/stm32g0xx_hal_spi.c ****     {
3069:Drivers/STM32G0xx_HAL_Driver/Src/stm32g0xx_hal_spi.c ****       __HAL_SPI_CLEAR_OVRFLAG(hspi);
3070:Drivers/STM32G0xx_HAL_Driver/Src/stm32g0xx_hal_spi.c ****     }
3071:Drivers/STM32G0xx_HAL_Driver/Src/stm32g0xx_hal_spi.c **** 
3072:Drivers/STM32G0xx_HAL_Driver/Src/stm32g0xx_hal_spi.c ****     hspi->TxXferCount = 0U;
3073:Drivers/STM32G0xx_HAL_Driver/Src/stm32g0xx_hal_spi.c ****     hspi->State = HAL_SPI_STATE_READY;
3074:Drivers/STM32G0xx_HAL_Driver/Src/stm32g0xx_hal_spi.c **** 
3075:Drivers/STM32G0xx_HAL_Driver/Src/stm32g0xx_hal_spi.c ****     if (hspi->ErrorCode != HAL_SPI_ERROR_NONE)
3076:Drivers/STM32G0xx_HAL_Driver/Src/stm32g0xx_hal_spi.c ****     {
3077:Drivers/STM32G0xx_HAL_Driver/Src/stm32g0xx_hal_spi.c ****       /* Call user error callback */
3078:Drivers/STM32G0xx_HAL_Driver/Src/stm32g0xx_hal_spi.c **** #if (USE_HAL_SPI_REGISTER_CALLBACKS == 1U)
3079:Drivers/STM32G0xx_HAL_Driver/Src/stm32g0xx_hal_spi.c ****       hspi->ErrorCallback(hspi);
3080:Drivers/STM32G0xx_HAL_Driver/Src/stm32g0xx_hal_spi.c **** #else
3081:Drivers/STM32G0xx_HAL_Driver/Src/stm32g0xx_hal_spi.c ****       HAL_SPI_ErrorCallback(hspi);
3082:Drivers/STM32G0xx_HAL_Driver/Src/stm32g0xx_hal_spi.c **** #endif /* USE_HAL_SPI_REGISTER_CALLBACKS */
3083:Drivers/STM32G0xx_HAL_Driver/Src/stm32g0xx_hal_spi.c ****       return;
3084:Drivers/STM32G0xx_HAL_Driver/Src/stm32g0xx_hal_spi.c ****     }
3085:Drivers/STM32G0xx_HAL_Driver/Src/stm32g0xx_hal_spi.c ****   }
3086:Drivers/STM32G0xx_HAL_Driver/Src/stm32g0xx_hal_spi.c ****   /* Call user Tx complete callback */
3087:Drivers/STM32G0xx_HAL_Driver/Src/stm32g0xx_hal_spi.c **** #if (USE_HAL_SPI_REGISTER_CALLBACKS == 1U)
3088:Drivers/STM32G0xx_HAL_Driver/Src/stm32g0xx_hal_spi.c ****   hspi->TxCpltCallback(hspi);
3089:Drivers/STM32G0xx_HAL_Driver/Src/stm32g0xx_hal_spi.c **** #else
3090:Drivers/STM32G0xx_HAL_Driver/Src/stm32g0xx_hal_spi.c ****   HAL_SPI_TxCpltCallback(hspi);
3091:Drivers/STM32G0xx_HAL_Driver/Src/stm32g0xx_hal_spi.c **** #endif /* USE_HAL_SPI_REGISTER_CALLBACKS */
3092:Drivers/STM32G0xx_HAL_Driver/Src/stm32g0xx_hal_spi.c **** }
3093:Drivers/STM32G0xx_HAL_Driver/Src/stm32g0xx_hal_spi.c **** 
3094:Drivers/STM32G0xx_HAL_Driver/Src/stm32g0xx_hal_spi.c **** /**
3095:Drivers/STM32G0xx_HAL_Driver/Src/stm32g0xx_hal_spi.c ****   * @brief  DMA SPI receive process complete callback.
3096:Drivers/STM32G0xx_HAL_Driver/Src/stm32g0xx_hal_spi.c ****   * @param  hdma pointer to a DMA_HandleTypeDef structure that contains
3097:Drivers/STM32G0xx_HAL_Driver/Src/stm32g0xx_hal_spi.c ****   *               the configuration information for the specified DMA module.
3098:Drivers/STM32G0xx_HAL_Driver/Src/stm32g0xx_hal_spi.c ****   * @retval None
3099:Drivers/STM32G0xx_HAL_Driver/Src/stm32g0xx_hal_spi.c ****   */
3100:Drivers/STM32G0xx_HAL_Driver/Src/stm32g0xx_hal_spi.c **** static void SPI_DMAReceiveCplt(DMA_HandleTypeDef *hdma)
3101:Drivers/STM32G0xx_HAL_Driver/Src/stm32g0xx_hal_spi.c **** {
3102:Drivers/STM32G0xx_HAL_Driver/Src/stm32g0xx_hal_spi.c ****   SPI_HandleTypeDef *hspi = (SPI_HandleTypeDef *)(((DMA_HandleTypeDef *)hdma)->Parent);
3103:Drivers/STM32G0xx_HAL_Driver/Src/stm32g0xx_hal_spi.c ****   uint32_t tickstart;
3104:Drivers/STM32G0xx_HAL_Driver/Src/stm32g0xx_hal_spi.c **** #if (USE_SPI_CRC != 0U)
3105:Drivers/STM32G0xx_HAL_Driver/Src/stm32g0xx_hal_spi.c ****   __IO uint32_t tmpreg = 0U;
3106:Drivers/STM32G0xx_HAL_Driver/Src/stm32g0xx_hal_spi.c ****   __IO uint8_t  *ptmpreg8;
3107:Drivers/STM32G0xx_HAL_Driver/Src/stm32g0xx_hal_spi.c ****   __IO uint8_t  tmpreg8 = 0;
3108:Drivers/STM32G0xx_HAL_Driver/Src/stm32g0xx_hal_spi.c **** #endif /* USE_SPI_CRC */
3109:Drivers/STM32G0xx_HAL_Driver/Src/stm32g0xx_hal_spi.c **** 
3110:Drivers/STM32G0xx_HAL_Driver/Src/stm32g0xx_hal_spi.c ****   /* Init tickstart for timeout management*/
ARM GAS  C:\Users\Domagoj\AppData\Local\Temp\ccvehG6g.s 			page 56


3111:Drivers/STM32G0xx_HAL_Driver/Src/stm32g0xx_hal_spi.c ****   tickstart = HAL_GetTick();
3112:Drivers/STM32G0xx_HAL_Driver/Src/stm32g0xx_hal_spi.c **** 
3113:Drivers/STM32G0xx_HAL_Driver/Src/stm32g0xx_hal_spi.c ****   /* DMA Normal Mode */
3114:Drivers/STM32G0xx_HAL_Driver/Src/stm32g0xx_hal_spi.c ****   if ((hdma->Instance->CCR & DMA_CCR_CIRC) != DMA_CCR_CIRC)
3115:Drivers/STM32G0xx_HAL_Driver/Src/stm32g0xx_hal_spi.c ****   {
3116:Drivers/STM32G0xx_HAL_Driver/Src/stm32g0xx_hal_spi.c ****     /* Disable ERR interrupt */
3117:Drivers/STM32G0xx_HAL_Driver/Src/stm32g0xx_hal_spi.c ****     __HAL_SPI_DISABLE_IT(hspi, SPI_IT_ERR);
3118:Drivers/STM32G0xx_HAL_Driver/Src/stm32g0xx_hal_spi.c **** 
3119:Drivers/STM32G0xx_HAL_Driver/Src/stm32g0xx_hal_spi.c **** #if (USE_SPI_CRC != 0U)
3120:Drivers/STM32G0xx_HAL_Driver/Src/stm32g0xx_hal_spi.c ****     /* CRC handling */
3121:Drivers/STM32G0xx_HAL_Driver/Src/stm32g0xx_hal_spi.c ****     if (hspi->Init.CRCCalculation == SPI_CRCCALCULATION_ENABLE)
3122:Drivers/STM32G0xx_HAL_Driver/Src/stm32g0xx_hal_spi.c ****     {
3123:Drivers/STM32G0xx_HAL_Driver/Src/stm32g0xx_hal_spi.c ****       /* Wait until RXNE flag */
3124:Drivers/STM32G0xx_HAL_Driver/Src/stm32g0xx_hal_spi.c ****       if (SPI_WaitFlagStateUntilTimeout(hspi, SPI_FLAG_RXNE, SET, SPI_DEFAULT_TIMEOUT, tickstart) !
3125:Drivers/STM32G0xx_HAL_Driver/Src/stm32g0xx_hal_spi.c ****       {
3126:Drivers/STM32G0xx_HAL_Driver/Src/stm32g0xx_hal_spi.c ****         /* Error on the CRC reception */
3127:Drivers/STM32G0xx_HAL_Driver/Src/stm32g0xx_hal_spi.c ****         SET_BIT(hspi->ErrorCode, HAL_SPI_ERROR_CRC);
3128:Drivers/STM32G0xx_HAL_Driver/Src/stm32g0xx_hal_spi.c ****       }
3129:Drivers/STM32G0xx_HAL_Driver/Src/stm32g0xx_hal_spi.c ****       /* Read CRC */
3130:Drivers/STM32G0xx_HAL_Driver/Src/stm32g0xx_hal_spi.c ****       if (hspi->Init.DataSize > SPI_DATASIZE_8BIT)
3131:Drivers/STM32G0xx_HAL_Driver/Src/stm32g0xx_hal_spi.c ****       {
3132:Drivers/STM32G0xx_HAL_Driver/Src/stm32g0xx_hal_spi.c ****         /* Read 16bit CRC */
3133:Drivers/STM32G0xx_HAL_Driver/Src/stm32g0xx_hal_spi.c ****         tmpreg = READ_REG(hspi->Instance->DR);
3134:Drivers/STM32G0xx_HAL_Driver/Src/stm32g0xx_hal_spi.c ****         /* To avoid GCC warning */
3135:Drivers/STM32G0xx_HAL_Driver/Src/stm32g0xx_hal_spi.c ****         UNUSED(tmpreg);
3136:Drivers/STM32G0xx_HAL_Driver/Src/stm32g0xx_hal_spi.c ****       }
3137:Drivers/STM32G0xx_HAL_Driver/Src/stm32g0xx_hal_spi.c ****       else
3138:Drivers/STM32G0xx_HAL_Driver/Src/stm32g0xx_hal_spi.c ****       {
3139:Drivers/STM32G0xx_HAL_Driver/Src/stm32g0xx_hal_spi.c ****         /* Initialize the 8bit temporary pointer */
3140:Drivers/STM32G0xx_HAL_Driver/Src/stm32g0xx_hal_spi.c ****         ptmpreg8 = (__IO uint8_t *)&hspi->Instance->DR;
3141:Drivers/STM32G0xx_HAL_Driver/Src/stm32g0xx_hal_spi.c ****         /* Read 8bit CRC */
3142:Drivers/STM32G0xx_HAL_Driver/Src/stm32g0xx_hal_spi.c ****         tmpreg8 = *ptmpreg8;
3143:Drivers/STM32G0xx_HAL_Driver/Src/stm32g0xx_hal_spi.c ****         /* To avoid GCC warning */
3144:Drivers/STM32G0xx_HAL_Driver/Src/stm32g0xx_hal_spi.c ****         UNUSED(tmpreg8);
3145:Drivers/STM32G0xx_HAL_Driver/Src/stm32g0xx_hal_spi.c **** 
3146:Drivers/STM32G0xx_HAL_Driver/Src/stm32g0xx_hal_spi.c ****         if (hspi->Init.CRCLength == SPI_CRC_LENGTH_16BIT)
3147:Drivers/STM32G0xx_HAL_Driver/Src/stm32g0xx_hal_spi.c ****         {
3148:Drivers/STM32G0xx_HAL_Driver/Src/stm32g0xx_hal_spi.c ****           if (SPI_WaitFlagStateUntilTimeout(hspi, SPI_FLAG_RXNE, SET, SPI_DEFAULT_TIMEOUT, tickstar
3149:Drivers/STM32G0xx_HAL_Driver/Src/stm32g0xx_hal_spi.c ****           {
3150:Drivers/STM32G0xx_HAL_Driver/Src/stm32g0xx_hal_spi.c ****             /* Error on the CRC reception */
3151:Drivers/STM32G0xx_HAL_Driver/Src/stm32g0xx_hal_spi.c ****             SET_BIT(hspi->ErrorCode, HAL_SPI_ERROR_CRC);
3152:Drivers/STM32G0xx_HAL_Driver/Src/stm32g0xx_hal_spi.c ****           }
3153:Drivers/STM32G0xx_HAL_Driver/Src/stm32g0xx_hal_spi.c ****           /* Read 8bit CRC again in case of 16bit CRC in 8bit Data mode */
3154:Drivers/STM32G0xx_HAL_Driver/Src/stm32g0xx_hal_spi.c ****           tmpreg8 = *ptmpreg8;
3155:Drivers/STM32G0xx_HAL_Driver/Src/stm32g0xx_hal_spi.c ****           /* To avoid GCC warning */
3156:Drivers/STM32G0xx_HAL_Driver/Src/stm32g0xx_hal_spi.c ****           UNUSED(tmpreg8);
3157:Drivers/STM32G0xx_HAL_Driver/Src/stm32g0xx_hal_spi.c ****         }
3158:Drivers/STM32G0xx_HAL_Driver/Src/stm32g0xx_hal_spi.c ****       }
3159:Drivers/STM32G0xx_HAL_Driver/Src/stm32g0xx_hal_spi.c ****     }
3160:Drivers/STM32G0xx_HAL_Driver/Src/stm32g0xx_hal_spi.c **** #endif /* USE_SPI_CRC */
3161:Drivers/STM32G0xx_HAL_Driver/Src/stm32g0xx_hal_spi.c **** 
3162:Drivers/STM32G0xx_HAL_Driver/Src/stm32g0xx_hal_spi.c ****     /* Check if we are in Master RX 2 line mode */
3163:Drivers/STM32G0xx_HAL_Driver/Src/stm32g0xx_hal_spi.c ****     if ((hspi->Init.Direction == SPI_DIRECTION_2LINES) && (hspi->Init.Mode == SPI_MODE_MASTER))
3164:Drivers/STM32G0xx_HAL_Driver/Src/stm32g0xx_hal_spi.c ****     {
3165:Drivers/STM32G0xx_HAL_Driver/Src/stm32g0xx_hal_spi.c ****       /* Disable Rx/Tx DMA Request (done by default to handle the case master rx direction 2 lines)
3166:Drivers/STM32G0xx_HAL_Driver/Src/stm32g0xx_hal_spi.c ****       CLEAR_BIT(hspi->Instance->CR2, SPI_CR2_TXDMAEN | SPI_CR2_RXDMAEN);
3167:Drivers/STM32G0xx_HAL_Driver/Src/stm32g0xx_hal_spi.c ****     }
ARM GAS  C:\Users\Domagoj\AppData\Local\Temp\ccvehG6g.s 			page 57


3168:Drivers/STM32G0xx_HAL_Driver/Src/stm32g0xx_hal_spi.c ****     else
3169:Drivers/STM32G0xx_HAL_Driver/Src/stm32g0xx_hal_spi.c ****     {
3170:Drivers/STM32G0xx_HAL_Driver/Src/stm32g0xx_hal_spi.c ****       /* Normal case */
3171:Drivers/STM32G0xx_HAL_Driver/Src/stm32g0xx_hal_spi.c ****       CLEAR_BIT(hspi->Instance->CR2, SPI_CR2_RXDMAEN);
3172:Drivers/STM32G0xx_HAL_Driver/Src/stm32g0xx_hal_spi.c ****     }
3173:Drivers/STM32G0xx_HAL_Driver/Src/stm32g0xx_hal_spi.c **** 
3174:Drivers/STM32G0xx_HAL_Driver/Src/stm32g0xx_hal_spi.c ****     /* Check the end of the transaction */
3175:Drivers/STM32G0xx_HAL_Driver/Src/stm32g0xx_hal_spi.c ****     if (SPI_EndRxTransaction(hspi, SPI_DEFAULT_TIMEOUT, tickstart) != HAL_OK)
3176:Drivers/STM32G0xx_HAL_Driver/Src/stm32g0xx_hal_spi.c ****     {
3177:Drivers/STM32G0xx_HAL_Driver/Src/stm32g0xx_hal_spi.c ****       hspi->ErrorCode = HAL_SPI_ERROR_FLAG;
3178:Drivers/STM32G0xx_HAL_Driver/Src/stm32g0xx_hal_spi.c ****     }
3179:Drivers/STM32G0xx_HAL_Driver/Src/stm32g0xx_hal_spi.c **** 
3180:Drivers/STM32G0xx_HAL_Driver/Src/stm32g0xx_hal_spi.c ****     hspi->RxXferCount = 0U;
3181:Drivers/STM32G0xx_HAL_Driver/Src/stm32g0xx_hal_spi.c ****     hspi->State = HAL_SPI_STATE_READY;
3182:Drivers/STM32G0xx_HAL_Driver/Src/stm32g0xx_hal_spi.c **** 
3183:Drivers/STM32G0xx_HAL_Driver/Src/stm32g0xx_hal_spi.c **** #if (USE_SPI_CRC != 0U)
3184:Drivers/STM32G0xx_HAL_Driver/Src/stm32g0xx_hal_spi.c ****     /* Check if CRC error occurred */
3185:Drivers/STM32G0xx_HAL_Driver/Src/stm32g0xx_hal_spi.c ****     if (__HAL_SPI_GET_FLAG(hspi, SPI_FLAG_CRCERR))
3186:Drivers/STM32G0xx_HAL_Driver/Src/stm32g0xx_hal_spi.c ****     {
3187:Drivers/STM32G0xx_HAL_Driver/Src/stm32g0xx_hal_spi.c ****       SET_BIT(hspi->ErrorCode, HAL_SPI_ERROR_CRC);
3188:Drivers/STM32G0xx_HAL_Driver/Src/stm32g0xx_hal_spi.c ****       __HAL_SPI_CLEAR_CRCERRFLAG(hspi);
3189:Drivers/STM32G0xx_HAL_Driver/Src/stm32g0xx_hal_spi.c ****     }
3190:Drivers/STM32G0xx_HAL_Driver/Src/stm32g0xx_hal_spi.c **** #endif /* USE_SPI_CRC */
3191:Drivers/STM32G0xx_HAL_Driver/Src/stm32g0xx_hal_spi.c **** 
3192:Drivers/STM32G0xx_HAL_Driver/Src/stm32g0xx_hal_spi.c ****     if (hspi->ErrorCode != HAL_SPI_ERROR_NONE)
3193:Drivers/STM32G0xx_HAL_Driver/Src/stm32g0xx_hal_spi.c ****     {
3194:Drivers/STM32G0xx_HAL_Driver/Src/stm32g0xx_hal_spi.c ****       /* Call user error callback */
3195:Drivers/STM32G0xx_HAL_Driver/Src/stm32g0xx_hal_spi.c **** #if (USE_HAL_SPI_REGISTER_CALLBACKS == 1U)
3196:Drivers/STM32G0xx_HAL_Driver/Src/stm32g0xx_hal_spi.c ****       hspi->ErrorCallback(hspi);
3197:Drivers/STM32G0xx_HAL_Driver/Src/stm32g0xx_hal_spi.c **** #else
3198:Drivers/STM32G0xx_HAL_Driver/Src/stm32g0xx_hal_spi.c ****       HAL_SPI_ErrorCallback(hspi);
3199:Drivers/STM32G0xx_HAL_Driver/Src/stm32g0xx_hal_spi.c **** #endif /* USE_HAL_SPI_REGISTER_CALLBACKS */
3200:Drivers/STM32G0xx_HAL_Driver/Src/stm32g0xx_hal_spi.c ****       return;
3201:Drivers/STM32G0xx_HAL_Driver/Src/stm32g0xx_hal_spi.c ****     }
3202:Drivers/STM32G0xx_HAL_Driver/Src/stm32g0xx_hal_spi.c ****   }
3203:Drivers/STM32G0xx_HAL_Driver/Src/stm32g0xx_hal_spi.c ****   /* Call user Rx complete callback */
3204:Drivers/STM32G0xx_HAL_Driver/Src/stm32g0xx_hal_spi.c **** #if (USE_HAL_SPI_REGISTER_CALLBACKS == 1U)
3205:Drivers/STM32G0xx_HAL_Driver/Src/stm32g0xx_hal_spi.c ****   hspi->RxCpltCallback(hspi);
3206:Drivers/STM32G0xx_HAL_Driver/Src/stm32g0xx_hal_spi.c **** #else
3207:Drivers/STM32G0xx_HAL_Driver/Src/stm32g0xx_hal_spi.c ****   HAL_SPI_RxCpltCallback(hspi);
3208:Drivers/STM32G0xx_HAL_Driver/Src/stm32g0xx_hal_spi.c **** #endif /* USE_HAL_SPI_REGISTER_CALLBACKS */
3209:Drivers/STM32G0xx_HAL_Driver/Src/stm32g0xx_hal_spi.c **** }
3210:Drivers/STM32G0xx_HAL_Driver/Src/stm32g0xx_hal_spi.c **** 
3211:Drivers/STM32G0xx_HAL_Driver/Src/stm32g0xx_hal_spi.c **** /**
3212:Drivers/STM32G0xx_HAL_Driver/Src/stm32g0xx_hal_spi.c ****   * @brief  DMA SPI transmit receive process complete callback.
3213:Drivers/STM32G0xx_HAL_Driver/Src/stm32g0xx_hal_spi.c ****   * @param  hdma pointer to a DMA_HandleTypeDef structure that contains
3214:Drivers/STM32G0xx_HAL_Driver/Src/stm32g0xx_hal_spi.c ****   *               the configuration information for the specified DMA module.
3215:Drivers/STM32G0xx_HAL_Driver/Src/stm32g0xx_hal_spi.c ****   * @retval None
3216:Drivers/STM32G0xx_HAL_Driver/Src/stm32g0xx_hal_spi.c ****   */
3217:Drivers/STM32G0xx_HAL_Driver/Src/stm32g0xx_hal_spi.c **** static void SPI_DMATransmitReceiveCplt(DMA_HandleTypeDef *hdma)
3218:Drivers/STM32G0xx_HAL_Driver/Src/stm32g0xx_hal_spi.c **** {
3219:Drivers/STM32G0xx_HAL_Driver/Src/stm32g0xx_hal_spi.c ****   SPI_HandleTypeDef *hspi = (SPI_HandleTypeDef *)(((DMA_HandleTypeDef *)hdma)->Parent);
3220:Drivers/STM32G0xx_HAL_Driver/Src/stm32g0xx_hal_spi.c ****   uint32_t tickstart;
3221:Drivers/STM32G0xx_HAL_Driver/Src/stm32g0xx_hal_spi.c **** #if (USE_SPI_CRC != 0U)
3222:Drivers/STM32G0xx_HAL_Driver/Src/stm32g0xx_hal_spi.c ****   __IO uint32_t tmpreg = 0U;
3223:Drivers/STM32G0xx_HAL_Driver/Src/stm32g0xx_hal_spi.c ****   __IO uint8_t  *ptmpreg8;
3224:Drivers/STM32G0xx_HAL_Driver/Src/stm32g0xx_hal_spi.c ****   __IO uint8_t  tmpreg8 = 0;
ARM GAS  C:\Users\Domagoj\AppData\Local\Temp\ccvehG6g.s 			page 58


3225:Drivers/STM32G0xx_HAL_Driver/Src/stm32g0xx_hal_spi.c **** #endif /* USE_SPI_CRC */
3226:Drivers/STM32G0xx_HAL_Driver/Src/stm32g0xx_hal_spi.c **** 
3227:Drivers/STM32G0xx_HAL_Driver/Src/stm32g0xx_hal_spi.c ****   /* Init tickstart for timeout management*/
3228:Drivers/STM32G0xx_HAL_Driver/Src/stm32g0xx_hal_spi.c ****   tickstart = HAL_GetTick();
3229:Drivers/STM32G0xx_HAL_Driver/Src/stm32g0xx_hal_spi.c **** 
3230:Drivers/STM32G0xx_HAL_Driver/Src/stm32g0xx_hal_spi.c ****   /* DMA Normal Mode */
3231:Drivers/STM32G0xx_HAL_Driver/Src/stm32g0xx_hal_spi.c ****   if ((hdma->Instance->CCR & DMA_CCR_CIRC) != DMA_CCR_CIRC)
3232:Drivers/STM32G0xx_HAL_Driver/Src/stm32g0xx_hal_spi.c ****   {
3233:Drivers/STM32G0xx_HAL_Driver/Src/stm32g0xx_hal_spi.c ****     /* Disable ERR interrupt */
3234:Drivers/STM32G0xx_HAL_Driver/Src/stm32g0xx_hal_spi.c ****     __HAL_SPI_DISABLE_IT(hspi, SPI_IT_ERR);
3235:Drivers/STM32G0xx_HAL_Driver/Src/stm32g0xx_hal_spi.c **** 
3236:Drivers/STM32G0xx_HAL_Driver/Src/stm32g0xx_hal_spi.c **** #if (USE_SPI_CRC != 0U)
3237:Drivers/STM32G0xx_HAL_Driver/Src/stm32g0xx_hal_spi.c ****     /* CRC handling */
3238:Drivers/STM32G0xx_HAL_Driver/Src/stm32g0xx_hal_spi.c ****     if (hspi->Init.CRCCalculation == SPI_CRCCALCULATION_ENABLE)
3239:Drivers/STM32G0xx_HAL_Driver/Src/stm32g0xx_hal_spi.c ****     {
3240:Drivers/STM32G0xx_HAL_Driver/Src/stm32g0xx_hal_spi.c ****       if ((hspi->Init.DataSize == SPI_DATASIZE_8BIT) && (hspi->Init.CRCLength == SPI_CRC_LENGTH_8BI
3241:Drivers/STM32G0xx_HAL_Driver/Src/stm32g0xx_hal_spi.c ****       {
3242:Drivers/STM32G0xx_HAL_Driver/Src/stm32g0xx_hal_spi.c ****         if (SPI_WaitFifoStateUntilTimeout(hspi, SPI_FLAG_FRLVL, SPI_FRLVL_QUARTER_FULL, SPI_DEFAULT
3243:Drivers/STM32G0xx_HAL_Driver/Src/stm32g0xx_hal_spi.c ****                                           tickstart) != HAL_OK)
3244:Drivers/STM32G0xx_HAL_Driver/Src/stm32g0xx_hal_spi.c ****         {
3245:Drivers/STM32G0xx_HAL_Driver/Src/stm32g0xx_hal_spi.c ****           /* Error on the CRC reception */
3246:Drivers/STM32G0xx_HAL_Driver/Src/stm32g0xx_hal_spi.c ****           SET_BIT(hspi->ErrorCode, HAL_SPI_ERROR_CRC);
3247:Drivers/STM32G0xx_HAL_Driver/Src/stm32g0xx_hal_spi.c ****         }
3248:Drivers/STM32G0xx_HAL_Driver/Src/stm32g0xx_hal_spi.c ****         /* Initialize the 8bit temporary pointer */
3249:Drivers/STM32G0xx_HAL_Driver/Src/stm32g0xx_hal_spi.c ****         ptmpreg8 = (__IO uint8_t *)&hspi->Instance->DR;
3250:Drivers/STM32G0xx_HAL_Driver/Src/stm32g0xx_hal_spi.c ****         /* Read 8bit CRC */
3251:Drivers/STM32G0xx_HAL_Driver/Src/stm32g0xx_hal_spi.c ****         tmpreg8 = *ptmpreg8;
3252:Drivers/STM32G0xx_HAL_Driver/Src/stm32g0xx_hal_spi.c ****         /* To avoid GCC warning */
3253:Drivers/STM32G0xx_HAL_Driver/Src/stm32g0xx_hal_spi.c ****         UNUSED(tmpreg8);
3254:Drivers/STM32G0xx_HAL_Driver/Src/stm32g0xx_hal_spi.c ****       }
3255:Drivers/STM32G0xx_HAL_Driver/Src/stm32g0xx_hal_spi.c ****       else
3256:Drivers/STM32G0xx_HAL_Driver/Src/stm32g0xx_hal_spi.c ****       {
3257:Drivers/STM32G0xx_HAL_Driver/Src/stm32g0xx_hal_spi.c ****         if (SPI_WaitFifoStateUntilTimeout(hspi, SPI_FLAG_FRLVL, SPI_FRLVL_HALF_FULL, SPI_DEFAULT_TI
3258:Drivers/STM32G0xx_HAL_Driver/Src/stm32g0xx_hal_spi.c ****                                           tickstart) != HAL_OK)
3259:Drivers/STM32G0xx_HAL_Driver/Src/stm32g0xx_hal_spi.c ****         {
3260:Drivers/STM32G0xx_HAL_Driver/Src/stm32g0xx_hal_spi.c ****           /* Error on the CRC reception */
3261:Drivers/STM32G0xx_HAL_Driver/Src/stm32g0xx_hal_spi.c ****           SET_BIT(hspi->ErrorCode, HAL_SPI_ERROR_CRC);
3262:Drivers/STM32G0xx_HAL_Driver/Src/stm32g0xx_hal_spi.c ****         }
3263:Drivers/STM32G0xx_HAL_Driver/Src/stm32g0xx_hal_spi.c ****         /* Read CRC to Flush DR and RXNE flag */
3264:Drivers/STM32G0xx_HAL_Driver/Src/stm32g0xx_hal_spi.c ****         tmpreg = READ_REG(hspi->Instance->DR);
3265:Drivers/STM32G0xx_HAL_Driver/Src/stm32g0xx_hal_spi.c ****         /* To avoid GCC warning */
3266:Drivers/STM32G0xx_HAL_Driver/Src/stm32g0xx_hal_spi.c ****         UNUSED(tmpreg);
3267:Drivers/STM32G0xx_HAL_Driver/Src/stm32g0xx_hal_spi.c ****       }
3268:Drivers/STM32G0xx_HAL_Driver/Src/stm32g0xx_hal_spi.c ****     }
3269:Drivers/STM32G0xx_HAL_Driver/Src/stm32g0xx_hal_spi.c **** #endif /* USE_SPI_CRC */
3270:Drivers/STM32G0xx_HAL_Driver/Src/stm32g0xx_hal_spi.c **** 
3271:Drivers/STM32G0xx_HAL_Driver/Src/stm32g0xx_hal_spi.c ****     /* Check the end of the transaction */
3272:Drivers/STM32G0xx_HAL_Driver/Src/stm32g0xx_hal_spi.c ****     if (SPI_EndRxTxTransaction(hspi, SPI_DEFAULT_TIMEOUT, tickstart) != HAL_OK)
3273:Drivers/STM32G0xx_HAL_Driver/Src/stm32g0xx_hal_spi.c ****     {
3274:Drivers/STM32G0xx_HAL_Driver/Src/stm32g0xx_hal_spi.c ****       SET_BIT(hspi->ErrorCode, HAL_SPI_ERROR_FLAG);
3275:Drivers/STM32G0xx_HAL_Driver/Src/stm32g0xx_hal_spi.c ****     }
3276:Drivers/STM32G0xx_HAL_Driver/Src/stm32g0xx_hal_spi.c **** 
3277:Drivers/STM32G0xx_HAL_Driver/Src/stm32g0xx_hal_spi.c ****     /* Disable Rx/Tx DMA Request */
3278:Drivers/STM32G0xx_HAL_Driver/Src/stm32g0xx_hal_spi.c ****     CLEAR_BIT(hspi->Instance->CR2, SPI_CR2_TXDMAEN | SPI_CR2_RXDMAEN);
3279:Drivers/STM32G0xx_HAL_Driver/Src/stm32g0xx_hal_spi.c **** 
3280:Drivers/STM32G0xx_HAL_Driver/Src/stm32g0xx_hal_spi.c ****     hspi->TxXferCount = 0U;
3281:Drivers/STM32G0xx_HAL_Driver/Src/stm32g0xx_hal_spi.c ****     hspi->RxXferCount = 0U;
ARM GAS  C:\Users\Domagoj\AppData\Local\Temp\ccvehG6g.s 			page 59


3282:Drivers/STM32G0xx_HAL_Driver/Src/stm32g0xx_hal_spi.c ****     hspi->State = HAL_SPI_STATE_READY;
3283:Drivers/STM32G0xx_HAL_Driver/Src/stm32g0xx_hal_spi.c **** 
3284:Drivers/STM32G0xx_HAL_Driver/Src/stm32g0xx_hal_spi.c **** #if (USE_SPI_CRC != 0U)
3285:Drivers/STM32G0xx_HAL_Driver/Src/stm32g0xx_hal_spi.c ****     /* Check if CRC error occurred */
3286:Drivers/STM32G0xx_HAL_Driver/Src/stm32g0xx_hal_spi.c ****     if (__HAL_SPI_GET_FLAG(hspi, SPI_FLAG_CRCERR))
3287:Drivers/STM32G0xx_HAL_Driver/Src/stm32g0xx_hal_spi.c ****     {
3288:Drivers/STM32G0xx_HAL_Driver/Src/stm32g0xx_hal_spi.c ****       SET_BIT(hspi->ErrorCode, HAL_SPI_ERROR_CRC);
3289:Drivers/STM32G0xx_HAL_Driver/Src/stm32g0xx_hal_spi.c ****       __HAL_SPI_CLEAR_CRCERRFLAG(hspi);
3290:Drivers/STM32G0xx_HAL_Driver/Src/stm32g0xx_hal_spi.c ****     }
3291:Drivers/STM32G0xx_HAL_Driver/Src/stm32g0xx_hal_spi.c **** #endif /* USE_SPI_CRC */
3292:Drivers/STM32G0xx_HAL_Driver/Src/stm32g0xx_hal_spi.c **** 
3293:Drivers/STM32G0xx_HAL_Driver/Src/stm32g0xx_hal_spi.c ****     if (hspi->ErrorCode != HAL_SPI_ERROR_NONE)
3294:Drivers/STM32G0xx_HAL_Driver/Src/stm32g0xx_hal_spi.c ****     {
3295:Drivers/STM32G0xx_HAL_Driver/Src/stm32g0xx_hal_spi.c ****       /* Call user error callback */
3296:Drivers/STM32G0xx_HAL_Driver/Src/stm32g0xx_hal_spi.c **** #if (USE_HAL_SPI_REGISTER_CALLBACKS == 1U)
3297:Drivers/STM32G0xx_HAL_Driver/Src/stm32g0xx_hal_spi.c ****       hspi->ErrorCallback(hspi);
3298:Drivers/STM32G0xx_HAL_Driver/Src/stm32g0xx_hal_spi.c **** #else
3299:Drivers/STM32G0xx_HAL_Driver/Src/stm32g0xx_hal_spi.c ****       HAL_SPI_ErrorCallback(hspi);
3300:Drivers/STM32G0xx_HAL_Driver/Src/stm32g0xx_hal_spi.c **** #endif /* USE_HAL_SPI_REGISTER_CALLBACKS */
3301:Drivers/STM32G0xx_HAL_Driver/Src/stm32g0xx_hal_spi.c ****       return;
3302:Drivers/STM32G0xx_HAL_Driver/Src/stm32g0xx_hal_spi.c ****     }
3303:Drivers/STM32G0xx_HAL_Driver/Src/stm32g0xx_hal_spi.c ****   }
3304:Drivers/STM32G0xx_HAL_Driver/Src/stm32g0xx_hal_spi.c ****   /* Call user TxRx complete callback */
3305:Drivers/STM32G0xx_HAL_Driver/Src/stm32g0xx_hal_spi.c **** #if (USE_HAL_SPI_REGISTER_CALLBACKS == 1U)
3306:Drivers/STM32G0xx_HAL_Driver/Src/stm32g0xx_hal_spi.c ****   hspi->TxRxCpltCallback(hspi);
3307:Drivers/STM32G0xx_HAL_Driver/Src/stm32g0xx_hal_spi.c **** #else
3308:Drivers/STM32G0xx_HAL_Driver/Src/stm32g0xx_hal_spi.c ****   HAL_SPI_TxRxCpltCallback(hspi);
3309:Drivers/STM32G0xx_HAL_Driver/Src/stm32g0xx_hal_spi.c **** #endif /* USE_HAL_SPI_REGISTER_CALLBACKS */
3310:Drivers/STM32G0xx_HAL_Driver/Src/stm32g0xx_hal_spi.c **** }
3311:Drivers/STM32G0xx_HAL_Driver/Src/stm32g0xx_hal_spi.c **** 
3312:Drivers/STM32G0xx_HAL_Driver/Src/stm32g0xx_hal_spi.c **** /**
3313:Drivers/STM32G0xx_HAL_Driver/Src/stm32g0xx_hal_spi.c ****   * @brief  DMA SPI half transmit process complete callback.
3314:Drivers/STM32G0xx_HAL_Driver/Src/stm32g0xx_hal_spi.c ****   * @param  hdma pointer to a DMA_HandleTypeDef structure that contains
3315:Drivers/STM32G0xx_HAL_Driver/Src/stm32g0xx_hal_spi.c ****   *               the configuration information for the specified DMA module.
3316:Drivers/STM32G0xx_HAL_Driver/Src/stm32g0xx_hal_spi.c ****   * @retval None
3317:Drivers/STM32G0xx_HAL_Driver/Src/stm32g0xx_hal_spi.c ****   */
3318:Drivers/STM32G0xx_HAL_Driver/Src/stm32g0xx_hal_spi.c **** static void SPI_DMAHalfTransmitCplt(DMA_HandleTypeDef *hdma)
3319:Drivers/STM32G0xx_HAL_Driver/Src/stm32g0xx_hal_spi.c **** {
3320:Drivers/STM32G0xx_HAL_Driver/Src/stm32g0xx_hal_spi.c ****   SPI_HandleTypeDef *hspi = (SPI_HandleTypeDef *)(((DMA_HandleTypeDef *)hdma)->Parent);
3321:Drivers/STM32G0xx_HAL_Driver/Src/stm32g0xx_hal_spi.c **** 
3322:Drivers/STM32G0xx_HAL_Driver/Src/stm32g0xx_hal_spi.c ****   /* Call user Tx half complete callback */
3323:Drivers/STM32G0xx_HAL_Driver/Src/stm32g0xx_hal_spi.c **** #if (USE_HAL_SPI_REGISTER_CALLBACKS == 1U)
3324:Drivers/STM32G0xx_HAL_Driver/Src/stm32g0xx_hal_spi.c ****   hspi->TxHalfCpltCallback(hspi);
3325:Drivers/STM32G0xx_HAL_Driver/Src/stm32g0xx_hal_spi.c **** #else
3326:Drivers/STM32G0xx_HAL_Driver/Src/stm32g0xx_hal_spi.c ****   HAL_SPI_TxHalfCpltCallback(hspi);
3327:Drivers/STM32G0xx_HAL_Driver/Src/stm32g0xx_hal_spi.c **** #endif /* USE_HAL_SPI_REGISTER_CALLBACKS */
3328:Drivers/STM32G0xx_HAL_Driver/Src/stm32g0xx_hal_spi.c **** }
3329:Drivers/STM32G0xx_HAL_Driver/Src/stm32g0xx_hal_spi.c **** 
3330:Drivers/STM32G0xx_HAL_Driver/Src/stm32g0xx_hal_spi.c **** /**
3331:Drivers/STM32G0xx_HAL_Driver/Src/stm32g0xx_hal_spi.c ****   * @brief  DMA SPI half receive process complete callback
3332:Drivers/STM32G0xx_HAL_Driver/Src/stm32g0xx_hal_spi.c ****   * @param  hdma pointer to a DMA_HandleTypeDef structure that contains
3333:Drivers/STM32G0xx_HAL_Driver/Src/stm32g0xx_hal_spi.c ****   *               the configuration information for the specified DMA module.
3334:Drivers/STM32G0xx_HAL_Driver/Src/stm32g0xx_hal_spi.c ****   * @retval None
3335:Drivers/STM32G0xx_HAL_Driver/Src/stm32g0xx_hal_spi.c ****   */
3336:Drivers/STM32G0xx_HAL_Driver/Src/stm32g0xx_hal_spi.c **** static void SPI_DMAHalfReceiveCplt(DMA_HandleTypeDef *hdma)
3337:Drivers/STM32G0xx_HAL_Driver/Src/stm32g0xx_hal_spi.c **** {
3338:Drivers/STM32G0xx_HAL_Driver/Src/stm32g0xx_hal_spi.c ****   SPI_HandleTypeDef *hspi = (SPI_HandleTypeDef *)(((DMA_HandleTypeDef *)hdma)->Parent);
ARM GAS  C:\Users\Domagoj\AppData\Local\Temp\ccvehG6g.s 			page 60


3339:Drivers/STM32G0xx_HAL_Driver/Src/stm32g0xx_hal_spi.c **** 
3340:Drivers/STM32G0xx_HAL_Driver/Src/stm32g0xx_hal_spi.c ****   /* Call user Rx half complete callback */
3341:Drivers/STM32G0xx_HAL_Driver/Src/stm32g0xx_hal_spi.c **** #if (USE_HAL_SPI_REGISTER_CALLBACKS == 1U)
3342:Drivers/STM32G0xx_HAL_Driver/Src/stm32g0xx_hal_spi.c ****   hspi->RxHalfCpltCallback(hspi);
3343:Drivers/STM32G0xx_HAL_Driver/Src/stm32g0xx_hal_spi.c **** #else
3344:Drivers/STM32G0xx_HAL_Driver/Src/stm32g0xx_hal_spi.c ****   HAL_SPI_RxHalfCpltCallback(hspi);
3345:Drivers/STM32G0xx_HAL_Driver/Src/stm32g0xx_hal_spi.c **** #endif /* USE_HAL_SPI_REGISTER_CALLBACKS */
3346:Drivers/STM32G0xx_HAL_Driver/Src/stm32g0xx_hal_spi.c **** }
3347:Drivers/STM32G0xx_HAL_Driver/Src/stm32g0xx_hal_spi.c **** 
3348:Drivers/STM32G0xx_HAL_Driver/Src/stm32g0xx_hal_spi.c **** /**
3349:Drivers/STM32G0xx_HAL_Driver/Src/stm32g0xx_hal_spi.c ****   * @brief  DMA SPI half transmit receive process complete callback.
3350:Drivers/STM32G0xx_HAL_Driver/Src/stm32g0xx_hal_spi.c ****   * @param  hdma pointer to a DMA_HandleTypeDef structure that contains
3351:Drivers/STM32G0xx_HAL_Driver/Src/stm32g0xx_hal_spi.c ****   *               the configuration information for the specified DMA module.
3352:Drivers/STM32G0xx_HAL_Driver/Src/stm32g0xx_hal_spi.c ****   * @retval None
3353:Drivers/STM32G0xx_HAL_Driver/Src/stm32g0xx_hal_spi.c ****   */
3354:Drivers/STM32G0xx_HAL_Driver/Src/stm32g0xx_hal_spi.c **** static void SPI_DMAHalfTransmitReceiveCplt(DMA_HandleTypeDef *hdma)
3355:Drivers/STM32G0xx_HAL_Driver/Src/stm32g0xx_hal_spi.c **** {
3356:Drivers/STM32G0xx_HAL_Driver/Src/stm32g0xx_hal_spi.c ****   SPI_HandleTypeDef *hspi = (SPI_HandleTypeDef *)(((DMA_HandleTypeDef *)hdma)->Parent);
3357:Drivers/STM32G0xx_HAL_Driver/Src/stm32g0xx_hal_spi.c **** 
3358:Drivers/STM32G0xx_HAL_Driver/Src/stm32g0xx_hal_spi.c ****   /* Call user TxRx half complete callback */
3359:Drivers/STM32G0xx_HAL_Driver/Src/stm32g0xx_hal_spi.c **** #if (USE_HAL_SPI_REGISTER_CALLBACKS == 1U)
3360:Drivers/STM32G0xx_HAL_Driver/Src/stm32g0xx_hal_spi.c ****   hspi->TxRxHalfCpltCallback(hspi);
3361:Drivers/STM32G0xx_HAL_Driver/Src/stm32g0xx_hal_spi.c **** #else
3362:Drivers/STM32G0xx_HAL_Driver/Src/stm32g0xx_hal_spi.c ****   HAL_SPI_TxRxHalfCpltCallback(hspi);
3363:Drivers/STM32G0xx_HAL_Driver/Src/stm32g0xx_hal_spi.c **** #endif /* USE_HAL_SPI_REGISTER_CALLBACKS */
3364:Drivers/STM32G0xx_HAL_Driver/Src/stm32g0xx_hal_spi.c **** }
3365:Drivers/STM32G0xx_HAL_Driver/Src/stm32g0xx_hal_spi.c **** 
3366:Drivers/STM32G0xx_HAL_Driver/Src/stm32g0xx_hal_spi.c **** /**
3367:Drivers/STM32G0xx_HAL_Driver/Src/stm32g0xx_hal_spi.c ****   * @brief  DMA SPI communication error callback.
3368:Drivers/STM32G0xx_HAL_Driver/Src/stm32g0xx_hal_spi.c ****   * @param  hdma pointer to a DMA_HandleTypeDef structure that contains
3369:Drivers/STM32G0xx_HAL_Driver/Src/stm32g0xx_hal_spi.c ****   *               the configuration information for the specified DMA module.
3370:Drivers/STM32G0xx_HAL_Driver/Src/stm32g0xx_hal_spi.c ****   * @retval None
3371:Drivers/STM32G0xx_HAL_Driver/Src/stm32g0xx_hal_spi.c ****   */
3372:Drivers/STM32G0xx_HAL_Driver/Src/stm32g0xx_hal_spi.c **** static void SPI_DMAError(DMA_HandleTypeDef *hdma)
3373:Drivers/STM32G0xx_HAL_Driver/Src/stm32g0xx_hal_spi.c **** {
3374:Drivers/STM32G0xx_HAL_Driver/Src/stm32g0xx_hal_spi.c ****   SPI_HandleTypeDef *hspi = (SPI_HandleTypeDef *)(((DMA_HandleTypeDef *)hdma)->Parent);
3375:Drivers/STM32G0xx_HAL_Driver/Src/stm32g0xx_hal_spi.c **** 
3376:Drivers/STM32G0xx_HAL_Driver/Src/stm32g0xx_hal_spi.c ****   /* Stop the disable DMA transfer on SPI side */
3377:Drivers/STM32G0xx_HAL_Driver/Src/stm32g0xx_hal_spi.c ****   CLEAR_BIT(hspi->Instance->CR2, SPI_CR2_TXDMAEN | SPI_CR2_RXDMAEN);
3378:Drivers/STM32G0xx_HAL_Driver/Src/stm32g0xx_hal_spi.c **** 
3379:Drivers/STM32G0xx_HAL_Driver/Src/stm32g0xx_hal_spi.c ****   SET_BIT(hspi->ErrorCode, HAL_SPI_ERROR_DMA);
3380:Drivers/STM32G0xx_HAL_Driver/Src/stm32g0xx_hal_spi.c ****   hspi->State = HAL_SPI_STATE_READY;
3381:Drivers/STM32G0xx_HAL_Driver/Src/stm32g0xx_hal_spi.c ****   /* Call user error callback */
3382:Drivers/STM32G0xx_HAL_Driver/Src/stm32g0xx_hal_spi.c **** #if (USE_HAL_SPI_REGISTER_CALLBACKS == 1U)
3383:Drivers/STM32G0xx_HAL_Driver/Src/stm32g0xx_hal_spi.c ****   hspi->ErrorCallback(hspi);
3384:Drivers/STM32G0xx_HAL_Driver/Src/stm32g0xx_hal_spi.c **** #else
3385:Drivers/STM32G0xx_HAL_Driver/Src/stm32g0xx_hal_spi.c ****   HAL_SPI_ErrorCallback(hspi);
3386:Drivers/STM32G0xx_HAL_Driver/Src/stm32g0xx_hal_spi.c **** #endif /* USE_HAL_SPI_REGISTER_CALLBACKS */
3387:Drivers/STM32G0xx_HAL_Driver/Src/stm32g0xx_hal_spi.c **** }
3388:Drivers/STM32G0xx_HAL_Driver/Src/stm32g0xx_hal_spi.c **** 
3389:Drivers/STM32G0xx_HAL_Driver/Src/stm32g0xx_hal_spi.c **** /**
3390:Drivers/STM32G0xx_HAL_Driver/Src/stm32g0xx_hal_spi.c ****   * @brief  DMA SPI communication abort callback, when initiated by HAL services on Error
3391:Drivers/STM32G0xx_HAL_Driver/Src/stm32g0xx_hal_spi.c ****   *         (To be called at end of DMA Abort procedure following error occurrence).
3392:Drivers/STM32G0xx_HAL_Driver/Src/stm32g0xx_hal_spi.c ****   * @param  hdma DMA handle.
3393:Drivers/STM32G0xx_HAL_Driver/Src/stm32g0xx_hal_spi.c ****   * @retval None
3394:Drivers/STM32G0xx_HAL_Driver/Src/stm32g0xx_hal_spi.c ****   */
3395:Drivers/STM32G0xx_HAL_Driver/Src/stm32g0xx_hal_spi.c **** static void SPI_DMAAbortOnError(DMA_HandleTypeDef *hdma)
ARM GAS  C:\Users\Domagoj\AppData\Local\Temp\ccvehG6g.s 			page 61


3396:Drivers/STM32G0xx_HAL_Driver/Src/stm32g0xx_hal_spi.c **** {
3397:Drivers/STM32G0xx_HAL_Driver/Src/stm32g0xx_hal_spi.c ****   SPI_HandleTypeDef *hspi = (SPI_HandleTypeDef *)(((DMA_HandleTypeDef *)hdma)->Parent);
3398:Drivers/STM32G0xx_HAL_Driver/Src/stm32g0xx_hal_spi.c ****   hspi->RxXferCount = 0U;
3399:Drivers/STM32G0xx_HAL_Driver/Src/stm32g0xx_hal_spi.c ****   hspi->TxXferCount = 0U;
3400:Drivers/STM32G0xx_HAL_Driver/Src/stm32g0xx_hal_spi.c **** 
3401:Drivers/STM32G0xx_HAL_Driver/Src/stm32g0xx_hal_spi.c ****   /* Call user error callback */
3402:Drivers/STM32G0xx_HAL_Driver/Src/stm32g0xx_hal_spi.c **** #if (USE_HAL_SPI_REGISTER_CALLBACKS == 1U)
3403:Drivers/STM32G0xx_HAL_Driver/Src/stm32g0xx_hal_spi.c ****   hspi->ErrorCallback(hspi);
3404:Drivers/STM32G0xx_HAL_Driver/Src/stm32g0xx_hal_spi.c **** #else
3405:Drivers/STM32G0xx_HAL_Driver/Src/stm32g0xx_hal_spi.c ****   HAL_SPI_ErrorCallback(hspi);
3406:Drivers/STM32G0xx_HAL_Driver/Src/stm32g0xx_hal_spi.c **** #endif /* USE_HAL_SPI_REGISTER_CALLBACKS */
3407:Drivers/STM32G0xx_HAL_Driver/Src/stm32g0xx_hal_spi.c **** }
3408:Drivers/STM32G0xx_HAL_Driver/Src/stm32g0xx_hal_spi.c **** 
3409:Drivers/STM32G0xx_HAL_Driver/Src/stm32g0xx_hal_spi.c **** /**
3410:Drivers/STM32G0xx_HAL_Driver/Src/stm32g0xx_hal_spi.c ****   * @brief  DMA SPI Tx communication abort callback, when initiated by user
3411:Drivers/STM32G0xx_HAL_Driver/Src/stm32g0xx_hal_spi.c ****   *         (To be called at end of DMA Tx Abort procedure following user abort request).
3412:Drivers/STM32G0xx_HAL_Driver/Src/stm32g0xx_hal_spi.c ****   * @note   When this callback is executed, User Abort complete call back is called only if no
3413:Drivers/STM32G0xx_HAL_Driver/Src/stm32g0xx_hal_spi.c ****   *         Abort still ongoing for Rx DMA Handle.
3414:Drivers/STM32G0xx_HAL_Driver/Src/stm32g0xx_hal_spi.c ****   * @param  hdma DMA handle.
3415:Drivers/STM32G0xx_HAL_Driver/Src/stm32g0xx_hal_spi.c ****   * @retval None
3416:Drivers/STM32G0xx_HAL_Driver/Src/stm32g0xx_hal_spi.c ****   */
3417:Drivers/STM32G0xx_HAL_Driver/Src/stm32g0xx_hal_spi.c **** static void SPI_DMATxAbortCallback(DMA_HandleTypeDef *hdma)
3418:Drivers/STM32G0xx_HAL_Driver/Src/stm32g0xx_hal_spi.c **** {
3419:Drivers/STM32G0xx_HAL_Driver/Src/stm32g0xx_hal_spi.c ****   SPI_HandleTypeDef *hspi = (SPI_HandleTypeDef *)(((DMA_HandleTypeDef *)hdma)->Parent);
3420:Drivers/STM32G0xx_HAL_Driver/Src/stm32g0xx_hal_spi.c **** 
3421:Drivers/STM32G0xx_HAL_Driver/Src/stm32g0xx_hal_spi.c ****   hspi->hdmatx->XferAbortCallback = NULL;
3422:Drivers/STM32G0xx_HAL_Driver/Src/stm32g0xx_hal_spi.c **** 
3423:Drivers/STM32G0xx_HAL_Driver/Src/stm32g0xx_hal_spi.c ****   /* Disable Tx DMA Request */
3424:Drivers/STM32G0xx_HAL_Driver/Src/stm32g0xx_hal_spi.c ****   CLEAR_BIT(hspi->Instance->CR2, SPI_CR2_TXDMAEN);
3425:Drivers/STM32G0xx_HAL_Driver/Src/stm32g0xx_hal_spi.c **** 
3426:Drivers/STM32G0xx_HAL_Driver/Src/stm32g0xx_hal_spi.c ****   if (SPI_EndRxTxTransaction(hspi, SPI_DEFAULT_TIMEOUT, HAL_GetTick()) != HAL_OK)
3427:Drivers/STM32G0xx_HAL_Driver/Src/stm32g0xx_hal_spi.c ****   {
3428:Drivers/STM32G0xx_HAL_Driver/Src/stm32g0xx_hal_spi.c ****     hspi->ErrorCode = HAL_SPI_ERROR_ABORT;
3429:Drivers/STM32G0xx_HAL_Driver/Src/stm32g0xx_hal_spi.c ****   }
3430:Drivers/STM32G0xx_HAL_Driver/Src/stm32g0xx_hal_spi.c **** 
3431:Drivers/STM32G0xx_HAL_Driver/Src/stm32g0xx_hal_spi.c ****   /* Disable SPI Peripheral */
3432:Drivers/STM32G0xx_HAL_Driver/Src/stm32g0xx_hal_spi.c ****   __HAL_SPI_DISABLE(hspi);
3433:Drivers/STM32G0xx_HAL_Driver/Src/stm32g0xx_hal_spi.c **** 
3434:Drivers/STM32G0xx_HAL_Driver/Src/stm32g0xx_hal_spi.c ****   /* Empty the FRLVL fifo */
3435:Drivers/STM32G0xx_HAL_Driver/Src/stm32g0xx_hal_spi.c ****   if (SPI_WaitFifoStateUntilTimeout(hspi, SPI_FLAG_FRLVL, SPI_FRLVL_EMPTY, SPI_DEFAULT_TIMEOUT,
3436:Drivers/STM32G0xx_HAL_Driver/Src/stm32g0xx_hal_spi.c ****                                     HAL_GetTick()) != HAL_OK)
3437:Drivers/STM32G0xx_HAL_Driver/Src/stm32g0xx_hal_spi.c ****   {
3438:Drivers/STM32G0xx_HAL_Driver/Src/stm32g0xx_hal_spi.c ****     hspi->ErrorCode = HAL_SPI_ERROR_ABORT;
3439:Drivers/STM32G0xx_HAL_Driver/Src/stm32g0xx_hal_spi.c ****   }
3440:Drivers/STM32G0xx_HAL_Driver/Src/stm32g0xx_hal_spi.c **** 
3441:Drivers/STM32G0xx_HAL_Driver/Src/stm32g0xx_hal_spi.c ****   /* Check if an Abort process is still ongoing */
3442:Drivers/STM32G0xx_HAL_Driver/Src/stm32g0xx_hal_spi.c ****   if (hspi->hdmarx != NULL)
3443:Drivers/STM32G0xx_HAL_Driver/Src/stm32g0xx_hal_spi.c ****   {
3444:Drivers/STM32G0xx_HAL_Driver/Src/stm32g0xx_hal_spi.c ****     if (hspi->hdmarx->XferAbortCallback != NULL)
3445:Drivers/STM32G0xx_HAL_Driver/Src/stm32g0xx_hal_spi.c ****     {
3446:Drivers/STM32G0xx_HAL_Driver/Src/stm32g0xx_hal_spi.c ****       return;
3447:Drivers/STM32G0xx_HAL_Driver/Src/stm32g0xx_hal_spi.c ****     }
3448:Drivers/STM32G0xx_HAL_Driver/Src/stm32g0xx_hal_spi.c ****   }
3449:Drivers/STM32G0xx_HAL_Driver/Src/stm32g0xx_hal_spi.c **** 
3450:Drivers/STM32G0xx_HAL_Driver/Src/stm32g0xx_hal_spi.c ****   /* No Abort process still ongoing : All DMA Stream/Channel are aborted, call user Abort Complete 
3451:Drivers/STM32G0xx_HAL_Driver/Src/stm32g0xx_hal_spi.c ****   hspi->RxXferCount = 0U;
3452:Drivers/STM32G0xx_HAL_Driver/Src/stm32g0xx_hal_spi.c ****   hspi->TxXferCount = 0U;
ARM GAS  C:\Users\Domagoj\AppData\Local\Temp\ccvehG6g.s 			page 62


3453:Drivers/STM32G0xx_HAL_Driver/Src/stm32g0xx_hal_spi.c **** 
3454:Drivers/STM32G0xx_HAL_Driver/Src/stm32g0xx_hal_spi.c ****   /* Check no error during Abort procedure */
3455:Drivers/STM32G0xx_HAL_Driver/Src/stm32g0xx_hal_spi.c ****   if (hspi->ErrorCode != HAL_SPI_ERROR_ABORT)
3456:Drivers/STM32G0xx_HAL_Driver/Src/stm32g0xx_hal_spi.c ****   {
3457:Drivers/STM32G0xx_HAL_Driver/Src/stm32g0xx_hal_spi.c ****     /* Reset errorCode */
3458:Drivers/STM32G0xx_HAL_Driver/Src/stm32g0xx_hal_spi.c ****     hspi->ErrorCode = HAL_SPI_ERROR_NONE;
3459:Drivers/STM32G0xx_HAL_Driver/Src/stm32g0xx_hal_spi.c ****   }
3460:Drivers/STM32G0xx_HAL_Driver/Src/stm32g0xx_hal_spi.c **** 
3461:Drivers/STM32G0xx_HAL_Driver/Src/stm32g0xx_hal_spi.c ****   /* Clear the Error flags in the SR register */
3462:Drivers/STM32G0xx_HAL_Driver/Src/stm32g0xx_hal_spi.c ****   __HAL_SPI_CLEAR_OVRFLAG(hspi);
3463:Drivers/STM32G0xx_HAL_Driver/Src/stm32g0xx_hal_spi.c ****   __HAL_SPI_CLEAR_FREFLAG(hspi);
3464:Drivers/STM32G0xx_HAL_Driver/Src/stm32g0xx_hal_spi.c **** 
3465:Drivers/STM32G0xx_HAL_Driver/Src/stm32g0xx_hal_spi.c ****   /* Restore hspi->State to Ready */
3466:Drivers/STM32G0xx_HAL_Driver/Src/stm32g0xx_hal_spi.c ****   hspi->State  = HAL_SPI_STATE_READY;
3467:Drivers/STM32G0xx_HAL_Driver/Src/stm32g0xx_hal_spi.c **** 
3468:Drivers/STM32G0xx_HAL_Driver/Src/stm32g0xx_hal_spi.c ****   /* Call user Abort complete callback */
3469:Drivers/STM32G0xx_HAL_Driver/Src/stm32g0xx_hal_spi.c **** #if (USE_HAL_SPI_REGISTER_CALLBACKS == 1U)
3470:Drivers/STM32G0xx_HAL_Driver/Src/stm32g0xx_hal_spi.c ****   hspi->AbortCpltCallback(hspi);
3471:Drivers/STM32G0xx_HAL_Driver/Src/stm32g0xx_hal_spi.c **** #else
3472:Drivers/STM32G0xx_HAL_Driver/Src/stm32g0xx_hal_spi.c ****   HAL_SPI_AbortCpltCallback(hspi);
3473:Drivers/STM32G0xx_HAL_Driver/Src/stm32g0xx_hal_spi.c **** #endif /* USE_HAL_SPI_REGISTER_CALLBACKS */
3474:Drivers/STM32G0xx_HAL_Driver/Src/stm32g0xx_hal_spi.c **** }
3475:Drivers/STM32G0xx_HAL_Driver/Src/stm32g0xx_hal_spi.c **** 
3476:Drivers/STM32G0xx_HAL_Driver/Src/stm32g0xx_hal_spi.c **** /**
3477:Drivers/STM32G0xx_HAL_Driver/Src/stm32g0xx_hal_spi.c ****   * @brief  DMA SPI Rx communication abort callback, when initiated by user
3478:Drivers/STM32G0xx_HAL_Driver/Src/stm32g0xx_hal_spi.c ****   *         (To be called at end of DMA Rx Abort procedure following user abort request).
3479:Drivers/STM32G0xx_HAL_Driver/Src/stm32g0xx_hal_spi.c ****   * @note   When this callback is executed, User Abort complete call back is called only if no
3480:Drivers/STM32G0xx_HAL_Driver/Src/stm32g0xx_hal_spi.c ****   *         Abort still ongoing for Tx DMA Handle.
3481:Drivers/STM32G0xx_HAL_Driver/Src/stm32g0xx_hal_spi.c ****   * @param  hdma DMA handle.
3482:Drivers/STM32G0xx_HAL_Driver/Src/stm32g0xx_hal_spi.c ****   * @retval None
3483:Drivers/STM32G0xx_HAL_Driver/Src/stm32g0xx_hal_spi.c ****   */
3484:Drivers/STM32G0xx_HAL_Driver/Src/stm32g0xx_hal_spi.c **** static void SPI_DMARxAbortCallback(DMA_HandleTypeDef *hdma)
3485:Drivers/STM32G0xx_HAL_Driver/Src/stm32g0xx_hal_spi.c **** {
3486:Drivers/STM32G0xx_HAL_Driver/Src/stm32g0xx_hal_spi.c ****   SPI_HandleTypeDef *hspi = (SPI_HandleTypeDef *)(((DMA_HandleTypeDef *)hdma)->Parent);
3487:Drivers/STM32G0xx_HAL_Driver/Src/stm32g0xx_hal_spi.c **** 
3488:Drivers/STM32G0xx_HAL_Driver/Src/stm32g0xx_hal_spi.c ****   /* Disable SPI Peripheral */
3489:Drivers/STM32G0xx_HAL_Driver/Src/stm32g0xx_hal_spi.c ****   __HAL_SPI_DISABLE(hspi);
3490:Drivers/STM32G0xx_HAL_Driver/Src/stm32g0xx_hal_spi.c **** 
3491:Drivers/STM32G0xx_HAL_Driver/Src/stm32g0xx_hal_spi.c ****   hspi->hdmarx->XferAbortCallback = NULL;
3492:Drivers/STM32G0xx_HAL_Driver/Src/stm32g0xx_hal_spi.c **** 
3493:Drivers/STM32G0xx_HAL_Driver/Src/stm32g0xx_hal_spi.c ****   /* Disable Rx DMA Request */
3494:Drivers/STM32G0xx_HAL_Driver/Src/stm32g0xx_hal_spi.c ****   CLEAR_BIT(hspi->Instance->CR2, SPI_CR2_RXDMAEN);
3495:Drivers/STM32G0xx_HAL_Driver/Src/stm32g0xx_hal_spi.c **** 
3496:Drivers/STM32G0xx_HAL_Driver/Src/stm32g0xx_hal_spi.c ****   /* Control the BSY flag */
3497:Drivers/STM32G0xx_HAL_Driver/Src/stm32g0xx_hal_spi.c ****   if (SPI_WaitFlagStateUntilTimeout(hspi, SPI_FLAG_BSY, RESET, SPI_DEFAULT_TIMEOUT, HAL_GetTick()) 
3498:Drivers/STM32G0xx_HAL_Driver/Src/stm32g0xx_hal_spi.c ****   {
3499:Drivers/STM32G0xx_HAL_Driver/Src/stm32g0xx_hal_spi.c ****     hspi->ErrorCode = HAL_SPI_ERROR_ABORT;
3500:Drivers/STM32G0xx_HAL_Driver/Src/stm32g0xx_hal_spi.c ****   }
3501:Drivers/STM32G0xx_HAL_Driver/Src/stm32g0xx_hal_spi.c **** 
3502:Drivers/STM32G0xx_HAL_Driver/Src/stm32g0xx_hal_spi.c ****   /* Empty the FRLVL fifo */
3503:Drivers/STM32G0xx_HAL_Driver/Src/stm32g0xx_hal_spi.c ****   if (SPI_WaitFifoStateUntilTimeout(hspi, SPI_FLAG_FRLVL, SPI_FRLVL_EMPTY, SPI_DEFAULT_TIMEOUT,
3504:Drivers/STM32G0xx_HAL_Driver/Src/stm32g0xx_hal_spi.c ****                                     HAL_GetTick()) != HAL_OK)
3505:Drivers/STM32G0xx_HAL_Driver/Src/stm32g0xx_hal_spi.c ****   {
3506:Drivers/STM32G0xx_HAL_Driver/Src/stm32g0xx_hal_spi.c ****     hspi->ErrorCode = HAL_SPI_ERROR_ABORT;
3507:Drivers/STM32G0xx_HAL_Driver/Src/stm32g0xx_hal_spi.c ****   }
3508:Drivers/STM32G0xx_HAL_Driver/Src/stm32g0xx_hal_spi.c **** 
3509:Drivers/STM32G0xx_HAL_Driver/Src/stm32g0xx_hal_spi.c ****   /* Check if an Abort process is still ongoing */
ARM GAS  C:\Users\Domagoj\AppData\Local\Temp\ccvehG6g.s 			page 63


3510:Drivers/STM32G0xx_HAL_Driver/Src/stm32g0xx_hal_spi.c ****   if (hspi->hdmatx != NULL)
3511:Drivers/STM32G0xx_HAL_Driver/Src/stm32g0xx_hal_spi.c ****   {
3512:Drivers/STM32G0xx_HAL_Driver/Src/stm32g0xx_hal_spi.c ****     if (hspi->hdmatx->XferAbortCallback != NULL)
3513:Drivers/STM32G0xx_HAL_Driver/Src/stm32g0xx_hal_spi.c ****     {
3514:Drivers/STM32G0xx_HAL_Driver/Src/stm32g0xx_hal_spi.c ****       return;
3515:Drivers/STM32G0xx_HAL_Driver/Src/stm32g0xx_hal_spi.c ****     }
3516:Drivers/STM32G0xx_HAL_Driver/Src/stm32g0xx_hal_spi.c ****   }
3517:Drivers/STM32G0xx_HAL_Driver/Src/stm32g0xx_hal_spi.c **** 
3518:Drivers/STM32G0xx_HAL_Driver/Src/stm32g0xx_hal_spi.c ****   /* No Abort process still ongoing : All DMA Stream/Channel are aborted, call user Abort Complete 
3519:Drivers/STM32G0xx_HAL_Driver/Src/stm32g0xx_hal_spi.c ****   hspi->RxXferCount = 0U;
3520:Drivers/STM32G0xx_HAL_Driver/Src/stm32g0xx_hal_spi.c ****   hspi->TxXferCount = 0U;
3521:Drivers/STM32G0xx_HAL_Driver/Src/stm32g0xx_hal_spi.c **** 
3522:Drivers/STM32G0xx_HAL_Driver/Src/stm32g0xx_hal_spi.c ****   /* Check no error during Abort procedure */
3523:Drivers/STM32G0xx_HAL_Driver/Src/stm32g0xx_hal_spi.c ****   if (hspi->ErrorCode != HAL_SPI_ERROR_ABORT)
3524:Drivers/STM32G0xx_HAL_Driver/Src/stm32g0xx_hal_spi.c ****   {
3525:Drivers/STM32G0xx_HAL_Driver/Src/stm32g0xx_hal_spi.c ****     /* Reset errorCode */
3526:Drivers/STM32G0xx_HAL_Driver/Src/stm32g0xx_hal_spi.c ****     hspi->ErrorCode = HAL_SPI_ERROR_NONE;
3527:Drivers/STM32G0xx_HAL_Driver/Src/stm32g0xx_hal_spi.c ****   }
3528:Drivers/STM32G0xx_HAL_Driver/Src/stm32g0xx_hal_spi.c **** 
3529:Drivers/STM32G0xx_HAL_Driver/Src/stm32g0xx_hal_spi.c ****   /* Clear the Error flags in the SR register */
3530:Drivers/STM32G0xx_HAL_Driver/Src/stm32g0xx_hal_spi.c ****   __HAL_SPI_CLEAR_OVRFLAG(hspi);
3531:Drivers/STM32G0xx_HAL_Driver/Src/stm32g0xx_hal_spi.c ****   __HAL_SPI_CLEAR_FREFLAG(hspi);
3532:Drivers/STM32G0xx_HAL_Driver/Src/stm32g0xx_hal_spi.c **** 
3533:Drivers/STM32G0xx_HAL_Driver/Src/stm32g0xx_hal_spi.c ****   /* Restore hspi->State to Ready */
3534:Drivers/STM32G0xx_HAL_Driver/Src/stm32g0xx_hal_spi.c ****   hspi->State  = HAL_SPI_STATE_READY;
3535:Drivers/STM32G0xx_HAL_Driver/Src/stm32g0xx_hal_spi.c **** 
3536:Drivers/STM32G0xx_HAL_Driver/Src/stm32g0xx_hal_spi.c ****   /* Call user Abort complete callback */
3537:Drivers/STM32G0xx_HAL_Driver/Src/stm32g0xx_hal_spi.c **** #if (USE_HAL_SPI_REGISTER_CALLBACKS == 1U)
3538:Drivers/STM32G0xx_HAL_Driver/Src/stm32g0xx_hal_spi.c ****   hspi->AbortCpltCallback(hspi);
3539:Drivers/STM32G0xx_HAL_Driver/Src/stm32g0xx_hal_spi.c **** #else
3540:Drivers/STM32G0xx_HAL_Driver/Src/stm32g0xx_hal_spi.c ****   HAL_SPI_AbortCpltCallback(hspi);
3541:Drivers/STM32G0xx_HAL_Driver/Src/stm32g0xx_hal_spi.c **** #endif /* USE_HAL_SPI_REGISTER_CALLBACKS */
3542:Drivers/STM32G0xx_HAL_Driver/Src/stm32g0xx_hal_spi.c **** }
3543:Drivers/STM32G0xx_HAL_Driver/Src/stm32g0xx_hal_spi.c **** 
3544:Drivers/STM32G0xx_HAL_Driver/Src/stm32g0xx_hal_spi.c **** /**
3545:Drivers/STM32G0xx_HAL_Driver/Src/stm32g0xx_hal_spi.c ****   * @brief  Rx 8-bit handler for Transmit and Receive in Interrupt mode.
3546:Drivers/STM32G0xx_HAL_Driver/Src/stm32g0xx_hal_spi.c ****   * @param  hspi pointer to a SPI_HandleTypeDef structure that contains
3547:Drivers/STM32G0xx_HAL_Driver/Src/stm32g0xx_hal_spi.c ****   *               the configuration information for SPI module.
3548:Drivers/STM32G0xx_HAL_Driver/Src/stm32g0xx_hal_spi.c ****   * @retval None
3549:Drivers/STM32G0xx_HAL_Driver/Src/stm32g0xx_hal_spi.c ****   */
3550:Drivers/STM32G0xx_HAL_Driver/Src/stm32g0xx_hal_spi.c **** static void SPI_2linesRxISR_8BIT(struct __SPI_HandleTypeDef *hspi)
3551:Drivers/STM32G0xx_HAL_Driver/Src/stm32g0xx_hal_spi.c **** {
3552:Drivers/STM32G0xx_HAL_Driver/Src/stm32g0xx_hal_spi.c ****   /* Receive data in packing mode */
3553:Drivers/STM32G0xx_HAL_Driver/Src/stm32g0xx_hal_spi.c ****   if (hspi->RxXferCount > 1U)
3554:Drivers/STM32G0xx_HAL_Driver/Src/stm32g0xx_hal_spi.c ****   {
3555:Drivers/STM32G0xx_HAL_Driver/Src/stm32g0xx_hal_spi.c ****     *hspi->pRxBuffPtr = *((__IO uint8_t *)&hspi->Instance->DR);
3556:Drivers/STM32G0xx_HAL_Driver/Src/stm32g0xx_hal_spi.c ****     hspi->pRxBuffPtr++;
3557:Drivers/STM32G0xx_HAL_Driver/Src/stm32g0xx_hal_spi.c ****     *hspi->pRxBuffPtr = *((__IO uint8_t *)&hspi->Instance->DR);
3558:Drivers/STM32G0xx_HAL_Driver/Src/stm32g0xx_hal_spi.c ****     hspi->pRxBuffPtr++;
3559:Drivers/STM32G0xx_HAL_Driver/Src/stm32g0xx_hal_spi.c ****     hspi->RxXferCount -= 2U;
3560:Drivers/STM32G0xx_HAL_Driver/Src/stm32g0xx_hal_spi.c ****     if (hspi->RxXferCount == 1U)
3561:Drivers/STM32G0xx_HAL_Driver/Src/stm32g0xx_hal_spi.c ****     {
3562:Drivers/STM32G0xx_HAL_Driver/Src/stm32g0xx_hal_spi.c ****       /* Set RX Fifo threshold according the reception data length: 8bit */
3563:Drivers/STM32G0xx_HAL_Driver/Src/stm32g0xx_hal_spi.c ****       SET_BIT(hspi->Instance->CR2, SPI_RXFIFO_THRESHOLD);
3564:Drivers/STM32G0xx_HAL_Driver/Src/stm32g0xx_hal_spi.c ****     }
3565:Drivers/STM32G0xx_HAL_Driver/Src/stm32g0xx_hal_spi.c ****   }
3566:Drivers/STM32G0xx_HAL_Driver/Src/stm32g0xx_hal_spi.c ****   /* Receive data in 8 Bit mode */
ARM GAS  C:\Users\Domagoj\AppData\Local\Temp\ccvehG6g.s 			page 64


3567:Drivers/STM32G0xx_HAL_Driver/Src/stm32g0xx_hal_spi.c ****   else
3568:Drivers/STM32G0xx_HAL_Driver/Src/stm32g0xx_hal_spi.c ****   {
3569:Drivers/STM32G0xx_HAL_Driver/Src/stm32g0xx_hal_spi.c ****     *hspi->pRxBuffPtr = *((__IO uint8_t *)&hspi->Instance->DR);
3570:Drivers/STM32G0xx_HAL_Driver/Src/stm32g0xx_hal_spi.c ****     hspi->pRxBuffPtr++;
3571:Drivers/STM32G0xx_HAL_Driver/Src/stm32g0xx_hal_spi.c ****     hspi->RxXferCount--;
3572:Drivers/STM32G0xx_HAL_Driver/Src/stm32g0xx_hal_spi.c ****   }
3573:Drivers/STM32G0xx_HAL_Driver/Src/stm32g0xx_hal_spi.c **** 
3574:Drivers/STM32G0xx_HAL_Driver/Src/stm32g0xx_hal_spi.c ****   /* Check end of the reception */
3575:Drivers/STM32G0xx_HAL_Driver/Src/stm32g0xx_hal_spi.c ****   if (hspi->RxXferCount == 0U)
3576:Drivers/STM32G0xx_HAL_Driver/Src/stm32g0xx_hal_spi.c ****   {
3577:Drivers/STM32G0xx_HAL_Driver/Src/stm32g0xx_hal_spi.c **** #if (USE_SPI_CRC != 0U)
3578:Drivers/STM32G0xx_HAL_Driver/Src/stm32g0xx_hal_spi.c ****     if (hspi->Init.CRCCalculation == SPI_CRCCALCULATION_ENABLE)
3579:Drivers/STM32G0xx_HAL_Driver/Src/stm32g0xx_hal_spi.c ****     {
3580:Drivers/STM32G0xx_HAL_Driver/Src/stm32g0xx_hal_spi.c ****       SET_BIT(hspi->Instance->CR2, SPI_RXFIFO_THRESHOLD);
3581:Drivers/STM32G0xx_HAL_Driver/Src/stm32g0xx_hal_spi.c ****       hspi->RxISR =  SPI_2linesRxISR_8BITCRC;
3582:Drivers/STM32G0xx_HAL_Driver/Src/stm32g0xx_hal_spi.c ****       return;
3583:Drivers/STM32G0xx_HAL_Driver/Src/stm32g0xx_hal_spi.c ****     }
3584:Drivers/STM32G0xx_HAL_Driver/Src/stm32g0xx_hal_spi.c **** #endif /* USE_SPI_CRC */
3585:Drivers/STM32G0xx_HAL_Driver/Src/stm32g0xx_hal_spi.c **** 
3586:Drivers/STM32G0xx_HAL_Driver/Src/stm32g0xx_hal_spi.c ****     /* Disable RXNE  and ERR interrupt */
3587:Drivers/STM32G0xx_HAL_Driver/Src/stm32g0xx_hal_spi.c ****     __HAL_SPI_DISABLE_IT(hspi, (SPI_IT_RXNE | SPI_IT_ERR));
3588:Drivers/STM32G0xx_HAL_Driver/Src/stm32g0xx_hal_spi.c **** 
3589:Drivers/STM32G0xx_HAL_Driver/Src/stm32g0xx_hal_spi.c ****     if (hspi->TxXferCount == 0U)
3590:Drivers/STM32G0xx_HAL_Driver/Src/stm32g0xx_hal_spi.c ****     {
3591:Drivers/STM32G0xx_HAL_Driver/Src/stm32g0xx_hal_spi.c ****       SPI_CloseRxTx_ISR(hspi);
3592:Drivers/STM32G0xx_HAL_Driver/Src/stm32g0xx_hal_spi.c ****     }
3593:Drivers/STM32G0xx_HAL_Driver/Src/stm32g0xx_hal_spi.c ****   }
3594:Drivers/STM32G0xx_HAL_Driver/Src/stm32g0xx_hal_spi.c **** }
3595:Drivers/STM32G0xx_HAL_Driver/Src/stm32g0xx_hal_spi.c **** 
3596:Drivers/STM32G0xx_HAL_Driver/Src/stm32g0xx_hal_spi.c **** #if (USE_SPI_CRC != 0U)
3597:Drivers/STM32G0xx_HAL_Driver/Src/stm32g0xx_hal_spi.c **** /**
3598:Drivers/STM32G0xx_HAL_Driver/Src/stm32g0xx_hal_spi.c ****   * @brief  Rx 8-bit handler for Transmit and Receive in Interrupt mode.
3599:Drivers/STM32G0xx_HAL_Driver/Src/stm32g0xx_hal_spi.c ****   * @param  hspi pointer to a SPI_HandleTypeDef structure that contains
3600:Drivers/STM32G0xx_HAL_Driver/Src/stm32g0xx_hal_spi.c ****   *               the configuration information for SPI module.
3601:Drivers/STM32G0xx_HAL_Driver/Src/stm32g0xx_hal_spi.c ****   * @retval None
3602:Drivers/STM32G0xx_HAL_Driver/Src/stm32g0xx_hal_spi.c ****   */
3603:Drivers/STM32G0xx_HAL_Driver/Src/stm32g0xx_hal_spi.c **** static void SPI_2linesRxISR_8BITCRC(struct __SPI_HandleTypeDef *hspi)
3604:Drivers/STM32G0xx_HAL_Driver/Src/stm32g0xx_hal_spi.c **** {
3605:Drivers/STM32G0xx_HAL_Driver/Src/stm32g0xx_hal_spi.c ****   __IO uint8_t  *ptmpreg8;
3606:Drivers/STM32G0xx_HAL_Driver/Src/stm32g0xx_hal_spi.c ****   __IO uint8_t  tmpreg8 = 0;
3607:Drivers/STM32G0xx_HAL_Driver/Src/stm32g0xx_hal_spi.c **** 
3608:Drivers/STM32G0xx_HAL_Driver/Src/stm32g0xx_hal_spi.c ****   /* Initialize the 8bit temporary pointer */
3609:Drivers/STM32G0xx_HAL_Driver/Src/stm32g0xx_hal_spi.c ****   ptmpreg8 = (__IO uint8_t *)&hspi->Instance->DR;
3610:Drivers/STM32G0xx_HAL_Driver/Src/stm32g0xx_hal_spi.c ****   /* Read 8bit CRC to flush Data Register */
3611:Drivers/STM32G0xx_HAL_Driver/Src/stm32g0xx_hal_spi.c ****   tmpreg8 = *ptmpreg8;
3612:Drivers/STM32G0xx_HAL_Driver/Src/stm32g0xx_hal_spi.c ****   /* To avoid GCC warning */
3613:Drivers/STM32G0xx_HAL_Driver/Src/stm32g0xx_hal_spi.c ****   UNUSED(tmpreg8);
3614:Drivers/STM32G0xx_HAL_Driver/Src/stm32g0xx_hal_spi.c **** 
3615:Drivers/STM32G0xx_HAL_Driver/Src/stm32g0xx_hal_spi.c ****   hspi->CRCSize--;
3616:Drivers/STM32G0xx_HAL_Driver/Src/stm32g0xx_hal_spi.c **** 
3617:Drivers/STM32G0xx_HAL_Driver/Src/stm32g0xx_hal_spi.c ****   /* Check end of the reception */
3618:Drivers/STM32G0xx_HAL_Driver/Src/stm32g0xx_hal_spi.c ****   if (hspi->CRCSize == 0U)
3619:Drivers/STM32G0xx_HAL_Driver/Src/stm32g0xx_hal_spi.c ****   {
3620:Drivers/STM32G0xx_HAL_Driver/Src/stm32g0xx_hal_spi.c ****     /* Disable RXNE and ERR interrupt */
3621:Drivers/STM32G0xx_HAL_Driver/Src/stm32g0xx_hal_spi.c ****     __HAL_SPI_DISABLE_IT(hspi, (SPI_IT_RXNE | SPI_IT_ERR));
3622:Drivers/STM32G0xx_HAL_Driver/Src/stm32g0xx_hal_spi.c **** 
3623:Drivers/STM32G0xx_HAL_Driver/Src/stm32g0xx_hal_spi.c ****     if (hspi->TxXferCount == 0U)
ARM GAS  C:\Users\Domagoj\AppData\Local\Temp\ccvehG6g.s 			page 65


3624:Drivers/STM32G0xx_HAL_Driver/Src/stm32g0xx_hal_spi.c ****     {
3625:Drivers/STM32G0xx_HAL_Driver/Src/stm32g0xx_hal_spi.c ****       SPI_CloseRxTx_ISR(hspi);
3626:Drivers/STM32G0xx_HAL_Driver/Src/stm32g0xx_hal_spi.c ****     }
3627:Drivers/STM32G0xx_HAL_Driver/Src/stm32g0xx_hal_spi.c ****   }
3628:Drivers/STM32G0xx_HAL_Driver/Src/stm32g0xx_hal_spi.c **** }
3629:Drivers/STM32G0xx_HAL_Driver/Src/stm32g0xx_hal_spi.c **** #endif /* USE_SPI_CRC */
3630:Drivers/STM32G0xx_HAL_Driver/Src/stm32g0xx_hal_spi.c **** 
3631:Drivers/STM32G0xx_HAL_Driver/Src/stm32g0xx_hal_spi.c **** /**
3632:Drivers/STM32G0xx_HAL_Driver/Src/stm32g0xx_hal_spi.c ****   * @brief  Tx 8-bit handler for Transmit and Receive in Interrupt mode.
3633:Drivers/STM32G0xx_HAL_Driver/Src/stm32g0xx_hal_spi.c ****   * @param  hspi pointer to a SPI_HandleTypeDef structure that contains
3634:Drivers/STM32G0xx_HAL_Driver/Src/stm32g0xx_hal_spi.c ****   *               the configuration information for SPI module.
3635:Drivers/STM32G0xx_HAL_Driver/Src/stm32g0xx_hal_spi.c ****   * @retval None
3636:Drivers/STM32G0xx_HAL_Driver/Src/stm32g0xx_hal_spi.c ****   */
3637:Drivers/STM32G0xx_HAL_Driver/Src/stm32g0xx_hal_spi.c **** static void SPI_2linesTxISR_8BIT(struct __SPI_HandleTypeDef *hspi)
3638:Drivers/STM32G0xx_HAL_Driver/Src/stm32g0xx_hal_spi.c **** {
3639:Drivers/STM32G0xx_HAL_Driver/Src/stm32g0xx_hal_spi.c ****   /* Transmit data in 8 Bit mode */
3640:Drivers/STM32G0xx_HAL_Driver/Src/stm32g0xx_hal_spi.c ****   *(__IO uint8_t *)&hspi->Instance->DR = *((const uint8_t *)hspi->pTxBuffPtr);
3641:Drivers/STM32G0xx_HAL_Driver/Src/stm32g0xx_hal_spi.c ****   hspi->pTxBuffPtr++;
3642:Drivers/STM32G0xx_HAL_Driver/Src/stm32g0xx_hal_spi.c ****   hspi->TxXferCount--;
3643:Drivers/STM32G0xx_HAL_Driver/Src/stm32g0xx_hal_spi.c **** 
3644:Drivers/STM32G0xx_HAL_Driver/Src/stm32g0xx_hal_spi.c ****   /* Check the end of the transmission */
3645:Drivers/STM32G0xx_HAL_Driver/Src/stm32g0xx_hal_spi.c ****   if (hspi->TxXferCount == 0U)
3646:Drivers/STM32G0xx_HAL_Driver/Src/stm32g0xx_hal_spi.c ****   {
3647:Drivers/STM32G0xx_HAL_Driver/Src/stm32g0xx_hal_spi.c **** #if (USE_SPI_CRC != 0U)
3648:Drivers/STM32G0xx_HAL_Driver/Src/stm32g0xx_hal_spi.c ****     if (hspi->Init.CRCCalculation == SPI_CRCCALCULATION_ENABLE)
3649:Drivers/STM32G0xx_HAL_Driver/Src/stm32g0xx_hal_spi.c ****     {
3650:Drivers/STM32G0xx_HAL_Driver/Src/stm32g0xx_hal_spi.c ****       /* Set CRC Next Bit to send CRC */
3651:Drivers/STM32G0xx_HAL_Driver/Src/stm32g0xx_hal_spi.c ****       SET_BIT(hspi->Instance->CR1, SPI_CR1_CRCNEXT);
3652:Drivers/STM32G0xx_HAL_Driver/Src/stm32g0xx_hal_spi.c ****       /* Disable TXE interrupt */
3653:Drivers/STM32G0xx_HAL_Driver/Src/stm32g0xx_hal_spi.c ****       __HAL_SPI_DISABLE_IT(hspi, SPI_IT_TXE);
3654:Drivers/STM32G0xx_HAL_Driver/Src/stm32g0xx_hal_spi.c ****       return;
3655:Drivers/STM32G0xx_HAL_Driver/Src/stm32g0xx_hal_spi.c ****     }
3656:Drivers/STM32G0xx_HAL_Driver/Src/stm32g0xx_hal_spi.c **** #endif /* USE_SPI_CRC */
3657:Drivers/STM32G0xx_HAL_Driver/Src/stm32g0xx_hal_spi.c **** 
3658:Drivers/STM32G0xx_HAL_Driver/Src/stm32g0xx_hal_spi.c ****     /* Disable TXE interrupt */
3659:Drivers/STM32G0xx_HAL_Driver/Src/stm32g0xx_hal_spi.c ****     __HAL_SPI_DISABLE_IT(hspi, SPI_IT_TXE);
3660:Drivers/STM32G0xx_HAL_Driver/Src/stm32g0xx_hal_spi.c **** 
3661:Drivers/STM32G0xx_HAL_Driver/Src/stm32g0xx_hal_spi.c ****     if (hspi->RxXferCount == 0U)
3662:Drivers/STM32G0xx_HAL_Driver/Src/stm32g0xx_hal_spi.c ****     {
3663:Drivers/STM32G0xx_HAL_Driver/Src/stm32g0xx_hal_spi.c ****       SPI_CloseRxTx_ISR(hspi);
3664:Drivers/STM32G0xx_HAL_Driver/Src/stm32g0xx_hal_spi.c ****     }
3665:Drivers/STM32G0xx_HAL_Driver/Src/stm32g0xx_hal_spi.c ****   }
3666:Drivers/STM32G0xx_HAL_Driver/Src/stm32g0xx_hal_spi.c **** }
3667:Drivers/STM32G0xx_HAL_Driver/Src/stm32g0xx_hal_spi.c **** 
3668:Drivers/STM32G0xx_HAL_Driver/Src/stm32g0xx_hal_spi.c **** /**
3669:Drivers/STM32G0xx_HAL_Driver/Src/stm32g0xx_hal_spi.c ****   * @brief  Rx 16-bit handler for Transmit and Receive in Interrupt mode.
3670:Drivers/STM32G0xx_HAL_Driver/Src/stm32g0xx_hal_spi.c ****   * @param  hspi pointer to a SPI_HandleTypeDef structure that contains
3671:Drivers/STM32G0xx_HAL_Driver/Src/stm32g0xx_hal_spi.c ****   *               the configuration information for SPI module.
3672:Drivers/STM32G0xx_HAL_Driver/Src/stm32g0xx_hal_spi.c ****   * @retval None
3673:Drivers/STM32G0xx_HAL_Driver/Src/stm32g0xx_hal_spi.c ****   */
3674:Drivers/STM32G0xx_HAL_Driver/Src/stm32g0xx_hal_spi.c **** static void SPI_2linesRxISR_16BIT(struct __SPI_HandleTypeDef *hspi)
3675:Drivers/STM32G0xx_HAL_Driver/Src/stm32g0xx_hal_spi.c **** {
3676:Drivers/STM32G0xx_HAL_Driver/Src/stm32g0xx_hal_spi.c ****   /* Receive data in 16 Bit mode */
3677:Drivers/STM32G0xx_HAL_Driver/Src/stm32g0xx_hal_spi.c ****   *((uint16_t *)hspi->pRxBuffPtr) = (uint16_t)(hspi->Instance->DR);
3678:Drivers/STM32G0xx_HAL_Driver/Src/stm32g0xx_hal_spi.c ****   hspi->pRxBuffPtr += sizeof(uint16_t);
3679:Drivers/STM32G0xx_HAL_Driver/Src/stm32g0xx_hal_spi.c ****   hspi->RxXferCount--;
3680:Drivers/STM32G0xx_HAL_Driver/Src/stm32g0xx_hal_spi.c **** 
ARM GAS  C:\Users\Domagoj\AppData\Local\Temp\ccvehG6g.s 			page 66


3681:Drivers/STM32G0xx_HAL_Driver/Src/stm32g0xx_hal_spi.c ****   if (hspi->RxXferCount == 0U)
3682:Drivers/STM32G0xx_HAL_Driver/Src/stm32g0xx_hal_spi.c ****   {
3683:Drivers/STM32G0xx_HAL_Driver/Src/stm32g0xx_hal_spi.c **** #if (USE_SPI_CRC != 0U)
3684:Drivers/STM32G0xx_HAL_Driver/Src/stm32g0xx_hal_spi.c ****     if (hspi->Init.CRCCalculation == SPI_CRCCALCULATION_ENABLE)
3685:Drivers/STM32G0xx_HAL_Driver/Src/stm32g0xx_hal_spi.c ****     {
3686:Drivers/STM32G0xx_HAL_Driver/Src/stm32g0xx_hal_spi.c ****       hspi->RxISR =  SPI_2linesRxISR_16BITCRC;
3687:Drivers/STM32G0xx_HAL_Driver/Src/stm32g0xx_hal_spi.c ****       return;
3688:Drivers/STM32G0xx_HAL_Driver/Src/stm32g0xx_hal_spi.c ****     }
3689:Drivers/STM32G0xx_HAL_Driver/Src/stm32g0xx_hal_spi.c **** #endif /* USE_SPI_CRC */
3690:Drivers/STM32G0xx_HAL_Driver/Src/stm32g0xx_hal_spi.c **** 
3691:Drivers/STM32G0xx_HAL_Driver/Src/stm32g0xx_hal_spi.c ****     /* Disable RXNE interrupt */
3692:Drivers/STM32G0xx_HAL_Driver/Src/stm32g0xx_hal_spi.c ****     __HAL_SPI_DISABLE_IT(hspi, SPI_IT_RXNE);
3693:Drivers/STM32G0xx_HAL_Driver/Src/stm32g0xx_hal_spi.c **** 
3694:Drivers/STM32G0xx_HAL_Driver/Src/stm32g0xx_hal_spi.c ****     if (hspi->TxXferCount == 0U)
3695:Drivers/STM32G0xx_HAL_Driver/Src/stm32g0xx_hal_spi.c ****     {
3696:Drivers/STM32G0xx_HAL_Driver/Src/stm32g0xx_hal_spi.c ****       SPI_CloseRxTx_ISR(hspi);
3697:Drivers/STM32G0xx_HAL_Driver/Src/stm32g0xx_hal_spi.c ****     }
3698:Drivers/STM32G0xx_HAL_Driver/Src/stm32g0xx_hal_spi.c ****   }
3699:Drivers/STM32G0xx_HAL_Driver/Src/stm32g0xx_hal_spi.c **** }
3700:Drivers/STM32G0xx_HAL_Driver/Src/stm32g0xx_hal_spi.c **** 
3701:Drivers/STM32G0xx_HAL_Driver/Src/stm32g0xx_hal_spi.c **** #if (USE_SPI_CRC != 0U)
3702:Drivers/STM32G0xx_HAL_Driver/Src/stm32g0xx_hal_spi.c **** /**
3703:Drivers/STM32G0xx_HAL_Driver/Src/stm32g0xx_hal_spi.c ****   * @brief  Manage the CRC 16-bit receive for Transmit and Receive in Interrupt mode.
3704:Drivers/STM32G0xx_HAL_Driver/Src/stm32g0xx_hal_spi.c ****   * @param  hspi pointer to a SPI_HandleTypeDef structure that contains
3705:Drivers/STM32G0xx_HAL_Driver/Src/stm32g0xx_hal_spi.c ****   *               the configuration information for SPI module.
3706:Drivers/STM32G0xx_HAL_Driver/Src/stm32g0xx_hal_spi.c ****   * @retval None
3707:Drivers/STM32G0xx_HAL_Driver/Src/stm32g0xx_hal_spi.c ****   */
3708:Drivers/STM32G0xx_HAL_Driver/Src/stm32g0xx_hal_spi.c **** static void SPI_2linesRxISR_16BITCRC(struct __SPI_HandleTypeDef *hspi)
3709:Drivers/STM32G0xx_HAL_Driver/Src/stm32g0xx_hal_spi.c **** {
3710:Drivers/STM32G0xx_HAL_Driver/Src/stm32g0xx_hal_spi.c ****   __IO uint32_t tmpreg = 0U;
3711:Drivers/STM32G0xx_HAL_Driver/Src/stm32g0xx_hal_spi.c **** 
3712:Drivers/STM32G0xx_HAL_Driver/Src/stm32g0xx_hal_spi.c ****   /* Read 16bit CRC to flush Data Register */
3713:Drivers/STM32G0xx_HAL_Driver/Src/stm32g0xx_hal_spi.c ****   tmpreg = READ_REG(hspi->Instance->DR);
3714:Drivers/STM32G0xx_HAL_Driver/Src/stm32g0xx_hal_spi.c ****   /* To avoid GCC warning */
3715:Drivers/STM32G0xx_HAL_Driver/Src/stm32g0xx_hal_spi.c ****   UNUSED(tmpreg);
3716:Drivers/STM32G0xx_HAL_Driver/Src/stm32g0xx_hal_spi.c **** 
3717:Drivers/STM32G0xx_HAL_Driver/Src/stm32g0xx_hal_spi.c ****   /* Disable RXNE interrupt */
3718:Drivers/STM32G0xx_HAL_Driver/Src/stm32g0xx_hal_spi.c ****   __HAL_SPI_DISABLE_IT(hspi, SPI_IT_RXNE);
3719:Drivers/STM32G0xx_HAL_Driver/Src/stm32g0xx_hal_spi.c **** 
3720:Drivers/STM32G0xx_HAL_Driver/Src/stm32g0xx_hal_spi.c ****   SPI_CloseRxTx_ISR(hspi);
3721:Drivers/STM32G0xx_HAL_Driver/Src/stm32g0xx_hal_spi.c **** }
3722:Drivers/STM32G0xx_HAL_Driver/Src/stm32g0xx_hal_spi.c **** #endif /* USE_SPI_CRC */
3723:Drivers/STM32G0xx_HAL_Driver/Src/stm32g0xx_hal_spi.c **** 
3724:Drivers/STM32G0xx_HAL_Driver/Src/stm32g0xx_hal_spi.c **** /**
3725:Drivers/STM32G0xx_HAL_Driver/Src/stm32g0xx_hal_spi.c ****   * @brief  Tx 16-bit handler for Transmit and Receive in Interrupt mode.
3726:Drivers/STM32G0xx_HAL_Driver/Src/stm32g0xx_hal_spi.c ****   * @param  hspi pointer to a SPI_HandleTypeDef structure that contains
3727:Drivers/STM32G0xx_HAL_Driver/Src/stm32g0xx_hal_spi.c ****   *               the configuration information for SPI module.
3728:Drivers/STM32G0xx_HAL_Driver/Src/stm32g0xx_hal_spi.c ****   * @retval None
3729:Drivers/STM32G0xx_HAL_Driver/Src/stm32g0xx_hal_spi.c ****   */
3730:Drivers/STM32G0xx_HAL_Driver/Src/stm32g0xx_hal_spi.c **** static void SPI_2linesTxISR_16BIT(struct __SPI_HandleTypeDef *hspi)
3731:Drivers/STM32G0xx_HAL_Driver/Src/stm32g0xx_hal_spi.c **** {
3732:Drivers/STM32G0xx_HAL_Driver/Src/stm32g0xx_hal_spi.c ****   /* Transmit data in 16 Bit mode */
3733:Drivers/STM32G0xx_HAL_Driver/Src/stm32g0xx_hal_spi.c ****   hspi->Instance->DR = *((const uint16_t *)hspi->pTxBuffPtr);
3734:Drivers/STM32G0xx_HAL_Driver/Src/stm32g0xx_hal_spi.c ****   hspi->pTxBuffPtr += sizeof(uint16_t);
3735:Drivers/STM32G0xx_HAL_Driver/Src/stm32g0xx_hal_spi.c ****   hspi->TxXferCount--;
3736:Drivers/STM32G0xx_HAL_Driver/Src/stm32g0xx_hal_spi.c **** 
3737:Drivers/STM32G0xx_HAL_Driver/Src/stm32g0xx_hal_spi.c ****   /* Enable CRC Transmission */
ARM GAS  C:\Users\Domagoj\AppData\Local\Temp\ccvehG6g.s 			page 67


3738:Drivers/STM32G0xx_HAL_Driver/Src/stm32g0xx_hal_spi.c ****   if (hspi->TxXferCount == 0U)
3739:Drivers/STM32G0xx_HAL_Driver/Src/stm32g0xx_hal_spi.c ****   {
3740:Drivers/STM32G0xx_HAL_Driver/Src/stm32g0xx_hal_spi.c **** #if (USE_SPI_CRC != 0U)
3741:Drivers/STM32G0xx_HAL_Driver/Src/stm32g0xx_hal_spi.c ****     if (hspi->Init.CRCCalculation == SPI_CRCCALCULATION_ENABLE)
3742:Drivers/STM32G0xx_HAL_Driver/Src/stm32g0xx_hal_spi.c ****     {
3743:Drivers/STM32G0xx_HAL_Driver/Src/stm32g0xx_hal_spi.c ****       /* Set CRC Next Bit to send CRC */
3744:Drivers/STM32G0xx_HAL_Driver/Src/stm32g0xx_hal_spi.c ****       SET_BIT(hspi->Instance->CR1, SPI_CR1_CRCNEXT);
3745:Drivers/STM32G0xx_HAL_Driver/Src/stm32g0xx_hal_spi.c ****       /* Disable TXE interrupt */
3746:Drivers/STM32G0xx_HAL_Driver/Src/stm32g0xx_hal_spi.c ****       __HAL_SPI_DISABLE_IT(hspi, SPI_IT_TXE);
3747:Drivers/STM32G0xx_HAL_Driver/Src/stm32g0xx_hal_spi.c ****       return;
3748:Drivers/STM32G0xx_HAL_Driver/Src/stm32g0xx_hal_spi.c ****     }
3749:Drivers/STM32G0xx_HAL_Driver/Src/stm32g0xx_hal_spi.c **** #endif /* USE_SPI_CRC */
3750:Drivers/STM32G0xx_HAL_Driver/Src/stm32g0xx_hal_spi.c **** 
3751:Drivers/STM32G0xx_HAL_Driver/Src/stm32g0xx_hal_spi.c ****     /* Disable TXE interrupt */
3752:Drivers/STM32G0xx_HAL_Driver/Src/stm32g0xx_hal_spi.c ****     __HAL_SPI_DISABLE_IT(hspi, SPI_IT_TXE);
3753:Drivers/STM32G0xx_HAL_Driver/Src/stm32g0xx_hal_spi.c **** 
3754:Drivers/STM32G0xx_HAL_Driver/Src/stm32g0xx_hal_spi.c ****     if (hspi->RxXferCount == 0U)
3755:Drivers/STM32G0xx_HAL_Driver/Src/stm32g0xx_hal_spi.c ****     {
3756:Drivers/STM32G0xx_HAL_Driver/Src/stm32g0xx_hal_spi.c ****       SPI_CloseRxTx_ISR(hspi);
3757:Drivers/STM32G0xx_HAL_Driver/Src/stm32g0xx_hal_spi.c ****     }
3758:Drivers/STM32G0xx_HAL_Driver/Src/stm32g0xx_hal_spi.c ****   }
3759:Drivers/STM32G0xx_HAL_Driver/Src/stm32g0xx_hal_spi.c **** }
3760:Drivers/STM32G0xx_HAL_Driver/Src/stm32g0xx_hal_spi.c **** 
3761:Drivers/STM32G0xx_HAL_Driver/Src/stm32g0xx_hal_spi.c **** #if (USE_SPI_CRC != 0U)
3762:Drivers/STM32G0xx_HAL_Driver/Src/stm32g0xx_hal_spi.c **** /**
3763:Drivers/STM32G0xx_HAL_Driver/Src/stm32g0xx_hal_spi.c ****   * @brief  Manage the CRC 8-bit receive in Interrupt context.
3764:Drivers/STM32G0xx_HAL_Driver/Src/stm32g0xx_hal_spi.c ****   * @param  hspi pointer to a SPI_HandleTypeDef structure that contains
3765:Drivers/STM32G0xx_HAL_Driver/Src/stm32g0xx_hal_spi.c ****   *               the configuration information for SPI module.
3766:Drivers/STM32G0xx_HAL_Driver/Src/stm32g0xx_hal_spi.c ****   * @retval None
3767:Drivers/STM32G0xx_HAL_Driver/Src/stm32g0xx_hal_spi.c ****   */
3768:Drivers/STM32G0xx_HAL_Driver/Src/stm32g0xx_hal_spi.c **** static void SPI_RxISR_8BITCRC(struct __SPI_HandleTypeDef *hspi)
3769:Drivers/STM32G0xx_HAL_Driver/Src/stm32g0xx_hal_spi.c **** {
3770:Drivers/STM32G0xx_HAL_Driver/Src/stm32g0xx_hal_spi.c ****   __IO uint8_t  *ptmpreg8;
3771:Drivers/STM32G0xx_HAL_Driver/Src/stm32g0xx_hal_spi.c ****   __IO uint8_t  tmpreg8 = 0;
3772:Drivers/STM32G0xx_HAL_Driver/Src/stm32g0xx_hal_spi.c **** 
3773:Drivers/STM32G0xx_HAL_Driver/Src/stm32g0xx_hal_spi.c ****   /* Initialize the 8bit temporary pointer */
3774:Drivers/STM32G0xx_HAL_Driver/Src/stm32g0xx_hal_spi.c ****   ptmpreg8 = (__IO uint8_t *)&hspi->Instance->DR;
3775:Drivers/STM32G0xx_HAL_Driver/Src/stm32g0xx_hal_spi.c ****   /* Read 8bit CRC to flush Data Register */
3776:Drivers/STM32G0xx_HAL_Driver/Src/stm32g0xx_hal_spi.c ****   tmpreg8 = *ptmpreg8;
3777:Drivers/STM32G0xx_HAL_Driver/Src/stm32g0xx_hal_spi.c ****   /* To avoid GCC warning */
3778:Drivers/STM32G0xx_HAL_Driver/Src/stm32g0xx_hal_spi.c ****   UNUSED(tmpreg8);
3779:Drivers/STM32G0xx_HAL_Driver/Src/stm32g0xx_hal_spi.c **** 
3780:Drivers/STM32G0xx_HAL_Driver/Src/stm32g0xx_hal_spi.c ****   hspi->CRCSize--;
3781:Drivers/STM32G0xx_HAL_Driver/Src/stm32g0xx_hal_spi.c **** 
3782:Drivers/STM32G0xx_HAL_Driver/Src/stm32g0xx_hal_spi.c ****   if (hspi->CRCSize == 0U)
3783:Drivers/STM32G0xx_HAL_Driver/Src/stm32g0xx_hal_spi.c ****   {
3784:Drivers/STM32G0xx_HAL_Driver/Src/stm32g0xx_hal_spi.c ****     SPI_CloseRx_ISR(hspi);
3785:Drivers/STM32G0xx_HAL_Driver/Src/stm32g0xx_hal_spi.c ****   }
3786:Drivers/STM32G0xx_HAL_Driver/Src/stm32g0xx_hal_spi.c **** }
3787:Drivers/STM32G0xx_HAL_Driver/Src/stm32g0xx_hal_spi.c **** #endif /* USE_SPI_CRC */
3788:Drivers/STM32G0xx_HAL_Driver/Src/stm32g0xx_hal_spi.c **** 
3789:Drivers/STM32G0xx_HAL_Driver/Src/stm32g0xx_hal_spi.c **** /**
3790:Drivers/STM32G0xx_HAL_Driver/Src/stm32g0xx_hal_spi.c ****   * @brief  Manage the receive 8-bit in Interrupt context.
3791:Drivers/STM32G0xx_HAL_Driver/Src/stm32g0xx_hal_spi.c ****   * @param  hspi pointer to a SPI_HandleTypeDef structure that contains
3792:Drivers/STM32G0xx_HAL_Driver/Src/stm32g0xx_hal_spi.c ****   *               the configuration information for SPI module.
3793:Drivers/STM32G0xx_HAL_Driver/Src/stm32g0xx_hal_spi.c ****   * @retval None
3794:Drivers/STM32G0xx_HAL_Driver/Src/stm32g0xx_hal_spi.c ****   */
ARM GAS  C:\Users\Domagoj\AppData\Local\Temp\ccvehG6g.s 			page 68


3795:Drivers/STM32G0xx_HAL_Driver/Src/stm32g0xx_hal_spi.c **** static void SPI_RxISR_8BIT(struct __SPI_HandleTypeDef *hspi)
3796:Drivers/STM32G0xx_HAL_Driver/Src/stm32g0xx_hal_spi.c **** {
3797:Drivers/STM32G0xx_HAL_Driver/Src/stm32g0xx_hal_spi.c ****   *hspi->pRxBuffPtr = (*(__IO uint8_t *)&hspi->Instance->DR);
3798:Drivers/STM32G0xx_HAL_Driver/Src/stm32g0xx_hal_spi.c ****   hspi->pRxBuffPtr++;
3799:Drivers/STM32G0xx_HAL_Driver/Src/stm32g0xx_hal_spi.c ****   hspi->RxXferCount--;
3800:Drivers/STM32G0xx_HAL_Driver/Src/stm32g0xx_hal_spi.c **** 
3801:Drivers/STM32G0xx_HAL_Driver/Src/stm32g0xx_hal_spi.c **** #if (USE_SPI_CRC != 0U)
3802:Drivers/STM32G0xx_HAL_Driver/Src/stm32g0xx_hal_spi.c ****   /* Enable CRC Transmission */
3803:Drivers/STM32G0xx_HAL_Driver/Src/stm32g0xx_hal_spi.c ****   if ((hspi->RxXferCount == 1U) && (hspi->Init.CRCCalculation == SPI_CRCCALCULATION_ENABLE))
3804:Drivers/STM32G0xx_HAL_Driver/Src/stm32g0xx_hal_spi.c ****   {
3805:Drivers/STM32G0xx_HAL_Driver/Src/stm32g0xx_hal_spi.c ****     SET_BIT(hspi->Instance->CR1, SPI_CR1_CRCNEXT);
3806:Drivers/STM32G0xx_HAL_Driver/Src/stm32g0xx_hal_spi.c ****   }
3807:Drivers/STM32G0xx_HAL_Driver/Src/stm32g0xx_hal_spi.c **** #endif /* USE_SPI_CRC */
3808:Drivers/STM32G0xx_HAL_Driver/Src/stm32g0xx_hal_spi.c **** 
3809:Drivers/STM32G0xx_HAL_Driver/Src/stm32g0xx_hal_spi.c ****   if (hspi->RxXferCount == 0U)
3810:Drivers/STM32G0xx_HAL_Driver/Src/stm32g0xx_hal_spi.c ****   {
3811:Drivers/STM32G0xx_HAL_Driver/Src/stm32g0xx_hal_spi.c **** #if (USE_SPI_CRC != 0U)
3812:Drivers/STM32G0xx_HAL_Driver/Src/stm32g0xx_hal_spi.c ****     if (hspi->Init.CRCCalculation == SPI_CRCCALCULATION_ENABLE)
3813:Drivers/STM32G0xx_HAL_Driver/Src/stm32g0xx_hal_spi.c ****     {
3814:Drivers/STM32G0xx_HAL_Driver/Src/stm32g0xx_hal_spi.c ****       hspi->RxISR =  SPI_RxISR_8BITCRC;
3815:Drivers/STM32G0xx_HAL_Driver/Src/stm32g0xx_hal_spi.c ****       return;
3816:Drivers/STM32G0xx_HAL_Driver/Src/stm32g0xx_hal_spi.c ****     }
3817:Drivers/STM32G0xx_HAL_Driver/Src/stm32g0xx_hal_spi.c **** #endif /* USE_SPI_CRC */
3818:Drivers/STM32G0xx_HAL_Driver/Src/stm32g0xx_hal_spi.c ****     SPI_CloseRx_ISR(hspi);
3819:Drivers/STM32G0xx_HAL_Driver/Src/stm32g0xx_hal_spi.c ****   }
3820:Drivers/STM32G0xx_HAL_Driver/Src/stm32g0xx_hal_spi.c **** }
3821:Drivers/STM32G0xx_HAL_Driver/Src/stm32g0xx_hal_spi.c **** 
3822:Drivers/STM32G0xx_HAL_Driver/Src/stm32g0xx_hal_spi.c **** #if (USE_SPI_CRC != 0U)
3823:Drivers/STM32G0xx_HAL_Driver/Src/stm32g0xx_hal_spi.c **** /**
3824:Drivers/STM32G0xx_HAL_Driver/Src/stm32g0xx_hal_spi.c ****   * @brief  Manage the CRC 16-bit receive in Interrupt context.
3825:Drivers/STM32G0xx_HAL_Driver/Src/stm32g0xx_hal_spi.c ****   * @param  hspi pointer to a SPI_HandleTypeDef structure that contains
3826:Drivers/STM32G0xx_HAL_Driver/Src/stm32g0xx_hal_spi.c ****   *               the configuration information for SPI module.
3827:Drivers/STM32G0xx_HAL_Driver/Src/stm32g0xx_hal_spi.c ****   * @retval None
3828:Drivers/STM32G0xx_HAL_Driver/Src/stm32g0xx_hal_spi.c ****   */
3829:Drivers/STM32G0xx_HAL_Driver/Src/stm32g0xx_hal_spi.c **** static void SPI_RxISR_16BITCRC(struct __SPI_HandleTypeDef *hspi)
3830:Drivers/STM32G0xx_HAL_Driver/Src/stm32g0xx_hal_spi.c **** {
3831:Drivers/STM32G0xx_HAL_Driver/Src/stm32g0xx_hal_spi.c ****   __IO uint32_t tmpreg = 0U;
3832:Drivers/STM32G0xx_HAL_Driver/Src/stm32g0xx_hal_spi.c **** 
3833:Drivers/STM32G0xx_HAL_Driver/Src/stm32g0xx_hal_spi.c ****   /* Read 16bit CRC to flush Data Register */
3834:Drivers/STM32G0xx_HAL_Driver/Src/stm32g0xx_hal_spi.c ****   tmpreg = READ_REG(hspi->Instance->DR);
3835:Drivers/STM32G0xx_HAL_Driver/Src/stm32g0xx_hal_spi.c ****   /* To avoid GCC warning */
3836:Drivers/STM32G0xx_HAL_Driver/Src/stm32g0xx_hal_spi.c ****   UNUSED(tmpreg);
3837:Drivers/STM32G0xx_HAL_Driver/Src/stm32g0xx_hal_spi.c **** 
3838:Drivers/STM32G0xx_HAL_Driver/Src/stm32g0xx_hal_spi.c ****   /* Disable RXNE and ERR interrupt */
3839:Drivers/STM32G0xx_HAL_Driver/Src/stm32g0xx_hal_spi.c ****   __HAL_SPI_DISABLE_IT(hspi, (SPI_IT_RXNE | SPI_IT_ERR));
3840:Drivers/STM32G0xx_HAL_Driver/Src/stm32g0xx_hal_spi.c **** 
3841:Drivers/STM32G0xx_HAL_Driver/Src/stm32g0xx_hal_spi.c ****   SPI_CloseRx_ISR(hspi);
3842:Drivers/STM32G0xx_HAL_Driver/Src/stm32g0xx_hal_spi.c **** }
3843:Drivers/STM32G0xx_HAL_Driver/Src/stm32g0xx_hal_spi.c **** #endif /* USE_SPI_CRC */
3844:Drivers/STM32G0xx_HAL_Driver/Src/stm32g0xx_hal_spi.c **** 
3845:Drivers/STM32G0xx_HAL_Driver/Src/stm32g0xx_hal_spi.c **** /**
3846:Drivers/STM32G0xx_HAL_Driver/Src/stm32g0xx_hal_spi.c ****   * @brief  Manage the 16-bit receive in Interrupt context.
3847:Drivers/STM32G0xx_HAL_Driver/Src/stm32g0xx_hal_spi.c ****   * @param  hspi pointer to a SPI_HandleTypeDef structure that contains
3848:Drivers/STM32G0xx_HAL_Driver/Src/stm32g0xx_hal_spi.c ****   *               the configuration information for SPI module.
3849:Drivers/STM32G0xx_HAL_Driver/Src/stm32g0xx_hal_spi.c ****   * @retval None
3850:Drivers/STM32G0xx_HAL_Driver/Src/stm32g0xx_hal_spi.c ****   */
3851:Drivers/STM32G0xx_HAL_Driver/Src/stm32g0xx_hal_spi.c **** static void SPI_RxISR_16BIT(struct __SPI_HandleTypeDef *hspi)
ARM GAS  C:\Users\Domagoj\AppData\Local\Temp\ccvehG6g.s 			page 69


3852:Drivers/STM32G0xx_HAL_Driver/Src/stm32g0xx_hal_spi.c **** {
3853:Drivers/STM32G0xx_HAL_Driver/Src/stm32g0xx_hal_spi.c ****   *((uint16_t *)hspi->pRxBuffPtr) = (uint16_t)(hspi->Instance->DR);
3854:Drivers/STM32G0xx_HAL_Driver/Src/stm32g0xx_hal_spi.c ****   hspi->pRxBuffPtr += sizeof(uint16_t);
3855:Drivers/STM32G0xx_HAL_Driver/Src/stm32g0xx_hal_spi.c ****   hspi->RxXferCount--;
3856:Drivers/STM32G0xx_HAL_Driver/Src/stm32g0xx_hal_spi.c **** 
3857:Drivers/STM32G0xx_HAL_Driver/Src/stm32g0xx_hal_spi.c **** #if (USE_SPI_CRC != 0U)
3858:Drivers/STM32G0xx_HAL_Driver/Src/stm32g0xx_hal_spi.c ****   /* Enable CRC Transmission */
3859:Drivers/STM32G0xx_HAL_Driver/Src/stm32g0xx_hal_spi.c ****   if ((hspi->RxXferCount == 1U) && (hspi->Init.CRCCalculation == SPI_CRCCALCULATION_ENABLE))
3860:Drivers/STM32G0xx_HAL_Driver/Src/stm32g0xx_hal_spi.c ****   {
3861:Drivers/STM32G0xx_HAL_Driver/Src/stm32g0xx_hal_spi.c ****     SET_BIT(hspi->Instance->CR1, SPI_CR1_CRCNEXT);
3862:Drivers/STM32G0xx_HAL_Driver/Src/stm32g0xx_hal_spi.c ****   }
3863:Drivers/STM32G0xx_HAL_Driver/Src/stm32g0xx_hal_spi.c **** #endif /* USE_SPI_CRC */
3864:Drivers/STM32G0xx_HAL_Driver/Src/stm32g0xx_hal_spi.c **** 
3865:Drivers/STM32G0xx_HAL_Driver/Src/stm32g0xx_hal_spi.c ****   if (hspi->RxXferCount == 0U)
3866:Drivers/STM32G0xx_HAL_Driver/Src/stm32g0xx_hal_spi.c ****   {
3867:Drivers/STM32G0xx_HAL_Driver/Src/stm32g0xx_hal_spi.c **** #if (USE_SPI_CRC != 0U)
3868:Drivers/STM32G0xx_HAL_Driver/Src/stm32g0xx_hal_spi.c ****     if (hspi->Init.CRCCalculation == SPI_CRCCALCULATION_ENABLE)
3869:Drivers/STM32G0xx_HAL_Driver/Src/stm32g0xx_hal_spi.c ****     {
3870:Drivers/STM32G0xx_HAL_Driver/Src/stm32g0xx_hal_spi.c ****       hspi->RxISR = SPI_RxISR_16BITCRC;
3871:Drivers/STM32G0xx_HAL_Driver/Src/stm32g0xx_hal_spi.c ****       return;
3872:Drivers/STM32G0xx_HAL_Driver/Src/stm32g0xx_hal_spi.c ****     }
3873:Drivers/STM32G0xx_HAL_Driver/Src/stm32g0xx_hal_spi.c **** #endif /* USE_SPI_CRC */
3874:Drivers/STM32G0xx_HAL_Driver/Src/stm32g0xx_hal_spi.c ****     SPI_CloseRx_ISR(hspi);
3875:Drivers/STM32G0xx_HAL_Driver/Src/stm32g0xx_hal_spi.c ****   }
3876:Drivers/STM32G0xx_HAL_Driver/Src/stm32g0xx_hal_spi.c **** }
3877:Drivers/STM32G0xx_HAL_Driver/Src/stm32g0xx_hal_spi.c **** 
3878:Drivers/STM32G0xx_HAL_Driver/Src/stm32g0xx_hal_spi.c **** /**
3879:Drivers/STM32G0xx_HAL_Driver/Src/stm32g0xx_hal_spi.c ****   * @brief  Handle the data 8-bit transmit in Interrupt mode.
3880:Drivers/STM32G0xx_HAL_Driver/Src/stm32g0xx_hal_spi.c ****   * @param  hspi pointer to a SPI_HandleTypeDef structure that contains
3881:Drivers/STM32G0xx_HAL_Driver/Src/stm32g0xx_hal_spi.c ****   *               the configuration information for SPI module.
3882:Drivers/STM32G0xx_HAL_Driver/Src/stm32g0xx_hal_spi.c ****   * @retval None
3883:Drivers/STM32G0xx_HAL_Driver/Src/stm32g0xx_hal_spi.c ****   */
3884:Drivers/STM32G0xx_HAL_Driver/Src/stm32g0xx_hal_spi.c **** static void SPI_TxISR_8BIT(struct __SPI_HandleTypeDef *hspi)
3885:Drivers/STM32G0xx_HAL_Driver/Src/stm32g0xx_hal_spi.c **** {
3886:Drivers/STM32G0xx_HAL_Driver/Src/stm32g0xx_hal_spi.c ****   *(__IO uint8_t *)&hspi->Instance->DR = *((const uint8_t *)hspi->pTxBuffPtr);
3887:Drivers/STM32G0xx_HAL_Driver/Src/stm32g0xx_hal_spi.c ****   hspi->pTxBuffPtr++;
3888:Drivers/STM32G0xx_HAL_Driver/Src/stm32g0xx_hal_spi.c ****   hspi->TxXferCount--;
3889:Drivers/STM32G0xx_HAL_Driver/Src/stm32g0xx_hal_spi.c **** 
3890:Drivers/STM32G0xx_HAL_Driver/Src/stm32g0xx_hal_spi.c ****   if (hspi->TxXferCount == 0U)
3891:Drivers/STM32G0xx_HAL_Driver/Src/stm32g0xx_hal_spi.c ****   {
3892:Drivers/STM32G0xx_HAL_Driver/Src/stm32g0xx_hal_spi.c **** #if (USE_SPI_CRC != 0U)
3893:Drivers/STM32G0xx_HAL_Driver/Src/stm32g0xx_hal_spi.c ****     if (hspi->Init.CRCCalculation == SPI_CRCCALCULATION_ENABLE)
3894:Drivers/STM32G0xx_HAL_Driver/Src/stm32g0xx_hal_spi.c ****     {
3895:Drivers/STM32G0xx_HAL_Driver/Src/stm32g0xx_hal_spi.c ****       /* Enable CRC Transmission */
3896:Drivers/STM32G0xx_HAL_Driver/Src/stm32g0xx_hal_spi.c ****       SET_BIT(hspi->Instance->CR1, SPI_CR1_CRCNEXT);
3897:Drivers/STM32G0xx_HAL_Driver/Src/stm32g0xx_hal_spi.c ****     }
3898:Drivers/STM32G0xx_HAL_Driver/Src/stm32g0xx_hal_spi.c **** #endif /* USE_SPI_CRC */
3899:Drivers/STM32G0xx_HAL_Driver/Src/stm32g0xx_hal_spi.c ****     SPI_CloseTx_ISR(hspi);
3900:Drivers/STM32G0xx_HAL_Driver/Src/stm32g0xx_hal_spi.c ****   }
3901:Drivers/STM32G0xx_HAL_Driver/Src/stm32g0xx_hal_spi.c **** }
3902:Drivers/STM32G0xx_HAL_Driver/Src/stm32g0xx_hal_spi.c **** 
3903:Drivers/STM32G0xx_HAL_Driver/Src/stm32g0xx_hal_spi.c **** /**
3904:Drivers/STM32G0xx_HAL_Driver/Src/stm32g0xx_hal_spi.c ****   * @brief  Handle the data 16-bit transmit in Interrupt mode.
3905:Drivers/STM32G0xx_HAL_Driver/Src/stm32g0xx_hal_spi.c ****   * @param  hspi pointer to a SPI_HandleTypeDef structure that contains
3906:Drivers/STM32G0xx_HAL_Driver/Src/stm32g0xx_hal_spi.c ****   *               the configuration information for SPI module.
3907:Drivers/STM32G0xx_HAL_Driver/Src/stm32g0xx_hal_spi.c ****   * @retval None
3908:Drivers/STM32G0xx_HAL_Driver/Src/stm32g0xx_hal_spi.c ****   */
ARM GAS  C:\Users\Domagoj\AppData\Local\Temp\ccvehG6g.s 			page 70


3909:Drivers/STM32G0xx_HAL_Driver/Src/stm32g0xx_hal_spi.c **** static void SPI_TxISR_16BIT(struct __SPI_HandleTypeDef *hspi)
3910:Drivers/STM32G0xx_HAL_Driver/Src/stm32g0xx_hal_spi.c **** {
3911:Drivers/STM32G0xx_HAL_Driver/Src/stm32g0xx_hal_spi.c ****   /* Transmit data in 16 Bit mode */
3912:Drivers/STM32G0xx_HAL_Driver/Src/stm32g0xx_hal_spi.c ****   hspi->Instance->DR = *((const uint16_t *)hspi->pTxBuffPtr);
3913:Drivers/STM32G0xx_HAL_Driver/Src/stm32g0xx_hal_spi.c ****   hspi->pTxBuffPtr += sizeof(uint16_t);
3914:Drivers/STM32G0xx_HAL_Driver/Src/stm32g0xx_hal_spi.c ****   hspi->TxXferCount--;
3915:Drivers/STM32G0xx_HAL_Driver/Src/stm32g0xx_hal_spi.c **** 
3916:Drivers/STM32G0xx_HAL_Driver/Src/stm32g0xx_hal_spi.c ****   if (hspi->TxXferCount == 0U)
3917:Drivers/STM32G0xx_HAL_Driver/Src/stm32g0xx_hal_spi.c ****   {
3918:Drivers/STM32G0xx_HAL_Driver/Src/stm32g0xx_hal_spi.c **** #if (USE_SPI_CRC != 0U)
3919:Drivers/STM32G0xx_HAL_Driver/Src/stm32g0xx_hal_spi.c ****     if (hspi->Init.CRCCalculation == SPI_CRCCALCULATION_ENABLE)
3920:Drivers/STM32G0xx_HAL_Driver/Src/stm32g0xx_hal_spi.c ****     {
3921:Drivers/STM32G0xx_HAL_Driver/Src/stm32g0xx_hal_spi.c ****       /* Enable CRC Transmission */
3922:Drivers/STM32G0xx_HAL_Driver/Src/stm32g0xx_hal_spi.c ****       SET_BIT(hspi->Instance->CR1, SPI_CR1_CRCNEXT);
3923:Drivers/STM32G0xx_HAL_Driver/Src/stm32g0xx_hal_spi.c ****     }
3924:Drivers/STM32G0xx_HAL_Driver/Src/stm32g0xx_hal_spi.c **** #endif /* USE_SPI_CRC */
3925:Drivers/STM32G0xx_HAL_Driver/Src/stm32g0xx_hal_spi.c ****     SPI_CloseTx_ISR(hspi);
3926:Drivers/STM32G0xx_HAL_Driver/Src/stm32g0xx_hal_spi.c ****   }
3927:Drivers/STM32G0xx_HAL_Driver/Src/stm32g0xx_hal_spi.c **** }
3928:Drivers/STM32G0xx_HAL_Driver/Src/stm32g0xx_hal_spi.c **** 
3929:Drivers/STM32G0xx_HAL_Driver/Src/stm32g0xx_hal_spi.c **** /**
3930:Drivers/STM32G0xx_HAL_Driver/Src/stm32g0xx_hal_spi.c ****   * @brief  Handle SPI Communication Timeout.
3931:Drivers/STM32G0xx_HAL_Driver/Src/stm32g0xx_hal_spi.c ****   * @param  hspi pointer to a SPI_HandleTypeDef structure that contains
3932:Drivers/STM32G0xx_HAL_Driver/Src/stm32g0xx_hal_spi.c ****   *              the configuration information for SPI module.
3933:Drivers/STM32G0xx_HAL_Driver/Src/stm32g0xx_hal_spi.c ****   * @param  Flag SPI flag to check
3934:Drivers/STM32G0xx_HAL_Driver/Src/stm32g0xx_hal_spi.c ****   * @param  State flag state to check
3935:Drivers/STM32G0xx_HAL_Driver/Src/stm32g0xx_hal_spi.c ****   * @param  Timeout Timeout duration
3936:Drivers/STM32G0xx_HAL_Driver/Src/stm32g0xx_hal_spi.c ****   * @param  Tickstart tick start value
3937:Drivers/STM32G0xx_HAL_Driver/Src/stm32g0xx_hal_spi.c ****   * @retval HAL status
3938:Drivers/STM32G0xx_HAL_Driver/Src/stm32g0xx_hal_spi.c ****   */
3939:Drivers/STM32G0xx_HAL_Driver/Src/stm32g0xx_hal_spi.c **** static HAL_StatusTypeDef SPI_WaitFlagStateUntilTimeout(SPI_HandleTypeDef *hspi, uint32_t Flag, Flag
3940:Drivers/STM32G0xx_HAL_Driver/Src/stm32g0xx_hal_spi.c ****                                                        uint32_t Timeout, uint32_t Tickstart)
3941:Drivers/STM32G0xx_HAL_Driver/Src/stm32g0xx_hal_spi.c **** {
  27              		.loc 1 3941 1 view -0
  28              		.cfi_startproc
  29              		@ args = 4, pretend = 0, frame = 8
  30              		@ frame_needed = 0, uses_anonymous_args = 0
  31              		.loc 1 3941 1 is_stmt 0 view .LVU1
  32 0000 F0B5     		push	{r4, r5, r6, r7, lr}
  33              	.LCFI0:
  34              		.cfi_def_cfa_offset 20
  35              		.cfi_offset 4, -20
  36              		.cfi_offset 5, -16
  37              		.cfi_offset 6, -12
  38              		.cfi_offset 7, -8
  39              		.cfi_offset 14, -4
  40 0002 D646     		mov	lr, r10
  41 0004 4F46     		mov	r7, r9
  42 0006 4646     		mov	r6, r8
  43 0008 C0B5     		push	{r6, r7, lr}
  44              	.LCFI1:
  45              		.cfi_def_cfa_offset 32
  46              		.cfi_offset 8, -32
  47              		.cfi_offset 9, -28
  48              		.cfi_offset 10, -24
  49 000a 82B0     		sub	sp, sp, #8
  50              	.LCFI2:
ARM GAS  C:\Users\Domagoj\AppData\Local\Temp\ccvehG6g.s 			page 71


  51              		.cfi_def_cfa_offset 40
  52 000c 0600     		movs	r6, r0
  53 000e 0D00     		movs	r5, r1
  54 0010 9046     		mov	r8, r2
  55 0012 1F00     		movs	r7, r3
3942:Drivers/STM32G0xx_HAL_Driver/Src/stm32g0xx_hal_spi.c ****   __IO uint32_t count;
  56              		.loc 1 3942 3 is_stmt 1 view .LVU2
3943:Drivers/STM32G0xx_HAL_Driver/Src/stm32g0xx_hal_spi.c ****   uint32_t tmp_timeout;
  57              		.loc 1 3943 3 view .LVU3
3944:Drivers/STM32G0xx_HAL_Driver/Src/stm32g0xx_hal_spi.c ****   uint32_t tmp_tickstart;
  58              		.loc 1 3944 3 view .LVU4
3945:Drivers/STM32G0xx_HAL_Driver/Src/stm32g0xx_hal_spi.c **** 
3946:Drivers/STM32G0xx_HAL_Driver/Src/stm32g0xx_hal_spi.c ****   /* Adjust Timeout value  in case of end of transfer */
3947:Drivers/STM32G0xx_HAL_Driver/Src/stm32g0xx_hal_spi.c ****   tmp_timeout   = Timeout - (HAL_GetTick() - Tickstart);
  59              		.loc 1 3947 3 view .LVU5
  60              		.loc 1 3947 30 is_stmt 0 view .LVU6
  61 0014 FFF7FEFF 		bl	HAL_GetTick
  62              	.LVL1:
  63              		.loc 1 3947 44 discriminator 1 view .LVU7
  64 0018 0A9B     		ldr	r3, [sp, #40]
  65 001a 181A     		subs	r0, r3, r0
  66              		.loc 1 3947 17 discriminator 1 view .LVU8
  67 001c 8146     		mov	r9, r0
  68 001e B944     		add	r9, r9, r7
  69              	.LVL2:
3948:Drivers/STM32G0xx_HAL_Driver/Src/stm32g0xx_hal_spi.c ****   tmp_tickstart = HAL_GetTick();
  70              		.loc 1 3948 3 is_stmt 1 view .LVU9
  71              		.loc 1 3948 19 is_stmt 0 view .LVU10
  72 0020 FFF7FEFF 		bl	HAL_GetTick
  73              	.LVL3:
  74 0024 8246     		mov	r10, r0
  75              	.LVL4:
3949:Drivers/STM32G0xx_HAL_Driver/Src/stm32g0xx_hal_spi.c **** 
3950:Drivers/STM32G0xx_HAL_Driver/Src/stm32g0xx_hal_spi.c ****   /* Calculate Timeout based on a software loop to avoid blocking issue if Systick is disabled */
3951:Drivers/STM32G0xx_HAL_Driver/Src/stm32g0xx_hal_spi.c ****   count = tmp_timeout * ((SystemCoreClock * 32U) >> 20U);
  76              		.loc 1 3951 3 is_stmt 1 view .LVU11
  77              		.loc 1 3951 43 is_stmt 0 view .LVU12
  78 0026 2C4B     		ldr	r3, .L18
  79 0028 1B68     		ldr	r3, [r3]
  80 002a 5B01     		lsls	r3, r3, #5
  81              		.loc 1 3951 50 view .LVU13
  82 002c 1B0D     		lsrs	r3, r3, #20
  83              		.loc 1 3951 23 view .LVU14
  84 002e 4A46     		mov	r2, r9
  85 0030 5343     		muls	r3, r2
  86              		.loc 1 3951 9 view .LVU15
  87 0032 0193     		str	r3, [sp, #4]
3952:Drivers/STM32G0xx_HAL_Driver/Src/stm32g0xx_hal_spi.c **** 
3953:Drivers/STM32G0xx_HAL_Driver/Src/stm32g0xx_hal_spi.c ****   while ((__HAL_SPI_GET_FLAG(hspi, Flag) ? SET : RESET) != State)
  88              		.loc 1 3953 3 is_stmt 1 view .LVU16
  89              	.LVL5:
  90              	.L3:
  91              		.loc 1 3953 57 view .LVU17
  92              		.loc 1 3953 11 is_stmt 0 view .LVU18
  93 0034 3368     		ldr	r3, [r6]
  94 0036 9C68     		ldr	r4, [r3, #8]
  95 0038 2C40     		ands	r4, r5
ARM GAS  C:\Users\Domagoj\AppData\Local\Temp\ccvehG6g.s 			page 72


  96              		.loc 1 3953 48 view .LVU19
  97 003a 641B     		subs	r4, r4, r5
  98 003c 6342     		rsbs	r3, r4, #0
  99 003e 5C41     		adcs	r4, r4, r3
 100              		.loc 1 3953 57 view .LVU20
 101 0040 4445     		cmp	r4, r8
 102 0042 42D0     		beq	.L13
3954:Drivers/STM32G0xx_HAL_Driver/Src/stm32g0xx_hal_spi.c ****   {
3955:Drivers/STM32G0xx_HAL_Driver/Src/stm32g0xx_hal_spi.c ****     if (Timeout != HAL_MAX_DELAY)
 103              		.loc 1 3955 5 is_stmt 1 view .LVU21
 104              		.loc 1 3955 8 is_stmt 0 view .LVU22
 105 0044 7B1C     		adds	r3, r7, #1
 106 0046 F5D0     		beq	.L3
3956:Drivers/STM32G0xx_HAL_Driver/Src/stm32g0xx_hal_spi.c ****     {
3957:Drivers/STM32G0xx_HAL_Driver/Src/stm32g0xx_hal_spi.c ****       if (((HAL_GetTick() - tmp_tickstart) >= tmp_timeout) || (tmp_timeout == 0U))
 107              		.loc 1 3957 7 is_stmt 1 view .LVU23
 108              		.loc 1 3957 13 is_stmt 0 view .LVU24
 109 0048 FFF7FEFF 		bl	HAL_GetTick
 110              	.LVL6:
 111              		.loc 1 3957 27 discriminator 1 view .LVU25
 112 004c 5346     		mov	r3, r10
 113 004e C01A     		subs	r0, r0, r3
 114              		.loc 1 3957 10 discriminator 1 view .LVU26
 115 0050 4845     		cmp	r0, r9
 116 0052 04D2     		bcs	.L14
 117              	.LVL7:
3958:Drivers/STM32G0xx_HAL_Driver/Src/stm32g0xx_hal_spi.c ****       {
3959:Drivers/STM32G0xx_HAL_Driver/Src/stm32g0xx_hal_spi.c ****         /* Disable the SPI and reset the CRC: the CRC value should be cleared
3960:Drivers/STM32G0xx_HAL_Driver/Src/stm32g0xx_hal_spi.c ****            on both master and slave sides in order to resynchronize the master
3961:Drivers/STM32G0xx_HAL_Driver/Src/stm32g0xx_hal_spi.c ****            and slave for their respective CRC calculation */
3962:Drivers/STM32G0xx_HAL_Driver/Src/stm32g0xx_hal_spi.c **** 
3963:Drivers/STM32G0xx_HAL_Driver/Src/stm32g0xx_hal_spi.c ****         /* Disable TXE, RXNE and ERR interrupts for the interrupt process */
3964:Drivers/STM32G0xx_HAL_Driver/Src/stm32g0xx_hal_spi.c ****         __HAL_SPI_DISABLE_IT(hspi, (SPI_IT_TXE | SPI_IT_RXNE | SPI_IT_ERR));
3965:Drivers/STM32G0xx_HAL_Driver/Src/stm32g0xx_hal_spi.c **** 
3966:Drivers/STM32G0xx_HAL_Driver/Src/stm32g0xx_hal_spi.c ****         if ((hspi->Init.Mode == SPI_MODE_MASTER) && ((hspi->Init.Direction == SPI_DIRECTION_1LINE)
3967:Drivers/STM32G0xx_HAL_Driver/Src/stm32g0xx_hal_spi.c ****                                                      || (hspi->Init.Direction == SPI_DIRECTION_2LIN
3968:Drivers/STM32G0xx_HAL_Driver/Src/stm32g0xx_hal_spi.c ****         {
3969:Drivers/STM32G0xx_HAL_Driver/Src/stm32g0xx_hal_spi.c ****           /* Disable SPI peripheral */
3970:Drivers/STM32G0xx_HAL_Driver/Src/stm32g0xx_hal_spi.c ****           __HAL_SPI_DISABLE(hspi);
3971:Drivers/STM32G0xx_HAL_Driver/Src/stm32g0xx_hal_spi.c ****         }
3972:Drivers/STM32G0xx_HAL_Driver/Src/stm32g0xx_hal_spi.c **** 
3973:Drivers/STM32G0xx_HAL_Driver/Src/stm32g0xx_hal_spi.c ****         /* Reset CRC Calculation */
3974:Drivers/STM32G0xx_HAL_Driver/Src/stm32g0xx_hal_spi.c ****         if (hspi->Init.CRCCalculation == SPI_CRCCALCULATION_ENABLE)
3975:Drivers/STM32G0xx_HAL_Driver/Src/stm32g0xx_hal_spi.c ****         {
3976:Drivers/STM32G0xx_HAL_Driver/Src/stm32g0xx_hal_spi.c ****           SPI_RESET_CRC(hspi);
3977:Drivers/STM32G0xx_HAL_Driver/Src/stm32g0xx_hal_spi.c ****         }
3978:Drivers/STM32G0xx_HAL_Driver/Src/stm32g0xx_hal_spi.c **** 
3979:Drivers/STM32G0xx_HAL_Driver/Src/stm32g0xx_hal_spi.c ****         hspi->State = HAL_SPI_STATE_READY;
3980:Drivers/STM32G0xx_HAL_Driver/Src/stm32g0xx_hal_spi.c **** 
3981:Drivers/STM32G0xx_HAL_Driver/Src/stm32g0xx_hal_spi.c ****         /* Process Unlocked */
3982:Drivers/STM32G0xx_HAL_Driver/Src/stm32g0xx_hal_spi.c ****         __HAL_UNLOCK(hspi);
3983:Drivers/STM32G0xx_HAL_Driver/Src/stm32g0xx_hal_spi.c **** 
3984:Drivers/STM32G0xx_HAL_Driver/Src/stm32g0xx_hal_spi.c ****         return HAL_TIMEOUT;
3985:Drivers/STM32G0xx_HAL_Driver/Src/stm32g0xx_hal_spi.c ****       }
3986:Drivers/STM32G0xx_HAL_Driver/Src/stm32g0xx_hal_spi.c ****       /* If Systick is disabled or not incremented, deactivate timeout to go in disable loop proced
3987:Drivers/STM32G0xx_HAL_Driver/Src/stm32g0xx_hal_spi.c ****       if (count == 0U)
 118              		.loc 1 3987 7 is_stmt 1 view .LVU27
ARM GAS  C:\Users\Domagoj\AppData\Local\Temp\ccvehG6g.s 			page 73


 119              		.loc 1 3987 17 is_stmt 0 view .LVU28
 120 0054 019B     		ldr	r3, [sp, #4]
 121              	.LVL8:
 122              		.loc 1 3987 10 view .LVU29
 123 0056 002B     		cmp	r3, #0
 124 0058 33D1     		bne	.L15
3988:Drivers/STM32G0xx_HAL_Driver/Src/stm32g0xx_hal_spi.c ****       {
3989:Drivers/STM32G0xx_HAL_Driver/Src/stm32g0xx_hal_spi.c ****         tmp_timeout = 0U;
 125              		.loc 1 3989 21 view .LVU30
 126 005a 9946     		mov	r9, r3
 127              	.LVL9:
 128              		.loc 1 3989 21 view .LVU31
 129 005c EAE7     		b	.L3
 130              	.LVL10:
 131              	.L14:
3964:Drivers/STM32G0xx_HAL_Driver/Src/stm32g0xx_hal_spi.c **** 
 132              		.loc 1 3964 9 is_stmt 1 view .LVU32
 133 005e 3268     		ldr	r2, [r6]
 134 0060 5368     		ldr	r3, [r2, #4]
 135              	.LVL11:
3964:Drivers/STM32G0xx_HAL_Driver/Src/stm32g0xx_hal_spi.c **** 
 136              		.loc 1 3964 9 is_stmt 0 view .LVU33
 137 0062 E021     		movs	r1, #224
 138 0064 8B43     		bics	r3, r1
 139 0066 5360     		str	r3, [r2, #4]
3966:Drivers/STM32G0xx_HAL_Driver/Src/stm32g0xx_hal_spi.c ****                                                      || (hspi->Init.Direction == SPI_DIRECTION_2LIN
 140              		.loc 1 3966 9 is_stmt 1 view .LVU34
3966:Drivers/STM32G0xx_HAL_Driver/Src/stm32g0xx_hal_spi.c ****                                                      || (hspi->Init.Direction == SPI_DIRECTION_2LIN
 141              		.loc 1 3966 24 is_stmt 0 view .LVU35
 142 0068 7268     		ldr	r2, [r6, #4]
3966:Drivers/STM32G0xx_HAL_Driver/Src/stm32g0xx_hal_spi.c ****                                                      || (hspi->Init.Direction == SPI_DIRECTION_2LIN
 143              		.loc 1 3966 12 view .LVU36
 144 006a 8223     		movs	r3, #130
 145 006c 5B00     		lsls	r3, r3, #1
 146 006e 9A42     		cmp	r2, r3
 147 0070 0CD0     		beq	.L16
 148              	.L5:
3974:Drivers/STM32G0xx_HAL_Driver/Src/stm32g0xx_hal_spi.c ****         {
 149              		.loc 1 3974 9 is_stmt 1 view .LVU37
3974:Drivers/STM32G0xx_HAL_Driver/Src/stm32g0xx_hal_spi.c ****         {
 150              		.loc 1 3974 23 is_stmt 0 view .LVU38
 151 0072 B26A     		ldr	r2, [r6, #40]
3974:Drivers/STM32G0xx_HAL_Driver/Src/stm32g0xx_hal_spi.c ****         {
 152              		.loc 1 3974 12 view .LVU39
 153 0074 8023     		movs	r3, #128
 154 0076 9B01     		lsls	r3, r3, #6
 155 0078 9A42     		cmp	r2, r3
 156 007a 16D0     		beq	.L17
 157              	.L7:
3976:Drivers/STM32G0xx_HAL_Driver/Src/stm32g0xx_hal_spi.c ****         }
 158              		.loc 1 3976 11 is_stmt 1 view .LVU40
3979:Drivers/STM32G0xx_HAL_Driver/Src/stm32g0xx_hal_spi.c **** 
 159              		.loc 1 3979 9 view .LVU41
3979:Drivers/STM32G0xx_HAL_Driver/Src/stm32g0xx_hal_spi.c **** 
 160              		.loc 1 3979 21 is_stmt 0 view .LVU42
 161 007c 5D23     		movs	r3, #93
 162 007e 0122     		movs	r2, #1
ARM GAS  C:\Users\Domagoj\AppData\Local\Temp\ccvehG6g.s 			page 74


 163 0080 F254     		strb	r2, [r6, r3]
3982:Drivers/STM32G0xx_HAL_Driver/Src/stm32g0xx_hal_spi.c **** 
 164              		.loc 1 3982 9 is_stmt 1 view .LVU43
3982:Drivers/STM32G0xx_HAL_Driver/Src/stm32g0xx_hal_spi.c **** 
 165              		.loc 1 3982 9 view .LVU44
 166 0082 013B     		subs	r3, r3, #1
 167 0084 0022     		movs	r2, #0
 168 0086 F254     		strb	r2, [r6, r3]
3982:Drivers/STM32G0xx_HAL_Driver/Src/stm32g0xx_hal_spi.c **** 
 169              		.loc 1 3982 9 view .LVU45
3984:Drivers/STM32G0xx_HAL_Driver/Src/stm32g0xx_hal_spi.c ****       }
 170              		.loc 1 3984 9 view .LVU46
3984:Drivers/STM32G0xx_HAL_Driver/Src/stm32g0xx_hal_spi.c ****       }
 171              		.loc 1 3984 16 is_stmt 0 view .LVU47
 172 0088 0320     		movs	r0, #3
 173 008a 1FE0     		b	.L8
 174              	.L16:
3966:Drivers/STM32G0xx_HAL_Driver/Src/stm32g0xx_hal_spi.c ****                                                      || (hspi->Init.Direction == SPI_DIRECTION_2LIN
 175              		.loc 1 3966 65 discriminator 1 view .LVU48
 176 008c B368     		ldr	r3, [r6, #8]
3966:Drivers/STM32G0xx_HAL_Driver/Src/stm32g0xx_hal_spi.c ****                                                      || (hspi->Init.Direction == SPI_DIRECTION_2LIN
 177              		.loc 1 3966 50 discriminator 1 view .LVU49
 178 008e 8022     		movs	r2, #128
 179 0090 1202     		lsls	r2, r2, #8
 180 0092 9342     		cmp	r3, r2
 181 0094 03D0     		beq	.L6
3967:Drivers/STM32G0xx_HAL_Driver/Src/stm32g0xx_hal_spi.c ****         {
 182              		.loc 1 3967 54 view .LVU50
 183 0096 8022     		movs	r2, #128
 184 0098 D200     		lsls	r2, r2, #3
 185 009a 9342     		cmp	r3, r2
 186 009c E9D1     		bne	.L5
 187              	.L6:
3970:Drivers/STM32G0xx_HAL_Driver/Src/stm32g0xx_hal_spi.c ****         }
 188              		.loc 1 3970 11 is_stmt 1 view .LVU51
 189 009e 3268     		ldr	r2, [r6]
 190 00a0 1368     		ldr	r3, [r2]
 191 00a2 4021     		movs	r1, #64
 192 00a4 8B43     		bics	r3, r1
 193 00a6 1360     		str	r3, [r2]
 194 00a8 E3E7     		b	.L5
 195              	.L17:
3976:Drivers/STM32G0xx_HAL_Driver/Src/stm32g0xx_hal_spi.c ****         }
 196              		.loc 1 3976 11 view .LVU52
3976:Drivers/STM32G0xx_HAL_Driver/Src/stm32g0xx_hal_spi.c ****         }
 197              		.loc 1 3976 11 view .LVU53
 198 00aa 3268     		ldr	r2, [r6]
 199 00ac 1368     		ldr	r3, [r2]
 200 00ae 0B49     		ldr	r1, .L18+4
 201 00b0 0B40     		ands	r3, r1
 202 00b2 1360     		str	r3, [r2]
3976:Drivers/STM32G0xx_HAL_Driver/Src/stm32g0xx_hal_spi.c ****         }
 203              		.loc 1 3976 11 view .LVU54
 204 00b4 3268     		ldr	r2, [r6]
 205 00b6 1168     		ldr	r1, [r2]
 206 00b8 8023     		movs	r3, #128
 207 00ba 9B01     		lsls	r3, r3, #6
ARM GAS  C:\Users\Domagoj\AppData\Local\Temp\ccvehG6g.s 			page 75


 208 00bc 0B43     		orrs	r3, r1
 209 00be 1360     		str	r3, [r2]
 210 00c0 DCE7     		b	.L7
 211              	.L15:
3990:Drivers/STM32G0xx_HAL_Driver/Src/stm32g0xx_hal_spi.c ****       }
3991:Drivers/STM32G0xx_HAL_Driver/Src/stm32g0xx_hal_spi.c ****       else
3992:Drivers/STM32G0xx_HAL_Driver/Src/stm32g0xx_hal_spi.c ****       {
3993:Drivers/STM32G0xx_HAL_Driver/Src/stm32g0xx_hal_spi.c ****         count--;
 212              		.loc 1 3993 9 view .LVU55
 213              		.loc 1 3993 14 is_stmt 0 view .LVU56
 214 00c2 019B     		ldr	r3, [sp, #4]
 215 00c4 013B     		subs	r3, r3, #1
 216 00c6 0193     		str	r3, [sp, #4]
 217 00c8 B4E7     		b	.L3
 218              	.L13:
3994:Drivers/STM32G0xx_HAL_Driver/Src/stm32g0xx_hal_spi.c ****       }
3995:Drivers/STM32G0xx_HAL_Driver/Src/stm32g0xx_hal_spi.c ****     }
3996:Drivers/STM32G0xx_HAL_Driver/Src/stm32g0xx_hal_spi.c ****   }
3997:Drivers/STM32G0xx_HAL_Driver/Src/stm32g0xx_hal_spi.c **** 
3998:Drivers/STM32G0xx_HAL_Driver/Src/stm32g0xx_hal_spi.c ****   return HAL_OK;
 219              		.loc 1 3998 10 view .LVU57
 220 00ca 0020     		movs	r0, #0
 221              	.L8:
3999:Drivers/STM32G0xx_HAL_Driver/Src/stm32g0xx_hal_spi.c **** }
 222              		.loc 1 3999 1 view .LVU58
 223 00cc 02B0     		add	sp, sp, #8
 224              		@ sp needed
 225              	.LVL12:
 226              	.LVL13:
 227              	.LVL14:
 228              	.LVL15:
 229              	.LVL16:
 230              	.LVL17:
 231              		.loc 1 3999 1 view .LVU59
 232 00ce E0BC     		pop	{r5, r6, r7}
 233 00d0 BA46     		mov	r10, r7
 234 00d2 B146     		mov	r9, r6
 235 00d4 A846     		mov	r8, r5
 236 00d6 F0BD     		pop	{r4, r5, r6, r7, pc}
 237              	.L19:
 238              		.align	2
 239              	.L18:
 240 00d8 00000000 		.word	SystemCoreClock
 241 00dc FFDFFFFF 		.word	-8193
 242              		.cfi_endproc
 243              	.LFE410:
 245              		.section	.text.SPI_WaitFifoStateUntilTimeout,"ax",%progbits
 246              		.align	1
 247              		.syntax unified
 248              		.code	16
 249              		.thumb_func
 251              	SPI_WaitFifoStateUntilTimeout:
 252              	.LVL18:
 253              	.LFB411:
4000:Drivers/STM32G0xx_HAL_Driver/Src/stm32g0xx_hal_spi.c **** 
4001:Drivers/STM32G0xx_HAL_Driver/Src/stm32g0xx_hal_spi.c **** /**
4002:Drivers/STM32G0xx_HAL_Driver/Src/stm32g0xx_hal_spi.c ****   * @brief  Handle SPI FIFO Communication Timeout.
ARM GAS  C:\Users\Domagoj\AppData\Local\Temp\ccvehG6g.s 			page 76


4003:Drivers/STM32G0xx_HAL_Driver/Src/stm32g0xx_hal_spi.c ****   * @param  hspi pointer to a SPI_HandleTypeDef structure that contains
4004:Drivers/STM32G0xx_HAL_Driver/Src/stm32g0xx_hal_spi.c ****   *              the configuration information for SPI module.
4005:Drivers/STM32G0xx_HAL_Driver/Src/stm32g0xx_hal_spi.c ****   * @param  Fifo Fifo to check
4006:Drivers/STM32G0xx_HAL_Driver/Src/stm32g0xx_hal_spi.c ****   * @param  State Fifo state to check
4007:Drivers/STM32G0xx_HAL_Driver/Src/stm32g0xx_hal_spi.c ****   * @param  Timeout Timeout duration
4008:Drivers/STM32G0xx_HAL_Driver/Src/stm32g0xx_hal_spi.c ****   * @param  Tickstart tick start value
4009:Drivers/STM32G0xx_HAL_Driver/Src/stm32g0xx_hal_spi.c ****   * @retval HAL status
4010:Drivers/STM32G0xx_HAL_Driver/Src/stm32g0xx_hal_spi.c ****   */
4011:Drivers/STM32G0xx_HAL_Driver/Src/stm32g0xx_hal_spi.c **** static HAL_StatusTypeDef SPI_WaitFifoStateUntilTimeout(SPI_HandleTypeDef *hspi, uint32_t Fifo, uint
4012:Drivers/STM32G0xx_HAL_Driver/Src/stm32g0xx_hal_spi.c ****                                                        uint32_t Timeout, uint32_t Tickstart)
4013:Drivers/STM32G0xx_HAL_Driver/Src/stm32g0xx_hal_spi.c **** {
 254              		.loc 1 4013 1 is_stmt 1 view -0
 255              		.cfi_startproc
 256              		@ args = 4, pretend = 0, frame = 8
 257              		@ frame_needed = 0, uses_anonymous_args = 0
 258              		.loc 1 4013 1 is_stmt 0 view .LVU61
 259 0000 F0B5     		push	{r4, r5, r6, r7, lr}
 260              	.LCFI3:
 261              		.cfi_def_cfa_offset 20
 262              		.cfi_offset 4, -20
 263              		.cfi_offset 5, -16
 264              		.cfi_offset 6, -12
 265              		.cfi_offset 7, -8
 266              		.cfi_offset 14, -4
 267 0002 DE46     		mov	lr, fp
 268 0004 5746     		mov	r7, r10
 269 0006 4E46     		mov	r6, r9
 270 0008 4546     		mov	r5, r8
 271 000a E0B5     		push	{r5, r6, r7, lr}
 272              	.LCFI4:
 273              		.cfi_def_cfa_offset 36
 274              		.cfi_offset 8, -36
 275              		.cfi_offset 9, -32
 276              		.cfi_offset 10, -28
 277              		.cfi_offset 11, -24
 278 000c 83B0     		sub	sp, sp, #12
 279              	.LCFI5:
 280              		.cfi_def_cfa_offset 48
 281 000e 0700     		movs	r7, r0
 282 0010 0D00     		movs	r5, r1
 283 0012 1600     		movs	r6, r2
 284 0014 9846     		mov	r8, r3
4014:Drivers/STM32G0xx_HAL_Driver/Src/stm32g0xx_hal_spi.c ****   __IO uint32_t count;
 285              		.loc 1 4014 3 is_stmt 1 view .LVU62
4015:Drivers/STM32G0xx_HAL_Driver/Src/stm32g0xx_hal_spi.c ****   uint32_t tmp_timeout;
 286              		.loc 1 4015 3 view .LVU63
4016:Drivers/STM32G0xx_HAL_Driver/Src/stm32g0xx_hal_spi.c ****   uint32_t tmp_tickstart;
 287              		.loc 1 4016 3 view .LVU64
4017:Drivers/STM32G0xx_HAL_Driver/Src/stm32g0xx_hal_spi.c ****   __IO const uint8_t  *ptmpreg8;
 288              		.loc 1 4017 3 view .LVU65
4018:Drivers/STM32G0xx_HAL_Driver/Src/stm32g0xx_hal_spi.c ****   __IO uint8_t  tmpreg8 = 0;
 289              		.loc 1 4018 3 view .LVU66
 290              		.loc 1 4018 17 is_stmt 0 view .LVU67
 291 0016 6B46     		mov	r3, sp
 292              	.LVL19:
 293              		.loc 1 4018 17 view .LVU68
 294 0018 0022     		movs	r2, #0
ARM GAS  C:\Users\Domagoj\AppData\Local\Temp\ccvehG6g.s 			page 77


 295              	.LVL20:
 296              		.loc 1 4018 17 view .LVU69
 297 001a DA70     		strb	r2, [r3, #3]
4019:Drivers/STM32G0xx_HAL_Driver/Src/stm32g0xx_hal_spi.c **** 
4020:Drivers/STM32G0xx_HAL_Driver/Src/stm32g0xx_hal_spi.c ****   /* Adjust Timeout value  in case of end of transfer */
4021:Drivers/STM32G0xx_HAL_Driver/Src/stm32g0xx_hal_spi.c ****   tmp_timeout = Timeout - (HAL_GetTick() - Tickstart);
 298              		.loc 1 4021 3 is_stmt 1 view .LVU70
 299              		.loc 1 4021 28 is_stmt 0 view .LVU71
 300 001c FFF7FEFF 		bl	HAL_GetTick
 301              	.LVL21:
 302              		.loc 1 4021 42 discriminator 1 view .LVU72
 303 0020 0C9B     		ldr	r3, [sp, #48]
 304 0022 181A     		subs	r0, r3, r0
 305              		.loc 1 4021 15 discriminator 1 view .LVU73
 306 0024 4044     		add	r0, r0, r8
 307 0026 8146     		mov	r9, r0
 308              	.LVL22:
4022:Drivers/STM32G0xx_HAL_Driver/Src/stm32g0xx_hal_spi.c ****   tmp_tickstart = HAL_GetTick();
 309              		.loc 1 4022 3 is_stmt 1 view .LVU74
 310              		.loc 1 4022 19 is_stmt 0 view .LVU75
 311 0028 FFF7FEFF 		bl	HAL_GetTick
 312              	.LVL23:
 313              		.loc 1 4022 19 view .LVU76
 314 002c 8246     		mov	r10, r0
 315              	.LVL24:
4023:Drivers/STM32G0xx_HAL_Driver/Src/stm32g0xx_hal_spi.c **** 
4024:Drivers/STM32G0xx_HAL_Driver/Src/stm32g0xx_hal_spi.c ****   /* Initialize the 8bit temporary pointer */
4025:Drivers/STM32G0xx_HAL_Driver/Src/stm32g0xx_hal_spi.c ****   ptmpreg8 = (__IO uint8_t *)&hspi->Instance->DR;
 316              		.loc 1 4025 3 is_stmt 1 view .LVU77
 317              		.loc 1 4025 35 is_stmt 0 view .LVU78
 318 002e 3B68     		ldr	r3, [r7]
 319 0030 9B46     		mov	fp, r3
 320              	.LVL25:
4026:Drivers/STM32G0xx_HAL_Driver/Src/stm32g0xx_hal_spi.c **** 
4027:Drivers/STM32G0xx_HAL_Driver/Src/stm32g0xx_hal_spi.c ****   /* Calculate Timeout based on a software loop to avoid blocking issue if Systick is disabled */
4028:Drivers/STM32G0xx_HAL_Driver/Src/stm32g0xx_hal_spi.c ****   count = tmp_timeout * ((SystemCoreClock * 35U) >> 20U);
 321              		.loc 1 4028 3 is_stmt 1 view .LVU79
 322              		.loc 1 4028 43 is_stmt 0 view .LVU80
 323 0032 344B     		ldr	r3, .L39
 324              	.LVL26:
 325              		.loc 1 4028 43 view .LVU81
 326 0034 1B68     		ldr	r3, [r3]
 327 0036 9A00     		lsls	r2, r3, #2
 328 0038 D218     		adds	r2, r2, r3
 329 003a D300     		lsls	r3, r2, #3
 330 003c 9B1A     		subs	r3, r3, r2
 331              		.loc 1 4028 50 view .LVU82
 332 003e 1B0D     		lsrs	r3, r3, #20
 333              		.loc 1 4028 23 view .LVU83
 334 0040 4A46     		mov	r2, r9
 335 0042 5343     		muls	r3, r2
 336              		.loc 1 4028 9 view .LVU84
 337 0044 0193     		str	r3, [sp, #4]
4029:Drivers/STM32G0xx_HAL_Driver/Src/stm32g0xx_hal_spi.c **** 
4030:Drivers/STM32G0xx_HAL_Driver/Src/stm32g0xx_hal_spi.c ****   while ((hspi->Instance->SR & Fifo) != State)
 338              		.loc 1 4030 3 is_stmt 1 view .LVU85
 339              		.loc 1 4030 9 is_stmt 0 view .LVU86
ARM GAS  C:\Users\Domagoj\AppData\Local\Temp\ccvehG6g.s 			page 78


 340 0046 02E0     		b	.L23
 341              	.LVL27:
 342              	.L22:
4031:Drivers/STM32G0xx_HAL_Driver/Src/stm32g0xx_hal_spi.c ****   {
4032:Drivers/STM32G0xx_HAL_Driver/Src/stm32g0xx_hal_spi.c ****     if ((Fifo == SPI_SR_FRLVL) && (State == SPI_FRLVL_EMPTY))
4033:Drivers/STM32G0xx_HAL_Driver/Src/stm32g0xx_hal_spi.c ****     {
4034:Drivers/STM32G0xx_HAL_Driver/Src/stm32g0xx_hal_spi.c ****       /* Flush Data Register by a blank read */
4035:Drivers/STM32G0xx_HAL_Driver/Src/stm32g0xx_hal_spi.c ****       tmpreg8 = *ptmpreg8;
4036:Drivers/STM32G0xx_HAL_Driver/Src/stm32g0xx_hal_spi.c ****       /* To avoid GCC warning */
4037:Drivers/STM32G0xx_HAL_Driver/Src/stm32g0xx_hal_spi.c ****       UNUSED(tmpreg8);
4038:Drivers/STM32G0xx_HAL_Driver/Src/stm32g0xx_hal_spi.c ****     }
4039:Drivers/STM32G0xx_HAL_Driver/Src/stm32g0xx_hal_spi.c **** 
4040:Drivers/STM32G0xx_HAL_Driver/Src/stm32g0xx_hal_spi.c ****     if (Timeout != HAL_MAX_DELAY)
 343              		.loc 1 4040 5 is_stmt 1 view .LVU87
 344              		.loc 1 4040 8 is_stmt 0 view .LVU88
 345 0048 4346     		mov	r3, r8
 346 004a 0133     		adds	r3, r3, #1
 347 004c 11D1     		bne	.L33
 348              	.LVL28:
 349              	.L23:
4030:Drivers/STM32G0xx_HAL_Driver/Src/stm32g0xx_hal_spi.c ****   {
 350              		.loc 1 4030 38 is_stmt 1 view .LVU89
4030:Drivers/STM32G0xx_HAL_Driver/Src/stm32g0xx_hal_spi.c ****   {
 351              		.loc 1 4030 15 is_stmt 0 view .LVU90
 352 004e 3B68     		ldr	r3, [r7]
4030:Drivers/STM32G0xx_HAL_Driver/Src/stm32g0xx_hal_spi.c ****   {
 353              		.loc 1 4030 25 view .LVU91
 354 0050 9C68     		ldr	r4, [r3, #8]
4030:Drivers/STM32G0xx_HAL_Driver/Src/stm32g0xx_hal_spi.c ****   {
 355              		.loc 1 4030 30 view .LVU92
 356 0052 2C40     		ands	r4, r5
4030:Drivers/STM32G0xx_HAL_Driver/Src/stm32g0xx_hal_spi.c ****   {
 357              		.loc 1 4030 38 view .LVU93
 358 0054 B442     		cmp	r4, r6
 359 0056 4DD0     		beq	.L34
4032:Drivers/STM32G0xx_HAL_Driver/Src/stm32g0xx_hal_spi.c ****     {
 360              		.loc 1 4032 5 is_stmt 1 view .LVU94
4032:Drivers/STM32G0xx_HAL_Driver/Src/stm32g0xx_hal_spi.c ****     {
 361              		.loc 1 4032 8 is_stmt 0 view .LVU95
 362 0058 C023     		movs	r3, #192
 363 005a DB00     		lsls	r3, r3, #3
 364 005c 9D42     		cmp	r5, r3
 365 005e F3D1     		bne	.L22
4032:Drivers/STM32G0xx_HAL_Driver/Src/stm32g0xx_hal_spi.c ****     {
 366              		.loc 1 4032 32 discriminator 1 view .LVU96
 367 0060 002E     		cmp	r6, #0
 368 0062 F1D1     		bne	.L22
4035:Drivers/STM32G0xx_HAL_Driver/Src/stm32g0xx_hal_spi.c ****       /* To avoid GCC warning */
 369              		.loc 1 4035 7 is_stmt 1 view .LVU97
4035:Drivers/STM32G0xx_HAL_Driver/Src/stm32g0xx_hal_spi.c ****       /* To avoid GCC warning */
 370              		.loc 1 4035 17 is_stmt 0 view .LVU98
 371 0064 5B46     		mov	r3, fp
 372 0066 1B7B     		ldrb	r3, [r3, #12]
 373 0068 DBB2     		uxtb	r3, r3
4035:Drivers/STM32G0xx_HAL_Driver/Src/stm32g0xx_hal_spi.c ****       /* To avoid GCC warning */
 374              		.loc 1 4035 15 view .LVU99
 375 006a 6A46     		mov	r2, sp
ARM GAS  C:\Users\Domagoj\AppData\Local\Temp\ccvehG6g.s 			page 79


 376 006c D370     		strb	r3, [r2, #3]
4037:Drivers/STM32G0xx_HAL_Driver/Src/stm32g0xx_hal_spi.c ****     }
 377              		.loc 1 4037 7 is_stmt 1 view .LVU100
 378 006e D378     		ldrb	r3, [r2, #3]
 379 0070 EAE7     		b	.L22
 380              	.L33:
4041:Drivers/STM32G0xx_HAL_Driver/Src/stm32g0xx_hal_spi.c ****     {
4042:Drivers/STM32G0xx_HAL_Driver/Src/stm32g0xx_hal_spi.c ****       if (((HAL_GetTick() - tmp_tickstart) >= tmp_timeout) || (tmp_timeout == 0U))
 381              		.loc 1 4042 7 view .LVU101
 382              		.loc 1 4042 13 is_stmt 0 view .LVU102
 383 0072 FFF7FEFF 		bl	HAL_GetTick
 384              	.LVL29:
 385              		.loc 1 4042 27 discriminator 1 view .LVU103
 386 0076 5346     		mov	r3, r10
 387 0078 C01A     		subs	r0, r0, r3
 388              		.loc 1 4042 10 discriminator 1 view .LVU104
 389 007a 4845     		cmp	r0, r9
 390 007c 04D2     		bcs	.L35
 391              	.LVL30:
4043:Drivers/STM32G0xx_HAL_Driver/Src/stm32g0xx_hal_spi.c ****       {
4044:Drivers/STM32G0xx_HAL_Driver/Src/stm32g0xx_hal_spi.c ****         /* Disable the SPI and reset the CRC: the CRC value should be cleared
4045:Drivers/STM32G0xx_HAL_Driver/Src/stm32g0xx_hal_spi.c ****            on both master and slave sides in order to resynchronize the master
4046:Drivers/STM32G0xx_HAL_Driver/Src/stm32g0xx_hal_spi.c ****            and slave for their respective CRC calculation */
4047:Drivers/STM32G0xx_HAL_Driver/Src/stm32g0xx_hal_spi.c **** 
4048:Drivers/STM32G0xx_HAL_Driver/Src/stm32g0xx_hal_spi.c ****         /* Disable TXE, RXNE and ERR interrupts for the interrupt process */
4049:Drivers/STM32G0xx_HAL_Driver/Src/stm32g0xx_hal_spi.c ****         __HAL_SPI_DISABLE_IT(hspi, (SPI_IT_TXE | SPI_IT_RXNE | SPI_IT_ERR));
4050:Drivers/STM32G0xx_HAL_Driver/Src/stm32g0xx_hal_spi.c **** 
4051:Drivers/STM32G0xx_HAL_Driver/Src/stm32g0xx_hal_spi.c ****         if ((hspi->Init.Mode == SPI_MODE_MASTER) && ((hspi->Init.Direction == SPI_DIRECTION_1LINE)
4052:Drivers/STM32G0xx_HAL_Driver/Src/stm32g0xx_hal_spi.c ****                                                      || (hspi->Init.Direction == SPI_DIRECTION_2LIN
4053:Drivers/STM32G0xx_HAL_Driver/Src/stm32g0xx_hal_spi.c ****         {
4054:Drivers/STM32G0xx_HAL_Driver/Src/stm32g0xx_hal_spi.c ****           /* Disable SPI peripheral */
4055:Drivers/STM32G0xx_HAL_Driver/Src/stm32g0xx_hal_spi.c ****           __HAL_SPI_DISABLE(hspi);
4056:Drivers/STM32G0xx_HAL_Driver/Src/stm32g0xx_hal_spi.c ****         }
4057:Drivers/STM32G0xx_HAL_Driver/Src/stm32g0xx_hal_spi.c **** 
4058:Drivers/STM32G0xx_HAL_Driver/Src/stm32g0xx_hal_spi.c ****         /* Reset CRC Calculation */
4059:Drivers/STM32G0xx_HAL_Driver/Src/stm32g0xx_hal_spi.c ****         if (hspi->Init.CRCCalculation == SPI_CRCCALCULATION_ENABLE)
4060:Drivers/STM32G0xx_HAL_Driver/Src/stm32g0xx_hal_spi.c ****         {
4061:Drivers/STM32G0xx_HAL_Driver/Src/stm32g0xx_hal_spi.c ****           SPI_RESET_CRC(hspi);
4062:Drivers/STM32G0xx_HAL_Driver/Src/stm32g0xx_hal_spi.c ****         }
4063:Drivers/STM32G0xx_HAL_Driver/Src/stm32g0xx_hal_spi.c **** 
4064:Drivers/STM32G0xx_HAL_Driver/Src/stm32g0xx_hal_spi.c ****         hspi->State = HAL_SPI_STATE_READY;
4065:Drivers/STM32G0xx_HAL_Driver/Src/stm32g0xx_hal_spi.c **** 
4066:Drivers/STM32G0xx_HAL_Driver/Src/stm32g0xx_hal_spi.c ****         /* Process Unlocked */
4067:Drivers/STM32G0xx_HAL_Driver/Src/stm32g0xx_hal_spi.c ****         __HAL_UNLOCK(hspi);
4068:Drivers/STM32G0xx_HAL_Driver/Src/stm32g0xx_hal_spi.c **** 
4069:Drivers/STM32G0xx_HAL_Driver/Src/stm32g0xx_hal_spi.c ****         return HAL_TIMEOUT;
4070:Drivers/STM32G0xx_HAL_Driver/Src/stm32g0xx_hal_spi.c ****       }
4071:Drivers/STM32G0xx_HAL_Driver/Src/stm32g0xx_hal_spi.c ****       /* If Systick is disabled or not incremented, deactivate timeout to go in disable loop proced
4072:Drivers/STM32G0xx_HAL_Driver/Src/stm32g0xx_hal_spi.c ****       if (count == 0U)
 392              		.loc 1 4072 7 is_stmt 1 view .LVU105
 393              		.loc 1 4072 17 is_stmt 0 view .LVU106
 394 007e 019B     		ldr	r3, [sp, #4]
 395              	.LVL31:
 396              		.loc 1 4072 10 view .LVU107
 397 0080 002B     		cmp	r3, #0
 398 0082 33D1     		bne	.L36
4073:Drivers/STM32G0xx_HAL_Driver/Src/stm32g0xx_hal_spi.c ****       {
ARM GAS  C:\Users\Domagoj\AppData\Local\Temp\ccvehG6g.s 			page 80


4074:Drivers/STM32G0xx_HAL_Driver/Src/stm32g0xx_hal_spi.c ****         tmp_timeout = 0U;
 399              		.loc 1 4074 21 view .LVU108
 400 0084 9946     		mov	r9, r3
 401              	.LVL32:
 402              		.loc 1 4074 21 view .LVU109
 403 0086 E2E7     		b	.L23
 404              	.LVL33:
 405              	.L35:
4049:Drivers/STM32G0xx_HAL_Driver/Src/stm32g0xx_hal_spi.c **** 
 406              		.loc 1 4049 9 is_stmt 1 view .LVU110
 407 0088 3A68     		ldr	r2, [r7]
 408 008a 5368     		ldr	r3, [r2, #4]
 409              	.LVL34:
4049:Drivers/STM32G0xx_HAL_Driver/Src/stm32g0xx_hal_spi.c **** 
 410              		.loc 1 4049 9 is_stmt 0 view .LVU111
 411 008c E021     		movs	r1, #224
 412 008e 8B43     		bics	r3, r1
 413 0090 5360     		str	r3, [r2, #4]
4051:Drivers/STM32G0xx_HAL_Driver/Src/stm32g0xx_hal_spi.c ****                                                      || (hspi->Init.Direction == SPI_DIRECTION_2LIN
 414              		.loc 1 4051 9 is_stmt 1 view .LVU112
4051:Drivers/STM32G0xx_HAL_Driver/Src/stm32g0xx_hal_spi.c ****                                                      || (hspi->Init.Direction == SPI_DIRECTION_2LIN
 415              		.loc 1 4051 24 is_stmt 0 view .LVU113
 416 0092 7A68     		ldr	r2, [r7, #4]
4051:Drivers/STM32G0xx_HAL_Driver/Src/stm32g0xx_hal_spi.c ****                                                      || (hspi->Init.Direction == SPI_DIRECTION_2LIN
 417              		.loc 1 4051 12 view .LVU114
 418 0094 8223     		movs	r3, #130
 419 0096 5B00     		lsls	r3, r3, #1
 420 0098 9A42     		cmp	r2, r3
 421 009a 0CD0     		beq	.L37
 422              	.L25:
4059:Drivers/STM32G0xx_HAL_Driver/Src/stm32g0xx_hal_spi.c ****         {
 423              		.loc 1 4059 9 is_stmt 1 view .LVU115
4059:Drivers/STM32G0xx_HAL_Driver/Src/stm32g0xx_hal_spi.c ****         {
 424              		.loc 1 4059 23 is_stmt 0 view .LVU116
 425 009c BA6A     		ldr	r2, [r7, #40]
4059:Drivers/STM32G0xx_HAL_Driver/Src/stm32g0xx_hal_spi.c ****         {
 426              		.loc 1 4059 12 view .LVU117
 427 009e 8023     		movs	r3, #128
 428 00a0 9B01     		lsls	r3, r3, #6
 429 00a2 9A42     		cmp	r2, r3
 430 00a4 16D0     		beq	.L38
 431              	.L27:
4061:Drivers/STM32G0xx_HAL_Driver/Src/stm32g0xx_hal_spi.c ****         }
 432              		.loc 1 4061 11 is_stmt 1 view .LVU118
4064:Drivers/STM32G0xx_HAL_Driver/Src/stm32g0xx_hal_spi.c **** 
 433              		.loc 1 4064 9 view .LVU119
4064:Drivers/STM32G0xx_HAL_Driver/Src/stm32g0xx_hal_spi.c **** 
 434              		.loc 1 4064 21 is_stmt 0 view .LVU120
 435 00a6 5D23     		movs	r3, #93
 436 00a8 0122     		movs	r2, #1
 437 00aa FA54     		strb	r2, [r7, r3]
4067:Drivers/STM32G0xx_HAL_Driver/Src/stm32g0xx_hal_spi.c **** 
 438              		.loc 1 4067 9 is_stmt 1 view .LVU121
4067:Drivers/STM32G0xx_HAL_Driver/Src/stm32g0xx_hal_spi.c **** 
 439              		.loc 1 4067 9 view .LVU122
 440 00ac 013B     		subs	r3, r3, #1
 441 00ae 0022     		movs	r2, #0
ARM GAS  C:\Users\Domagoj\AppData\Local\Temp\ccvehG6g.s 			page 81


 442 00b0 FA54     		strb	r2, [r7, r3]
4067:Drivers/STM32G0xx_HAL_Driver/Src/stm32g0xx_hal_spi.c **** 
 443              		.loc 1 4067 9 view .LVU123
4069:Drivers/STM32G0xx_HAL_Driver/Src/stm32g0xx_hal_spi.c ****       }
 444              		.loc 1 4069 9 view .LVU124
4069:Drivers/STM32G0xx_HAL_Driver/Src/stm32g0xx_hal_spi.c ****       }
 445              		.loc 1 4069 16 is_stmt 0 view .LVU125
 446 00b2 0320     		movs	r0, #3
 447 00b4 1FE0     		b	.L28
 448              	.L37:
4051:Drivers/STM32G0xx_HAL_Driver/Src/stm32g0xx_hal_spi.c ****                                                      || (hspi->Init.Direction == SPI_DIRECTION_2LIN
 449              		.loc 1 4051 65 discriminator 1 view .LVU126
 450 00b6 BB68     		ldr	r3, [r7, #8]
4051:Drivers/STM32G0xx_HAL_Driver/Src/stm32g0xx_hal_spi.c ****                                                      || (hspi->Init.Direction == SPI_DIRECTION_2LIN
 451              		.loc 1 4051 50 discriminator 1 view .LVU127
 452 00b8 8022     		movs	r2, #128
 453 00ba 1202     		lsls	r2, r2, #8
 454 00bc 9342     		cmp	r3, r2
 455 00be 03D0     		beq	.L26
4052:Drivers/STM32G0xx_HAL_Driver/Src/stm32g0xx_hal_spi.c ****         {
 456              		.loc 1 4052 54 view .LVU128
 457 00c0 8022     		movs	r2, #128
 458 00c2 D200     		lsls	r2, r2, #3
 459 00c4 9342     		cmp	r3, r2
 460 00c6 E9D1     		bne	.L25
 461              	.L26:
4055:Drivers/STM32G0xx_HAL_Driver/Src/stm32g0xx_hal_spi.c ****         }
 462              		.loc 1 4055 11 is_stmt 1 view .LVU129
 463 00c8 3A68     		ldr	r2, [r7]
 464 00ca 1368     		ldr	r3, [r2]
 465 00cc 4021     		movs	r1, #64
 466 00ce 8B43     		bics	r3, r1
 467 00d0 1360     		str	r3, [r2]
 468 00d2 E3E7     		b	.L25
 469              	.L38:
4061:Drivers/STM32G0xx_HAL_Driver/Src/stm32g0xx_hal_spi.c ****         }
 470              		.loc 1 4061 11 view .LVU130
4061:Drivers/STM32G0xx_HAL_Driver/Src/stm32g0xx_hal_spi.c ****         }
 471              		.loc 1 4061 11 view .LVU131
 472 00d4 3A68     		ldr	r2, [r7]
 473 00d6 1368     		ldr	r3, [r2]
 474 00d8 0B49     		ldr	r1, .L39+4
 475 00da 0B40     		ands	r3, r1
 476 00dc 1360     		str	r3, [r2]
4061:Drivers/STM32G0xx_HAL_Driver/Src/stm32g0xx_hal_spi.c ****         }
 477              		.loc 1 4061 11 view .LVU132
 478 00de 3A68     		ldr	r2, [r7]
 479 00e0 1168     		ldr	r1, [r2]
 480 00e2 8023     		movs	r3, #128
 481 00e4 9B01     		lsls	r3, r3, #6
 482 00e6 0B43     		orrs	r3, r1
 483 00e8 1360     		str	r3, [r2]
 484 00ea DCE7     		b	.L27
 485              	.L36:
4075:Drivers/STM32G0xx_HAL_Driver/Src/stm32g0xx_hal_spi.c ****       }
4076:Drivers/STM32G0xx_HAL_Driver/Src/stm32g0xx_hal_spi.c ****       else
4077:Drivers/STM32G0xx_HAL_Driver/Src/stm32g0xx_hal_spi.c ****       {
ARM GAS  C:\Users\Domagoj\AppData\Local\Temp\ccvehG6g.s 			page 82


4078:Drivers/STM32G0xx_HAL_Driver/Src/stm32g0xx_hal_spi.c ****         count--;
 486              		.loc 1 4078 9 view .LVU133
 487              		.loc 1 4078 14 is_stmt 0 view .LVU134
 488 00ec 019B     		ldr	r3, [sp, #4]
 489 00ee 013B     		subs	r3, r3, #1
 490 00f0 0193     		str	r3, [sp, #4]
 491 00f2 ACE7     		b	.L23
 492              	.L34:
4079:Drivers/STM32G0xx_HAL_Driver/Src/stm32g0xx_hal_spi.c ****       }
4080:Drivers/STM32G0xx_HAL_Driver/Src/stm32g0xx_hal_spi.c ****     }
4081:Drivers/STM32G0xx_HAL_Driver/Src/stm32g0xx_hal_spi.c ****   }
4082:Drivers/STM32G0xx_HAL_Driver/Src/stm32g0xx_hal_spi.c **** 
4083:Drivers/STM32G0xx_HAL_Driver/Src/stm32g0xx_hal_spi.c ****   return HAL_OK;
 493              		.loc 1 4083 10 view .LVU135
 494 00f4 0020     		movs	r0, #0
 495              	.L28:
4084:Drivers/STM32G0xx_HAL_Driver/Src/stm32g0xx_hal_spi.c **** }
 496              		.loc 1 4084 1 view .LVU136
 497 00f6 03B0     		add	sp, sp, #12
 498              		@ sp needed
 499              	.LVL35:
 500              	.LVL36:
 501              	.LVL37:
 502              	.LVL38:
 503              	.LVL39:
 504              	.LVL40:
 505              	.LVL41:
 506              		.loc 1 4084 1 view .LVU137
 507 00f8 F0BC     		pop	{r4, r5, r6, r7}
 508 00fa BB46     		mov	fp, r7
 509 00fc B246     		mov	r10, r6
 510 00fe A946     		mov	r9, r5
 511 0100 A046     		mov	r8, r4
 512 0102 F0BD     		pop	{r4, r5, r6, r7, pc}
 513              	.L40:
 514              		.align	2
 515              	.L39:
 516 0104 00000000 		.word	SystemCoreClock
 517 0108 FFDFFFFF 		.word	-8193
 518              		.cfi_endproc
 519              	.LFE411:
 521              		.section	.text.SPI_EndRxTxTransaction,"ax",%progbits
 522              		.align	1
 523              		.syntax unified
 524              		.code	16
 525              		.thumb_func
 527              	SPI_EndRxTxTransaction:
 528              	.LVL42:
 529              	.LFB413:
4085:Drivers/STM32G0xx_HAL_Driver/Src/stm32g0xx_hal_spi.c **** 
4086:Drivers/STM32G0xx_HAL_Driver/Src/stm32g0xx_hal_spi.c **** /**
4087:Drivers/STM32G0xx_HAL_Driver/Src/stm32g0xx_hal_spi.c ****   * @brief  Handle the check of the RX transaction complete.
4088:Drivers/STM32G0xx_HAL_Driver/Src/stm32g0xx_hal_spi.c ****   * @param  hspi pointer to a SPI_HandleTypeDef structure that contains
4089:Drivers/STM32G0xx_HAL_Driver/Src/stm32g0xx_hal_spi.c ****   *               the configuration information for SPI module.
4090:Drivers/STM32G0xx_HAL_Driver/Src/stm32g0xx_hal_spi.c ****   * @param  Timeout Timeout duration
4091:Drivers/STM32G0xx_HAL_Driver/Src/stm32g0xx_hal_spi.c ****   * @param  Tickstart tick start value
4092:Drivers/STM32G0xx_HAL_Driver/Src/stm32g0xx_hal_spi.c ****   * @retval HAL status
ARM GAS  C:\Users\Domagoj\AppData\Local\Temp\ccvehG6g.s 			page 83


4093:Drivers/STM32G0xx_HAL_Driver/Src/stm32g0xx_hal_spi.c ****   */
4094:Drivers/STM32G0xx_HAL_Driver/Src/stm32g0xx_hal_spi.c **** static HAL_StatusTypeDef SPI_EndRxTransaction(SPI_HandleTypeDef *hspi,  uint32_t Timeout, uint32_t 
4095:Drivers/STM32G0xx_HAL_Driver/Src/stm32g0xx_hal_spi.c **** {
4096:Drivers/STM32G0xx_HAL_Driver/Src/stm32g0xx_hal_spi.c ****   if ((hspi->Init.Mode == SPI_MODE_MASTER) && ((hspi->Init.Direction == SPI_DIRECTION_1LINE)
4097:Drivers/STM32G0xx_HAL_Driver/Src/stm32g0xx_hal_spi.c ****                                                || (hspi->Init.Direction == SPI_DIRECTION_2LINES_RXO
4098:Drivers/STM32G0xx_HAL_Driver/Src/stm32g0xx_hal_spi.c ****   {
4099:Drivers/STM32G0xx_HAL_Driver/Src/stm32g0xx_hal_spi.c ****     /* Disable SPI peripheral */
4100:Drivers/STM32G0xx_HAL_Driver/Src/stm32g0xx_hal_spi.c ****     __HAL_SPI_DISABLE(hspi);
4101:Drivers/STM32G0xx_HAL_Driver/Src/stm32g0xx_hal_spi.c ****   }
4102:Drivers/STM32G0xx_HAL_Driver/Src/stm32g0xx_hal_spi.c **** 
4103:Drivers/STM32G0xx_HAL_Driver/Src/stm32g0xx_hal_spi.c ****   /* Control the BSY flag */
4104:Drivers/STM32G0xx_HAL_Driver/Src/stm32g0xx_hal_spi.c ****   if (SPI_WaitFlagStateUntilTimeout(hspi, SPI_FLAG_BSY, RESET, Timeout, Tickstart) != HAL_OK)
4105:Drivers/STM32G0xx_HAL_Driver/Src/stm32g0xx_hal_spi.c ****   {
4106:Drivers/STM32G0xx_HAL_Driver/Src/stm32g0xx_hal_spi.c ****     SET_BIT(hspi->ErrorCode, HAL_SPI_ERROR_FLAG);
4107:Drivers/STM32G0xx_HAL_Driver/Src/stm32g0xx_hal_spi.c ****     return HAL_TIMEOUT;
4108:Drivers/STM32G0xx_HAL_Driver/Src/stm32g0xx_hal_spi.c ****   }
4109:Drivers/STM32G0xx_HAL_Driver/Src/stm32g0xx_hal_spi.c **** 
4110:Drivers/STM32G0xx_HAL_Driver/Src/stm32g0xx_hal_spi.c ****   if ((hspi->Init.Mode == SPI_MODE_MASTER) && ((hspi->Init.Direction == SPI_DIRECTION_1LINE)
4111:Drivers/STM32G0xx_HAL_Driver/Src/stm32g0xx_hal_spi.c ****                                                || (hspi->Init.Direction == SPI_DIRECTION_2LINES_RXO
4112:Drivers/STM32G0xx_HAL_Driver/Src/stm32g0xx_hal_spi.c ****   {
4113:Drivers/STM32G0xx_HAL_Driver/Src/stm32g0xx_hal_spi.c ****     /* Empty the FRLVL fifo */
4114:Drivers/STM32G0xx_HAL_Driver/Src/stm32g0xx_hal_spi.c ****     if (SPI_WaitFifoStateUntilTimeout(hspi, SPI_FLAG_FRLVL, SPI_FRLVL_EMPTY, Timeout, Tickstart) !=
4115:Drivers/STM32G0xx_HAL_Driver/Src/stm32g0xx_hal_spi.c ****     {
4116:Drivers/STM32G0xx_HAL_Driver/Src/stm32g0xx_hal_spi.c ****       SET_BIT(hspi->ErrorCode, HAL_SPI_ERROR_FLAG);
4117:Drivers/STM32G0xx_HAL_Driver/Src/stm32g0xx_hal_spi.c ****       return HAL_TIMEOUT;
4118:Drivers/STM32G0xx_HAL_Driver/Src/stm32g0xx_hal_spi.c ****     }
4119:Drivers/STM32G0xx_HAL_Driver/Src/stm32g0xx_hal_spi.c ****   }
4120:Drivers/STM32G0xx_HAL_Driver/Src/stm32g0xx_hal_spi.c ****   return HAL_OK;
4121:Drivers/STM32G0xx_HAL_Driver/Src/stm32g0xx_hal_spi.c **** }
4122:Drivers/STM32G0xx_HAL_Driver/Src/stm32g0xx_hal_spi.c **** 
4123:Drivers/STM32G0xx_HAL_Driver/Src/stm32g0xx_hal_spi.c **** /**
4124:Drivers/STM32G0xx_HAL_Driver/Src/stm32g0xx_hal_spi.c ****   * @brief  Handle the check of the RXTX or TX transaction complete.
4125:Drivers/STM32G0xx_HAL_Driver/Src/stm32g0xx_hal_spi.c ****   * @param  hspi SPI handle
4126:Drivers/STM32G0xx_HAL_Driver/Src/stm32g0xx_hal_spi.c ****   * @param  Timeout Timeout duration
4127:Drivers/STM32G0xx_HAL_Driver/Src/stm32g0xx_hal_spi.c ****   * @param  Tickstart tick start value
4128:Drivers/STM32G0xx_HAL_Driver/Src/stm32g0xx_hal_spi.c ****   * @retval HAL status
4129:Drivers/STM32G0xx_HAL_Driver/Src/stm32g0xx_hal_spi.c ****   */
4130:Drivers/STM32G0xx_HAL_Driver/Src/stm32g0xx_hal_spi.c **** static HAL_StatusTypeDef SPI_EndRxTxTransaction(SPI_HandleTypeDef *hspi, uint32_t Timeout, uint32_t
4131:Drivers/STM32G0xx_HAL_Driver/Src/stm32g0xx_hal_spi.c **** {
 530              		.loc 1 4131 1 is_stmt 1 view -0
 531              		.cfi_startproc
 532              		@ args = 0, pretend = 0, frame = 0
 533              		@ frame_needed = 0, uses_anonymous_args = 0
 534              		.loc 1 4131 1 is_stmt 0 view .LVU139
 535 0000 70B5     		push	{r4, r5, r6, lr}
 536              	.LCFI6:
 537              		.cfi_def_cfa_offset 16
 538              		.cfi_offset 4, -16
 539              		.cfi_offset 5, -12
 540              		.cfi_offset 6, -8
 541              		.cfi_offset 14, -4
 542 0002 82B0     		sub	sp, sp, #8
 543              	.LCFI7:
 544              		.cfi_def_cfa_offset 24
 545 0004 0400     		movs	r4, r0
 546 0006 0D00     		movs	r5, r1
 547 0008 1600     		movs	r6, r2
ARM GAS  C:\Users\Domagoj\AppData\Local\Temp\ccvehG6g.s 			page 84


4132:Drivers/STM32G0xx_HAL_Driver/Src/stm32g0xx_hal_spi.c ****   /* Control if the TX fifo is empty */
4133:Drivers/STM32G0xx_HAL_Driver/Src/stm32g0xx_hal_spi.c ****   if (SPI_WaitFifoStateUntilTimeout(hspi, SPI_FLAG_FTLVL, SPI_FTLVL_EMPTY, Timeout, Tickstart) != H
 548              		.loc 1 4133 3 is_stmt 1 view .LVU140
 549              		.loc 1 4133 7 is_stmt 0 view .LVU141
 550 000a C021     		movs	r1, #192
 551              	.LVL43:
 552              		.loc 1 4133 7 view .LVU142
 553 000c 0092     		str	r2, [sp]
 554 000e 2B00     		movs	r3, r5
 555 0010 0022     		movs	r2, #0
 556              	.LVL44:
 557              		.loc 1 4133 7 view .LVU143
 558 0012 4901     		lsls	r1, r1, #5
 559 0014 FFF7FEFF 		bl	SPI_WaitFifoStateUntilTimeout
 560              	.LVL45:
 561              		.loc 1 4133 6 discriminator 1 view .LVU144
 562 0018 0028     		cmp	r0, #0
 563 001a 18D1     		bne	.L45
4134:Drivers/STM32G0xx_HAL_Driver/Src/stm32g0xx_hal_spi.c ****   {
4135:Drivers/STM32G0xx_HAL_Driver/Src/stm32g0xx_hal_spi.c ****     SET_BIT(hspi->ErrorCode, HAL_SPI_ERROR_FLAG);
4136:Drivers/STM32G0xx_HAL_Driver/Src/stm32g0xx_hal_spi.c ****     return HAL_TIMEOUT;
4137:Drivers/STM32G0xx_HAL_Driver/Src/stm32g0xx_hal_spi.c ****   }
4138:Drivers/STM32G0xx_HAL_Driver/Src/stm32g0xx_hal_spi.c **** 
4139:Drivers/STM32G0xx_HAL_Driver/Src/stm32g0xx_hal_spi.c ****   /* Control the BSY flag */
4140:Drivers/STM32G0xx_HAL_Driver/Src/stm32g0xx_hal_spi.c ****   if (SPI_WaitFlagStateUntilTimeout(hspi, SPI_FLAG_BSY, RESET, Timeout, Tickstart) != HAL_OK)
 564              		.loc 1 4140 3 is_stmt 1 view .LVU145
 565              		.loc 1 4140 7 is_stmt 0 view .LVU146
 566 001c 0096     		str	r6, [sp]
 567 001e 2B00     		movs	r3, r5
 568 0020 0022     		movs	r2, #0
 569 0022 8021     		movs	r1, #128
 570 0024 2000     		movs	r0, r4
 571 0026 FFF7FEFF 		bl	SPI_WaitFlagStateUntilTimeout
 572              	.LVL46:
 573              		.loc 1 4140 6 discriminator 1 view .LVU147
 574 002a 0028     		cmp	r0, #0
 575 002c 16D1     		bne	.L46
4141:Drivers/STM32G0xx_HAL_Driver/Src/stm32g0xx_hal_spi.c ****   {
4142:Drivers/STM32G0xx_HAL_Driver/Src/stm32g0xx_hal_spi.c ****     SET_BIT(hspi->ErrorCode, HAL_SPI_ERROR_FLAG);
4143:Drivers/STM32G0xx_HAL_Driver/Src/stm32g0xx_hal_spi.c ****     return HAL_TIMEOUT;
4144:Drivers/STM32G0xx_HAL_Driver/Src/stm32g0xx_hal_spi.c ****   }
4145:Drivers/STM32G0xx_HAL_Driver/Src/stm32g0xx_hal_spi.c **** 
4146:Drivers/STM32G0xx_HAL_Driver/Src/stm32g0xx_hal_spi.c ****   /* Control if the RX fifo is empty */
4147:Drivers/STM32G0xx_HAL_Driver/Src/stm32g0xx_hal_spi.c ****   if (SPI_WaitFifoStateUntilTimeout(hspi, SPI_FLAG_FRLVL, SPI_FRLVL_EMPTY, Timeout, Tickstart) != H
 576              		.loc 1 4147 3 is_stmt 1 view .LVU148
 577              		.loc 1 4147 7 is_stmt 0 view .LVU149
 578 002e C021     		movs	r1, #192
 579 0030 0096     		str	r6, [sp]
 580 0032 2B00     		movs	r3, r5
 581 0034 0022     		movs	r2, #0
 582 0036 C900     		lsls	r1, r1, #3
 583 0038 2000     		movs	r0, r4
 584 003a FFF7FEFF 		bl	SPI_WaitFifoStateUntilTimeout
 585              	.LVL47:
 586              		.loc 1 4147 6 discriminator 1 view .LVU150
 587 003e 0028     		cmp	r0, #0
 588 0040 0AD0     		beq	.L43
ARM GAS  C:\Users\Domagoj\AppData\Local\Temp\ccvehG6g.s 			page 85


4148:Drivers/STM32G0xx_HAL_Driver/Src/stm32g0xx_hal_spi.c ****   {
4149:Drivers/STM32G0xx_HAL_Driver/Src/stm32g0xx_hal_spi.c ****     SET_BIT(hspi->ErrorCode, HAL_SPI_ERROR_FLAG);
 589              		.loc 1 4149 5 is_stmt 1 view .LVU151
 590 0042 236E     		ldr	r3, [r4, #96]
 591 0044 2022     		movs	r2, #32
 592 0046 1343     		orrs	r3, r2
 593 0048 2366     		str	r3, [r4, #96]
4150:Drivers/STM32G0xx_HAL_Driver/Src/stm32g0xx_hal_spi.c ****     return HAL_TIMEOUT;
 594              		.loc 1 4150 5 view .LVU152
 595              		.loc 1 4150 12 is_stmt 0 view .LVU153
 596 004a 0320     		movs	r0, #3
 597 004c 04E0     		b	.L43
 598              	.L45:
4135:Drivers/STM32G0xx_HAL_Driver/Src/stm32g0xx_hal_spi.c ****     return HAL_TIMEOUT;
 599              		.loc 1 4135 5 is_stmt 1 view .LVU154
 600 004e 236E     		ldr	r3, [r4, #96]
 601 0050 2022     		movs	r2, #32
 602 0052 1343     		orrs	r3, r2
 603 0054 2366     		str	r3, [r4, #96]
4136:Drivers/STM32G0xx_HAL_Driver/Src/stm32g0xx_hal_spi.c ****   }
 604              		.loc 1 4136 5 view .LVU155
4136:Drivers/STM32G0xx_HAL_Driver/Src/stm32g0xx_hal_spi.c ****   }
 605              		.loc 1 4136 12 is_stmt 0 view .LVU156
 606 0056 0320     		movs	r0, #3
 607              	.L43:
4151:Drivers/STM32G0xx_HAL_Driver/Src/stm32g0xx_hal_spi.c ****   }
4152:Drivers/STM32G0xx_HAL_Driver/Src/stm32g0xx_hal_spi.c **** 
4153:Drivers/STM32G0xx_HAL_Driver/Src/stm32g0xx_hal_spi.c ****   return HAL_OK;
4154:Drivers/STM32G0xx_HAL_Driver/Src/stm32g0xx_hal_spi.c **** }
 608              		.loc 1 4154 1 view .LVU157
 609 0058 02B0     		add	sp, sp, #8
 610              		@ sp needed
 611              	.LVL48:
 612              	.LVL49:
 613              	.LVL50:
 614              		.loc 1 4154 1 view .LVU158
 615 005a 70BD     		pop	{r4, r5, r6, pc}
 616              	.LVL51:
 617              	.L46:
4142:Drivers/STM32G0xx_HAL_Driver/Src/stm32g0xx_hal_spi.c ****     return HAL_TIMEOUT;
 618              		.loc 1 4142 5 is_stmt 1 view .LVU159
 619 005c 236E     		ldr	r3, [r4, #96]
 620 005e 2022     		movs	r2, #32
 621 0060 1343     		orrs	r3, r2
 622 0062 2366     		str	r3, [r4, #96]
4143:Drivers/STM32G0xx_HAL_Driver/Src/stm32g0xx_hal_spi.c ****   }
 623              		.loc 1 4143 5 view .LVU160
4143:Drivers/STM32G0xx_HAL_Driver/Src/stm32g0xx_hal_spi.c ****   }
 624              		.loc 1 4143 12 is_stmt 0 view .LVU161
 625 0064 0320     		movs	r0, #3
 626 0066 F7E7     		b	.L43
 627              		.cfi_endproc
 628              	.LFE413:
 630              		.section	.text.SPI_EndRxTransaction,"ax",%progbits
 631              		.align	1
 632              		.syntax unified
 633              		.code	16
ARM GAS  C:\Users\Domagoj\AppData\Local\Temp\ccvehG6g.s 			page 86


 634              		.thumb_func
 636              	SPI_EndRxTransaction:
 637              	.LVL52:
 638              	.LFB412:
4095:Drivers/STM32G0xx_HAL_Driver/Src/stm32g0xx_hal_spi.c ****   if ((hspi->Init.Mode == SPI_MODE_MASTER) && ((hspi->Init.Direction == SPI_DIRECTION_1LINE)
 639              		.loc 1 4095 1 is_stmt 1 view -0
 640              		.cfi_startproc
 641              		@ args = 0, pretend = 0, frame = 0
 642              		@ frame_needed = 0, uses_anonymous_args = 0
4095:Drivers/STM32G0xx_HAL_Driver/Src/stm32g0xx_hal_spi.c ****   if ((hspi->Init.Mode == SPI_MODE_MASTER) && ((hspi->Init.Direction == SPI_DIRECTION_1LINE)
 643              		.loc 1 4095 1 is_stmt 0 view .LVU163
 644 0000 70B5     		push	{r4, r5, r6, lr}
 645              	.LCFI8:
 646              		.cfi_def_cfa_offset 16
 647              		.cfi_offset 4, -16
 648              		.cfi_offset 5, -12
 649              		.cfi_offset 6, -8
 650              		.cfi_offset 14, -4
 651 0002 82B0     		sub	sp, sp, #8
 652              	.LCFI9:
 653              		.cfi_def_cfa_offset 24
 654 0004 0400     		movs	r4, r0
 655 0006 0D00     		movs	r5, r1
 656 0008 1600     		movs	r6, r2
4096:Drivers/STM32G0xx_HAL_Driver/Src/stm32g0xx_hal_spi.c ****                                                || (hspi->Init.Direction == SPI_DIRECTION_2LINES_RXO
 657              		.loc 1 4096 3 is_stmt 1 view .LVU164
4096:Drivers/STM32G0xx_HAL_Driver/Src/stm32g0xx_hal_spi.c ****                                                || (hspi->Init.Direction == SPI_DIRECTION_2LINES_RXO
 658              		.loc 1 4096 18 is_stmt 0 view .LVU165
 659 000a 4268     		ldr	r2, [r0, #4]
 660              	.LVL53:
4096:Drivers/STM32G0xx_HAL_Driver/Src/stm32g0xx_hal_spi.c ****                                                || (hspi->Init.Direction == SPI_DIRECTION_2LINES_RXO
 661              		.loc 1 4096 6 view .LVU166
 662 000c 8223     		movs	r3, #130
 663 000e 5B00     		lsls	r3, r3, #1
 664 0010 9A42     		cmp	r2, r3
 665 0012 0FD0     		beq	.L53
 666              	.LVL54:
 667              	.L48:
4104:Drivers/STM32G0xx_HAL_Driver/Src/stm32g0xx_hal_spi.c ****   {
 668              		.loc 1 4104 3 is_stmt 1 view .LVU167
4104:Drivers/STM32G0xx_HAL_Driver/Src/stm32g0xx_hal_spi.c ****   {
 669              		.loc 1 4104 7 is_stmt 0 view .LVU168
 670 0014 0096     		str	r6, [sp]
 671 0016 2B00     		movs	r3, r5
 672 0018 0022     		movs	r2, #0
 673 001a 8021     		movs	r1, #128
 674 001c 2000     		movs	r0, r4
 675              	.LVL55:
4104:Drivers/STM32G0xx_HAL_Driver/Src/stm32g0xx_hal_spi.c ****   {
 676              		.loc 1 4104 7 view .LVU169
 677 001e FFF7FEFF 		bl	SPI_WaitFlagStateUntilTimeout
 678              	.LVL56:
4104:Drivers/STM32G0xx_HAL_Driver/Src/stm32g0xx_hal_spi.c ****   {
 679              		.loc 1 4104 6 discriminator 1 view .LVU170
 680 0022 0028     		cmp	r0, #0
 681 0024 15D1     		bne	.L54
4110:Drivers/STM32G0xx_HAL_Driver/Src/stm32g0xx_hal_spi.c ****                                                || (hspi->Init.Direction == SPI_DIRECTION_2LINES_RXO
ARM GAS  C:\Users\Domagoj\AppData\Local\Temp\ccvehG6g.s 			page 87


 682              		.loc 1 4110 3 is_stmt 1 view .LVU171
4110:Drivers/STM32G0xx_HAL_Driver/Src/stm32g0xx_hal_spi.c ****                                                || (hspi->Init.Direction == SPI_DIRECTION_2LINES_RXO
 683              		.loc 1 4110 18 is_stmt 0 view .LVU172
 684 0026 6268     		ldr	r2, [r4, #4]
4110:Drivers/STM32G0xx_HAL_Driver/Src/stm32g0xx_hal_spi.c ****                                                || (hspi->Init.Direction == SPI_DIRECTION_2LINES_RXO
 685              		.loc 1 4110 6 view .LVU173
 686 0028 8223     		movs	r3, #130
 687 002a 5B00     		lsls	r3, r3, #1
 688 002c 9A42     		cmp	r2, r3
 689 002e 16D0     		beq	.L55
 690              	.L51:
4121:Drivers/STM32G0xx_HAL_Driver/Src/stm32g0xx_hal_spi.c **** 
 691              		.loc 1 4121 1 view .LVU174
 692 0030 02B0     		add	sp, sp, #8
 693              		@ sp needed
 694              	.LVL57:
 695              	.LVL58:
 696              	.LVL59:
4121:Drivers/STM32G0xx_HAL_Driver/Src/stm32g0xx_hal_spi.c **** 
 697              		.loc 1 4121 1 view .LVU175
 698 0032 70BD     		pop	{r4, r5, r6, pc}
 699              	.LVL60:
 700              	.L53:
4096:Drivers/STM32G0xx_HAL_Driver/Src/stm32g0xx_hal_spi.c ****                                                || (hspi->Init.Direction == SPI_DIRECTION_2LINES_RXO
 701              		.loc 1 4096 59 discriminator 1 view .LVU176
 702 0034 8368     		ldr	r3, [r0, #8]
4096:Drivers/STM32G0xx_HAL_Driver/Src/stm32g0xx_hal_spi.c ****                                                || (hspi->Init.Direction == SPI_DIRECTION_2LINES_RXO
 703              		.loc 1 4096 44 discriminator 1 view .LVU177
 704 0036 8022     		movs	r2, #128
 705 0038 1202     		lsls	r2, r2, #8
 706 003a 9342     		cmp	r3, r2
 707 003c 03D0     		beq	.L49
4097:Drivers/STM32G0xx_HAL_Driver/Src/stm32g0xx_hal_spi.c ****   {
 708              		.loc 1 4097 48 view .LVU178
 709 003e 8022     		movs	r2, #128
 710 0040 D200     		lsls	r2, r2, #3
 711 0042 9342     		cmp	r3, r2
 712 0044 E6D1     		bne	.L48
 713              	.L49:
4100:Drivers/STM32G0xx_HAL_Driver/Src/stm32g0xx_hal_spi.c ****   }
 714              		.loc 1 4100 5 is_stmt 1 view .LVU179
 715 0046 2268     		ldr	r2, [r4]
 716 0048 1368     		ldr	r3, [r2]
 717 004a 4021     		movs	r1, #64
 718              	.LVL61:
4100:Drivers/STM32G0xx_HAL_Driver/Src/stm32g0xx_hal_spi.c ****   }
 719              		.loc 1 4100 5 is_stmt 0 view .LVU180
 720 004c 8B43     		bics	r3, r1
 721 004e 1360     		str	r3, [r2]
 722 0050 E0E7     		b	.L48
 723              	.LVL62:
 724              	.L54:
4106:Drivers/STM32G0xx_HAL_Driver/Src/stm32g0xx_hal_spi.c ****     return HAL_TIMEOUT;
 725              		.loc 1 4106 5 is_stmt 1 view .LVU181
 726 0052 236E     		ldr	r3, [r4, #96]
 727 0054 2022     		movs	r2, #32
 728 0056 1343     		orrs	r3, r2
ARM GAS  C:\Users\Domagoj\AppData\Local\Temp\ccvehG6g.s 			page 88


 729 0058 2366     		str	r3, [r4, #96]
4107:Drivers/STM32G0xx_HAL_Driver/Src/stm32g0xx_hal_spi.c ****   }
 730              		.loc 1 4107 5 view .LVU182
4107:Drivers/STM32G0xx_HAL_Driver/Src/stm32g0xx_hal_spi.c ****   }
 731              		.loc 1 4107 12 is_stmt 0 view .LVU183
 732 005a 0320     		movs	r0, #3
 733 005c E8E7     		b	.L51
 734              	.L55:
4110:Drivers/STM32G0xx_HAL_Driver/Src/stm32g0xx_hal_spi.c ****                                                || (hspi->Init.Direction == SPI_DIRECTION_2LINES_RXO
 735              		.loc 1 4110 59 discriminator 1 view .LVU184
 736 005e A368     		ldr	r3, [r4, #8]
4110:Drivers/STM32G0xx_HAL_Driver/Src/stm32g0xx_hal_spi.c ****                                                || (hspi->Init.Direction == SPI_DIRECTION_2LINES_RXO
 737              		.loc 1 4110 44 discriminator 1 view .LVU185
 738 0060 8022     		movs	r2, #128
 739 0062 1202     		lsls	r2, r2, #8
 740 0064 9342     		cmp	r3, r2
 741 0066 03D0     		beq	.L52
4111:Drivers/STM32G0xx_HAL_Driver/Src/stm32g0xx_hal_spi.c ****   {
 742              		.loc 1 4111 48 view .LVU186
 743 0068 8022     		movs	r2, #128
 744 006a D200     		lsls	r2, r2, #3
 745 006c 9342     		cmp	r3, r2
 746 006e DFD1     		bne	.L51
 747              	.L52:
4114:Drivers/STM32G0xx_HAL_Driver/Src/stm32g0xx_hal_spi.c ****     {
 748              		.loc 1 4114 5 is_stmt 1 view .LVU187
4114:Drivers/STM32G0xx_HAL_Driver/Src/stm32g0xx_hal_spi.c ****     {
 749              		.loc 1 4114 9 is_stmt 0 view .LVU188
 750 0070 C021     		movs	r1, #192
 751 0072 0096     		str	r6, [sp]
 752 0074 2B00     		movs	r3, r5
 753 0076 0022     		movs	r2, #0
 754 0078 C900     		lsls	r1, r1, #3
 755 007a 2000     		movs	r0, r4
 756 007c FFF7FEFF 		bl	SPI_WaitFifoStateUntilTimeout
 757              	.LVL63:
4114:Drivers/STM32G0xx_HAL_Driver/Src/stm32g0xx_hal_spi.c ****     {
 758              		.loc 1 4114 8 discriminator 1 view .LVU189
 759 0080 0028     		cmp	r0, #0
 760 0082 D5D0     		beq	.L51
4116:Drivers/STM32G0xx_HAL_Driver/Src/stm32g0xx_hal_spi.c ****       return HAL_TIMEOUT;
 761              		.loc 1 4116 7 is_stmt 1 view .LVU190
 762 0084 236E     		ldr	r3, [r4, #96]
 763 0086 2022     		movs	r2, #32
 764 0088 1343     		orrs	r3, r2
 765 008a 2366     		str	r3, [r4, #96]
4117:Drivers/STM32G0xx_HAL_Driver/Src/stm32g0xx_hal_spi.c ****     }
 766              		.loc 1 4117 7 view .LVU191
4117:Drivers/STM32G0xx_HAL_Driver/Src/stm32g0xx_hal_spi.c ****     }
 767              		.loc 1 4117 14 is_stmt 0 view .LVU192
 768 008c 0320     		movs	r0, #3
 769 008e CFE7     		b	.L51
 770              		.cfi_endproc
 771              	.LFE412:
 773              		.section	.text.SPI_AbortRx_ISR,"ax",%progbits
 774              		.align	1
 775              		.syntax unified
ARM GAS  C:\Users\Domagoj\AppData\Local\Temp\ccvehG6g.s 			page 89


 776              		.code	16
 777              		.thumb_func
 779              	SPI_AbortRx_ISR:
 780              	.LVL64:
 781              	.LFB417:
4155:Drivers/STM32G0xx_HAL_Driver/Src/stm32g0xx_hal_spi.c **** 
4156:Drivers/STM32G0xx_HAL_Driver/Src/stm32g0xx_hal_spi.c **** /**
4157:Drivers/STM32G0xx_HAL_Driver/Src/stm32g0xx_hal_spi.c ****   * @brief  Handle the end of the RXTX transaction.
4158:Drivers/STM32G0xx_HAL_Driver/Src/stm32g0xx_hal_spi.c ****   * @param  hspi pointer to a SPI_HandleTypeDef structure that contains
4159:Drivers/STM32G0xx_HAL_Driver/Src/stm32g0xx_hal_spi.c ****   *               the configuration information for SPI module.
4160:Drivers/STM32G0xx_HAL_Driver/Src/stm32g0xx_hal_spi.c ****   * @retval None
4161:Drivers/STM32G0xx_HAL_Driver/Src/stm32g0xx_hal_spi.c ****   */
4162:Drivers/STM32G0xx_HAL_Driver/Src/stm32g0xx_hal_spi.c **** static void SPI_CloseRxTx_ISR(SPI_HandleTypeDef *hspi)
4163:Drivers/STM32G0xx_HAL_Driver/Src/stm32g0xx_hal_spi.c **** {
4164:Drivers/STM32G0xx_HAL_Driver/Src/stm32g0xx_hal_spi.c ****   uint32_t tickstart;
4165:Drivers/STM32G0xx_HAL_Driver/Src/stm32g0xx_hal_spi.c **** 
4166:Drivers/STM32G0xx_HAL_Driver/Src/stm32g0xx_hal_spi.c ****   /* Init tickstart for timeout management */
4167:Drivers/STM32G0xx_HAL_Driver/Src/stm32g0xx_hal_spi.c ****   tickstart = HAL_GetTick();
4168:Drivers/STM32G0xx_HAL_Driver/Src/stm32g0xx_hal_spi.c **** 
4169:Drivers/STM32G0xx_HAL_Driver/Src/stm32g0xx_hal_spi.c ****   /* Disable ERR interrupt */
4170:Drivers/STM32G0xx_HAL_Driver/Src/stm32g0xx_hal_spi.c ****   __HAL_SPI_DISABLE_IT(hspi, SPI_IT_ERR);
4171:Drivers/STM32G0xx_HAL_Driver/Src/stm32g0xx_hal_spi.c **** 
4172:Drivers/STM32G0xx_HAL_Driver/Src/stm32g0xx_hal_spi.c ****   /* Check the end of the transaction */
4173:Drivers/STM32G0xx_HAL_Driver/Src/stm32g0xx_hal_spi.c ****   if (SPI_EndRxTxTransaction(hspi, SPI_DEFAULT_TIMEOUT, tickstart) != HAL_OK)
4174:Drivers/STM32G0xx_HAL_Driver/Src/stm32g0xx_hal_spi.c ****   {
4175:Drivers/STM32G0xx_HAL_Driver/Src/stm32g0xx_hal_spi.c ****     SET_BIT(hspi->ErrorCode, HAL_SPI_ERROR_FLAG);
4176:Drivers/STM32G0xx_HAL_Driver/Src/stm32g0xx_hal_spi.c ****   }
4177:Drivers/STM32G0xx_HAL_Driver/Src/stm32g0xx_hal_spi.c **** 
4178:Drivers/STM32G0xx_HAL_Driver/Src/stm32g0xx_hal_spi.c **** #if (USE_SPI_CRC != 0U)
4179:Drivers/STM32G0xx_HAL_Driver/Src/stm32g0xx_hal_spi.c ****   /* Check if CRC error occurred */
4180:Drivers/STM32G0xx_HAL_Driver/Src/stm32g0xx_hal_spi.c ****   if (__HAL_SPI_GET_FLAG(hspi, SPI_FLAG_CRCERR) != RESET)
4181:Drivers/STM32G0xx_HAL_Driver/Src/stm32g0xx_hal_spi.c ****   {
4182:Drivers/STM32G0xx_HAL_Driver/Src/stm32g0xx_hal_spi.c ****     hspi->State = HAL_SPI_STATE_READY;
4183:Drivers/STM32G0xx_HAL_Driver/Src/stm32g0xx_hal_spi.c ****     SET_BIT(hspi->ErrorCode, HAL_SPI_ERROR_CRC);
4184:Drivers/STM32G0xx_HAL_Driver/Src/stm32g0xx_hal_spi.c ****     __HAL_SPI_CLEAR_CRCERRFLAG(hspi);
4185:Drivers/STM32G0xx_HAL_Driver/Src/stm32g0xx_hal_spi.c ****     /* Call user error callback */
4186:Drivers/STM32G0xx_HAL_Driver/Src/stm32g0xx_hal_spi.c **** #if (USE_HAL_SPI_REGISTER_CALLBACKS == 1U)
4187:Drivers/STM32G0xx_HAL_Driver/Src/stm32g0xx_hal_spi.c ****     hspi->ErrorCallback(hspi);
4188:Drivers/STM32G0xx_HAL_Driver/Src/stm32g0xx_hal_spi.c **** #else
4189:Drivers/STM32G0xx_HAL_Driver/Src/stm32g0xx_hal_spi.c ****     HAL_SPI_ErrorCallback(hspi);
4190:Drivers/STM32G0xx_HAL_Driver/Src/stm32g0xx_hal_spi.c **** #endif /* USE_HAL_SPI_REGISTER_CALLBACKS */
4191:Drivers/STM32G0xx_HAL_Driver/Src/stm32g0xx_hal_spi.c ****   }
4192:Drivers/STM32G0xx_HAL_Driver/Src/stm32g0xx_hal_spi.c ****   else
4193:Drivers/STM32G0xx_HAL_Driver/Src/stm32g0xx_hal_spi.c ****   {
4194:Drivers/STM32G0xx_HAL_Driver/Src/stm32g0xx_hal_spi.c **** #endif /* USE_SPI_CRC */
4195:Drivers/STM32G0xx_HAL_Driver/Src/stm32g0xx_hal_spi.c ****     if (hspi->ErrorCode == HAL_SPI_ERROR_NONE)
4196:Drivers/STM32G0xx_HAL_Driver/Src/stm32g0xx_hal_spi.c ****     {
4197:Drivers/STM32G0xx_HAL_Driver/Src/stm32g0xx_hal_spi.c ****       if (hspi->State == HAL_SPI_STATE_BUSY_RX)
4198:Drivers/STM32G0xx_HAL_Driver/Src/stm32g0xx_hal_spi.c ****       {
4199:Drivers/STM32G0xx_HAL_Driver/Src/stm32g0xx_hal_spi.c ****         hspi->State = HAL_SPI_STATE_READY;
4200:Drivers/STM32G0xx_HAL_Driver/Src/stm32g0xx_hal_spi.c ****         /* Call user Rx complete callback */
4201:Drivers/STM32G0xx_HAL_Driver/Src/stm32g0xx_hal_spi.c **** #if (USE_HAL_SPI_REGISTER_CALLBACKS == 1U)
4202:Drivers/STM32G0xx_HAL_Driver/Src/stm32g0xx_hal_spi.c ****         hspi->RxCpltCallback(hspi);
4203:Drivers/STM32G0xx_HAL_Driver/Src/stm32g0xx_hal_spi.c **** #else
4204:Drivers/STM32G0xx_HAL_Driver/Src/stm32g0xx_hal_spi.c ****         HAL_SPI_RxCpltCallback(hspi);
4205:Drivers/STM32G0xx_HAL_Driver/Src/stm32g0xx_hal_spi.c **** #endif /* USE_HAL_SPI_REGISTER_CALLBACKS */
4206:Drivers/STM32G0xx_HAL_Driver/Src/stm32g0xx_hal_spi.c ****       }
ARM GAS  C:\Users\Domagoj\AppData\Local\Temp\ccvehG6g.s 			page 90


4207:Drivers/STM32G0xx_HAL_Driver/Src/stm32g0xx_hal_spi.c ****       else
4208:Drivers/STM32G0xx_HAL_Driver/Src/stm32g0xx_hal_spi.c ****       {
4209:Drivers/STM32G0xx_HAL_Driver/Src/stm32g0xx_hal_spi.c ****         hspi->State = HAL_SPI_STATE_READY;
4210:Drivers/STM32G0xx_HAL_Driver/Src/stm32g0xx_hal_spi.c ****         /* Call user TxRx complete callback */
4211:Drivers/STM32G0xx_HAL_Driver/Src/stm32g0xx_hal_spi.c **** #if (USE_HAL_SPI_REGISTER_CALLBACKS == 1U)
4212:Drivers/STM32G0xx_HAL_Driver/Src/stm32g0xx_hal_spi.c ****         hspi->TxRxCpltCallback(hspi);
4213:Drivers/STM32G0xx_HAL_Driver/Src/stm32g0xx_hal_spi.c **** #else
4214:Drivers/STM32G0xx_HAL_Driver/Src/stm32g0xx_hal_spi.c ****         HAL_SPI_TxRxCpltCallback(hspi);
4215:Drivers/STM32G0xx_HAL_Driver/Src/stm32g0xx_hal_spi.c **** #endif /* USE_HAL_SPI_REGISTER_CALLBACKS */
4216:Drivers/STM32G0xx_HAL_Driver/Src/stm32g0xx_hal_spi.c ****       }
4217:Drivers/STM32G0xx_HAL_Driver/Src/stm32g0xx_hal_spi.c ****     }
4218:Drivers/STM32G0xx_HAL_Driver/Src/stm32g0xx_hal_spi.c ****     else
4219:Drivers/STM32G0xx_HAL_Driver/Src/stm32g0xx_hal_spi.c ****     {
4220:Drivers/STM32G0xx_HAL_Driver/Src/stm32g0xx_hal_spi.c ****       hspi->State = HAL_SPI_STATE_READY;
4221:Drivers/STM32G0xx_HAL_Driver/Src/stm32g0xx_hal_spi.c ****       /* Call user error callback */
4222:Drivers/STM32G0xx_HAL_Driver/Src/stm32g0xx_hal_spi.c **** #if (USE_HAL_SPI_REGISTER_CALLBACKS == 1U)
4223:Drivers/STM32G0xx_HAL_Driver/Src/stm32g0xx_hal_spi.c ****       hspi->ErrorCallback(hspi);
4224:Drivers/STM32G0xx_HAL_Driver/Src/stm32g0xx_hal_spi.c **** #else
4225:Drivers/STM32G0xx_HAL_Driver/Src/stm32g0xx_hal_spi.c ****       HAL_SPI_ErrorCallback(hspi);
4226:Drivers/STM32G0xx_HAL_Driver/Src/stm32g0xx_hal_spi.c **** #endif /* USE_HAL_SPI_REGISTER_CALLBACKS */
4227:Drivers/STM32G0xx_HAL_Driver/Src/stm32g0xx_hal_spi.c ****     }
4228:Drivers/STM32G0xx_HAL_Driver/Src/stm32g0xx_hal_spi.c **** #if (USE_SPI_CRC != 0U)
4229:Drivers/STM32G0xx_HAL_Driver/Src/stm32g0xx_hal_spi.c ****   }
4230:Drivers/STM32G0xx_HAL_Driver/Src/stm32g0xx_hal_spi.c **** #endif /* USE_SPI_CRC */
4231:Drivers/STM32G0xx_HAL_Driver/Src/stm32g0xx_hal_spi.c **** }
4232:Drivers/STM32G0xx_HAL_Driver/Src/stm32g0xx_hal_spi.c **** 
4233:Drivers/STM32G0xx_HAL_Driver/Src/stm32g0xx_hal_spi.c **** /**
4234:Drivers/STM32G0xx_HAL_Driver/Src/stm32g0xx_hal_spi.c ****   * @brief  Handle the end of the RX transaction.
4235:Drivers/STM32G0xx_HAL_Driver/Src/stm32g0xx_hal_spi.c ****   * @param  hspi pointer to a SPI_HandleTypeDef structure that contains
4236:Drivers/STM32G0xx_HAL_Driver/Src/stm32g0xx_hal_spi.c ****   *               the configuration information for SPI module.
4237:Drivers/STM32G0xx_HAL_Driver/Src/stm32g0xx_hal_spi.c ****   * @retval None
4238:Drivers/STM32G0xx_HAL_Driver/Src/stm32g0xx_hal_spi.c ****   */
4239:Drivers/STM32G0xx_HAL_Driver/Src/stm32g0xx_hal_spi.c **** static void SPI_CloseRx_ISR(SPI_HandleTypeDef *hspi)
4240:Drivers/STM32G0xx_HAL_Driver/Src/stm32g0xx_hal_spi.c **** {
4241:Drivers/STM32G0xx_HAL_Driver/Src/stm32g0xx_hal_spi.c ****   /* Disable RXNE and ERR interrupt */
4242:Drivers/STM32G0xx_HAL_Driver/Src/stm32g0xx_hal_spi.c ****   __HAL_SPI_DISABLE_IT(hspi, (SPI_IT_RXNE | SPI_IT_ERR));
4243:Drivers/STM32G0xx_HAL_Driver/Src/stm32g0xx_hal_spi.c **** 
4244:Drivers/STM32G0xx_HAL_Driver/Src/stm32g0xx_hal_spi.c ****   /* Check the end of the transaction */
4245:Drivers/STM32G0xx_HAL_Driver/Src/stm32g0xx_hal_spi.c ****   if (SPI_EndRxTransaction(hspi, SPI_DEFAULT_TIMEOUT, HAL_GetTick()) != HAL_OK)
4246:Drivers/STM32G0xx_HAL_Driver/Src/stm32g0xx_hal_spi.c ****   {
4247:Drivers/STM32G0xx_HAL_Driver/Src/stm32g0xx_hal_spi.c ****     SET_BIT(hspi->ErrorCode, HAL_SPI_ERROR_FLAG);
4248:Drivers/STM32G0xx_HAL_Driver/Src/stm32g0xx_hal_spi.c ****   }
4249:Drivers/STM32G0xx_HAL_Driver/Src/stm32g0xx_hal_spi.c ****   hspi->State = HAL_SPI_STATE_READY;
4250:Drivers/STM32G0xx_HAL_Driver/Src/stm32g0xx_hal_spi.c **** 
4251:Drivers/STM32G0xx_HAL_Driver/Src/stm32g0xx_hal_spi.c **** #if (USE_SPI_CRC != 0U)
4252:Drivers/STM32G0xx_HAL_Driver/Src/stm32g0xx_hal_spi.c ****   /* Check if CRC error occurred */
4253:Drivers/STM32G0xx_HAL_Driver/Src/stm32g0xx_hal_spi.c ****   if (__HAL_SPI_GET_FLAG(hspi, SPI_FLAG_CRCERR) != RESET)
4254:Drivers/STM32G0xx_HAL_Driver/Src/stm32g0xx_hal_spi.c ****   {
4255:Drivers/STM32G0xx_HAL_Driver/Src/stm32g0xx_hal_spi.c ****     SET_BIT(hspi->ErrorCode, HAL_SPI_ERROR_CRC);
4256:Drivers/STM32G0xx_HAL_Driver/Src/stm32g0xx_hal_spi.c ****     __HAL_SPI_CLEAR_CRCERRFLAG(hspi);
4257:Drivers/STM32G0xx_HAL_Driver/Src/stm32g0xx_hal_spi.c ****     /* Call user error callback */
4258:Drivers/STM32G0xx_HAL_Driver/Src/stm32g0xx_hal_spi.c **** #if (USE_HAL_SPI_REGISTER_CALLBACKS == 1U)
4259:Drivers/STM32G0xx_HAL_Driver/Src/stm32g0xx_hal_spi.c ****     hspi->ErrorCallback(hspi);
4260:Drivers/STM32G0xx_HAL_Driver/Src/stm32g0xx_hal_spi.c **** #else
4261:Drivers/STM32G0xx_HAL_Driver/Src/stm32g0xx_hal_spi.c ****     HAL_SPI_ErrorCallback(hspi);
4262:Drivers/STM32G0xx_HAL_Driver/Src/stm32g0xx_hal_spi.c **** #endif /* USE_HAL_SPI_REGISTER_CALLBACKS */
4263:Drivers/STM32G0xx_HAL_Driver/Src/stm32g0xx_hal_spi.c ****   }
ARM GAS  C:\Users\Domagoj\AppData\Local\Temp\ccvehG6g.s 			page 91


4264:Drivers/STM32G0xx_HAL_Driver/Src/stm32g0xx_hal_spi.c ****   else
4265:Drivers/STM32G0xx_HAL_Driver/Src/stm32g0xx_hal_spi.c ****   {
4266:Drivers/STM32G0xx_HAL_Driver/Src/stm32g0xx_hal_spi.c **** #endif /* USE_SPI_CRC */
4267:Drivers/STM32G0xx_HAL_Driver/Src/stm32g0xx_hal_spi.c ****     if (hspi->ErrorCode == HAL_SPI_ERROR_NONE)
4268:Drivers/STM32G0xx_HAL_Driver/Src/stm32g0xx_hal_spi.c ****     {
4269:Drivers/STM32G0xx_HAL_Driver/Src/stm32g0xx_hal_spi.c ****       /* Call user Rx complete callback */
4270:Drivers/STM32G0xx_HAL_Driver/Src/stm32g0xx_hal_spi.c **** #if (USE_HAL_SPI_REGISTER_CALLBACKS == 1U)
4271:Drivers/STM32G0xx_HAL_Driver/Src/stm32g0xx_hal_spi.c ****       hspi->RxCpltCallback(hspi);
4272:Drivers/STM32G0xx_HAL_Driver/Src/stm32g0xx_hal_spi.c **** #else
4273:Drivers/STM32G0xx_HAL_Driver/Src/stm32g0xx_hal_spi.c ****       HAL_SPI_RxCpltCallback(hspi);
4274:Drivers/STM32G0xx_HAL_Driver/Src/stm32g0xx_hal_spi.c **** #endif /* USE_HAL_SPI_REGISTER_CALLBACKS */
4275:Drivers/STM32G0xx_HAL_Driver/Src/stm32g0xx_hal_spi.c ****     }
4276:Drivers/STM32G0xx_HAL_Driver/Src/stm32g0xx_hal_spi.c ****     else
4277:Drivers/STM32G0xx_HAL_Driver/Src/stm32g0xx_hal_spi.c ****     {
4278:Drivers/STM32G0xx_HAL_Driver/Src/stm32g0xx_hal_spi.c ****       /* Call user error callback */
4279:Drivers/STM32G0xx_HAL_Driver/Src/stm32g0xx_hal_spi.c **** #if (USE_HAL_SPI_REGISTER_CALLBACKS == 1U)
4280:Drivers/STM32G0xx_HAL_Driver/Src/stm32g0xx_hal_spi.c ****       hspi->ErrorCallback(hspi);
4281:Drivers/STM32G0xx_HAL_Driver/Src/stm32g0xx_hal_spi.c **** #else
4282:Drivers/STM32G0xx_HAL_Driver/Src/stm32g0xx_hal_spi.c ****       HAL_SPI_ErrorCallback(hspi);
4283:Drivers/STM32G0xx_HAL_Driver/Src/stm32g0xx_hal_spi.c **** #endif /* USE_HAL_SPI_REGISTER_CALLBACKS */
4284:Drivers/STM32G0xx_HAL_Driver/Src/stm32g0xx_hal_spi.c ****     }
4285:Drivers/STM32G0xx_HAL_Driver/Src/stm32g0xx_hal_spi.c **** #if (USE_SPI_CRC != 0U)
4286:Drivers/STM32G0xx_HAL_Driver/Src/stm32g0xx_hal_spi.c ****   }
4287:Drivers/STM32G0xx_HAL_Driver/Src/stm32g0xx_hal_spi.c **** #endif /* USE_SPI_CRC */
4288:Drivers/STM32G0xx_HAL_Driver/Src/stm32g0xx_hal_spi.c **** }
4289:Drivers/STM32G0xx_HAL_Driver/Src/stm32g0xx_hal_spi.c **** 
4290:Drivers/STM32G0xx_HAL_Driver/Src/stm32g0xx_hal_spi.c **** /**
4291:Drivers/STM32G0xx_HAL_Driver/Src/stm32g0xx_hal_spi.c ****   * @brief  Handle the end of the TX transaction.
4292:Drivers/STM32G0xx_HAL_Driver/Src/stm32g0xx_hal_spi.c ****   * @param  hspi pointer to a SPI_HandleTypeDef structure that contains
4293:Drivers/STM32G0xx_HAL_Driver/Src/stm32g0xx_hal_spi.c ****   *               the configuration information for SPI module.
4294:Drivers/STM32G0xx_HAL_Driver/Src/stm32g0xx_hal_spi.c ****   * @retval None
4295:Drivers/STM32G0xx_HAL_Driver/Src/stm32g0xx_hal_spi.c ****   */
4296:Drivers/STM32G0xx_HAL_Driver/Src/stm32g0xx_hal_spi.c **** static void SPI_CloseTx_ISR(SPI_HandleTypeDef *hspi)
4297:Drivers/STM32G0xx_HAL_Driver/Src/stm32g0xx_hal_spi.c **** {
4298:Drivers/STM32G0xx_HAL_Driver/Src/stm32g0xx_hal_spi.c ****   uint32_t tickstart;
4299:Drivers/STM32G0xx_HAL_Driver/Src/stm32g0xx_hal_spi.c **** 
4300:Drivers/STM32G0xx_HAL_Driver/Src/stm32g0xx_hal_spi.c ****   /* Init tickstart for timeout management*/
4301:Drivers/STM32G0xx_HAL_Driver/Src/stm32g0xx_hal_spi.c ****   tickstart = HAL_GetTick();
4302:Drivers/STM32G0xx_HAL_Driver/Src/stm32g0xx_hal_spi.c **** 
4303:Drivers/STM32G0xx_HAL_Driver/Src/stm32g0xx_hal_spi.c ****   /* Disable TXE and ERR interrupt */
4304:Drivers/STM32G0xx_HAL_Driver/Src/stm32g0xx_hal_spi.c ****   __HAL_SPI_DISABLE_IT(hspi, (SPI_IT_TXE | SPI_IT_ERR));
4305:Drivers/STM32G0xx_HAL_Driver/Src/stm32g0xx_hal_spi.c **** 
4306:Drivers/STM32G0xx_HAL_Driver/Src/stm32g0xx_hal_spi.c ****   /* Check the end of the transaction */
4307:Drivers/STM32G0xx_HAL_Driver/Src/stm32g0xx_hal_spi.c ****   if (SPI_EndRxTxTransaction(hspi, SPI_DEFAULT_TIMEOUT, tickstart) != HAL_OK)
4308:Drivers/STM32G0xx_HAL_Driver/Src/stm32g0xx_hal_spi.c ****   {
4309:Drivers/STM32G0xx_HAL_Driver/Src/stm32g0xx_hal_spi.c ****     SET_BIT(hspi->ErrorCode, HAL_SPI_ERROR_FLAG);
4310:Drivers/STM32G0xx_HAL_Driver/Src/stm32g0xx_hal_spi.c ****   }
4311:Drivers/STM32G0xx_HAL_Driver/Src/stm32g0xx_hal_spi.c **** 
4312:Drivers/STM32G0xx_HAL_Driver/Src/stm32g0xx_hal_spi.c ****   /* Clear overrun flag in 2 Lines communication mode because received is not read */
4313:Drivers/STM32G0xx_HAL_Driver/Src/stm32g0xx_hal_spi.c ****   if (hspi->Init.Direction == SPI_DIRECTION_2LINES)
4314:Drivers/STM32G0xx_HAL_Driver/Src/stm32g0xx_hal_spi.c ****   {
4315:Drivers/STM32G0xx_HAL_Driver/Src/stm32g0xx_hal_spi.c ****     __HAL_SPI_CLEAR_OVRFLAG(hspi);
4316:Drivers/STM32G0xx_HAL_Driver/Src/stm32g0xx_hal_spi.c ****   }
4317:Drivers/STM32G0xx_HAL_Driver/Src/stm32g0xx_hal_spi.c **** 
4318:Drivers/STM32G0xx_HAL_Driver/Src/stm32g0xx_hal_spi.c ****   hspi->State = HAL_SPI_STATE_READY;
4319:Drivers/STM32G0xx_HAL_Driver/Src/stm32g0xx_hal_spi.c ****   if (hspi->ErrorCode != HAL_SPI_ERROR_NONE)
4320:Drivers/STM32G0xx_HAL_Driver/Src/stm32g0xx_hal_spi.c ****   {
ARM GAS  C:\Users\Domagoj\AppData\Local\Temp\ccvehG6g.s 			page 92


4321:Drivers/STM32G0xx_HAL_Driver/Src/stm32g0xx_hal_spi.c ****     /* Call user error callback */
4322:Drivers/STM32G0xx_HAL_Driver/Src/stm32g0xx_hal_spi.c **** #if (USE_HAL_SPI_REGISTER_CALLBACKS == 1U)
4323:Drivers/STM32G0xx_HAL_Driver/Src/stm32g0xx_hal_spi.c ****     hspi->ErrorCallback(hspi);
4324:Drivers/STM32G0xx_HAL_Driver/Src/stm32g0xx_hal_spi.c **** #else
4325:Drivers/STM32G0xx_HAL_Driver/Src/stm32g0xx_hal_spi.c ****     HAL_SPI_ErrorCallback(hspi);
4326:Drivers/STM32G0xx_HAL_Driver/Src/stm32g0xx_hal_spi.c **** #endif /* USE_HAL_SPI_REGISTER_CALLBACKS */
4327:Drivers/STM32G0xx_HAL_Driver/Src/stm32g0xx_hal_spi.c ****   }
4328:Drivers/STM32G0xx_HAL_Driver/Src/stm32g0xx_hal_spi.c ****   else
4329:Drivers/STM32G0xx_HAL_Driver/Src/stm32g0xx_hal_spi.c ****   {
4330:Drivers/STM32G0xx_HAL_Driver/Src/stm32g0xx_hal_spi.c ****     /* Call user Rx complete callback */
4331:Drivers/STM32G0xx_HAL_Driver/Src/stm32g0xx_hal_spi.c **** #if (USE_HAL_SPI_REGISTER_CALLBACKS == 1U)
4332:Drivers/STM32G0xx_HAL_Driver/Src/stm32g0xx_hal_spi.c ****     hspi->TxCpltCallback(hspi);
4333:Drivers/STM32G0xx_HAL_Driver/Src/stm32g0xx_hal_spi.c **** #else
4334:Drivers/STM32G0xx_HAL_Driver/Src/stm32g0xx_hal_spi.c ****     HAL_SPI_TxCpltCallback(hspi);
4335:Drivers/STM32G0xx_HAL_Driver/Src/stm32g0xx_hal_spi.c **** #endif /* USE_HAL_SPI_REGISTER_CALLBACKS */
4336:Drivers/STM32G0xx_HAL_Driver/Src/stm32g0xx_hal_spi.c ****   }
4337:Drivers/STM32G0xx_HAL_Driver/Src/stm32g0xx_hal_spi.c **** }
4338:Drivers/STM32G0xx_HAL_Driver/Src/stm32g0xx_hal_spi.c **** 
4339:Drivers/STM32G0xx_HAL_Driver/Src/stm32g0xx_hal_spi.c **** /**
4340:Drivers/STM32G0xx_HAL_Driver/Src/stm32g0xx_hal_spi.c ****   * @brief  Handle abort a Rx transaction.
4341:Drivers/STM32G0xx_HAL_Driver/Src/stm32g0xx_hal_spi.c ****   * @param  hspi pointer to a SPI_HandleTypeDef structure that contains
4342:Drivers/STM32G0xx_HAL_Driver/Src/stm32g0xx_hal_spi.c ****   *               the configuration information for SPI module.
4343:Drivers/STM32G0xx_HAL_Driver/Src/stm32g0xx_hal_spi.c ****   * @retval None
4344:Drivers/STM32G0xx_HAL_Driver/Src/stm32g0xx_hal_spi.c ****   */
4345:Drivers/STM32G0xx_HAL_Driver/Src/stm32g0xx_hal_spi.c **** static void SPI_AbortRx_ISR(SPI_HandleTypeDef *hspi)
4346:Drivers/STM32G0xx_HAL_Driver/Src/stm32g0xx_hal_spi.c **** {
 782              		.loc 1 4346 1 is_stmt 1 view -0
 783              		.cfi_startproc
 784              		@ args = 0, pretend = 0, frame = 8
 785              		@ frame_needed = 0, uses_anonymous_args = 0
 786              		.loc 1 4346 1 is_stmt 0 view .LVU194
 787 0000 30B5     		push	{r4, r5, lr}
 788              	.LCFI10:
 789              		.cfi_def_cfa_offset 12
 790              		.cfi_offset 4, -12
 791              		.cfi_offset 5, -8
 792              		.cfi_offset 14, -4
 793 0002 85B0     		sub	sp, sp, #20
 794              	.LCFI11:
 795              		.cfi_def_cfa_offset 32
 796 0004 0400     		movs	r4, r0
4347:Drivers/STM32G0xx_HAL_Driver/Src/stm32g0xx_hal_spi.c ****   __IO uint32_t count;
 797              		.loc 1 4347 3 is_stmt 1 view .LVU195
4348:Drivers/STM32G0xx_HAL_Driver/Src/stm32g0xx_hal_spi.c **** 
4349:Drivers/STM32G0xx_HAL_Driver/Src/stm32g0xx_hal_spi.c ****   /* Disable SPI Peripheral */
4350:Drivers/STM32G0xx_HAL_Driver/Src/stm32g0xx_hal_spi.c ****   __HAL_SPI_DISABLE(hspi);
 798              		.loc 1 4350 3 view .LVU196
 799 0006 0268     		ldr	r2, [r0]
 800 0008 1368     		ldr	r3, [r2]
 801 000a 4025     		movs	r5, #64
 802 000c AB43     		bics	r3, r5
 803 000e 1360     		str	r3, [r2]
4351:Drivers/STM32G0xx_HAL_Driver/Src/stm32g0xx_hal_spi.c **** 
4352:Drivers/STM32G0xx_HAL_Driver/Src/stm32g0xx_hal_spi.c ****   count = SPI_DEFAULT_TIMEOUT * (SystemCoreClock / 24U / 1000U);
 804              		.loc 1 4352 3 view .LVU197
 805              		.loc 1 4352 56 is_stmt 0 view .LVU198
 806 0010 1D4B     		ldr	r3, .L64
ARM GAS  C:\Users\Domagoj\AppData\Local\Temp\ccvehG6g.s 			page 93


 807 0012 1868     		ldr	r0, [r3]
 808              	.LVL65:
 809              		.loc 1 4352 56 view .LVU199
 810 0014 1D49     		ldr	r1, .L64+4
 811 0016 FFF7FEFF 		bl	__aeabi_uidiv
 812              	.LVL66:
 813              		.loc 1 4352 31 view .LVU200
 814 001a 6423     		movs	r3, #100
 815 001c 4343     		muls	r3, r0
 816              		.loc 1 4352 9 view .LVU201
 817 001e 0393     		str	r3, [sp, #12]
4353:Drivers/STM32G0xx_HAL_Driver/Src/stm32g0xx_hal_spi.c **** 
4354:Drivers/STM32G0xx_HAL_Driver/Src/stm32g0xx_hal_spi.c ****   /* Disable RXNEIE interrupt */
4355:Drivers/STM32G0xx_HAL_Driver/Src/stm32g0xx_hal_spi.c ****   CLEAR_BIT(hspi->Instance->CR2, (SPI_CR2_RXNEIE));
 818              		.loc 1 4355 3 is_stmt 1 view .LVU202
 819 0020 2268     		ldr	r2, [r4]
 820 0022 5368     		ldr	r3, [r2, #4]
 821 0024 AB43     		bics	r3, r5
 822 0026 5360     		str	r3, [r2, #4]
 823              	.L59:
4356:Drivers/STM32G0xx_HAL_Driver/Src/stm32g0xx_hal_spi.c **** 
4357:Drivers/STM32G0xx_HAL_Driver/Src/stm32g0xx_hal_spi.c ****   /* Check RXNEIE is disabled */
4358:Drivers/STM32G0xx_HAL_Driver/Src/stm32g0xx_hal_spi.c ****   do
 824              		.loc 1 4358 3 view .LVU203
4359:Drivers/STM32G0xx_HAL_Driver/Src/stm32g0xx_hal_spi.c ****   {
4360:Drivers/STM32G0xx_HAL_Driver/Src/stm32g0xx_hal_spi.c ****     if (count == 0U)
 825              		.loc 1 4360 5 view .LVU204
 826              		.loc 1 4360 15 is_stmt 0 view .LVU205
 827 0028 039B     		ldr	r3, [sp, #12]
 828              		.loc 1 4360 8 view .LVU206
 829 002a 002B     		cmp	r3, #0
 830 002c 07D0     		beq	.L63
4361:Drivers/STM32G0xx_HAL_Driver/Src/stm32g0xx_hal_spi.c ****     {
4362:Drivers/STM32G0xx_HAL_Driver/Src/stm32g0xx_hal_spi.c ****       SET_BIT(hspi->ErrorCode, HAL_SPI_ERROR_ABORT);
4363:Drivers/STM32G0xx_HAL_Driver/Src/stm32g0xx_hal_spi.c ****       break;
4364:Drivers/STM32G0xx_HAL_Driver/Src/stm32g0xx_hal_spi.c ****     }
4365:Drivers/STM32G0xx_HAL_Driver/Src/stm32g0xx_hal_spi.c ****     count--;
 831              		.loc 1 4365 5 is_stmt 1 view .LVU207
 832              		.loc 1 4365 10 is_stmt 0 view .LVU208
 833 002e 039B     		ldr	r3, [sp, #12]
 834 0030 013B     		subs	r3, r3, #1
 835 0032 0393     		str	r3, [sp, #12]
4366:Drivers/STM32G0xx_HAL_Driver/Src/stm32g0xx_hal_spi.c ****   } while (HAL_IS_BIT_SET(hspi->Instance->CR2, SPI_CR2_RXNEIE));
 836              		.loc 1 4366 12 is_stmt 1 view .LVU209
 837 0034 2368     		ldr	r3, [r4]
 838 0036 5B68     		ldr	r3, [r3, #4]
 839 0038 5B06     		lsls	r3, r3, #25
 840 003a F5D4     		bmi	.L59
 841 003c 03E0     		b	.L58
 842              	.L63:
4362:Drivers/STM32G0xx_HAL_Driver/Src/stm32g0xx_hal_spi.c ****       break;
 843              		.loc 1 4362 7 view .LVU210
 844 003e 236E     		ldr	r3, [r4, #96]
 845 0040 4022     		movs	r2, #64
 846 0042 1343     		orrs	r3, r2
 847 0044 2366     		str	r3, [r4, #96]
4363:Drivers/STM32G0xx_HAL_Driver/Src/stm32g0xx_hal_spi.c ****     }
ARM GAS  C:\Users\Domagoj\AppData\Local\Temp\ccvehG6g.s 			page 94


 848              		.loc 1 4363 7 view .LVU211
 849              	.L58:
4367:Drivers/STM32G0xx_HAL_Driver/Src/stm32g0xx_hal_spi.c **** 
4368:Drivers/STM32G0xx_HAL_Driver/Src/stm32g0xx_hal_spi.c ****   /* Control the BSY flag */
4369:Drivers/STM32G0xx_HAL_Driver/Src/stm32g0xx_hal_spi.c ****   if (SPI_WaitFlagStateUntilTimeout(hspi, SPI_FLAG_BSY, RESET, SPI_DEFAULT_TIMEOUT, HAL_GetTick()) 
 850              		.loc 1 4369 3 view .LVU212
 851              		.loc 1 4369 7 is_stmt 0 view .LVU213
 852 0046 FFF7FEFF 		bl	HAL_GetTick
 853              	.LVL67:
 854              		.loc 1 4369 7 discriminator 1 view .LVU214
 855 004a 0090     		str	r0, [sp]
 856 004c 6423     		movs	r3, #100
 857 004e 0022     		movs	r2, #0
 858 0050 8021     		movs	r1, #128
 859 0052 2000     		movs	r0, r4
 860 0054 FFF7FEFF 		bl	SPI_WaitFlagStateUntilTimeout
 861              	.LVL68:
 862              		.loc 1 4369 6 discriminator 2 view .LVU215
 863 0058 0028     		cmp	r0, #0
 864 005a 01D0     		beq	.L60
4370:Drivers/STM32G0xx_HAL_Driver/Src/stm32g0xx_hal_spi.c ****   {
4371:Drivers/STM32G0xx_HAL_Driver/Src/stm32g0xx_hal_spi.c ****     hspi->ErrorCode = HAL_SPI_ERROR_ABORT;
 865              		.loc 1 4371 5 is_stmt 1 view .LVU216
 866              		.loc 1 4371 21 is_stmt 0 view .LVU217
 867 005c 4023     		movs	r3, #64
 868 005e 2366     		str	r3, [r4, #96]
 869              	.L60:
4372:Drivers/STM32G0xx_HAL_Driver/Src/stm32g0xx_hal_spi.c ****   }
4373:Drivers/STM32G0xx_HAL_Driver/Src/stm32g0xx_hal_spi.c **** 
4374:Drivers/STM32G0xx_HAL_Driver/Src/stm32g0xx_hal_spi.c ****   /* Empty the FRLVL fifo */
4375:Drivers/STM32G0xx_HAL_Driver/Src/stm32g0xx_hal_spi.c ****   if (SPI_WaitFifoStateUntilTimeout(hspi, SPI_FLAG_FRLVL, SPI_FRLVL_EMPTY, SPI_DEFAULT_TIMEOUT,
 870              		.loc 1 4375 3 is_stmt 1 view .LVU218
 871              		.loc 1 4375 7 is_stmt 0 view .LVU219
 872 0060 FFF7FEFF 		bl	HAL_GetTick
 873              	.LVL69:
 874              		.loc 1 4375 7 discriminator 1 view .LVU220
 875 0064 C021     		movs	r1, #192
 876 0066 0090     		str	r0, [sp]
 877 0068 6423     		movs	r3, #100
 878 006a 0022     		movs	r2, #0
 879 006c C900     		lsls	r1, r1, #3
 880 006e 2000     		movs	r0, r4
 881 0070 FFF7FEFF 		bl	SPI_WaitFifoStateUntilTimeout
 882              	.LVL70:
 883              		.loc 1 4375 6 discriminator 2 view .LVU221
 884 0074 0028     		cmp	r0, #0
 885 0076 01D0     		beq	.L61
4376:Drivers/STM32G0xx_HAL_Driver/Src/stm32g0xx_hal_spi.c ****                                     HAL_GetTick()) != HAL_OK)
4377:Drivers/STM32G0xx_HAL_Driver/Src/stm32g0xx_hal_spi.c ****   {
4378:Drivers/STM32G0xx_HAL_Driver/Src/stm32g0xx_hal_spi.c ****     hspi->ErrorCode = HAL_SPI_ERROR_ABORT;
 886              		.loc 1 4378 5 is_stmt 1 view .LVU222
 887              		.loc 1 4378 21 is_stmt 0 view .LVU223
 888 0078 4023     		movs	r3, #64
 889 007a 2366     		str	r3, [r4, #96]
 890              	.L61:
4379:Drivers/STM32G0xx_HAL_Driver/Src/stm32g0xx_hal_spi.c ****   }
4380:Drivers/STM32G0xx_HAL_Driver/Src/stm32g0xx_hal_spi.c **** 
ARM GAS  C:\Users\Domagoj\AppData\Local\Temp\ccvehG6g.s 			page 95


4381:Drivers/STM32G0xx_HAL_Driver/Src/stm32g0xx_hal_spi.c ****   hspi->State = HAL_SPI_STATE_ABORT;
 891              		.loc 1 4381 3 is_stmt 1 view .LVU224
 892              		.loc 1 4381 15 is_stmt 0 view .LVU225
 893 007c 5D23     		movs	r3, #93
 894 007e 0722     		movs	r2, #7
 895 0080 E254     		strb	r2, [r4, r3]
4382:Drivers/STM32G0xx_HAL_Driver/Src/stm32g0xx_hal_spi.c **** }
 896              		.loc 1 4382 1 view .LVU226
 897 0082 05B0     		add	sp, sp, #20
 898              		@ sp needed
 899              	.LVL71:
 900              		.loc 1 4382 1 view .LVU227
 901 0084 30BD     		pop	{r4, r5, pc}
 902              	.L65:
 903 0086 C046     		.align	2
 904              	.L64:
 905 0088 00000000 		.word	SystemCoreClock
 906 008c C05D0000 		.word	24000
 907              		.cfi_endproc
 908              	.LFE417:
 910              		.section	.text.SPI_AbortTx_ISR,"ax",%progbits
 911              		.align	1
 912              		.syntax unified
 913              		.code	16
 914              		.thumb_func
 916              	SPI_AbortTx_ISR:
 917              	.LVL72:
 918              	.LFB418:
4383:Drivers/STM32G0xx_HAL_Driver/Src/stm32g0xx_hal_spi.c **** 
4384:Drivers/STM32G0xx_HAL_Driver/Src/stm32g0xx_hal_spi.c **** /**
4385:Drivers/STM32G0xx_HAL_Driver/Src/stm32g0xx_hal_spi.c ****   * @brief  Handle abort a Tx or Rx/Tx transaction.
4386:Drivers/STM32G0xx_HAL_Driver/Src/stm32g0xx_hal_spi.c ****   * @param  hspi pointer to a SPI_HandleTypeDef structure that contains
4387:Drivers/STM32G0xx_HAL_Driver/Src/stm32g0xx_hal_spi.c ****   *               the configuration information for SPI module.
4388:Drivers/STM32G0xx_HAL_Driver/Src/stm32g0xx_hal_spi.c ****   * @retval None
4389:Drivers/STM32G0xx_HAL_Driver/Src/stm32g0xx_hal_spi.c ****   */
4390:Drivers/STM32G0xx_HAL_Driver/Src/stm32g0xx_hal_spi.c **** static void SPI_AbortTx_ISR(SPI_HandleTypeDef *hspi)
4391:Drivers/STM32G0xx_HAL_Driver/Src/stm32g0xx_hal_spi.c **** {
 919              		.loc 1 4391 1 is_stmt 1 view -0
 920              		.cfi_startproc
 921              		@ args = 0, pretend = 0, frame = 8
 922              		@ frame_needed = 0, uses_anonymous_args = 0
 923              		.loc 1 4391 1 is_stmt 0 view .LVU229
 924 0000 10B5     		push	{r4, lr}
 925              	.LCFI12:
 926              		.cfi_def_cfa_offset 8
 927              		.cfi_offset 4, -8
 928              		.cfi_offset 14, -4
 929 0002 84B0     		sub	sp, sp, #16
 930              	.LCFI13:
 931              		.cfi_def_cfa_offset 24
 932 0004 0400     		movs	r4, r0
4392:Drivers/STM32G0xx_HAL_Driver/Src/stm32g0xx_hal_spi.c ****   __IO uint32_t count;
 933              		.loc 1 4392 3 is_stmt 1 view .LVU230
4393:Drivers/STM32G0xx_HAL_Driver/Src/stm32g0xx_hal_spi.c **** 
4394:Drivers/STM32G0xx_HAL_Driver/Src/stm32g0xx_hal_spi.c ****   count = SPI_DEFAULT_TIMEOUT * (SystemCoreClock / 24U / 1000U);
 934              		.loc 1 4394 3 view .LVU231
 935              		.loc 1 4394 56 is_stmt 0 view .LVU232
ARM GAS  C:\Users\Domagoj\AppData\Local\Temp\ccvehG6g.s 			page 96


 936 0006 384B     		ldr	r3, .L82
 937 0008 1868     		ldr	r0, [r3]
 938              	.LVL73:
 939              		.loc 1 4394 56 view .LVU233
 940 000a 3849     		ldr	r1, .L82+4
 941 000c FFF7FEFF 		bl	__aeabi_uidiv
 942              	.LVL74:
 943              		.loc 1 4394 31 view .LVU234
 944 0010 6423     		movs	r3, #100
 945 0012 4343     		muls	r3, r0
 946              		.loc 1 4394 9 view .LVU235
 947 0014 0393     		str	r3, [sp, #12]
4395:Drivers/STM32G0xx_HAL_Driver/Src/stm32g0xx_hal_spi.c **** 
4396:Drivers/STM32G0xx_HAL_Driver/Src/stm32g0xx_hal_spi.c ****   /* Disable TXEIE interrupt */
4397:Drivers/STM32G0xx_HAL_Driver/Src/stm32g0xx_hal_spi.c ****   CLEAR_BIT(hspi->Instance->CR2, (SPI_CR2_TXEIE));
 948              		.loc 1 4397 3 is_stmt 1 view .LVU236
 949 0016 2268     		ldr	r2, [r4]
 950 0018 5368     		ldr	r3, [r2, #4]
 951 001a 8021     		movs	r1, #128
 952 001c 8B43     		bics	r3, r1
 953 001e 5360     		str	r3, [r2, #4]
 954              	.L69:
4398:Drivers/STM32G0xx_HAL_Driver/Src/stm32g0xx_hal_spi.c **** 
4399:Drivers/STM32G0xx_HAL_Driver/Src/stm32g0xx_hal_spi.c ****   /* Check TXEIE is disabled */
4400:Drivers/STM32G0xx_HAL_Driver/Src/stm32g0xx_hal_spi.c ****   do
 955              		.loc 1 4400 3 view .LVU237
4401:Drivers/STM32G0xx_HAL_Driver/Src/stm32g0xx_hal_spi.c ****   {
4402:Drivers/STM32G0xx_HAL_Driver/Src/stm32g0xx_hal_spi.c ****     if (count == 0U)
 956              		.loc 1 4402 5 view .LVU238
 957              		.loc 1 4402 15 is_stmt 0 view .LVU239
 958 0020 039B     		ldr	r3, [sp, #12]
 959              		.loc 1 4402 8 view .LVU240
 960 0022 002B     		cmp	r3, #0
 961 0024 07D0     		beq	.L80
4403:Drivers/STM32G0xx_HAL_Driver/Src/stm32g0xx_hal_spi.c ****     {
4404:Drivers/STM32G0xx_HAL_Driver/Src/stm32g0xx_hal_spi.c ****       SET_BIT(hspi->ErrorCode, HAL_SPI_ERROR_ABORT);
4405:Drivers/STM32G0xx_HAL_Driver/Src/stm32g0xx_hal_spi.c ****       break;
4406:Drivers/STM32G0xx_HAL_Driver/Src/stm32g0xx_hal_spi.c ****     }
4407:Drivers/STM32G0xx_HAL_Driver/Src/stm32g0xx_hal_spi.c ****     count--;
 962              		.loc 1 4407 5 is_stmt 1 view .LVU241
 963              		.loc 1 4407 10 is_stmt 0 view .LVU242
 964 0026 039B     		ldr	r3, [sp, #12]
 965 0028 013B     		subs	r3, r3, #1
 966 002a 0393     		str	r3, [sp, #12]
4408:Drivers/STM32G0xx_HAL_Driver/Src/stm32g0xx_hal_spi.c ****   } while (HAL_IS_BIT_SET(hspi->Instance->CR2, SPI_CR2_TXEIE));
 967              		.loc 1 4408 12 is_stmt 1 view .LVU243
 968 002c 2368     		ldr	r3, [r4]
 969 002e 5B68     		ldr	r3, [r3, #4]
 970 0030 1B06     		lsls	r3, r3, #24
 971 0032 F5D4     		bmi	.L69
 972 0034 03E0     		b	.L68
 973              	.L80:
4404:Drivers/STM32G0xx_HAL_Driver/Src/stm32g0xx_hal_spi.c ****       break;
 974              		.loc 1 4404 7 view .LVU244
 975 0036 236E     		ldr	r3, [r4, #96]
 976 0038 4022     		movs	r2, #64
 977 003a 1343     		orrs	r3, r2
ARM GAS  C:\Users\Domagoj\AppData\Local\Temp\ccvehG6g.s 			page 97


 978 003c 2366     		str	r3, [r4, #96]
4405:Drivers/STM32G0xx_HAL_Driver/Src/stm32g0xx_hal_spi.c ****     }
 979              		.loc 1 4405 7 view .LVU245
 980              	.L68:
4409:Drivers/STM32G0xx_HAL_Driver/Src/stm32g0xx_hal_spi.c **** 
4410:Drivers/STM32G0xx_HAL_Driver/Src/stm32g0xx_hal_spi.c ****   if (SPI_EndRxTxTransaction(hspi, SPI_DEFAULT_TIMEOUT, HAL_GetTick()) != HAL_OK)
 981              		.loc 1 4410 3 view .LVU246
 982              		.loc 1 4410 7 is_stmt 0 view .LVU247
 983 003e FFF7FEFF 		bl	HAL_GetTick
 984              	.LVL75:
 985 0042 0200     		movs	r2, r0
 986              		.loc 1 4410 7 discriminator 1 view .LVU248
 987 0044 6421     		movs	r1, #100
 988 0046 2000     		movs	r0, r4
 989 0048 FFF7FEFF 		bl	SPI_EndRxTxTransaction
 990              	.LVL76:
 991              		.loc 1 4410 6 discriminator 2 view .LVU249
 992 004c 0028     		cmp	r0, #0
 993 004e 01D0     		beq	.L70
4411:Drivers/STM32G0xx_HAL_Driver/Src/stm32g0xx_hal_spi.c ****   {
4412:Drivers/STM32G0xx_HAL_Driver/Src/stm32g0xx_hal_spi.c ****     hspi->ErrorCode = HAL_SPI_ERROR_ABORT;
 994              		.loc 1 4412 5 is_stmt 1 view .LVU250
 995              		.loc 1 4412 21 is_stmt 0 view .LVU251
 996 0050 4023     		movs	r3, #64
 997 0052 2366     		str	r3, [r4, #96]
 998              	.L70:
4413:Drivers/STM32G0xx_HAL_Driver/Src/stm32g0xx_hal_spi.c ****   }
4414:Drivers/STM32G0xx_HAL_Driver/Src/stm32g0xx_hal_spi.c **** 
4415:Drivers/STM32G0xx_HAL_Driver/Src/stm32g0xx_hal_spi.c ****   /* Disable SPI Peripheral */
4416:Drivers/STM32G0xx_HAL_Driver/Src/stm32g0xx_hal_spi.c ****   __HAL_SPI_DISABLE(hspi);
 999              		.loc 1 4416 3 is_stmt 1 view .LVU252
 1000 0054 2268     		ldr	r2, [r4]
 1001 0056 1368     		ldr	r3, [r2]
 1002 0058 4021     		movs	r1, #64
 1003 005a 8B43     		bics	r3, r1
 1004 005c 1360     		str	r3, [r2]
4417:Drivers/STM32G0xx_HAL_Driver/Src/stm32g0xx_hal_spi.c **** 
4418:Drivers/STM32G0xx_HAL_Driver/Src/stm32g0xx_hal_spi.c ****   /* Empty the FRLVL fifo */
4419:Drivers/STM32G0xx_HAL_Driver/Src/stm32g0xx_hal_spi.c ****   if (SPI_WaitFifoStateUntilTimeout(hspi, SPI_FLAG_FRLVL, SPI_FRLVL_EMPTY, SPI_DEFAULT_TIMEOUT,
 1005              		.loc 1 4419 3 view .LVU253
 1006              		.loc 1 4419 7 is_stmt 0 view .LVU254
 1007 005e FFF7FEFF 		bl	HAL_GetTick
 1008              	.LVL77:
 1009              		.loc 1 4419 7 discriminator 1 view .LVU255
 1010 0062 C021     		movs	r1, #192
 1011 0064 0090     		str	r0, [sp]
 1012 0066 6423     		movs	r3, #100
 1013 0068 0022     		movs	r2, #0
 1014 006a C900     		lsls	r1, r1, #3
 1015 006c 2000     		movs	r0, r4
 1016 006e FFF7FEFF 		bl	SPI_WaitFifoStateUntilTimeout
 1017              	.LVL78:
 1018              		.loc 1 4419 6 discriminator 2 view .LVU256
 1019 0072 0028     		cmp	r0, #0
 1020 0074 01D0     		beq	.L71
4420:Drivers/STM32G0xx_HAL_Driver/Src/stm32g0xx_hal_spi.c ****                                     HAL_GetTick()) != HAL_OK)
4421:Drivers/STM32G0xx_HAL_Driver/Src/stm32g0xx_hal_spi.c ****   {
ARM GAS  C:\Users\Domagoj\AppData\Local\Temp\ccvehG6g.s 			page 98


4422:Drivers/STM32G0xx_HAL_Driver/Src/stm32g0xx_hal_spi.c ****     hspi->ErrorCode = HAL_SPI_ERROR_ABORT;
 1021              		.loc 1 4422 5 is_stmt 1 view .LVU257
 1022              		.loc 1 4422 21 is_stmt 0 view .LVU258
 1023 0076 4023     		movs	r3, #64
 1024 0078 2366     		str	r3, [r4, #96]
 1025              	.L71:
4423:Drivers/STM32G0xx_HAL_Driver/Src/stm32g0xx_hal_spi.c ****   }
4424:Drivers/STM32G0xx_HAL_Driver/Src/stm32g0xx_hal_spi.c **** 
4425:Drivers/STM32G0xx_HAL_Driver/Src/stm32g0xx_hal_spi.c ****   /* Check case of Full-Duplex Mode and disable directly RXNEIE interrupt */
4426:Drivers/STM32G0xx_HAL_Driver/Src/stm32g0xx_hal_spi.c ****   if (HAL_IS_BIT_SET(hspi->Instance->CR2, SPI_CR2_RXNEIE))
 1026              		.loc 1 4426 3 is_stmt 1 view .LVU259
 1027              		.loc 1 4426 7 is_stmt 0 view .LVU260
 1028 007a 2268     		ldr	r2, [r4]
 1029 007c 5368     		ldr	r3, [r2, #4]
 1030              		.loc 1 4426 6 view .LVU261
 1031 007e 5B06     		lsls	r3, r3, #25
 1032 0080 2DD5     		bpl	.L72
4427:Drivers/STM32G0xx_HAL_Driver/Src/stm32g0xx_hal_spi.c ****   {
4428:Drivers/STM32G0xx_HAL_Driver/Src/stm32g0xx_hal_spi.c ****     /* Disable RXNEIE interrupt */
4429:Drivers/STM32G0xx_HAL_Driver/Src/stm32g0xx_hal_spi.c ****     CLEAR_BIT(hspi->Instance->CR2, (SPI_CR2_RXNEIE));
 1033              		.loc 1 4429 5 is_stmt 1 view .LVU262
 1034 0082 5368     		ldr	r3, [r2, #4]
 1035 0084 4021     		movs	r1, #64
 1036 0086 8B43     		bics	r3, r1
 1037 0088 5360     		str	r3, [r2, #4]
 1038              	.L75:
4430:Drivers/STM32G0xx_HAL_Driver/Src/stm32g0xx_hal_spi.c **** 
4431:Drivers/STM32G0xx_HAL_Driver/Src/stm32g0xx_hal_spi.c ****     /* Check RXNEIE is disabled */
4432:Drivers/STM32G0xx_HAL_Driver/Src/stm32g0xx_hal_spi.c ****     do
 1039              		.loc 1 4432 5 view .LVU263
4433:Drivers/STM32G0xx_HAL_Driver/Src/stm32g0xx_hal_spi.c ****     {
4434:Drivers/STM32G0xx_HAL_Driver/Src/stm32g0xx_hal_spi.c ****       if (count == 0U)
 1040              		.loc 1 4434 7 view .LVU264
 1041              		.loc 1 4434 17 is_stmt 0 view .LVU265
 1042 008a 039B     		ldr	r3, [sp, #12]
 1043              		.loc 1 4434 10 view .LVU266
 1044 008c 002B     		cmp	r3, #0
 1045 008e 07D0     		beq	.L81
4435:Drivers/STM32G0xx_HAL_Driver/Src/stm32g0xx_hal_spi.c ****       {
4436:Drivers/STM32G0xx_HAL_Driver/Src/stm32g0xx_hal_spi.c ****         SET_BIT(hspi->ErrorCode, HAL_SPI_ERROR_ABORT);
4437:Drivers/STM32G0xx_HAL_Driver/Src/stm32g0xx_hal_spi.c ****         break;
4438:Drivers/STM32G0xx_HAL_Driver/Src/stm32g0xx_hal_spi.c ****       }
4439:Drivers/STM32G0xx_HAL_Driver/Src/stm32g0xx_hal_spi.c ****       count--;
 1046              		.loc 1 4439 7 is_stmt 1 view .LVU267
 1047              		.loc 1 4439 12 is_stmt 0 view .LVU268
 1048 0090 039B     		ldr	r3, [sp, #12]
 1049 0092 013B     		subs	r3, r3, #1
 1050 0094 0393     		str	r3, [sp, #12]
4440:Drivers/STM32G0xx_HAL_Driver/Src/stm32g0xx_hal_spi.c ****     } while (HAL_IS_BIT_SET(hspi->Instance->CR2, SPI_CR2_RXNEIE));
 1051              		.loc 1 4440 14 is_stmt 1 view .LVU269
 1052 0096 2368     		ldr	r3, [r4]
 1053 0098 5B68     		ldr	r3, [r3, #4]
 1054 009a 5B06     		lsls	r3, r3, #25
 1055 009c F5D4     		bmi	.L75
 1056 009e 03E0     		b	.L74
 1057              	.L81:
4436:Drivers/STM32G0xx_HAL_Driver/Src/stm32g0xx_hal_spi.c ****         break;
ARM GAS  C:\Users\Domagoj\AppData\Local\Temp\ccvehG6g.s 			page 99


 1058              		.loc 1 4436 9 view .LVU270
 1059 00a0 236E     		ldr	r3, [r4, #96]
 1060 00a2 4022     		movs	r2, #64
 1061 00a4 1343     		orrs	r3, r2
 1062 00a6 2366     		str	r3, [r4, #96]
4437:Drivers/STM32G0xx_HAL_Driver/Src/stm32g0xx_hal_spi.c ****       }
 1063              		.loc 1 4437 9 view .LVU271
 1064              	.L74:
4441:Drivers/STM32G0xx_HAL_Driver/Src/stm32g0xx_hal_spi.c **** 
4442:Drivers/STM32G0xx_HAL_Driver/Src/stm32g0xx_hal_spi.c ****     /* Control the BSY flag */
4443:Drivers/STM32G0xx_HAL_Driver/Src/stm32g0xx_hal_spi.c ****     if (SPI_WaitFlagStateUntilTimeout(hspi, SPI_FLAG_BSY, RESET, SPI_DEFAULT_TIMEOUT, HAL_GetTick()
 1065              		.loc 1 4443 5 view .LVU272
 1066              		.loc 1 4443 9 is_stmt 0 view .LVU273
 1067 00a8 FFF7FEFF 		bl	HAL_GetTick
 1068              	.LVL79:
 1069              		.loc 1 4443 9 discriminator 1 view .LVU274
 1070 00ac 0090     		str	r0, [sp]
 1071 00ae 6423     		movs	r3, #100
 1072 00b0 0022     		movs	r2, #0
 1073 00b2 8021     		movs	r1, #128
 1074 00b4 2000     		movs	r0, r4
 1075 00b6 FFF7FEFF 		bl	SPI_WaitFlagStateUntilTimeout
 1076              	.LVL80:
 1077              		.loc 1 4443 8 discriminator 2 view .LVU275
 1078 00ba 0028     		cmp	r0, #0
 1079 00bc 01D0     		beq	.L76
4444:Drivers/STM32G0xx_HAL_Driver/Src/stm32g0xx_hal_spi.c ****     {
4445:Drivers/STM32G0xx_HAL_Driver/Src/stm32g0xx_hal_spi.c ****       hspi->ErrorCode = HAL_SPI_ERROR_ABORT;
 1080              		.loc 1 4445 7 is_stmt 1 view .LVU276
 1081              		.loc 1 4445 23 is_stmt 0 view .LVU277
 1082 00be 4023     		movs	r3, #64
 1083 00c0 2366     		str	r3, [r4, #96]
 1084              	.L76:
4446:Drivers/STM32G0xx_HAL_Driver/Src/stm32g0xx_hal_spi.c ****     }
4447:Drivers/STM32G0xx_HAL_Driver/Src/stm32g0xx_hal_spi.c **** 
4448:Drivers/STM32G0xx_HAL_Driver/Src/stm32g0xx_hal_spi.c ****     /* Empty the FRLVL fifo */
4449:Drivers/STM32G0xx_HAL_Driver/Src/stm32g0xx_hal_spi.c ****     if (SPI_WaitFifoStateUntilTimeout(hspi, SPI_FLAG_FRLVL, SPI_FRLVL_EMPTY, SPI_DEFAULT_TIMEOUT,
 1085              		.loc 1 4449 5 is_stmt 1 view .LVU278
 1086              		.loc 1 4449 9 is_stmt 0 view .LVU279
 1087 00c2 FFF7FEFF 		bl	HAL_GetTick
 1088              	.LVL81:
 1089              		.loc 1 4449 9 discriminator 1 view .LVU280
 1090 00c6 C021     		movs	r1, #192
 1091 00c8 0090     		str	r0, [sp]
 1092 00ca 6423     		movs	r3, #100
 1093 00cc 0022     		movs	r2, #0
 1094 00ce C900     		lsls	r1, r1, #3
 1095 00d0 2000     		movs	r0, r4
 1096 00d2 FFF7FEFF 		bl	SPI_WaitFifoStateUntilTimeout
 1097              	.LVL82:
 1098              		.loc 1 4449 8 discriminator 2 view .LVU281
 1099 00d6 0028     		cmp	r0, #0
 1100 00d8 01D0     		beq	.L72
4450:Drivers/STM32G0xx_HAL_Driver/Src/stm32g0xx_hal_spi.c ****                                       HAL_GetTick()) != HAL_OK)
4451:Drivers/STM32G0xx_HAL_Driver/Src/stm32g0xx_hal_spi.c ****     {
4452:Drivers/STM32G0xx_HAL_Driver/Src/stm32g0xx_hal_spi.c ****       hspi->ErrorCode = HAL_SPI_ERROR_ABORT;
 1101              		.loc 1 4452 7 is_stmt 1 view .LVU282
ARM GAS  C:\Users\Domagoj\AppData\Local\Temp\ccvehG6g.s 			page 100


 1102              		.loc 1 4452 23 is_stmt 0 view .LVU283
 1103 00da 4023     		movs	r3, #64
 1104 00dc 2366     		str	r3, [r4, #96]
 1105              	.L72:
4453:Drivers/STM32G0xx_HAL_Driver/Src/stm32g0xx_hal_spi.c ****     }
4454:Drivers/STM32G0xx_HAL_Driver/Src/stm32g0xx_hal_spi.c ****   }
4455:Drivers/STM32G0xx_HAL_Driver/Src/stm32g0xx_hal_spi.c ****   hspi->State = HAL_SPI_STATE_ABORT;
 1106              		.loc 1 4455 3 is_stmt 1 view .LVU284
 1107              		.loc 1 4455 15 is_stmt 0 view .LVU285
 1108 00de 5D23     		movs	r3, #93
 1109 00e0 0722     		movs	r2, #7
 1110 00e2 E254     		strb	r2, [r4, r3]
4456:Drivers/STM32G0xx_HAL_Driver/Src/stm32g0xx_hal_spi.c **** }
 1111              		.loc 1 4456 1 view .LVU286
 1112 00e4 04B0     		add	sp, sp, #16
 1113              		@ sp needed
 1114              	.LVL83:
 1115              		.loc 1 4456 1 view .LVU287
 1116 00e6 10BD     		pop	{r4, pc}
 1117              	.L83:
 1118              		.align	2
 1119              	.L82:
 1120 00e8 00000000 		.word	SystemCoreClock
 1121 00ec C05D0000 		.word	24000
 1122              		.cfi_endproc
 1123              	.LFE418:
 1125              		.section	.text.HAL_SPI_MspInit,"ax",%progbits
 1126              		.align	1
 1127              		.weak	HAL_SPI_MspInit
 1128              		.syntax unified
 1129              		.code	16
 1130              		.thumb_func
 1132              	HAL_SPI_MspInit:
 1133              	.LVL84:
 1134              	.LFB365:
 544:Drivers/STM32G0xx_HAL_Driver/Src/stm32g0xx_hal_spi.c ****   /* Prevent unused argument(s) compilation warning */
 1135              		.loc 1 544 1 is_stmt 1 view -0
 1136              		.cfi_startproc
 1137              		@ args = 0, pretend = 0, frame = 0
 1138              		@ frame_needed = 0, uses_anonymous_args = 0
 1139              		@ link register save eliminated.
 546:Drivers/STM32G0xx_HAL_Driver/Src/stm32g0xx_hal_spi.c **** 
 1140              		.loc 1 546 3 view .LVU289
 551:Drivers/STM32G0xx_HAL_Driver/Src/stm32g0xx_hal_spi.c **** 
 1141              		.loc 1 551 1 is_stmt 0 view .LVU290
 1142              		@ sp needed
 1143 0000 7047     		bx	lr
 1144              		.cfi_endproc
 1145              	.LFE365:
 1147              		.section	.text.HAL_SPI_Init,"ax",%progbits
 1148              		.align	1
 1149              		.global	HAL_SPI_Init
 1150              		.syntax unified
 1151              		.code	16
 1152              		.thumb_func
 1154              	HAL_SPI_Init:
 1155              	.LVL85:
ARM GAS  C:\Users\Domagoj\AppData\Local\Temp\ccvehG6g.s 			page 101


 1156              	.LFB363:
 325:Drivers/STM32G0xx_HAL_Driver/Src/stm32g0xx_hal_spi.c ****   uint32_t frxth;
 1157              		.loc 1 325 1 is_stmt 1 view -0
 1158              		.cfi_startproc
 1159              		@ args = 0, pretend = 0, frame = 0
 1160              		@ frame_needed = 0, uses_anonymous_args = 0
 325:Drivers/STM32G0xx_HAL_Driver/Src/stm32g0xx_hal_spi.c ****   uint32_t frxth;
 1161              		.loc 1 325 1 is_stmt 0 view .LVU292
 1162 0000 70B5     		push	{r4, r5, r6, lr}
 1163              	.LCFI14:
 1164              		.cfi_def_cfa_offset 16
 1165              		.cfi_offset 4, -16
 1166              		.cfi_offset 5, -12
 1167              		.cfi_offset 6, -8
 1168              		.cfi_offset 14, -4
 1169 0002 041E     		subs	r4, r0, #0
 326:Drivers/STM32G0xx_HAL_Driver/Src/stm32g0xx_hal_spi.c **** 
 1170              		.loc 1 326 3 is_stmt 1 view .LVU293
 329:Drivers/STM32G0xx_HAL_Driver/Src/stm32g0xx_hal_spi.c ****   {
 1171              		.loc 1 329 3 view .LVU294
 329:Drivers/STM32G0xx_HAL_Driver/Src/stm32g0xx_hal_spi.c ****   {
 1172              		.loc 1 329 6 is_stmt 0 view .LVU295
 1173 0004 00D1     		bne	.LCB1074
 1174 0006 78E0     		b	.L92	@long jump
 1175              	.LCB1074:
 335:Drivers/STM32G0xx_HAL_Driver/Src/stm32g0xx_hal_spi.c ****   assert_param(IS_SPI_MODE(hspi->Init.Mode));
 1176              		.loc 1 335 3 is_stmt 1 view .LVU296
 336:Drivers/STM32G0xx_HAL_Driver/Src/stm32g0xx_hal_spi.c ****   assert_param(IS_SPI_DIRECTION(hspi->Init.Direction));
 1177              		.loc 1 336 3 view .LVU297
 337:Drivers/STM32G0xx_HAL_Driver/Src/stm32g0xx_hal_spi.c ****   assert_param(IS_SPI_DATASIZE(hspi->Init.DataSize));
 1178              		.loc 1 337 3 view .LVU298
 338:Drivers/STM32G0xx_HAL_Driver/Src/stm32g0xx_hal_spi.c ****   assert_param(IS_SPI_NSS(hspi->Init.NSS));
 1179              		.loc 1 338 3 view .LVU299
 339:Drivers/STM32G0xx_HAL_Driver/Src/stm32g0xx_hal_spi.c ****   assert_param(IS_SPI_NSSP(hspi->Init.NSSPMode));
 1180              		.loc 1 339 3 view .LVU300
 340:Drivers/STM32G0xx_HAL_Driver/Src/stm32g0xx_hal_spi.c ****   assert_param(IS_SPI_BAUDRATE_PRESCALER(hspi->Init.BaudRatePrescaler));
 1181              		.loc 1 340 3 view .LVU301
 341:Drivers/STM32G0xx_HAL_Driver/Src/stm32g0xx_hal_spi.c ****   assert_param(IS_SPI_FIRST_BIT(hspi->Init.FirstBit));
 1182              		.loc 1 341 3 view .LVU302
 342:Drivers/STM32G0xx_HAL_Driver/Src/stm32g0xx_hal_spi.c ****   assert_param(IS_SPI_TIMODE(hspi->Init.TIMode));
 1183              		.loc 1 342 3 view .LVU303
 343:Drivers/STM32G0xx_HAL_Driver/Src/stm32g0xx_hal_spi.c ****   if (hspi->Init.TIMode == SPI_TIMODE_DISABLE)
 1184              		.loc 1 343 3 view .LVU304
 344:Drivers/STM32G0xx_HAL_Driver/Src/stm32g0xx_hal_spi.c ****   {
 1185              		.loc 1 344 3 view .LVU305
 344:Drivers/STM32G0xx_HAL_Driver/Src/stm32g0xx_hal_spi.c ****   {
 1186              		.loc 1 344 17 is_stmt 0 view .LVU306
 1187 0008 436A     		ldr	r3, [r0, #36]
 344:Drivers/STM32G0xx_HAL_Driver/Src/stm32g0xx_hal_spi.c ****   {
 1188              		.loc 1 344 6 view .LVU307
 1189 000a 002B     		cmp	r3, #0
 1190 000c 07D1     		bne	.L87
 346:Drivers/STM32G0xx_HAL_Driver/Src/stm32g0xx_hal_spi.c ****     assert_param(IS_SPI_CPHA(hspi->Init.CLKPhase));
 1191              		.loc 1 346 5 is_stmt 1 view .LVU308
 347:Drivers/STM32G0xx_HAL_Driver/Src/stm32g0xx_hal_spi.c **** 
 1192              		.loc 1 347 5 view .LVU309
 349:Drivers/STM32G0xx_HAL_Driver/Src/stm32g0xx_hal_spi.c ****     {
ARM GAS  C:\Users\Domagoj\AppData\Local\Temp\ccvehG6g.s 			page 102


 1193              		.loc 1 349 5 view .LVU310
 349:Drivers/STM32G0xx_HAL_Driver/Src/stm32g0xx_hal_spi.c ****     {
 1194              		.loc 1 349 19 is_stmt 0 view .LVU311
 1195 000e 4268     		ldr	r2, [r0, #4]
 349:Drivers/STM32G0xx_HAL_Driver/Src/stm32g0xx_hal_spi.c ****     {
 1196              		.loc 1 349 8 view .LVU312
 1197 0010 0533     		adds	r3, r3, #5
 1198 0012 FF33     		adds	r3, r3, #255
 1199 0014 9A42     		cmp	r2, r3
 1200 0016 05D0     		beq	.L88
 356:Drivers/STM32G0xx_HAL_Driver/Src/stm32g0xx_hal_spi.c ****     }
 1201              		.loc 1 356 7 is_stmt 1 view .LVU313
 356:Drivers/STM32G0xx_HAL_Driver/Src/stm32g0xx_hal_spi.c ****     }
 1202              		.loc 1 356 36 is_stmt 0 view .LVU314
 1203 0018 0023     		movs	r3, #0
 1204 001a C361     		str	r3, [r0, #28]
 1205 001c 02E0     		b	.L88
 1206              	.L87:
 361:Drivers/STM32G0xx_HAL_Driver/Src/stm32g0xx_hal_spi.c **** 
 1207              		.loc 1 361 5 is_stmt 1 view .LVU315
 364:Drivers/STM32G0xx_HAL_Driver/Src/stm32g0xx_hal_spi.c ****     hspi->Init.CLKPhase    = SPI_PHASE_1EDGE;
 1208              		.loc 1 364 5 view .LVU316
 364:Drivers/STM32G0xx_HAL_Driver/Src/stm32g0xx_hal_spi.c ****     hspi->Init.CLKPhase    = SPI_PHASE_1EDGE;
 1209              		.loc 1 364 28 is_stmt 0 view .LVU317
 1210 001e 0023     		movs	r3, #0
 1211 0020 0361     		str	r3, [r0, #16]
 365:Drivers/STM32G0xx_HAL_Driver/Src/stm32g0xx_hal_spi.c ****   }
 1212              		.loc 1 365 5 is_stmt 1 view .LVU318
 365:Drivers/STM32G0xx_HAL_Driver/Src/stm32g0xx_hal_spi.c ****   }
 1213              		.loc 1 365 28 is_stmt 0 view .LVU319
 1214 0022 4361     		str	r3, [r0, #20]
 1215              	.L88:
 375:Drivers/STM32G0xx_HAL_Driver/Src/stm32g0xx_hal_spi.c **** #endif /* USE_SPI_CRC */
 1216              		.loc 1 375 3 is_stmt 1 view .LVU320
 375:Drivers/STM32G0xx_HAL_Driver/Src/stm32g0xx_hal_spi.c **** #endif /* USE_SPI_CRC */
 1217              		.loc 1 375 29 is_stmt 0 view .LVU321
 1218 0024 0023     		movs	r3, #0
 1219 0026 A362     		str	r3, [r4, #40]
 378:Drivers/STM32G0xx_HAL_Driver/Src/stm32g0xx_hal_spi.c ****   {
 1220              		.loc 1 378 3 is_stmt 1 view .LVU322
 378:Drivers/STM32G0xx_HAL_Driver/Src/stm32g0xx_hal_spi.c ****   {
 1221              		.loc 1 378 11 is_stmt 0 view .LVU323
 1222 0028 5D33     		adds	r3, r3, #93
 1223 002a E35C     		ldrb	r3, [r4, r3]
 378:Drivers/STM32G0xx_HAL_Driver/Src/stm32g0xx_hal_spi.c ****   {
 1224              		.loc 1 378 6 view .LVU324
 1225 002c 002B     		cmp	r3, #0
 1226 002e 5AD0     		beq	.L94
 1227              	.LVL86:
 1228              	.L89:
 407:Drivers/STM32G0xx_HAL_Driver/Src/stm32g0xx_hal_spi.c **** 
 1229              		.loc 1 407 3 is_stmt 1 view .LVU325
 407:Drivers/STM32G0xx_HAL_Driver/Src/stm32g0xx_hal_spi.c **** 
 1230              		.loc 1 407 15 is_stmt 0 view .LVU326
 1231 0030 5D23     		movs	r3, #93
 1232 0032 0222     		movs	r2, #2
 1233 0034 E254     		strb	r2, [r4, r3]
ARM GAS  C:\Users\Domagoj\AppData\Local\Temp\ccvehG6g.s 			page 103


 410:Drivers/STM32G0xx_HAL_Driver/Src/stm32g0xx_hal_spi.c **** 
 1234              		.loc 1 410 3 is_stmt 1 view .LVU327
 1235 0036 2268     		ldr	r2, [r4]
 1236 0038 1368     		ldr	r3, [r2]
 1237 003a 4021     		movs	r1, #64
 1238 003c 8B43     		bics	r3, r1
 1239 003e 1360     		str	r3, [r2]
 413:Drivers/STM32G0xx_HAL_Driver/Src/stm32g0xx_hal_spi.c ****   {
 1240              		.loc 1 413 3 view .LVU328
 413:Drivers/STM32G0xx_HAL_Driver/Src/stm32g0xx_hal_spi.c ****   {
 1241              		.loc 1 413 17 is_stmt 0 view .LVU329
 1242 0040 E368     		ldr	r3, [r4, #12]
 413:Drivers/STM32G0xx_HAL_Driver/Src/stm32g0xx_hal_spi.c ****   {
 1243              		.loc 1 413 6 view .LVU330
 1244 0042 E022     		movs	r2, #224
 1245 0044 D200     		lsls	r2, r2, #3
 1246 0046 9342     		cmp	r3, r2
 1247 0048 54D9     		bls	.L93
 415:Drivers/STM32G0xx_HAL_Driver/Src/stm32g0xx_hal_spi.c ****   }
 1248              		.loc 1 415 11 view .LVU331
 1249 004a 0022     		movs	r2, #0
 1250              	.L90:
 1251              	.LVL87:
 423:Drivers/STM32G0xx_HAL_Driver/Src/stm32g0xx_hal_spi.c ****   {
 1252              		.loc 1 423 3 is_stmt 1 view .LVU332
 423:Drivers/STM32G0xx_HAL_Driver/Src/stm32g0xx_hal_spi.c ****   {
 1253              		.loc 1 423 6 is_stmt 0 view .LVU333
 1254 004c F021     		movs	r1, #240
 1255 004e 0901     		lsls	r1, r1, #4
 1256 0050 8B42     		cmp	r3, r1
 1257 0052 05D0     		beq	.L91
 423:Drivers/STM32G0xx_HAL_Driver/Src/stm32g0xx_hal_spi.c ****   {
 1258              		.loc 1 423 51 discriminator 1 view .LVU334
 1259 0054 E021     		movs	r1, #224
 1260 0056 C900     		lsls	r1, r1, #3
 1261 0058 8B42     		cmp	r3, r1
 1262 005a 01D0     		beq	.L91
 426:Drivers/STM32G0xx_HAL_Driver/Src/stm32g0xx_hal_spi.c ****   }
 1263              		.loc 1 426 5 is_stmt 1 view .LVU335
 426:Drivers/STM32G0xx_HAL_Driver/Src/stm32g0xx_hal_spi.c ****   }
 1264              		.loc 1 426 31 is_stmt 0 view .LVU336
 1265 005c 0023     		movs	r3, #0
 1266 005e A362     		str	r3, [r4, #40]
 1267              	.L91:
 432:Drivers/STM32G0xx_HAL_Driver/Src/stm32g0xx_hal_spi.c ****                                   (hspi->Init.Direction & (SPI_CR1_RXONLY | SPI_CR1_BIDIMODE)) |
 1268              		.loc 1 432 3 is_stmt 1 view .LVU337
 1269 0060 6368     		ldr	r3, [r4, #4]
 1270 0062 8221     		movs	r1, #130
 1271 0064 4900     		lsls	r1, r1, #1
 1272 0066 0B40     		ands	r3, r1
 1273 0068 A168     		ldr	r1, [r4, #8]
 1274 006a 8420     		movs	r0, #132
 1275 006c 0002     		lsls	r0, r0, #8
 1276 006e 0140     		ands	r1, r0
 1277 0070 0B43     		orrs	r3, r1
 1278 0072 2069     		ldr	r0, [r4, #16]
 1279 0074 0221     		movs	r1, #2
ARM GAS  C:\Users\Domagoj\AppData\Local\Temp\ccvehG6g.s 			page 104


 1280 0076 0140     		ands	r1, r0
 1281 0078 0B43     		orrs	r3, r1
 1282 007a 6069     		ldr	r0, [r4, #20]
 1283 007c 0121     		movs	r1, #1
 1284 007e 0840     		ands	r0, r1
 1285 0080 0343     		orrs	r3, r0
 1286 0082 A069     		ldr	r0, [r4, #24]
 1287 0084 8025     		movs	r5, #128
 1288 0086 AD00     		lsls	r5, r5, #2
 1289 0088 2840     		ands	r0, r5
 1290 008a 0343     		orrs	r3, r0
 1291 008c E569     		ldr	r5, [r4, #28]
 1292 008e 3820     		movs	r0, #56
 1293 0090 2840     		ands	r0, r5
 1294 0092 0343     		orrs	r3, r0
 1295 0094 256A     		ldr	r5, [r4, #32]
 1296 0096 8020     		movs	r0, #128
 1297 0098 2840     		ands	r0, r5
 1298 009a 0343     		orrs	r3, r0
 1299 009c A06A     		ldr	r0, [r4, #40]
 1300 009e 8025     		movs	r5, #128
 1301 00a0 AD01     		lsls	r5, r5, #6
 1302 00a2 2840     		ands	r0, r5
 1303 00a4 2568     		ldr	r5, [r4]
 1304 00a6 0343     		orrs	r3, r0
 1305 00a8 2B60     		str	r3, [r5]
 467:Drivers/STM32G0xx_HAL_Driver/Src/stm32g0xx_hal_spi.c ****                                   (hspi->Init.TIMode & SPI_CR2_FRF) |
 1306              		.loc 1 467 3 view .LVU338
 1307 00aa 608B     		ldrh	r0, [r4, #26]
 1308 00ac 0423     		movs	r3, #4
 1309 00ae 0340     		ands	r3, r0
 1310 00b0 656A     		ldr	r5, [r4, #36]
 1311 00b2 1020     		movs	r0, #16
 1312 00b4 2840     		ands	r0, r5
 1313 00b6 0343     		orrs	r3, r0
 1314 00b8 656B     		ldr	r5, [r4, #52]
 1315 00ba 0820     		movs	r0, #8
 1316 00bc 2840     		ands	r0, r5
 1317 00be 0343     		orrs	r3, r0
 1318 00c0 E068     		ldr	r0, [r4, #12]
 1319 00c2 F025     		movs	r5, #240
 1320 00c4 2D01     		lsls	r5, r5, #4
 1321 00c6 2840     		ands	r0, r5
 1322 00c8 0343     		orrs	r3, r0
 1323 00ca 2068     		ldr	r0, [r4]
 1324 00cc 1343     		orrs	r3, r2
 1325 00ce 4360     		str	r3, [r0, #4]
 484:Drivers/STM32G0xx_HAL_Driver/Src/stm32g0xx_hal_spi.c **** #endif /* SPI_I2SCFGR_I2SMOD */
 1326              		.loc 1 484 3 view .LVU339
 1327 00d0 2268     		ldr	r2, [r4]
 1328              	.LVL88:
 484:Drivers/STM32G0xx_HAL_Driver/Src/stm32g0xx_hal_spi.c **** #endif /* SPI_I2SCFGR_I2SMOD */
 1329              		.loc 1 484 3 is_stmt 0 view .LVU340
 1330 00d2 D369     		ldr	r3, [r2, #28]
 1331 00d4 0A48     		ldr	r0, .L95
 1332 00d6 0340     		ands	r3, r0
 1333 00d8 D361     		str	r3, [r2, #28]
ARM GAS  C:\Users\Domagoj\AppData\Local\Temp\ccvehG6g.s 			page 105


 487:Drivers/STM32G0xx_HAL_Driver/Src/stm32g0xx_hal_spi.c ****   hspi->State     = HAL_SPI_STATE_READY;
 1334              		.loc 1 487 3 is_stmt 1 view .LVU341
 487:Drivers/STM32G0xx_HAL_Driver/Src/stm32g0xx_hal_spi.c ****   hspi->State     = HAL_SPI_STATE_READY;
 1335              		.loc 1 487 19 is_stmt 0 view .LVU342
 1336 00da 0023     		movs	r3, #0
 1337 00dc 2366     		str	r3, [r4, #96]
 488:Drivers/STM32G0xx_HAL_Driver/Src/stm32g0xx_hal_spi.c **** 
 1338              		.loc 1 488 3 is_stmt 1 view .LVU343
 488:Drivers/STM32G0xx_HAL_Driver/Src/stm32g0xx_hal_spi.c **** 
 1339              		.loc 1 488 19 is_stmt 0 view .LVU344
 1340 00de 5D33     		adds	r3, r3, #93
 1341 00e0 E154     		strb	r1, [r4, r3]
 490:Drivers/STM32G0xx_HAL_Driver/Src/stm32g0xx_hal_spi.c **** }
 1342              		.loc 1 490 3 is_stmt 1 view .LVU345
 490:Drivers/STM32G0xx_HAL_Driver/Src/stm32g0xx_hal_spi.c **** }
 1343              		.loc 1 490 10 is_stmt 0 view .LVU346
 1344 00e2 0020     		movs	r0, #0
 1345              	.LVL89:
 1346              	.L86:
 491:Drivers/STM32G0xx_HAL_Driver/Src/stm32g0xx_hal_spi.c **** 
 1347              		.loc 1 491 1 view .LVU347
 1348              		@ sp needed
 1349              	.LVL90:
 491:Drivers/STM32G0xx_HAL_Driver/Src/stm32g0xx_hal_spi.c **** 
 1350              		.loc 1 491 1 view .LVU348
 1351 00e4 70BD     		pop	{r4, r5, r6, pc}
 1352              	.LVL91:
 1353              	.L94:
 381:Drivers/STM32G0xx_HAL_Driver/Src/stm32g0xx_hal_spi.c **** 
 1354              		.loc 1 381 5 is_stmt 1 view .LVU349
 381:Drivers/STM32G0xx_HAL_Driver/Src/stm32g0xx_hal_spi.c **** 
 1355              		.loc 1 381 16 is_stmt 0 view .LVU350
 1356 00e6 5C33     		adds	r3, r3, #92
 1357 00e8 0022     		movs	r2, #0
 1358 00ea E254     		strb	r2, [r4, r3]
 403:Drivers/STM32G0xx_HAL_Driver/Src/stm32g0xx_hal_spi.c **** #endif /* USE_HAL_SPI_REGISTER_CALLBACKS */
 1359              		.loc 1 403 5 is_stmt 1 view .LVU351
 1360 00ec 2000     		movs	r0, r4
 1361              	.LVL92:
 403:Drivers/STM32G0xx_HAL_Driver/Src/stm32g0xx_hal_spi.c **** #endif /* USE_HAL_SPI_REGISTER_CALLBACKS */
 1362              		.loc 1 403 5 is_stmt 0 view .LVU352
 1363 00ee FFF7FEFF 		bl	HAL_SPI_MspInit
 1364              	.LVL93:
 1365 00f2 9DE7     		b	.L89
 1366              	.L93:
 419:Drivers/STM32G0xx_HAL_Driver/Src/stm32g0xx_hal_spi.c ****   }
 1367              		.loc 1 419 11 view .LVU353
 1368 00f4 8022     		movs	r2, #128
 1369 00f6 5201     		lsls	r2, r2, #5
 1370 00f8 A8E7     		b	.L90
 1371              	.LVL94:
 1372              	.L92:
 331:Drivers/STM32G0xx_HAL_Driver/Src/stm32g0xx_hal_spi.c ****   }
 1373              		.loc 1 331 12 view .LVU354
 1374 00fa 0120     		movs	r0, #1
 1375              	.LVL95:
 331:Drivers/STM32G0xx_HAL_Driver/Src/stm32g0xx_hal_spi.c ****   }
ARM GAS  C:\Users\Domagoj\AppData\Local\Temp\ccvehG6g.s 			page 106


 1376              		.loc 1 331 12 view .LVU355
 1377 00fc F2E7     		b	.L86
 1378              	.L96:
 1379 00fe C046     		.align	2
 1380              	.L95:
 1381 0100 FFF7FFFF 		.word	-2049
 1382              		.cfi_endproc
 1383              	.LFE363:
 1385              		.section	.text.HAL_SPI_MspDeInit,"ax",%progbits
 1386              		.align	1
 1387              		.weak	HAL_SPI_MspDeInit
 1388              		.syntax unified
 1389              		.code	16
 1390              		.thumb_func
 1392              	HAL_SPI_MspDeInit:
 1393              	.LVL96:
 1394              	.LFB366:
 560:Drivers/STM32G0xx_HAL_Driver/Src/stm32g0xx_hal_spi.c ****   /* Prevent unused argument(s) compilation warning */
 1395              		.loc 1 560 1 is_stmt 1 view -0
 1396              		.cfi_startproc
 1397              		@ args = 0, pretend = 0, frame = 0
 1398              		@ frame_needed = 0, uses_anonymous_args = 0
 1399              		@ link register save eliminated.
 562:Drivers/STM32G0xx_HAL_Driver/Src/stm32g0xx_hal_spi.c **** 
 1400              		.loc 1 562 3 view .LVU357
 567:Drivers/STM32G0xx_HAL_Driver/Src/stm32g0xx_hal_spi.c **** 
 1401              		.loc 1 567 1 is_stmt 0 view .LVU358
 1402              		@ sp needed
 1403 0000 7047     		bx	lr
 1404              		.cfi_endproc
 1405              	.LFE366:
 1407              		.section	.text.HAL_SPI_DeInit,"ax",%progbits
 1408              		.align	1
 1409              		.global	HAL_SPI_DeInit
 1410              		.syntax unified
 1411              		.code	16
 1412              		.thumb_func
 1414              	HAL_SPI_DeInit:
 1415              	.LVL97:
 1416              	.LFB364:
 500:Drivers/STM32G0xx_HAL_Driver/Src/stm32g0xx_hal_spi.c ****   /* Check the SPI handle allocation */
 1417              		.loc 1 500 1 is_stmt 1 view -0
 1418              		.cfi_startproc
 1419              		@ args = 0, pretend = 0, frame = 0
 1420              		@ frame_needed = 0, uses_anonymous_args = 0
 500:Drivers/STM32G0xx_HAL_Driver/Src/stm32g0xx_hal_spi.c ****   /* Check the SPI handle allocation */
 1421              		.loc 1 500 1 is_stmt 0 view .LVU360
 1422 0000 70B5     		push	{r4, r5, r6, lr}
 1423              	.LCFI15:
 1424              		.cfi_def_cfa_offset 16
 1425              		.cfi_offset 4, -16
 1426              		.cfi_offset 5, -12
 1427              		.cfi_offset 6, -8
 1428              		.cfi_offset 14, -4
 1429 0002 041E     		subs	r4, r0, #0
 502:Drivers/STM32G0xx_HAL_Driver/Src/stm32g0xx_hal_spi.c ****   {
 1430              		.loc 1 502 3 is_stmt 1 view .LVU361
ARM GAS  C:\Users\Domagoj\AppData\Local\Temp\ccvehG6g.s 			page 107


 502:Drivers/STM32G0xx_HAL_Driver/Src/stm32g0xx_hal_spi.c ****   {
 1431              		.loc 1 502 6 is_stmt 0 view .LVU362
 1432 0004 10D0     		beq	.L100
 508:Drivers/STM32G0xx_HAL_Driver/Src/stm32g0xx_hal_spi.c **** 
 1433              		.loc 1 508 3 is_stmt 1 view .LVU363
 510:Drivers/STM32G0xx_HAL_Driver/Src/stm32g0xx_hal_spi.c **** 
 1434              		.loc 1 510 3 view .LVU364
 510:Drivers/STM32G0xx_HAL_Driver/Src/stm32g0xx_hal_spi.c **** 
 1435              		.loc 1 510 15 is_stmt 0 view .LVU365
 1436 0006 5D25     		movs	r5, #93
 1437 0008 0223     		movs	r3, #2
 1438 000a 4355     		strb	r3, [r0, r5]
 513:Drivers/STM32G0xx_HAL_Driver/Src/stm32g0xx_hal_spi.c **** 
 1439              		.loc 1 513 3 is_stmt 1 view .LVU366
 1440 000c 0268     		ldr	r2, [r0]
 1441 000e 1368     		ldr	r3, [r2]
 1442 0010 4021     		movs	r1, #64
 1443 0012 8B43     		bics	r3, r1
 1444 0014 1360     		str	r3, [r2]
 525:Drivers/STM32G0xx_HAL_Driver/Src/stm32g0xx_hal_spi.c **** #endif /* USE_HAL_SPI_REGISTER_CALLBACKS */
 1445              		.loc 1 525 3 view .LVU367
 1446 0016 FFF7FEFF 		bl	HAL_SPI_MspDeInit
 1447              	.LVL98:
 528:Drivers/STM32G0xx_HAL_Driver/Src/stm32g0xx_hal_spi.c ****   hspi->State = HAL_SPI_STATE_RESET;
 1448              		.loc 1 528 3 view .LVU368
 528:Drivers/STM32G0xx_HAL_Driver/Src/stm32g0xx_hal_spi.c ****   hspi->State = HAL_SPI_STATE_RESET;
 1449              		.loc 1 528 19 is_stmt 0 view .LVU369
 1450 001a 0023     		movs	r3, #0
 1451 001c 2366     		str	r3, [r4, #96]
 529:Drivers/STM32G0xx_HAL_Driver/Src/stm32g0xx_hal_spi.c **** 
 1452              		.loc 1 529 3 is_stmt 1 view .LVU370
 529:Drivers/STM32G0xx_HAL_Driver/Src/stm32g0xx_hal_spi.c **** 
 1453              		.loc 1 529 15 is_stmt 0 view .LVU371
 1454 001e 6355     		strb	r3, [r4, r5]
 532:Drivers/STM32G0xx_HAL_Driver/Src/stm32g0xx_hal_spi.c **** 
 1455              		.loc 1 532 3 is_stmt 1 view .LVU372
 532:Drivers/STM32G0xx_HAL_Driver/Src/stm32g0xx_hal_spi.c **** 
 1456              		.loc 1 532 3 view .LVU373
 1457 0020 5C22     		movs	r2, #92
 1458 0022 A354     		strb	r3, [r4, r2]
 532:Drivers/STM32G0xx_HAL_Driver/Src/stm32g0xx_hal_spi.c **** 
 1459              		.loc 1 532 3 view .LVU374
 534:Drivers/STM32G0xx_HAL_Driver/Src/stm32g0xx_hal_spi.c **** }
 1460              		.loc 1 534 3 view .LVU375
 534:Drivers/STM32G0xx_HAL_Driver/Src/stm32g0xx_hal_spi.c **** }
 1461              		.loc 1 534 10 is_stmt 0 view .LVU376
 1462 0024 0020     		movs	r0, #0
 1463              	.L99:
 535:Drivers/STM32G0xx_HAL_Driver/Src/stm32g0xx_hal_spi.c **** 
 1464              		.loc 1 535 1 view .LVU377
 1465              		@ sp needed
 1466              	.LVL99:
 535:Drivers/STM32G0xx_HAL_Driver/Src/stm32g0xx_hal_spi.c **** 
 1467              		.loc 1 535 1 view .LVU378
 1468 0026 70BD     		pop	{r4, r5, r6, pc}
 1469              	.LVL100:
 1470              	.L100:
ARM GAS  C:\Users\Domagoj\AppData\Local\Temp\ccvehG6g.s 			page 108


 504:Drivers/STM32G0xx_HAL_Driver/Src/stm32g0xx_hal_spi.c ****   }
 1471              		.loc 1 504 12 view .LVU379
 1472 0028 0120     		movs	r0, #1
 1473              	.LVL101:
 504:Drivers/STM32G0xx_HAL_Driver/Src/stm32g0xx_hal_spi.c ****   }
 1474              		.loc 1 504 12 view .LVU380
 1475 002a FCE7     		b	.L99
 1476              		.cfi_endproc
 1477              	.LFE364:
 1479              		.section	.text.HAL_SPI_Transmit,"ax",%progbits
 1480              		.align	1
 1481              		.global	HAL_SPI_Transmit
 1482              		.syntax unified
 1483              		.code	16
 1484              		.thumb_func
 1486              	HAL_SPI_Transmit:
 1487              	.LVL102:
 1488              	.LFB367:
 832:Drivers/STM32G0xx_HAL_Driver/Src/stm32g0xx_hal_spi.c ****   uint32_t tickstart;
 1489              		.loc 1 832 1 is_stmt 1 view -0
 1490              		.cfi_startproc
 1491              		@ args = 0, pretend = 0, frame = 8
 1492              		@ frame_needed = 0, uses_anonymous_args = 0
 832:Drivers/STM32G0xx_HAL_Driver/Src/stm32g0xx_hal_spi.c ****   uint32_t tickstart;
 1493              		.loc 1 832 1 is_stmt 0 view .LVU382
 1494 0000 F0B5     		push	{r4, r5, r6, r7, lr}
 1495              	.LCFI16:
 1496              		.cfi_def_cfa_offset 20
 1497              		.cfi_offset 4, -20
 1498              		.cfi_offset 5, -16
 1499              		.cfi_offset 6, -12
 1500              		.cfi_offset 7, -8
 1501              		.cfi_offset 14, -4
 1502 0002 CE46     		mov	lr, r9
 1503 0004 4746     		mov	r7, r8
 1504 0006 80B5     		push	{r7, lr}
 1505              	.LCFI17:
 1506              		.cfi_def_cfa_offset 28
 1507              		.cfi_offset 8, -28
 1508              		.cfi_offset 9, -24
 1509 0008 83B0     		sub	sp, sp, #12
 1510              	.LCFI18:
 1511              		.cfi_def_cfa_offset 40
 1512 000a 0400     		movs	r4, r0
 1513 000c 8946     		mov	r9, r1
 1514 000e 9046     		mov	r8, r2
 1515 0010 1D00     		movs	r5, r3
 833:Drivers/STM32G0xx_HAL_Driver/Src/stm32g0xx_hal_spi.c ****   uint16_t initial_TxXferCount;
 1516              		.loc 1 833 3 is_stmt 1 view .LVU383
 834:Drivers/STM32G0xx_HAL_Driver/Src/stm32g0xx_hal_spi.c **** 
 1517              		.loc 1 834 3 view .LVU384
 836:Drivers/STM32G0xx_HAL_Driver/Src/stm32g0xx_hal_spi.c ****   {
 1518              		.loc 1 836 3 view .LVU385
 840:Drivers/STM32G0xx_HAL_Driver/Src/stm32g0xx_hal_spi.c ****   }
 1519              		.loc 1 840 5 view .LVU386
 844:Drivers/STM32G0xx_HAL_Driver/Src/stm32g0xx_hal_spi.c **** 
 1520              		.loc 1 844 3 view .LVU387
ARM GAS  C:\Users\Domagoj\AppData\Local\Temp\ccvehG6g.s 			page 109


 847:Drivers/STM32G0xx_HAL_Driver/Src/stm32g0xx_hal_spi.c ****   initial_TxXferCount = Size;
 1521              		.loc 1 847 3 view .LVU388
 847:Drivers/STM32G0xx_HAL_Driver/Src/stm32g0xx_hal_spi.c ****   initial_TxXferCount = Size;
 1522              		.loc 1 847 15 is_stmt 0 view .LVU389
 1523 0012 FFF7FEFF 		bl	HAL_GetTick
 1524              	.LVL103:
 847:Drivers/STM32G0xx_HAL_Driver/Src/stm32g0xx_hal_spi.c ****   initial_TxXferCount = Size;
 1525              		.loc 1 847 15 view .LVU390
 1526 0016 0600     		movs	r6, r0
 1527              	.LVL104:
 848:Drivers/STM32G0xx_HAL_Driver/Src/stm32g0xx_hal_spi.c **** 
 1528              		.loc 1 848 3 is_stmt 1 view .LVU391
 850:Drivers/STM32G0xx_HAL_Driver/Src/stm32g0xx_hal_spi.c ****   {
 1529              		.loc 1 850 3 view .LVU392
 850:Drivers/STM32G0xx_HAL_Driver/Src/stm32g0xx_hal_spi.c ****   {
 1530              		.loc 1 850 11 is_stmt 0 view .LVU393
 1531 0018 5D23     		movs	r3, #93
 1532 001a E35C     		ldrb	r3, [r4, r3]
 1533 001c DFB2     		uxtb	r7, r3
 850:Drivers/STM32G0xx_HAL_Driver/Src/stm32g0xx_hal_spi.c ****   {
 1534              		.loc 1 850 6 view .LVU394
 1535 001e 012B     		cmp	r3, #1
 1536 0020 00D0     		beq	.LCB1400
 1537 0022 C6E0     		b	.L125	@long jump
 1538              	.LCB1400:
 855:Drivers/STM32G0xx_HAL_Driver/Src/stm32g0xx_hal_spi.c ****   {
 1539              		.loc 1 855 3 is_stmt 1 view .LVU395
 855:Drivers/STM32G0xx_HAL_Driver/Src/stm32g0xx_hal_spi.c ****   {
 1540              		.loc 1 855 6 is_stmt 0 view .LVU396
 1541 0024 4B46     		mov	r3, r9
 1542 0026 002B     		cmp	r3, #0
 1543 0028 00D1     		bne	.LCB1404
 1544 002a C3E0     		b	.L102	@long jump
 1545              	.LCB1404:
 855:Drivers/STM32G0xx_HAL_Driver/Src/stm32g0xx_hal_spi.c ****   {
 1546              		.loc 1 855 23 discriminator 1 view .LVU397
 1547 002c 4346     		mov	r3, r8
 1548 002e 002B     		cmp	r3, #0
 1549 0030 00D1     		bne	.LCB1407
 1550 0032 BFE0     		b	.L102	@long jump
 1551              	.LCB1407:
 861:Drivers/STM32G0xx_HAL_Driver/Src/stm32g0xx_hal_spi.c **** 
 1552              		.loc 1 861 3 is_stmt 1 view .LVU398
 861:Drivers/STM32G0xx_HAL_Driver/Src/stm32g0xx_hal_spi.c **** 
 1553              		.loc 1 861 3 view .LVU399
 1554 0034 5C23     		movs	r3, #92
 1555 0036 E35C     		ldrb	r3, [r4, r3]
 1556 0038 012B     		cmp	r3, #1
 1557 003a 00D1     		bne	.LCB1413
 1558 003c C0E0     		b	.L126	@long jump
 1559              	.LCB1413:
 861:Drivers/STM32G0xx_HAL_Driver/Src/stm32g0xx_hal_spi.c **** 
 1560              		.loc 1 861 3 discriminator 2 view .LVU400
 1561 003e 5C23     		movs	r3, #92
 1562 0040 0122     		movs	r2, #1
 1563 0042 E254     		strb	r2, [r4, r3]
 861:Drivers/STM32G0xx_HAL_Driver/Src/stm32g0xx_hal_spi.c **** 
ARM GAS  C:\Users\Domagoj\AppData\Local\Temp\ccvehG6g.s 			page 110


 1564              		.loc 1 861 3 view .LVU401
 864:Drivers/STM32G0xx_HAL_Driver/Src/stm32g0xx_hal_spi.c ****   hspi->ErrorCode   = HAL_SPI_ERROR_NONE;
 1565              		.loc 1 864 3 view .LVU402
 864:Drivers/STM32G0xx_HAL_Driver/Src/stm32g0xx_hal_spi.c ****   hspi->ErrorCode   = HAL_SPI_ERROR_NONE;
 1566              		.loc 1 864 21 is_stmt 0 view .LVU403
 1567 0044 0133     		adds	r3, r3, #1
 1568 0046 0232     		adds	r2, r2, #2
 1569 0048 E254     		strb	r2, [r4, r3]
 865:Drivers/STM32G0xx_HAL_Driver/Src/stm32g0xx_hal_spi.c ****   hspi->pTxBuffPtr  = (const uint8_t *)pData;
 1570              		.loc 1 865 3 is_stmt 1 view .LVU404
 865:Drivers/STM32G0xx_HAL_Driver/Src/stm32g0xx_hal_spi.c ****   hspi->pTxBuffPtr  = (const uint8_t *)pData;
 1571              		.loc 1 865 21 is_stmt 0 view .LVU405
 1572 004a 0023     		movs	r3, #0
 1573 004c 2366     		str	r3, [r4, #96]
 866:Drivers/STM32G0xx_HAL_Driver/Src/stm32g0xx_hal_spi.c ****   hspi->TxXferSize  = Size;
 1574              		.loc 1 866 3 is_stmt 1 view .LVU406
 866:Drivers/STM32G0xx_HAL_Driver/Src/stm32g0xx_hal_spi.c ****   hspi->TxXferSize  = Size;
 1575              		.loc 1 866 21 is_stmt 0 view .LVU407
 1576 004e 4A46     		mov	r2, r9
 1577 0050 A263     		str	r2, [r4, #56]
 867:Drivers/STM32G0xx_HAL_Driver/Src/stm32g0xx_hal_spi.c ****   hspi->TxXferCount = Size;
 1578              		.loc 1 867 3 is_stmt 1 view .LVU408
 867:Drivers/STM32G0xx_HAL_Driver/Src/stm32g0xx_hal_spi.c ****   hspi->TxXferCount = Size;
 1579              		.loc 1 867 21 is_stmt 0 view .LVU409
 1580 0052 4246     		mov	r2, r8
 1581 0054 A287     		strh	r2, [r4, #60]
 868:Drivers/STM32G0xx_HAL_Driver/Src/stm32g0xx_hal_spi.c **** 
 1582              		.loc 1 868 3 is_stmt 1 view .LVU410
 868:Drivers/STM32G0xx_HAL_Driver/Src/stm32g0xx_hal_spi.c **** 
 1583              		.loc 1 868 21 is_stmt 0 view .LVU411
 1584 0056 E287     		strh	r2, [r4, #62]
 871:Drivers/STM32G0xx_HAL_Driver/Src/stm32g0xx_hal_spi.c ****   hspi->RxXferSize  = 0U;
 1585              		.loc 1 871 3 is_stmt 1 view .LVU412
 871:Drivers/STM32G0xx_HAL_Driver/Src/stm32g0xx_hal_spi.c ****   hspi->RxXferSize  = 0U;
 1586              		.loc 1 871 21 is_stmt 0 view .LVU413
 1587 0058 2364     		str	r3, [r4, #64]
 872:Drivers/STM32G0xx_HAL_Driver/Src/stm32g0xx_hal_spi.c ****   hspi->RxXferCount = 0U;
 1588              		.loc 1 872 3 is_stmt 1 view .LVU414
 872:Drivers/STM32G0xx_HAL_Driver/Src/stm32g0xx_hal_spi.c ****   hspi->RxXferCount = 0U;
 1589              		.loc 1 872 21 is_stmt 0 view .LVU415
 1590 005a 4422     		movs	r2, #68
 1591 005c A352     		strh	r3, [r4, r2]
 873:Drivers/STM32G0xx_HAL_Driver/Src/stm32g0xx_hal_spi.c ****   hspi->TxISR       = NULL;
 1592              		.loc 1 873 3 is_stmt 1 view .LVU416
 873:Drivers/STM32G0xx_HAL_Driver/Src/stm32g0xx_hal_spi.c ****   hspi->TxISR       = NULL;
 1593              		.loc 1 873 21 is_stmt 0 view .LVU417
 1594 005e 0232     		adds	r2, r2, #2
 1595 0060 A352     		strh	r3, [r4, r2]
 874:Drivers/STM32G0xx_HAL_Driver/Src/stm32g0xx_hal_spi.c ****   hspi->RxISR       = NULL;
 1596              		.loc 1 874 3 is_stmt 1 view .LVU418
 874:Drivers/STM32G0xx_HAL_Driver/Src/stm32g0xx_hal_spi.c ****   hspi->RxISR       = NULL;
 1597              		.loc 1 874 21 is_stmt 0 view .LVU419
 1598 0062 2365     		str	r3, [r4, #80]
 875:Drivers/STM32G0xx_HAL_Driver/Src/stm32g0xx_hal_spi.c **** 
 1599              		.loc 1 875 3 is_stmt 1 view .LVU420
 875:Drivers/STM32G0xx_HAL_Driver/Src/stm32g0xx_hal_spi.c **** 
 1600              		.loc 1 875 21 is_stmt 0 view .LVU421
ARM GAS  C:\Users\Domagoj\AppData\Local\Temp\ccvehG6g.s 			page 111


 1601 0064 E364     		str	r3, [r4, #76]
 878:Drivers/STM32G0xx_HAL_Driver/Src/stm32g0xx_hal_spi.c ****   {
 1602              		.loc 1 878 3 is_stmt 1 view .LVU422
 878:Drivers/STM32G0xx_HAL_Driver/Src/stm32g0xx_hal_spi.c ****   {
 1603              		.loc 1 878 17 is_stmt 0 view .LVU423
 1604 0066 A268     		ldr	r2, [r4, #8]
 878:Drivers/STM32G0xx_HAL_Driver/Src/stm32g0xx_hal_spi.c ****   {
 1605              		.loc 1 878 6 view .LVU424
 1606 0068 8023     		movs	r3, #128
 1607 006a 1B02     		lsls	r3, r3, #8
 1608 006c 9A42     		cmp	r2, r3
 1609 006e 1ED0     		beq	.L131
 1610              	.L103:
 894:Drivers/STM32G0xx_HAL_Driver/Src/stm32g0xx_hal_spi.c ****   {
 1611              		.loc 1 894 3 is_stmt 1 view .LVU425
 894:Drivers/STM32G0xx_HAL_Driver/Src/stm32g0xx_hal_spi.c ****   {
 1612              		.loc 1 894 12 is_stmt 0 view .LVU426
 1613 0070 2268     		ldr	r2, [r4]
 894:Drivers/STM32G0xx_HAL_Driver/Src/stm32g0xx_hal_spi.c ****   {
 1614              		.loc 1 894 22 view .LVU427
 1615 0072 1368     		ldr	r3, [r2]
 894:Drivers/STM32G0xx_HAL_Driver/Src/stm32g0xx_hal_spi.c ****   {
 1616              		.loc 1 894 6 view .LVU428
 1617 0074 5B06     		lsls	r3, r3, #25
 1618 0076 03D4     		bmi	.L104
 897:Drivers/STM32G0xx_HAL_Driver/Src/stm32g0xx_hal_spi.c ****   }
 1619              		.loc 1 897 5 is_stmt 1 view .LVU429
 1620 0078 1368     		ldr	r3, [r2]
 1621 007a 4021     		movs	r1, #64
 1622 007c 0B43     		orrs	r3, r1
 1623 007e 1360     		str	r3, [r2]
 1624              	.L104:
 901:Drivers/STM32G0xx_HAL_Driver/Src/stm32g0xx_hal_spi.c ****   {
 1625              		.loc 1 901 3 view .LVU430
 901:Drivers/STM32G0xx_HAL_Driver/Src/stm32g0xx_hal_spi.c ****   {
 1626              		.loc 1 901 17 is_stmt 0 view .LVU431
 1627 0080 E268     		ldr	r2, [r4, #12]
 901:Drivers/STM32G0xx_HAL_Driver/Src/stm32g0xx_hal_spi.c ****   {
 1628              		.loc 1 901 6 view .LVU432
 1629 0082 E023     		movs	r3, #224
 1630 0084 DB00     		lsls	r3, r3, #3
 1631 0086 9A42     		cmp	r2, r3
 1632 0088 40D9     		bls	.L105
 903:Drivers/STM32G0xx_HAL_Driver/Src/stm32g0xx_hal_spi.c ****     {
 1633              		.loc 1 903 5 is_stmt 1 view .LVU433
 903:Drivers/STM32G0xx_HAL_Driver/Src/stm32g0xx_hal_spi.c ****     {
 1634              		.loc 1 903 20 is_stmt 0 view .LVU434
 1635 008a 6368     		ldr	r3, [r4, #4]
 903:Drivers/STM32G0xx_HAL_Driver/Src/stm32g0xx_hal_spi.c ****     {
 1636              		.loc 1 903 8 view .LVU435
 1637 008c 002B     		cmp	r3, #0
 1638 008e 02D0     		beq	.L106
 903:Drivers/STM32G0xx_HAL_Driver/Src/stm32g0xx_hal_spi.c ****     {
 1639              		.loc 1 903 45 discriminator 1 view .LVU436
 1640 0090 4346     		mov	r3, r8
 1641 0092 012B     		cmp	r3, #1
 1642 0094 20D1     		bne	.L112
ARM GAS  C:\Users\Domagoj\AppData\Local\Temp\ccvehG6g.s 			page 112


 1643              	.L106:
 905:Drivers/STM32G0xx_HAL_Driver/Src/stm32g0xx_hal_spi.c ****       hspi->pTxBuffPtr += sizeof(uint16_t);
 1644              		.loc 1 905 7 is_stmt 1 view .LVU437
 905:Drivers/STM32G0xx_HAL_Driver/Src/stm32g0xx_hal_spi.c ****       hspi->pTxBuffPtr += sizeof(uint16_t);
 1645              		.loc 1 905 52 is_stmt 0 view .LVU438
 1646 0096 A26B     		ldr	r2, [r4, #56]
 905:Drivers/STM32G0xx_HAL_Driver/Src/stm32g0xx_hal_spi.c ****       hspi->pTxBuffPtr += sizeof(uint16_t);
 1647              		.loc 1 905 11 view .LVU439
 1648 0098 2368     		ldr	r3, [r4]
 905:Drivers/STM32G0xx_HAL_Driver/Src/stm32g0xx_hal_spi.c ****       hspi->pTxBuffPtr += sizeof(uint16_t);
 1649              		.loc 1 905 28 view .LVU440
 1650 009a 1288     		ldrh	r2, [r2]
 905:Drivers/STM32G0xx_HAL_Driver/Src/stm32g0xx_hal_spi.c ****       hspi->pTxBuffPtr += sizeof(uint16_t);
 1651              		.loc 1 905 26 view .LVU441
 1652 009c DA60     		str	r2, [r3, #12]
 906:Drivers/STM32G0xx_HAL_Driver/Src/stm32g0xx_hal_spi.c ****       hspi->TxXferCount--;
 1653              		.loc 1 906 7 is_stmt 1 view .LVU442
 906:Drivers/STM32G0xx_HAL_Driver/Src/stm32g0xx_hal_spi.c ****       hspi->TxXferCount--;
 1654              		.loc 1 906 11 is_stmt 0 view .LVU443
 1655 009e A36B     		ldr	r3, [r4, #56]
 906:Drivers/STM32G0xx_HAL_Driver/Src/stm32g0xx_hal_spi.c ****       hspi->TxXferCount--;
 1656              		.loc 1 906 24 view .LVU444
 1657 00a0 0233     		adds	r3, r3, #2
 1658 00a2 A363     		str	r3, [r4, #56]
 907:Drivers/STM32G0xx_HAL_Driver/Src/stm32g0xx_hal_spi.c ****     }
 1659              		.loc 1 907 7 is_stmt 1 view .LVU445
 907:Drivers/STM32G0xx_HAL_Driver/Src/stm32g0xx_hal_spi.c ****     }
 1660              		.loc 1 907 11 is_stmt 0 view .LVU446
 1661 00a4 E38F     		ldrh	r3, [r4, #62]
 907:Drivers/STM32G0xx_HAL_Driver/Src/stm32g0xx_hal_spi.c ****     }
 1662              		.loc 1 907 24 view .LVU447
 1663 00a6 013B     		subs	r3, r3, #1
 1664 00a8 9BB2     		uxth	r3, r3
 1665 00aa E387     		strh	r3, [r4, #62]
 1666 00ac 14E0     		b	.L112
 1667              	.L131:
 881:Drivers/STM32G0xx_HAL_Driver/Src/stm32g0xx_hal_spi.c ****     SPI_1LINE_TX(hspi);
 1668              		.loc 1 881 5 is_stmt 1 view .LVU448
 1669 00ae 2268     		ldr	r2, [r4]
 1670 00b0 1368     		ldr	r3, [r2]
 1671 00b2 4021     		movs	r1, #64
 1672 00b4 8B43     		bics	r3, r1
 1673 00b6 1360     		str	r3, [r2]
 882:Drivers/STM32G0xx_HAL_Driver/Src/stm32g0xx_hal_spi.c ****   }
 1674              		.loc 1 882 5 view .LVU449
 1675 00b8 2268     		ldr	r2, [r4]
 1676 00ba 1168     		ldr	r1, [r2]
 1677 00bc 8023     		movs	r3, #128
 1678 00be DB01     		lsls	r3, r3, #7
 1679 00c0 0B43     		orrs	r3, r1
 1680 00c2 1360     		str	r3, [r2]
 1681 00c4 D4E7     		b	.L103
 1682              	.LVL105:
 1683              	.L108:
 922:Drivers/STM32G0xx_HAL_Driver/Src/stm32g0xx_hal_spi.c ****         {
 1684              		.loc 1 922 9 view .LVU450
 922:Drivers/STM32G0xx_HAL_Driver/Src/stm32g0xx_hal_spi.c ****         {
ARM GAS  C:\Users\Domagoj\AppData\Local\Temp\ccvehG6g.s 			page 113


 1685              		.loc 1 922 16 is_stmt 0 view .LVU451
 1686 00c6 FFF7FEFF 		bl	HAL_GetTick
 1687              	.LVL106:
 922:Drivers/STM32G0xx_HAL_Driver/Src/stm32g0xx_hal_spi.c ****         {
 1688              		.loc 1 922 30 discriminator 1 view .LVU452
 1689 00ca 801B     		subs	r0, r0, r6
 922:Drivers/STM32G0xx_HAL_Driver/Src/stm32g0xx_hal_spi.c ****         {
 1690              		.loc 1 922 12 discriminator 1 view .LVU453
 1691 00cc A842     		cmp	r0, r5
 1692 00ce 01D3     		bcc	.L110
 922:Drivers/STM32G0xx_HAL_Driver/Src/stm32g0xx_hal_spi.c ****         {
 1693              		.loc 1 922 56 discriminator 1 view .LVU454
 1694 00d0 6B1C     		adds	r3, r5, #1
 1695 00d2 13D1     		bne	.L111
 1696              	.L110:
 922:Drivers/STM32G0xx_HAL_Driver/Src/stm32g0xx_hal_spi.c ****         {
 1697              		.loc 1 922 87 discriminator 3 view .LVU455
 1698 00d4 002D     		cmp	r5, #0
 1699 00d6 11D0     		beq	.L111
 1700              	.L112:
 910:Drivers/STM32G0xx_HAL_Driver/Src/stm32g0xx_hal_spi.c ****     {
 1701              		.loc 1 910 30 is_stmt 1 view .LVU456
 910:Drivers/STM32G0xx_HAL_Driver/Src/stm32g0xx_hal_spi.c ****     {
 1702              		.loc 1 910 16 is_stmt 0 view .LVU457
 1703 00d8 E38F     		ldrh	r3, [r4, #62]
 910:Drivers/STM32G0xx_HAL_Driver/Src/stm32g0xx_hal_spi.c ****     {
 1704              		.loc 1 910 30 view .LVU458
 1705 00da 002B     		cmp	r3, #0
 1706 00dc 4BD0     		beq	.L114
 913:Drivers/STM32G0xx_HAL_Driver/Src/stm32g0xx_hal_spi.c ****       {
 1707              		.loc 1 913 7 is_stmt 1 view .LVU459
 913:Drivers/STM32G0xx_HAL_Driver/Src/stm32g0xx_hal_spi.c ****       {
 1708              		.loc 1 913 11 is_stmt 0 view .LVU460
 1709 00de 2268     		ldr	r2, [r4]
 1710 00e0 9368     		ldr	r3, [r2, #8]
 913:Drivers/STM32G0xx_HAL_Driver/Src/stm32g0xx_hal_spi.c ****       {
 1711              		.loc 1 913 10 view .LVU461
 1712 00e2 9B07     		lsls	r3, r3, #30
 1713 00e4 EFD5     		bpl	.L108
 915:Drivers/STM32G0xx_HAL_Driver/Src/stm32g0xx_hal_spi.c ****         hspi->pTxBuffPtr += sizeof(uint16_t);
 1714              		.loc 1 915 9 is_stmt 1 view .LVU462
 915:Drivers/STM32G0xx_HAL_Driver/Src/stm32g0xx_hal_spi.c ****         hspi->pTxBuffPtr += sizeof(uint16_t);
 1715              		.loc 1 915 54 is_stmt 0 view .LVU463
 1716 00e6 A36B     		ldr	r3, [r4, #56]
 915:Drivers/STM32G0xx_HAL_Driver/Src/stm32g0xx_hal_spi.c ****         hspi->pTxBuffPtr += sizeof(uint16_t);
 1717              		.loc 1 915 30 view .LVU464
 1718 00e8 1B88     		ldrh	r3, [r3]
 915:Drivers/STM32G0xx_HAL_Driver/Src/stm32g0xx_hal_spi.c ****         hspi->pTxBuffPtr += sizeof(uint16_t);
 1719              		.loc 1 915 28 view .LVU465
 1720 00ea D360     		str	r3, [r2, #12]
 916:Drivers/STM32G0xx_HAL_Driver/Src/stm32g0xx_hal_spi.c ****         hspi->TxXferCount--;
 1721              		.loc 1 916 9 is_stmt 1 view .LVU466
 916:Drivers/STM32G0xx_HAL_Driver/Src/stm32g0xx_hal_spi.c ****         hspi->TxXferCount--;
 1722              		.loc 1 916 13 is_stmt 0 view .LVU467
 1723 00ec A36B     		ldr	r3, [r4, #56]
 916:Drivers/STM32G0xx_HAL_Driver/Src/stm32g0xx_hal_spi.c ****         hspi->TxXferCount--;
 1724              		.loc 1 916 26 view .LVU468
ARM GAS  C:\Users\Domagoj\AppData\Local\Temp\ccvehG6g.s 			page 114


 1725 00ee 0233     		adds	r3, r3, #2
 1726 00f0 A363     		str	r3, [r4, #56]
 917:Drivers/STM32G0xx_HAL_Driver/Src/stm32g0xx_hal_spi.c ****       }
 1727              		.loc 1 917 9 is_stmt 1 view .LVU469
 917:Drivers/STM32G0xx_HAL_Driver/Src/stm32g0xx_hal_spi.c ****       }
 1728              		.loc 1 917 13 is_stmt 0 view .LVU470
 1729 00f2 E18F     		ldrh	r1, [r4, #62]
 917:Drivers/STM32G0xx_HAL_Driver/Src/stm32g0xx_hal_spi.c ****       }
 1730              		.loc 1 917 26 view .LVU471
 1731 00f4 0139     		subs	r1, r1, #1
 1732 00f6 89B2     		uxth	r1, r1
 1733 00f8 E187     		strh	r1, [r4, #62]
 1734 00fa EDE7     		b	.L112
 1735              	.L111:
 924:Drivers/STM32G0xx_HAL_Driver/Src/stm32g0xx_hal_spi.c ****           __HAL_UNLOCK(hspi);
 1736              		.loc 1 924 11 is_stmt 1 view .LVU472
 924:Drivers/STM32G0xx_HAL_Driver/Src/stm32g0xx_hal_spi.c ****           __HAL_UNLOCK(hspi);
 1737              		.loc 1 924 23 is_stmt 0 view .LVU473
 1738 00fc 5D23     		movs	r3, #93
 1739 00fe 0122     		movs	r2, #1
 1740 0100 E254     		strb	r2, [r4, r3]
 925:Drivers/STM32G0xx_HAL_Driver/Src/stm32g0xx_hal_spi.c ****           return HAL_TIMEOUT;
 1741              		.loc 1 925 11 is_stmt 1 view .LVU474
 925:Drivers/STM32G0xx_HAL_Driver/Src/stm32g0xx_hal_spi.c ****           return HAL_TIMEOUT;
 1742              		.loc 1 925 11 view .LVU475
 1743 0102 013B     		subs	r3, r3, #1
 1744 0104 0022     		movs	r2, #0
 1745 0106 E254     		strb	r2, [r4, r3]
 925:Drivers/STM32G0xx_HAL_Driver/Src/stm32g0xx_hal_spi.c ****           return HAL_TIMEOUT;
 1746              		.loc 1 925 11 view .LVU476
 926:Drivers/STM32G0xx_HAL_Driver/Src/stm32g0xx_hal_spi.c ****         }
 1747              		.loc 1 926 11 view .LVU477
 926:Drivers/STM32G0xx_HAL_Driver/Src/stm32g0xx_hal_spi.c ****         }
 1748              		.loc 1 926 18 is_stmt 0 view .LVU478
 1749 0108 0327     		movs	r7, #3
 1750 010a 53E0     		b	.L102
 1751              	.LVL107:
 1752              	.L105:
 934:Drivers/STM32G0xx_HAL_Driver/Src/stm32g0xx_hal_spi.c ****     {
 1753              		.loc 1 934 5 is_stmt 1 view .LVU479
 934:Drivers/STM32G0xx_HAL_Driver/Src/stm32g0xx_hal_spi.c ****     {
 1754              		.loc 1 934 20 is_stmt 0 view .LVU480
 1755 010c 6368     		ldr	r3, [r4, #4]
 934:Drivers/STM32G0xx_HAL_Driver/Src/stm32g0xx_hal_spi.c ****     {
 1756              		.loc 1 934 8 view .LVU481
 1757 010e 002B     		cmp	r3, #0
 1758 0110 02D0     		beq	.L115
 934:Drivers/STM32G0xx_HAL_Driver/Src/stm32g0xx_hal_spi.c ****     {
 1759              		.loc 1 934 45 discriminator 1 view .LVU482
 1760 0112 4346     		mov	r3, r8
 1761 0114 012B     		cmp	r3, #1
 1762 0116 14D1     		bne	.L121
 1763              	.L115:
 936:Drivers/STM32G0xx_HAL_Driver/Src/stm32g0xx_hal_spi.c ****       hspi->pTxBuffPtr += sizeof(uint8_t);
 1764              		.loc 1 936 7 is_stmt 1 view .LVU483
 936:Drivers/STM32G0xx_HAL_Driver/Src/stm32g0xx_hal_spi.c ****       hspi->pTxBuffPtr += sizeof(uint8_t);
 1765              		.loc 1 936 71 is_stmt 0 view .LVU484
ARM GAS  C:\Users\Domagoj\AppData\Local\Temp\ccvehG6g.s 			page 115


 1766 0118 A26B     		ldr	r2, [r4, #56]
 936:Drivers/STM32G0xx_HAL_Driver/Src/stm32g0xx_hal_spi.c ****       hspi->pTxBuffPtr += sizeof(uint8_t);
 1767              		.loc 1 936 30 view .LVU485
 1768 011a 2368     		ldr	r3, [r4]
 936:Drivers/STM32G0xx_HAL_Driver/Src/stm32g0xx_hal_spi.c ****       hspi->pTxBuffPtr += sizeof(uint8_t);
 1769              		.loc 1 936 48 view .LVU486
 1770 011c 1278     		ldrb	r2, [r2]
 936:Drivers/STM32G0xx_HAL_Driver/Src/stm32g0xx_hal_spi.c ****       hspi->pTxBuffPtr += sizeof(uint8_t);
 1771              		.loc 1 936 46 view .LVU487
 1772 011e 1A73     		strb	r2, [r3, #12]
 937:Drivers/STM32G0xx_HAL_Driver/Src/stm32g0xx_hal_spi.c ****       hspi->TxXferCount--;
 1773              		.loc 1 937 7 is_stmt 1 view .LVU488
 937:Drivers/STM32G0xx_HAL_Driver/Src/stm32g0xx_hal_spi.c ****       hspi->TxXferCount--;
 1774              		.loc 1 937 11 is_stmt 0 view .LVU489
 1775 0120 A36B     		ldr	r3, [r4, #56]
 937:Drivers/STM32G0xx_HAL_Driver/Src/stm32g0xx_hal_spi.c ****       hspi->TxXferCount--;
 1776              		.loc 1 937 24 view .LVU490
 1777 0122 0133     		adds	r3, r3, #1
 1778 0124 A363     		str	r3, [r4, #56]
 938:Drivers/STM32G0xx_HAL_Driver/Src/stm32g0xx_hal_spi.c ****     }
 1779              		.loc 1 938 7 is_stmt 1 view .LVU491
 938:Drivers/STM32G0xx_HAL_Driver/Src/stm32g0xx_hal_spi.c ****     }
 1780              		.loc 1 938 11 is_stmt 0 view .LVU492
 1781 0126 E38F     		ldrh	r3, [r4, #62]
 938:Drivers/STM32G0xx_HAL_Driver/Src/stm32g0xx_hal_spi.c ****     }
 1782              		.loc 1 938 24 view .LVU493
 1783 0128 013B     		subs	r3, r3, #1
 1784 012a 9BB2     		uxth	r3, r3
 1785 012c E387     		strh	r3, [r4, #62]
 1786 012e 08E0     		b	.L121
 1787              	.LVL108:
 1788              	.L117:
 952:Drivers/STM32G0xx_HAL_Driver/Src/stm32g0xx_hal_spi.c ****         {
 1789              		.loc 1 952 9 is_stmt 1 view .LVU494
 952:Drivers/STM32G0xx_HAL_Driver/Src/stm32g0xx_hal_spi.c ****         {
 1790              		.loc 1 952 16 is_stmt 0 view .LVU495
 1791 0130 FFF7FEFF 		bl	HAL_GetTick
 1792              	.LVL109:
 952:Drivers/STM32G0xx_HAL_Driver/Src/stm32g0xx_hal_spi.c ****         {
 1793              		.loc 1 952 30 discriminator 1 view .LVU496
 1794 0134 801B     		subs	r0, r0, r6
 952:Drivers/STM32G0xx_HAL_Driver/Src/stm32g0xx_hal_spi.c ****         {
 1795              		.loc 1 952 12 discriminator 1 view .LVU497
 1796 0136 A842     		cmp	r0, r5
 1797 0138 01D3     		bcc	.L119
 952:Drivers/STM32G0xx_HAL_Driver/Src/stm32g0xx_hal_spi.c ****         {
 1798              		.loc 1 952 56 discriminator 1 view .LVU498
 1799 013a 6B1C     		adds	r3, r5, #1
 1800 013c 13D1     		bne	.L120
 1801              	.L119:
 952:Drivers/STM32G0xx_HAL_Driver/Src/stm32g0xx_hal_spi.c ****         {
 1802              		.loc 1 952 87 discriminator 3 view .LVU499
 1803 013e 002D     		cmp	r5, #0
 1804 0140 11D0     		beq	.L120
 1805              	.L121:
 940:Drivers/STM32G0xx_HAL_Driver/Src/stm32g0xx_hal_spi.c ****     {
 1806              		.loc 1 940 30 is_stmt 1 view .LVU500
ARM GAS  C:\Users\Domagoj\AppData\Local\Temp\ccvehG6g.s 			page 116


 940:Drivers/STM32G0xx_HAL_Driver/Src/stm32g0xx_hal_spi.c ****     {
 1807              		.loc 1 940 16 is_stmt 0 view .LVU501
 1808 0142 E38F     		ldrh	r3, [r4, #62]
 940:Drivers/STM32G0xx_HAL_Driver/Src/stm32g0xx_hal_spi.c ****     {
 1809              		.loc 1 940 30 view .LVU502
 1810 0144 002B     		cmp	r3, #0
 1811 0146 16D0     		beq	.L114
 943:Drivers/STM32G0xx_HAL_Driver/Src/stm32g0xx_hal_spi.c ****       {
 1812              		.loc 1 943 7 is_stmt 1 view .LVU503
 943:Drivers/STM32G0xx_HAL_Driver/Src/stm32g0xx_hal_spi.c ****       {
 1813              		.loc 1 943 11 is_stmt 0 view .LVU504
 1814 0148 2268     		ldr	r2, [r4]
 1815 014a 9368     		ldr	r3, [r2, #8]
 943:Drivers/STM32G0xx_HAL_Driver/Src/stm32g0xx_hal_spi.c ****       {
 1816              		.loc 1 943 10 view .LVU505
 1817 014c 9B07     		lsls	r3, r3, #30
 1818 014e EFD5     		bpl	.L117
 945:Drivers/STM32G0xx_HAL_Driver/Src/stm32g0xx_hal_spi.c ****         hspi->pTxBuffPtr += sizeof(uint8_t);
 1819              		.loc 1 945 9 is_stmt 1 view .LVU506
 945:Drivers/STM32G0xx_HAL_Driver/Src/stm32g0xx_hal_spi.c ****         hspi->pTxBuffPtr += sizeof(uint8_t);
 1820              		.loc 1 945 73 is_stmt 0 view .LVU507
 1821 0150 A36B     		ldr	r3, [r4, #56]
 945:Drivers/STM32G0xx_HAL_Driver/Src/stm32g0xx_hal_spi.c ****         hspi->pTxBuffPtr += sizeof(uint8_t);
 1822              		.loc 1 945 50 view .LVU508
 1823 0152 1B78     		ldrb	r3, [r3]
 945:Drivers/STM32G0xx_HAL_Driver/Src/stm32g0xx_hal_spi.c ****         hspi->pTxBuffPtr += sizeof(uint8_t);
 1824              		.loc 1 945 48 view .LVU509
 1825 0154 1373     		strb	r3, [r2, #12]
 946:Drivers/STM32G0xx_HAL_Driver/Src/stm32g0xx_hal_spi.c ****         hspi->TxXferCount--;
 1826              		.loc 1 946 9 is_stmt 1 view .LVU510
 946:Drivers/STM32G0xx_HAL_Driver/Src/stm32g0xx_hal_spi.c ****         hspi->TxXferCount--;
 1827              		.loc 1 946 13 is_stmt 0 view .LVU511
 1828 0156 A36B     		ldr	r3, [r4, #56]
 946:Drivers/STM32G0xx_HAL_Driver/Src/stm32g0xx_hal_spi.c ****         hspi->TxXferCount--;
 1829              		.loc 1 946 26 view .LVU512
 1830 0158 0133     		adds	r3, r3, #1
 1831 015a A363     		str	r3, [r4, #56]
 947:Drivers/STM32G0xx_HAL_Driver/Src/stm32g0xx_hal_spi.c ****       }
 1832              		.loc 1 947 9 is_stmt 1 view .LVU513
 947:Drivers/STM32G0xx_HAL_Driver/Src/stm32g0xx_hal_spi.c ****       }
 1833              		.loc 1 947 13 is_stmt 0 view .LVU514
 1834 015c E18F     		ldrh	r1, [r4, #62]
 947:Drivers/STM32G0xx_HAL_Driver/Src/stm32g0xx_hal_spi.c ****       }
 1835              		.loc 1 947 26 view .LVU515
 1836 015e 0139     		subs	r1, r1, #1
 1837 0160 89B2     		uxth	r1, r1
 1838 0162 E187     		strh	r1, [r4, #62]
 1839 0164 EDE7     		b	.L121
 1840              	.L120:
 954:Drivers/STM32G0xx_HAL_Driver/Src/stm32g0xx_hal_spi.c ****           __HAL_UNLOCK(hspi);
 1841              		.loc 1 954 11 is_stmt 1 view .LVU516
 954:Drivers/STM32G0xx_HAL_Driver/Src/stm32g0xx_hal_spi.c ****           __HAL_UNLOCK(hspi);
 1842              		.loc 1 954 23 is_stmt 0 view .LVU517
 1843 0166 5D23     		movs	r3, #93
 1844 0168 0122     		movs	r2, #1
 1845 016a E254     		strb	r2, [r4, r3]
 955:Drivers/STM32G0xx_HAL_Driver/Src/stm32g0xx_hal_spi.c ****           return HAL_TIMEOUT;
ARM GAS  C:\Users\Domagoj\AppData\Local\Temp\ccvehG6g.s 			page 117


 1846              		.loc 1 955 11 is_stmt 1 view .LVU518
 955:Drivers/STM32G0xx_HAL_Driver/Src/stm32g0xx_hal_spi.c ****           return HAL_TIMEOUT;
 1847              		.loc 1 955 11 view .LVU519
 1848 016c 013B     		subs	r3, r3, #1
 1849 016e 0022     		movs	r2, #0
 1850 0170 E254     		strb	r2, [r4, r3]
 955:Drivers/STM32G0xx_HAL_Driver/Src/stm32g0xx_hal_spi.c ****           return HAL_TIMEOUT;
 1851              		.loc 1 955 11 view .LVU520
 956:Drivers/STM32G0xx_HAL_Driver/Src/stm32g0xx_hal_spi.c ****         }
 1852              		.loc 1 956 11 view .LVU521
 956:Drivers/STM32G0xx_HAL_Driver/Src/stm32g0xx_hal_spi.c ****         }
 1853              		.loc 1 956 18 is_stmt 0 view .LVU522
 1854 0172 0327     		movs	r7, #3
 1855 0174 1EE0     		b	.L102
 1856              	.L114:
 970:Drivers/STM32G0xx_HAL_Driver/Src/stm32g0xx_hal_spi.c ****   {
 1857              		.loc 1 970 3 is_stmt 1 view .LVU523
 970:Drivers/STM32G0xx_HAL_Driver/Src/stm32g0xx_hal_spi.c ****   {
 1858              		.loc 1 970 7 is_stmt 0 view .LVU524
 1859 0176 3200     		movs	r2, r6
 1860 0178 2900     		movs	r1, r5
 1861 017a 2000     		movs	r0, r4
 1862 017c FFF7FEFF 		bl	SPI_EndRxTxTransaction
 1863              	.LVL110:
 970:Drivers/STM32G0xx_HAL_Driver/Src/stm32g0xx_hal_spi.c ****   {
 1864              		.loc 1 970 6 discriminator 1 view .LVU525
 1865 0180 0028     		cmp	r0, #0
 1866 0182 01D0     		beq	.L123
 972:Drivers/STM32G0xx_HAL_Driver/Src/stm32g0xx_hal_spi.c ****   }
 1867              		.loc 1 972 5 is_stmt 1 view .LVU526
 972:Drivers/STM32G0xx_HAL_Driver/Src/stm32g0xx_hal_spi.c ****   }
 1868              		.loc 1 972 21 is_stmt 0 view .LVU527
 1869 0184 2023     		movs	r3, #32
 1870 0186 2366     		str	r3, [r4, #96]
 1871              	.L123:
 976:Drivers/STM32G0xx_HAL_Driver/Src/stm32g0xx_hal_spi.c ****   {
 1872              		.loc 1 976 3 is_stmt 1 view .LVU528
 976:Drivers/STM32G0xx_HAL_Driver/Src/stm32g0xx_hal_spi.c ****   {
 1873              		.loc 1 976 17 is_stmt 0 view .LVU529
 1874 0188 A368     		ldr	r3, [r4, #8]
 976:Drivers/STM32G0xx_HAL_Driver/Src/stm32g0xx_hal_spi.c ****   {
 1875              		.loc 1 976 6 view .LVU530
 1876 018a 002B     		cmp	r3, #0
 1877 018c 06D1     		bne	.L124
 978:Drivers/STM32G0xx_HAL_Driver/Src/stm32g0xx_hal_spi.c ****   }
 1878              		.loc 1 978 5 is_stmt 1 view .LVU531
 1879              	.LBB2:
 978:Drivers/STM32G0xx_HAL_Driver/Src/stm32g0xx_hal_spi.c ****   }
 1880              		.loc 1 978 5 view .LVU532
 1881 018e 0193     		str	r3, [sp, #4]
 978:Drivers/STM32G0xx_HAL_Driver/Src/stm32g0xx_hal_spi.c ****   }
 1882              		.loc 1 978 5 view .LVU533
 1883 0190 2368     		ldr	r3, [r4]
 1884 0192 DA68     		ldr	r2, [r3, #12]
 1885 0194 0192     		str	r2, [sp, #4]
 978:Drivers/STM32G0xx_HAL_Driver/Src/stm32g0xx_hal_spi.c ****   }
 1886              		.loc 1 978 5 view .LVU534
ARM GAS  C:\Users\Domagoj\AppData\Local\Temp\ccvehG6g.s 			page 118


 1887 0196 9B68     		ldr	r3, [r3, #8]
 1888 0198 0193     		str	r3, [sp, #4]
 978:Drivers/STM32G0xx_HAL_Driver/Src/stm32g0xx_hal_spi.c ****   }
 1889              		.loc 1 978 5 view .LVU535
 1890 019a 019B     		ldr	r3, [sp, #4]
 1891              	.L124:
 1892              	.LBE2:
 978:Drivers/STM32G0xx_HAL_Driver/Src/stm32g0xx_hal_spi.c ****   }
 1893              		.loc 1 978 5 view .LVU536
 981:Drivers/STM32G0xx_HAL_Driver/Src/stm32g0xx_hal_spi.c ****   /* Process Unlocked */
 1894              		.loc 1 981 3 view .LVU537
 981:Drivers/STM32G0xx_HAL_Driver/Src/stm32g0xx_hal_spi.c ****   /* Process Unlocked */
 1895              		.loc 1 981 15 is_stmt 0 view .LVU538
 1896 019c 5D23     		movs	r3, #93
 1897 019e 0122     		movs	r2, #1
 1898 01a0 E254     		strb	r2, [r4, r3]
 983:Drivers/STM32G0xx_HAL_Driver/Src/stm32g0xx_hal_spi.c **** 
 1899              		.loc 1 983 3 is_stmt 1 view .LVU539
 983:Drivers/STM32G0xx_HAL_Driver/Src/stm32g0xx_hal_spi.c **** 
 1900              		.loc 1 983 3 view .LVU540
 1901 01a2 013B     		subs	r3, r3, #1
 1902 01a4 0022     		movs	r2, #0
 1903 01a6 E254     		strb	r2, [r4, r3]
 983:Drivers/STM32G0xx_HAL_Driver/Src/stm32g0xx_hal_spi.c **** 
 1904              		.loc 1 983 3 view .LVU541
 985:Drivers/STM32G0xx_HAL_Driver/Src/stm32g0xx_hal_spi.c ****   {
 1905              		.loc 1 985 3 view .LVU542
 985:Drivers/STM32G0xx_HAL_Driver/Src/stm32g0xx_hal_spi.c ****   {
 1906              		.loc 1 985 11 is_stmt 0 view .LVU543
 1907 01a8 236E     		ldr	r3, [r4, #96]
 985:Drivers/STM32G0xx_HAL_Driver/Src/stm32g0xx_hal_spi.c ****   {
 1908              		.loc 1 985 6 view .LVU544
 1909 01aa 002B     		cmp	r3, #0
 1910 01ac 02D1     		bne	.L102
 991:Drivers/STM32G0xx_HAL_Driver/Src/stm32g0xx_hal_spi.c ****   }
 1911              		.loc 1 991 12 view .LVU545
 1912 01ae 0027     		movs	r7, #0
 1913 01b0 00E0     		b	.L102
 1914              	.LVL111:
 1915              	.L125:
 852:Drivers/STM32G0xx_HAL_Driver/Src/stm32g0xx_hal_spi.c ****   }
 1916              		.loc 1 852 12 view .LVU546
 1917 01b2 0227     		movs	r7, #2
 1918              	.LVL112:
 1919              	.L102:
 993:Drivers/STM32G0xx_HAL_Driver/Src/stm32g0xx_hal_spi.c **** 
 1920              		.loc 1 993 1 view .LVU547
 1921 01b4 3800     		movs	r0, r7
 1922 01b6 03B0     		add	sp, sp, #12
 1923              		@ sp needed
 1924              	.LVL113:
 1925              	.LVL114:
 1926              	.LVL115:
 1927              	.LVL116:
 1928              	.LVL117:
 993:Drivers/STM32G0xx_HAL_Driver/Src/stm32g0xx_hal_spi.c **** 
 1929              		.loc 1 993 1 view .LVU548
ARM GAS  C:\Users\Domagoj\AppData\Local\Temp\ccvehG6g.s 			page 119


 1930 01b8 C0BC     		pop	{r6, r7}
 1931 01ba B946     		mov	r9, r7
 1932 01bc B046     		mov	r8, r6
 1933 01be F0BD     		pop	{r4, r5, r6, r7, pc}
 1934              	.LVL118:
 1935              	.L126:
 861:Drivers/STM32G0xx_HAL_Driver/Src/stm32g0xx_hal_spi.c **** 
 1936              		.loc 1 861 3 discriminator 1 view .LVU549
 1937 01c0 0227     		movs	r7, #2
 1938 01c2 F7E7     		b	.L102
 1939              		.cfi_endproc
 1940              	.LFE367:
 1942              		.section	.text.HAL_SPI_TransmitReceive,"ax",%progbits
 1943              		.align	1
 1944              		.global	HAL_SPI_TransmitReceive
 1945              		.syntax unified
 1946              		.code	16
 1947              		.thumb_func
 1949              	HAL_SPI_TransmitReceive:
 1950              	.LVL119:
 1951              	.LFB369:
1259:Drivers/STM32G0xx_HAL_Driver/Src/stm32g0xx_hal_spi.c ****   uint16_t             initial_TxXferCount;
 1952              		.loc 1 1259 1 is_stmt 1 view -0
 1953              		.cfi_startproc
 1954              		@ args = 4, pretend = 0, frame = 8
 1955              		@ frame_needed = 0, uses_anonymous_args = 0
1259:Drivers/STM32G0xx_HAL_Driver/Src/stm32g0xx_hal_spi.c ****   uint16_t             initial_TxXferCount;
 1956              		.loc 1 1259 1 is_stmt 0 view .LVU551
 1957 0000 F0B5     		push	{r4, r5, r6, r7, lr}
 1958              	.LCFI19:
 1959              		.cfi_def_cfa_offset 20
 1960              		.cfi_offset 4, -20
 1961              		.cfi_offset 5, -16
 1962              		.cfi_offset 6, -12
 1963              		.cfi_offset 7, -8
 1964              		.cfi_offset 14, -4
 1965 0002 CE46     		mov	lr, r9
 1966 0004 00B5     		push	{lr}
 1967              	.LCFI20:
 1968              		.cfi_def_cfa_offset 24
 1969              		.cfi_offset 9, -24
 1970 0006 82B0     		sub	sp, sp, #8
 1971              	.LCFI21:
 1972              		.cfi_def_cfa_offset 32
 1973 0008 0400     		movs	r4, r0
 1974 000a 8946     		mov	r9, r1
 1975 000c 0192     		str	r2, [sp, #4]
 1976 000e 1F00     		movs	r7, r3
 1977 0010 089D     		ldr	r5, [sp, #32]
1260:Drivers/STM32G0xx_HAL_Driver/Src/stm32g0xx_hal_spi.c ****   uint32_t             tmp_mode;
 1978              		.loc 1 1260 3 is_stmt 1 view .LVU552
1261:Drivers/STM32G0xx_HAL_Driver/Src/stm32g0xx_hal_spi.c ****   HAL_SPI_StateTypeDef tmp_state;
 1979              		.loc 1 1261 3 view .LVU553
1262:Drivers/STM32G0xx_HAL_Driver/Src/stm32g0xx_hal_spi.c ****   uint32_t             tickstart;
 1980              		.loc 1 1262 3 view .LVU554
1263:Drivers/STM32G0xx_HAL_Driver/Src/stm32g0xx_hal_spi.c **** #if (USE_SPI_CRC != 0U)
 1981              		.loc 1 1263 3 view .LVU555
ARM GAS  C:\Users\Domagoj\AppData\Local\Temp\ccvehG6g.s 			page 120


1273:Drivers/STM32G0xx_HAL_Driver/Src/stm32g0xx_hal_spi.c **** 
 1982              		.loc 1 1273 3 view .LVU556
 1983              	.LVL120:
1275:Drivers/STM32G0xx_HAL_Driver/Src/stm32g0xx_hal_spi.c ****   {
 1984              		.loc 1 1275 3 view .LVU557
1279:Drivers/STM32G0xx_HAL_Driver/Src/stm32g0xx_hal_spi.c ****     assert_param(IS_SPI_16BIT_ALIGNED_ADDRESS(pRxData));
 1985              		.loc 1 1279 5 view .LVU558
1280:Drivers/STM32G0xx_HAL_Driver/Src/stm32g0xx_hal_spi.c ****   }
 1986              		.loc 1 1280 5 view .LVU559
1284:Drivers/STM32G0xx_HAL_Driver/Src/stm32g0xx_hal_spi.c **** 
 1987              		.loc 1 1284 3 view .LVU560
1287:Drivers/STM32G0xx_HAL_Driver/Src/stm32g0xx_hal_spi.c **** 
 1988              		.loc 1 1287 3 view .LVU561
1287:Drivers/STM32G0xx_HAL_Driver/Src/stm32g0xx_hal_spi.c **** 
 1989              		.loc 1 1287 15 is_stmt 0 view .LVU562
 1990 0012 FFF7FEFF 		bl	HAL_GetTick
 1991              	.LVL121:
1287:Drivers/STM32G0xx_HAL_Driver/Src/stm32g0xx_hal_spi.c **** 
 1992              		.loc 1 1287 15 view .LVU563
 1993 0016 0600     		movs	r6, r0
 1994              	.LVL122:
1290:Drivers/STM32G0xx_HAL_Driver/Src/stm32g0xx_hal_spi.c ****   tmp_mode            = hspi->Init.Mode;
 1995              		.loc 1 1290 3 is_stmt 1 view .LVU564
1290:Drivers/STM32G0xx_HAL_Driver/Src/stm32g0xx_hal_spi.c ****   tmp_mode            = hspi->Init.Mode;
 1996              		.loc 1 1290 23 is_stmt 0 view .LVU565
 1997 0018 5D23     		movs	r3, #93
 1998 001a E35C     		ldrb	r3, [r4, r3]
 1999 001c D9B2     		uxtb	r1, r3
 2000              	.LVL123:
1291:Drivers/STM32G0xx_HAL_Driver/Src/stm32g0xx_hal_spi.c ****   initial_TxXferCount = Size;
 2001              		.loc 1 1291 3 is_stmt 1 view .LVU566
1291:Drivers/STM32G0xx_HAL_Driver/Src/stm32g0xx_hal_spi.c ****   initial_TxXferCount = Size;
 2002              		.loc 1 1291 23 is_stmt 0 view .LVU567
 2003 001e 6268     		ldr	r2, [r4, #4]
 2004              	.LVL124:
1292:Drivers/STM32G0xx_HAL_Driver/Src/stm32g0xx_hal_spi.c **** #if (USE_SPI_CRC != 0U)
 2005              		.loc 1 1292 3 is_stmt 1 view .LVU568
1298:Drivers/STM32G0xx_HAL_Driver/Src/stm32g0xx_hal_spi.c ****         ((tmp_mode == SPI_MODE_MASTER) && (hspi->Init.Direction == SPI_DIRECTION_2LINES) &&
 2006              		.loc 1 1298 3 view .LVU569
1298:Drivers/STM32G0xx_HAL_Driver/Src/stm32g0xx_hal_spi.c ****         ((tmp_mode == SPI_MODE_MASTER) && (hspi->Init.Direction == SPI_DIRECTION_2LINES) &&
 2007              		.loc 1 1298 6 is_stmt 0 view .LVU570
 2008 0020 012B     		cmp	r3, #1
 2009 0022 0BD0     		beq	.L133
1298:Drivers/STM32G0xx_HAL_Driver/Src/stm32g0xx_hal_spi.c ****         ((tmp_mode == SPI_MODE_MASTER) && (hspi->Init.Direction == SPI_DIRECTION_2LINES) &&
 2010              		.loc 1 1298 7 discriminator 1 view .LVU571
 2011 0024 8223     		movs	r3, #130
 2012 0026 5B00     		lsls	r3, r3, #1
 2013 0028 9A42     		cmp	r2, r3
 2014 002a 00D0     		beq	.LCB1832
 2015 002c 09E1     		b	.L156	@long jump
 2016              	.LCB1832:
1299:Drivers/STM32G0xx_HAL_Driver/Src/stm32g0xx_hal_spi.c ****          (tmp_state == HAL_SPI_STATE_BUSY_RX))))
 2017              		.loc 1 1299 54 view .LVU572
 2018 002e A368     		ldr	r3, [r4, #8]
1299:Drivers/STM32G0xx_HAL_Driver/Src/stm32g0xx_hal_spi.c ****          (tmp_state == HAL_SPI_STATE_BUSY_RX))))
 2019              		.loc 1 1299 40 view .LVU573
 2020 0030 002B     		cmp	r3, #0
ARM GAS  C:\Users\Domagoj\AppData\Local\Temp\ccvehG6g.s 			page 121


 2021 0032 00D0     		beq	.LCB1835
 2022 0034 0AE1     		b	.L157	@long jump
 2023              	.LCB1835:
1299:Drivers/STM32G0xx_HAL_Driver/Src/stm32g0xx_hal_spi.c ****          (tmp_state == HAL_SPI_STATE_BUSY_RX))))
 2024              		.loc 1 1299 90 discriminator 1 view .LVU574
 2025 0036 0429     		cmp	r1, #4
 2026 0038 00D0     		beq	.LCB1837
 2027 003a 09E1     		b	.L158	@long jump
 2028              	.LCB1837:
 2029              	.L133:
1305:Drivers/STM32G0xx_HAL_Driver/Src/stm32g0xx_hal_spi.c ****   {
 2030              		.loc 1 1305 3 is_stmt 1 view .LVU575
1305:Drivers/STM32G0xx_HAL_Driver/Src/stm32g0xx_hal_spi.c ****   {
 2031              		.loc 1 1305 6 is_stmt 0 view .LVU576
 2032 003c 4B46     		mov	r3, r9
 2033 003e 002B     		cmp	r3, #0
 2034 0040 00D1     		bne	.LCB1842
 2035 0042 07E1     		b	.L159	@long jump
 2036              	.LCB1842:
 2037              	.LVL125:
1305:Drivers/STM32G0xx_HAL_Driver/Src/stm32g0xx_hal_spi.c ****   {
 2038              		.loc 1 1305 25 discriminator 1 view .LVU577
 2039 0044 019B     		ldr	r3, [sp, #4]
 2040              	.LVL126:
1305:Drivers/STM32G0xx_HAL_Driver/Src/stm32g0xx_hal_spi.c ****   {
 2041              		.loc 1 1305 25 discriminator 1 view .LVU578
 2042 0046 002B     		cmp	r3, #0
 2043 0048 00D1     		bne	.LCB1847
 2044 004a 05E1     		b	.L160	@long jump
 2045              	.LCB1847:
1305:Drivers/STM32G0xx_HAL_Driver/Src/stm32g0xx_hal_spi.c ****   {
 2046              		.loc 1 1305 46 discriminator 2 view .LVU579
 2047 004c 002F     		cmp	r7, #0
 2048 004e 00D1     		bne	.LCB1849
 2049 0050 04E1     		b	.L161	@long jump
 2050              	.LCB1849:
1311:Drivers/STM32G0xx_HAL_Driver/Src/stm32g0xx_hal_spi.c **** 
 2051              		.loc 1 1311 3 is_stmt 1 view .LVU580
1311:Drivers/STM32G0xx_HAL_Driver/Src/stm32g0xx_hal_spi.c **** 
 2052              		.loc 1 1311 3 view .LVU581
 2053 0052 5C23     		movs	r3, #92
 2054 0054 E35C     		ldrb	r3, [r4, r3]
 2055 0056 012B     		cmp	r3, #1
 2056 0058 00D1     		bne	.LCB1855
 2057 005a 01E1     		b	.L162	@long jump
 2058              	.LCB1855:
1311:Drivers/STM32G0xx_HAL_Driver/Src/stm32g0xx_hal_spi.c **** 
 2059              		.loc 1 1311 3 discriminator 2 view .LVU582
 2060 005c 5C23     		movs	r3, #92
 2061 005e 0122     		movs	r2, #1
 2062              	.LVL127:
1311:Drivers/STM32G0xx_HAL_Driver/Src/stm32g0xx_hal_spi.c **** 
 2063              		.loc 1 1311 3 is_stmt 0 discriminator 2 view .LVU583
 2064 0060 E254     		strb	r2, [r4, r3]
 2065              	.LVL128:
1311:Drivers/STM32G0xx_HAL_Driver/Src/stm32g0xx_hal_spi.c **** 
 2066              		.loc 1 1311 3 is_stmt 1 view .LVU584
ARM GAS  C:\Users\Domagoj\AppData\Local\Temp\ccvehG6g.s 			page 122


1314:Drivers/STM32G0xx_HAL_Driver/Src/stm32g0xx_hal_spi.c ****   {
 2067              		.loc 1 1314 3 view .LVU585
1314:Drivers/STM32G0xx_HAL_Driver/Src/stm32g0xx_hal_spi.c ****   {
 2068              		.loc 1 1314 11 is_stmt 0 view .LVU586
 2069 0062 0133     		adds	r3, r3, #1
 2070 0064 E35C     		ldrb	r3, [r4, r3]
1314:Drivers/STM32G0xx_HAL_Driver/Src/stm32g0xx_hal_spi.c ****   {
 2071              		.loc 1 1314 6 view .LVU587
 2072 0066 042B     		cmp	r3, #4
 2073 0068 02D0     		beq	.L135
1316:Drivers/STM32G0xx_HAL_Driver/Src/stm32g0xx_hal_spi.c ****   }
 2074              		.loc 1 1316 5 is_stmt 1 view .LVU588
1316:Drivers/STM32G0xx_HAL_Driver/Src/stm32g0xx_hal_spi.c ****   }
 2075              		.loc 1 1316 17 is_stmt 0 view .LVU589
 2076 006a 5D23     		movs	r3, #93
 2077 006c 0432     		adds	r2, r2, #4
 2078 006e E254     		strb	r2, [r4, r3]
 2079              	.L135:
1320:Drivers/STM32G0xx_HAL_Driver/Src/stm32g0xx_hal_spi.c ****   hspi->pRxBuffPtr  = (uint8_t *)pRxData;
 2080              		.loc 1 1320 3 is_stmt 1 view .LVU590
1320:Drivers/STM32G0xx_HAL_Driver/Src/stm32g0xx_hal_spi.c ****   hspi->pRxBuffPtr  = (uint8_t *)pRxData;
 2081              		.loc 1 1320 21 is_stmt 0 view .LVU591
 2082 0070 0023     		movs	r3, #0
 2083 0072 2366     		str	r3, [r4, #96]
1321:Drivers/STM32G0xx_HAL_Driver/Src/stm32g0xx_hal_spi.c ****   hspi->RxXferCount = Size;
 2084              		.loc 1 1321 3 is_stmt 1 view .LVU592
1321:Drivers/STM32G0xx_HAL_Driver/Src/stm32g0xx_hal_spi.c ****   hspi->RxXferCount = Size;
 2085              		.loc 1 1321 21 is_stmt 0 view .LVU593
 2086 0074 019A     		ldr	r2, [sp, #4]
 2087 0076 2264     		str	r2, [r4, #64]
1322:Drivers/STM32G0xx_HAL_Driver/Src/stm32g0xx_hal_spi.c ****   hspi->RxXferSize  = Size;
 2088              		.loc 1 1322 3 is_stmt 1 view .LVU594
1322:Drivers/STM32G0xx_HAL_Driver/Src/stm32g0xx_hal_spi.c ****   hspi->RxXferSize  = Size;
 2089              		.loc 1 1322 21 is_stmt 0 view .LVU595
 2090 0078 4622     		movs	r2, #70
 2091 007a A752     		strh	r7, [r4, r2]
1323:Drivers/STM32G0xx_HAL_Driver/Src/stm32g0xx_hal_spi.c ****   hspi->pTxBuffPtr  = (const uint8_t *)pTxData;
 2092              		.loc 1 1323 3 is_stmt 1 view .LVU596
1323:Drivers/STM32G0xx_HAL_Driver/Src/stm32g0xx_hal_spi.c ****   hspi->pTxBuffPtr  = (const uint8_t *)pTxData;
 2093              		.loc 1 1323 21 is_stmt 0 view .LVU597
 2094 007c 023A     		subs	r2, r2, #2
 2095 007e A752     		strh	r7, [r4, r2]
1324:Drivers/STM32G0xx_HAL_Driver/Src/stm32g0xx_hal_spi.c ****   hspi->TxXferCount = Size;
 2096              		.loc 1 1324 3 is_stmt 1 view .LVU598
1324:Drivers/STM32G0xx_HAL_Driver/Src/stm32g0xx_hal_spi.c ****   hspi->TxXferCount = Size;
 2097              		.loc 1 1324 21 is_stmt 0 view .LVU599
 2098 0080 4A46     		mov	r2, r9
 2099 0082 A263     		str	r2, [r4, #56]
1325:Drivers/STM32G0xx_HAL_Driver/Src/stm32g0xx_hal_spi.c ****   hspi->TxXferSize  = Size;
 2100              		.loc 1 1325 3 is_stmt 1 view .LVU600
1325:Drivers/STM32G0xx_HAL_Driver/Src/stm32g0xx_hal_spi.c ****   hspi->TxXferSize  = Size;
 2101              		.loc 1 1325 21 is_stmt 0 view .LVU601
 2102 0084 E787     		strh	r7, [r4, #62]
1326:Drivers/STM32G0xx_HAL_Driver/Src/stm32g0xx_hal_spi.c **** 
 2103              		.loc 1 1326 3 is_stmt 1 view .LVU602
1326:Drivers/STM32G0xx_HAL_Driver/Src/stm32g0xx_hal_spi.c **** 
 2104              		.loc 1 1326 21 is_stmt 0 view .LVU603
ARM GAS  C:\Users\Domagoj\AppData\Local\Temp\ccvehG6g.s 			page 123


 2105 0086 A787     		strh	r7, [r4, #60]
1329:Drivers/STM32G0xx_HAL_Driver/Src/stm32g0xx_hal_spi.c ****   hspi->TxISR       = NULL;
 2106              		.loc 1 1329 3 is_stmt 1 view .LVU604
1329:Drivers/STM32G0xx_HAL_Driver/Src/stm32g0xx_hal_spi.c ****   hspi->TxISR       = NULL;
 2107              		.loc 1 1329 21 is_stmt 0 view .LVU605
 2108 0088 E364     		str	r3, [r4, #76]
1330:Drivers/STM32G0xx_HAL_Driver/Src/stm32g0xx_hal_spi.c **** 
 2109              		.loc 1 1330 3 is_stmt 1 view .LVU606
1330:Drivers/STM32G0xx_HAL_Driver/Src/stm32g0xx_hal_spi.c **** 
 2110              		.loc 1 1330 21 is_stmt 0 view .LVU607
 2111 008a 2365     		str	r3, [r4, #80]
1341:Drivers/STM32G0xx_HAL_Driver/Src/stm32g0xx_hal_spi.c ****   {
 2112              		.loc 1 1341 3 is_stmt 1 view .LVU608
1341:Drivers/STM32G0xx_HAL_Driver/Src/stm32g0xx_hal_spi.c ****   {
 2113              		.loc 1 1341 17 is_stmt 0 view .LVU609
 2114 008c E268     		ldr	r2, [r4, #12]
1341:Drivers/STM32G0xx_HAL_Driver/Src/stm32g0xx_hal_spi.c ****   {
 2115              		.loc 1 1341 6 view .LVU610
 2116 008e E023     		movs	r3, #224
 2117 0090 DB00     		lsls	r3, r3, #3
 2118 0092 9A42     		cmp	r2, r3
 2119 0094 23D9     		bls	.L136
1344:Drivers/STM32G0xx_HAL_Driver/Src/stm32g0xx_hal_spi.c ****   }
 2120              		.loc 1 1344 5 is_stmt 1 view .LVU611
 2121 0096 2268     		ldr	r2, [r4]
 2122 0098 5368     		ldr	r3, [r2, #4]
 2123 009a 7249     		ldr	r1, .L173
 2124              	.LVL129:
1344:Drivers/STM32G0xx_HAL_Driver/Src/stm32g0xx_hal_spi.c ****   }
 2125              		.loc 1 1344 5 is_stmt 0 view .LVU612
 2126 009c 0B40     		ands	r3, r1
 2127 009e 5360     		str	r3, [r2, #4]
 2128              	.L137:
1353:Drivers/STM32G0xx_HAL_Driver/Src/stm32g0xx_hal_spi.c ****   {
 2129              		.loc 1 1353 3 is_stmt 1 view .LVU613
1353:Drivers/STM32G0xx_HAL_Driver/Src/stm32g0xx_hal_spi.c ****   {
 2130              		.loc 1 1353 12 is_stmt 0 view .LVU614
 2131 00a0 2368     		ldr	r3, [r4]
1353:Drivers/STM32G0xx_HAL_Driver/Src/stm32g0xx_hal_spi.c ****   {
 2132              		.loc 1 1353 22 view .LVU615
 2133 00a2 1A68     		ldr	r2, [r3]
1353:Drivers/STM32G0xx_HAL_Driver/Src/stm32g0xx_hal_spi.c ****   {
 2134              		.loc 1 1353 6 view .LVU616
 2135 00a4 5206     		lsls	r2, r2, #25
 2136 00a6 03D4     		bmi	.L138
1356:Drivers/STM32G0xx_HAL_Driver/Src/stm32g0xx_hal_spi.c ****   }
 2137              		.loc 1 1356 5 is_stmt 1 view .LVU617
 2138 00a8 1A68     		ldr	r2, [r3]
 2139 00aa 4021     		movs	r1, #64
 2140 00ac 0A43     		orrs	r2, r1
 2141 00ae 1A60     		str	r2, [r3]
 2142              	.L138:
1360:Drivers/STM32G0xx_HAL_Driver/Src/stm32g0xx_hal_spi.c ****   {
 2143              		.loc 1 1360 3 view .LVU618
1360:Drivers/STM32G0xx_HAL_Driver/Src/stm32g0xx_hal_spi.c ****   {
 2144              		.loc 1 1360 17 is_stmt 0 view .LVU619
 2145 00b0 E268     		ldr	r2, [r4, #12]
ARM GAS  C:\Users\Domagoj\AppData\Local\Temp\ccvehG6g.s 			page 124


1360:Drivers/STM32G0xx_HAL_Driver/Src/stm32g0xx_hal_spi.c ****   {
 2146              		.loc 1 1360 6 view .LVU620
 2147 00b2 E023     		movs	r3, #224
 2148 00b4 DB00     		lsls	r3, r3, #3
 2149 00b6 9A42     		cmp	r2, r3
 2150 00b8 57D9     		bls	.L139
1362:Drivers/STM32G0xx_HAL_Driver/Src/stm32g0xx_hal_spi.c ****     {
 2151              		.loc 1 1362 5 is_stmt 1 view .LVU621
1362:Drivers/STM32G0xx_HAL_Driver/Src/stm32g0xx_hal_spi.c ****     {
 2152              		.loc 1 1362 20 is_stmt 0 view .LVU622
 2153 00ba 6368     		ldr	r3, [r4, #4]
1362:Drivers/STM32G0xx_HAL_Driver/Src/stm32g0xx_hal_spi.c ****     {
 2154              		.loc 1 1362 8 view .LVU623
 2155 00bc 002B     		cmp	r3, #0
 2156 00be 01D0     		beq	.L140
1362:Drivers/STM32G0xx_HAL_Driver/Src/stm32g0xx_hal_spi.c ****     {
 2157              		.loc 1 1362 45 discriminator 1 view .LVU624
 2158 00c0 012F     		cmp	r7, #1
 2159 00c2 0AD1     		bne	.L141
 2160              	.L140:
1364:Drivers/STM32G0xx_HAL_Driver/Src/stm32g0xx_hal_spi.c ****       hspi->pTxBuffPtr += sizeof(uint16_t);
 2161              		.loc 1 1364 7 is_stmt 1 view .LVU625
1364:Drivers/STM32G0xx_HAL_Driver/Src/stm32g0xx_hal_spi.c ****       hspi->pTxBuffPtr += sizeof(uint16_t);
 2162              		.loc 1 1364 52 is_stmt 0 view .LVU626
 2163 00c4 A26B     		ldr	r2, [r4, #56]
1364:Drivers/STM32G0xx_HAL_Driver/Src/stm32g0xx_hal_spi.c ****       hspi->pTxBuffPtr += sizeof(uint16_t);
 2164              		.loc 1 1364 11 view .LVU627
 2165 00c6 2368     		ldr	r3, [r4]
1364:Drivers/STM32G0xx_HAL_Driver/Src/stm32g0xx_hal_spi.c ****       hspi->pTxBuffPtr += sizeof(uint16_t);
 2166              		.loc 1 1364 28 view .LVU628
 2167 00c8 1288     		ldrh	r2, [r2]
1364:Drivers/STM32G0xx_HAL_Driver/Src/stm32g0xx_hal_spi.c ****       hspi->pTxBuffPtr += sizeof(uint16_t);
 2168              		.loc 1 1364 26 view .LVU629
 2169 00ca DA60     		str	r2, [r3, #12]
1365:Drivers/STM32G0xx_HAL_Driver/Src/stm32g0xx_hal_spi.c ****       hspi->TxXferCount--;
 2170              		.loc 1 1365 7 is_stmt 1 view .LVU630
1365:Drivers/STM32G0xx_HAL_Driver/Src/stm32g0xx_hal_spi.c ****       hspi->TxXferCount--;
 2171              		.loc 1 1365 11 is_stmt 0 view .LVU631
 2172 00cc A36B     		ldr	r3, [r4, #56]
1365:Drivers/STM32G0xx_HAL_Driver/Src/stm32g0xx_hal_spi.c ****       hspi->TxXferCount--;
 2173              		.loc 1 1365 24 view .LVU632
 2174 00ce 0233     		adds	r3, r3, #2
 2175 00d0 A363     		str	r3, [r4, #56]
1366:Drivers/STM32G0xx_HAL_Driver/Src/stm32g0xx_hal_spi.c **** 
 2176              		.loc 1 1366 7 is_stmt 1 view .LVU633
1366:Drivers/STM32G0xx_HAL_Driver/Src/stm32g0xx_hal_spi.c **** 
 2177              		.loc 1 1366 11 is_stmt 0 view .LVU634
 2178 00d2 E38F     		ldrh	r3, [r4, #62]
1366:Drivers/STM32G0xx_HAL_Driver/Src/stm32g0xx_hal_spi.c **** 
 2179              		.loc 1 1366 24 view .LVU635
 2180 00d4 013B     		subs	r3, r3, #1
 2181 00d6 9BB2     		uxth	r3, r3
 2182 00d8 E387     		strh	r3, [r4, #62]
 2183              	.L141:
1414:Drivers/STM32G0xx_HAL_Driver/Src/stm32g0xx_hal_spi.c ****       }
 2184              		.loc 1 1414 19 view .LVU636
 2185 00da 0127     		movs	r7, #1
ARM GAS  C:\Users\Domagoj\AppData\Local\Temp\ccvehG6g.s 			page 125


 2186              	.LVL130:
1414:Drivers/STM32G0xx_HAL_Driver/Src/stm32g0xx_hal_spi.c ****       }
 2187              		.loc 1 1414 19 view .LVU637
 2188 00dc 2CE0     		b	.L144
 2189              	.LVL131:
 2190              	.L136:
1349:Drivers/STM32G0xx_HAL_Driver/Src/stm32g0xx_hal_spi.c ****   }
 2191              		.loc 1 1349 5 is_stmt 1 view .LVU638
 2192 00de 2268     		ldr	r2, [r4]
 2193 00e0 5168     		ldr	r1, [r2, #4]
 2194              	.LVL132:
1349:Drivers/STM32G0xx_HAL_Driver/Src/stm32g0xx_hal_spi.c ****   }
 2195              		.loc 1 1349 5 is_stmt 0 view .LVU639
 2196 00e2 8023     		movs	r3, #128
 2197 00e4 5B01     		lsls	r3, r3, #5
 2198 00e6 0B43     		orrs	r3, r1
 2199 00e8 5360     		str	r3, [r2, #4]
 2200 00ea D9E7     		b	.L137
 2201              	.LVL133:
 2202              	.L171:
1387:Drivers/STM32G0xx_HAL_Driver/Src/stm32g0xx_hal_spi.c ****         hspi->pTxBuffPtr += sizeof(uint16_t);
 2203              		.loc 1 1387 9 is_stmt 1 view .LVU640
1387:Drivers/STM32G0xx_HAL_Driver/Src/stm32g0xx_hal_spi.c ****         hspi->pTxBuffPtr += sizeof(uint16_t);
 2204              		.loc 1 1387 54 is_stmt 0 view .LVU641
 2205 00ec A36B     		ldr	r3, [r4, #56]
1387:Drivers/STM32G0xx_HAL_Driver/Src/stm32g0xx_hal_spi.c ****         hspi->pTxBuffPtr += sizeof(uint16_t);
 2206              		.loc 1 1387 30 view .LVU642
 2207 00ee 1B88     		ldrh	r3, [r3]
1387:Drivers/STM32G0xx_HAL_Driver/Src/stm32g0xx_hal_spi.c ****         hspi->pTxBuffPtr += sizeof(uint16_t);
 2208              		.loc 1 1387 28 view .LVU643
 2209 00f0 D360     		str	r3, [r2, #12]
1388:Drivers/STM32G0xx_HAL_Driver/Src/stm32g0xx_hal_spi.c ****         hspi->TxXferCount--;
 2210              		.loc 1 1388 9 is_stmt 1 view .LVU644
1388:Drivers/STM32G0xx_HAL_Driver/Src/stm32g0xx_hal_spi.c ****         hspi->TxXferCount--;
 2211              		.loc 1 1388 13 is_stmt 0 view .LVU645
 2212 00f2 A36B     		ldr	r3, [r4, #56]
1388:Drivers/STM32G0xx_HAL_Driver/Src/stm32g0xx_hal_spi.c ****         hspi->TxXferCount--;
 2213              		.loc 1 1388 26 view .LVU646
 2214 00f4 0233     		adds	r3, r3, #2
 2215 00f6 A363     		str	r3, [r4, #56]
1389:Drivers/STM32G0xx_HAL_Driver/Src/stm32g0xx_hal_spi.c ****         /* Next Data is a reception (Rx). Tx not allowed */
 2216              		.loc 1 1389 9 is_stmt 1 view .LVU647
1389:Drivers/STM32G0xx_HAL_Driver/Src/stm32g0xx_hal_spi.c ****         /* Next Data is a reception (Rx). Tx not allowed */
 2217              		.loc 1 1389 13 is_stmt 0 view .LVU648
 2218 00f8 E38F     		ldrh	r3, [r4, #62]
1389:Drivers/STM32G0xx_HAL_Driver/Src/stm32g0xx_hal_spi.c ****         /* Next Data is a reception (Rx). Tx not allowed */
 2219              		.loc 1 1389 26 view .LVU649
 2220 00fa 013B     		subs	r3, r3, #1
 2221 00fc 9BB2     		uxth	r3, r3
 2222 00fe E387     		strh	r3, [r4, #62]
1391:Drivers/STM32G0xx_HAL_Driver/Src/stm32g0xx_hal_spi.c **** 
 2223              		.loc 1 1391 9 is_stmt 1 view .LVU650
 2224              	.LVL134:
1391:Drivers/STM32G0xx_HAL_Driver/Src/stm32g0xx_hal_spi.c **** 
 2225              		.loc 1 1391 19 is_stmt 0 view .LVU651
 2226 0100 0027     		movs	r7, #0
 2227              	.LVL135:
ARM GAS  C:\Users\Domagoj\AppData\Local\Temp\ccvehG6g.s 			page 126


 2228              	.L142:
1408:Drivers/STM32G0xx_HAL_Driver/Src/stm32g0xx_hal_spi.c ****       {
 2229              		.loc 1 1408 7 is_stmt 1 view .LVU652
1408:Drivers/STM32G0xx_HAL_Driver/Src/stm32g0xx_hal_spi.c ****       {
 2230              		.loc 1 1408 12 is_stmt 0 view .LVU653
 2231 0102 2268     		ldr	r2, [r4]
 2232 0104 9368     		ldr	r3, [r2, #8]
1408:Drivers/STM32G0xx_HAL_Driver/Src/stm32g0xx_hal_spi.c ****       {
 2233              		.loc 1 1408 10 view .LVU654
 2234 0106 DB07     		lsls	r3, r3, #31
 2235 0108 0FD5     		bpl	.L143
1408:Drivers/STM32G0xx_HAL_Driver/Src/stm32g0xx_hal_spi.c ****       {
 2236              		.loc 1 1408 61 discriminator 1 view .LVU655
 2237 010a 4623     		movs	r3, #70
 2238 010c E35A     		ldrh	r3, [r4, r3]
1408:Drivers/STM32G0xx_HAL_Driver/Src/stm32g0xx_hal_spi.c ****       {
 2239              		.loc 1 1408 53 discriminator 1 view .LVU656
 2240 010e 002B     		cmp	r3, #0
 2241 0110 0BD0     		beq	.L143
1410:Drivers/STM32G0xx_HAL_Driver/Src/stm32g0xx_hal_spi.c ****         hspi->pRxBuffPtr += sizeof(uint16_t);
 2242              		.loc 1 1410 9 is_stmt 1 view .LVU657
1410:Drivers/STM32G0xx_HAL_Driver/Src/stm32g0xx_hal_spi.c ****         hspi->pRxBuffPtr += sizeof(uint16_t);
 2243              		.loc 1 1410 67 is_stmt 0 view .LVU658
 2244 0112 D268     		ldr	r2, [r2, #12]
1410:Drivers/STM32G0xx_HAL_Driver/Src/stm32g0xx_hal_spi.c ****         hspi->pRxBuffPtr += sizeof(uint16_t);
 2245              		.loc 1 1410 27 view .LVU659
 2246 0114 236C     		ldr	r3, [r4, #64]
1410:Drivers/STM32G0xx_HAL_Driver/Src/stm32g0xx_hal_spi.c ****         hspi->pRxBuffPtr += sizeof(uint16_t);
 2247              		.loc 1 1410 41 view .LVU660
 2248 0116 1A80     		strh	r2, [r3]
1411:Drivers/STM32G0xx_HAL_Driver/Src/stm32g0xx_hal_spi.c ****         hspi->RxXferCount--;
 2249              		.loc 1 1411 9 is_stmt 1 view .LVU661
1411:Drivers/STM32G0xx_HAL_Driver/Src/stm32g0xx_hal_spi.c ****         hspi->RxXferCount--;
 2250              		.loc 1 1411 13 is_stmt 0 view .LVU662
 2251 0118 236C     		ldr	r3, [r4, #64]
1411:Drivers/STM32G0xx_HAL_Driver/Src/stm32g0xx_hal_spi.c ****         hspi->RxXferCount--;
 2252              		.loc 1 1411 26 view .LVU663
 2253 011a 0233     		adds	r3, r3, #2
 2254 011c 2364     		str	r3, [r4, #64]
1412:Drivers/STM32G0xx_HAL_Driver/Src/stm32g0xx_hal_spi.c ****         /* Next Data is a Transmission (Tx). Tx is allowed */
 2255              		.loc 1 1412 9 is_stmt 1 view .LVU664
1412:Drivers/STM32G0xx_HAL_Driver/Src/stm32g0xx_hal_spi.c ****         /* Next Data is a Transmission (Tx). Tx is allowed */
 2256              		.loc 1 1412 13 is_stmt 0 view .LVU665
 2257 011e 4622     		movs	r2, #70
 2258 0120 A35A     		ldrh	r3, [r4, r2]
1412:Drivers/STM32G0xx_HAL_Driver/Src/stm32g0xx_hal_spi.c ****         /* Next Data is a Transmission (Tx). Tx is allowed */
 2259              		.loc 1 1412 26 view .LVU666
 2260 0122 013B     		subs	r3, r3, #1
 2261 0124 9BB2     		uxth	r3, r3
 2262 0126 A352     		strh	r3, [r4, r2]
1414:Drivers/STM32G0xx_HAL_Driver/Src/stm32g0xx_hal_spi.c ****       }
 2263              		.loc 1 1414 9 is_stmt 1 view .LVU667
 2264              	.LVL136:
1414:Drivers/STM32G0xx_HAL_Driver/Src/stm32g0xx_hal_spi.c ****       }
 2265              		.loc 1 1414 19 is_stmt 0 view .LVU668
 2266 0128 0127     		movs	r7, #1
 2267              	.LVL137:
ARM GAS  C:\Users\Domagoj\AppData\Local\Temp\ccvehG6g.s 			page 127


 2268              	.L143:
1416:Drivers/STM32G0xx_HAL_Driver/Src/stm32g0xx_hal_spi.c ****       {
 2269              		.loc 1 1416 7 is_stmt 1 view .LVU669
1416:Drivers/STM32G0xx_HAL_Driver/Src/stm32g0xx_hal_spi.c ****       {
 2270              		.loc 1 1416 13 is_stmt 0 view .LVU670
 2271 012a FFF7FEFF 		bl	HAL_GetTick
 2272              	.LVL138:
1416:Drivers/STM32G0xx_HAL_Driver/Src/stm32g0xx_hal_spi.c ****       {
 2273              		.loc 1 1416 27 discriminator 1 view .LVU671
 2274 012e 801B     		subs	r0, r0, r6
1416:Drivers/STM32G0xx_HAL_Driver/Src/stm32g0xx_hal_spi.c ****       {
 2275              		.loc 1 1416 10 discriminator 1 view .LVU672
 2276 0130 A842     		cmp	r0, r5
 2277 0132 01D3     		bcc	.L144
1416:Drivers/STM32G0xx_HAL_Driver/Src/stm32g0xx_hal_spi.c ****       {
 2278              		.loc 1 1416 53 discriminator 1 view .LVU673
 2279 0134 6B1C     		adds	r3, r5, #1
 2280 0136 10D1     		bne	.L170
 2281              	.LVL139:
 2282              	.L144:
1382:Drivers/STM32G0xx_HAL_Driver/Src/stm32g0xx_hal_spi.c ****     {
 2283              		.loc 1 1382 37 is_stmt 1 view .LVU674
1382:Drivers/STM32G0xx_HAL_Driver/Src/stm32g0xx_hal_spi.c ****     {
 2284              		.loc 1 1382 17 is_stmt 0 view .LVU675
 2285 0138 E38F     		ldrh	r3, [r4, #62]
1382:Drivers/STM32G0xx_HAL_Driver/Src/stm32g0xx_hal_spi.c ****     {
 2286              		.loc 1 1382 37 view .LVU676
 2287 013a 002B     		cmp	r3, #0
 2288 013c 03D1     		bne	.L145
1382:Drivers/STM32G0xx_HAL_Driver/Src/stm32g0xx_hal_spi.c ****     {
 2289              		.loc 1 1382 45 discriminator 1 view .LVU677
 2290 013e 4633     		adds	r3, r3, #70
 2291 0140 E35A     		ldrh	r3, [r4, r3]
1382:Drivers/STM32G0xx_HAL_Driver/Src/stm32g0xx_hal_spi.c ****     {
 2292              		.loc 1 1382 37 discriminator 1 view .LVU678
 2293 0142 002B     		cmp	r3, #0
 2294 0144 64D0     		beq	.L146
 2295              	.L145:
1385:Drivers/STM32G0xx_HAL_Driver/Src/stm32g0xx_hal_spi.c ****       {
 2296              		.loc 1 1385 7 is_stmt 1 view .LVU679
1385:Drivers/STM32G0xx_HAL_Driver/Src/stm32g0xx_hal_spi.c ****       {
 2297              		.loc 1 1385 12 is_stmt 0 view .LVU680
 2298 0146 2268     		ldr	r2, [r4]
 2299 0148 9368     		ldr	r3, [r2, #8]
1385:Drivers/STM32G0xx_HAL_Driver/Src/stm32g0xx_hal_spi.c ****       {
 2300              		.loc 1 1385 10 view .LVU681
 2301 014a 9B07     		lsls	r3, r3, #30
 2302 014c D9D5     		bpl	.L142
1385:Drivers/STM32G0xx_HAL_Driver/Src/stm32g0xx_hal_spi.c ****       {
 2303              		.loc 1 1385 60 discriminator 1 view .LVU682
 2304 014e E38F     		ldrh	r3, [r4, #62]
1385:Drivers/STM32G0xx_HAL_Driver/Src/stm32g0xx_hal_spi.c ****       {
 2305              		.loc 1 1385 52 discriminator 1 view .LVU683
 2306 0150 002B     		cmp	r3, #0
 2307 0152 D6D0     		beq	.L142
1385:Drivers/STM32G0xx_HAL_Driver/Src/stm32g0xx_hal_spi.c ****       {
 2308              		.loc 1 1385 80 discriminator 2 view .LVU684
ARM GAS  C:\Users\Domagoj\AppData\Local\Temp\ccvehG6g.s 			page 128


 2309 0154 012F     		cmp	r7, #1
 2310 0156 D4D1     		bne	.L142
 2311 0158 C8E7     		b	.L171
 2312              	.L170:
1418:Drivers/STM32G0xx_HAL_Driver/Src/stm32g0xx_hal_spi.c ****         __HAL_UNLOCK(hspi);
 2313              		.loc 1 1418 9 is_stmt 1 view .LVU685
1418:Drivers/STM32G0xx_HAL_Driver/Src/stm32g0xx_hal_spi.c ****         __HAL_UNLOCK(hspi);
 2314              		.loc 1 1418 21 is_stmt 0 view .LVU686
 2315 015a 5D23     		movs	r3, #93
 2316 015c 0122     		movs	r2, #1
 2317 015e E254     		strb	r2, [r4, r3]
1419:Drivers/STM32G0xx_HAL_Driver/Src/stm32g0xx_hal_spi.c ****         return HAL_TIMEOUT;
 2318              		.loc 1 1419 9 is_stmt 1 view .LVU687
1419:Drivers/STM32G0xx_HAL_Driver/Src/stm32g0xx_hal_spi.c ****         return HAL_TIMEOUT;
 2319              		.loc 1 1419 9 view .LVU688
 2320 0160 013B     		subs	r3, r3, #1
 2321 0162 0022     		movs	r2, #0
 2322 0164 E254     		strb	r2, [r4, r3]
1419:Drivers/STM32G0xx_HAL_Driver/Src/stm32g0xx_hal_spi.c ****         return HAL_TIMEOUT;
 2323              		.loc 1 1419 9 view .LVU689
1420:Drivers/STM32G0xx_HAL_Driver/Src/stm32g0xx_hal_spi.c ****       }
 2324              		.loc 1 1420 9 view .LVU690
1420:Drivers/STM32G0xx_HAL_Driver/Src/stm32g0xx_hal_spi.c ****       }
 2325              		.loc 1 1420 16 is_stmt 0 view .LVU691
 2326 0166 0320     		movs	r0, #3
 2327 0168 6CE0     		b	.L134
 2328              	.LVL140:
 2329              	.L139:
1427:Drivers/STM32G0xx_HAL_Driver/Src/stm32g0xx_hal_spi.c ****     {
 2330              		.loc 1 1427 5 is_stmt 1 view .LVU692
1427:Drivers/STM32G0xx_HAL_Driver/Src/stm32g0xx_hal_spi.c ****     {
 2331              		.loc 1 1427 20 is_stmt 0 view .LVU693
 2332 016a 6368     		ldr	r3, [r4, #4]
1427:Drivers/STM32G0xx_HAL_Driver/Src/stm32g0xx_hal_spi.c ****     {
 2333              		.loc 1 1427 8 view .LVU694
 2334 016c 002B     		cmp	r3, #0
 2335 016e 01D0     		beq	.L147
1427:Drivers/STM32G0xx_HAL_Driver/Src/stm32g0xx_hal_spi.c ****     {
 2336              		.loc 1 1427 45 discriminator 1 view .LVU695
 2337 0170 012F     		cmp	r7, #1
 2338 0172 0AD1     		bne	.L148
 2339              	.L147:
1429:Drivers/STM32G0xx_HAL_Driver/Src/stm32g0xx_hal_spi.c ****       hspi->pTxBuffPtr += sizeof(uint8_t);
 2340              		.loc 1 1429 7 is_stmt 1 view .LVU696
1429:Drivers/STM32G0xx_HAL_Driver/Src/stm32g0xx_hal_spi.c ****       hspi->pTxBuffPtr += sizeof(uint8_t);
 2341              		.loc 1 1429 71 is_stmt 0 view .LVU697
 2342 0174 A26B     		ldr	r2, [r4, #56]
1429:Drivers/STM32G0xx_HAL_Driver/Src/stm32g0xx_hal_spi.c ****       hspi->pTxBuffPtr += sizeof(uint8_t);
 2343              		.loc 1 1429 30 view .LVU698
 2344 0176 2368     		ldr	r3, [r4]
1429:Drivers/STM32G0xx_HAL_Driver/Src/stm32g0xx_hal_spi.c ****       hspi->pTxBuffPtr += sizeof(uint8_t);
 2345              		.loc 1 1429 48 view .LVU699
 2346 0178 1278     		ldrb	r2, [r2]
1429:Drivers/STM32G0xx_HAL_Driver/Src/stm32g0xx_hal_spi.c ****       hspi->pTxBuffPtr += sizeof(uint8_t);
 2347              		.loc 1 1429 46 view .LVU700
 2348 017a 1A73     		strb	r2, [r3, #12]
1430:Drivers/STM32G0xx_HAL_Driver/Src/stm32g0xx_hal_spi.c ****       hspi->TxXferCount--;
ARM GAS  C:\Users\Domagoj\AppData\Local\Temp\ccvehG6g.s 			page 129


 2349              		.loc 1 1430 7 is_stmt 1 view .LVU701
1430:Drivers/STM32G0xx_HAL_Driver/Src/stm32g0xx_hal_spi.c ****       hspi->TxXferCount--;
 2350              		.loc 1 1430 11 is_stmt 0 view .LVU702
 2351 017c A36B     		ldr	r3, [r4, #56]
1430:Drivers/STM32G0xx_HAL_Driver/Src/stm32g0xx_hal_spi.c ****       hspi->TxXferCount--;
 2352              		.loc 1 1430 24 view .LVU703
 2353 017e 0133     		adds	r3, r3, #1
 2354 0180 A363     		str	r3, [r4, #56]
1431:Drivers/STM32G0xx_HAL_Driver/Src/stm32g0xx_hal_spi.c **** 
 2355              		.loc 1 1431 7 is_stmt 1 view .LVU704
1431:Drivers/STM32G0xx_HAL_Driver/Src/stm32g0xx_hal_spi.c **** 
 2356              		.loc 1 1431 11 is_stmt 0 view .LVU705
 2357 0182 E38F     		ldrh	r3, [r4, #62]
1431:Drivers/STM32G0xx_HAL_Driver/Src/stm32g0xx_hal_spi.c **** 
 2358              		.loc 1 1431 24 view .LVU706
 2359 0184 013B     		subs	r3, r3, #1
 2360 0186 9BB2     		uxth	r3, r3
 2361 0188 E387     		strh	r3, [r4, #62]
 2362              	.L148:
1478:Drivers/STM32G0xx_HAL_Driver/Src/stm32g0xx_hal_spi.c ****       }
 2363              		.loc 1 1478 19 view .LVU707
 2364 018a 0127     		movs	r7, #1
 2365              	.LVL141:
1478:Drivers/STM32G0xx_HAL_Driver/Src/stm32g0xx_hal_spi.c ****       }
 2366              		.loc 1 1478 19 view .LVU708
 2367 018c 1CE0     		b	.L153
 2368              	.LVL142:
 2369              	.L149:
1472:Drivers/STM32G0xx_HAL_Driver/Src/stm32g0xx_hal_spi.c ****       {
 2370              		.loc 1 1472 7 is_stmt 1 view .LVU709
1472:Drivers/STM32G0xx_HAL_Driver/Src/stm32g0xx_hal_spi.c ****       {
 2371              		.loc 1 1472 12 is_stmt 0 view .LVU710
 2372 018e 2268     		ldr	r2, [r4]
 2373 0190 9368     		ldr	r3, [r2, #8]
1472:Drivers/STM32G0xx_HAL_Driver/Src/stm32g0xx_hal_spi.c ****       {
 2374              		.loc 1 1472 10 view .LVU711
 2375 0192 DB07     		lsls	r3, r3, #31
 2376 0194 0FD5     		bpl	.L150
1472:Drivers/STM32G0xx_HAL_Driver/Src/stm32g0xx_hal_spi.c ****       {
 2377              		.loc 1 1472 61 discriminator 1 view .LVU712
 2378 0196 4623     		movs	r3, #70
 2379 0198 E35A     		ldrh	r3, [r4, r3]
1472:Drivers/STM32G0xx_HAL_Driver/Src/stm32g0xx_hal_spi.c ****       {
 2380              		.loc 1 1472 53 discriminator 1 view .LVU713
 2381 019a 002B     		cmp	r3, #0
 2382 019c 0BD0     		beq	.L150
1474:Drivers/STM32G0xx_HAL_Driver/Src/stm32g0xx_hal_spi.c ****         hspi->pRxBuffPtr++;
 2383              		.loc 1 1474 9 is_stmt 1 view .LVU714
1474:Drivers/STM32G0xx_HAL_Driver/Src/stm32g0xx_hal_spi.c ****         hspi->pRxBuffPtr++;
 2384              		.loc 1 1474 26 is_stmt 0 view .LVU715
 2385 019e 236C     		ldr	r3, [r4, #64]
1474:Drivers/STM32G0xx_HAL_Driver/Src/stm32g0xx_hal_spi.c ****         hspi->pRxBuffPtr++;
 2386              		.loc 1 1474 42 view .LVU716
 2387 01a0 127B     		ldrb	r2, [r2, #12]
1474:Drivers/STM32G0xx_HAL_Driver/Src/stm32g0xx_hal_spi.c ****         hspi->pRxBuffPtr++;
 2388              		.loc 1 1474 40 view .LVU717
 2389 01a2 1A70     		strb	r2, [r3]
ARM GAS  C:\Users\Domagoj\AppData\Local\Temp\ccvehG6g.s 			page 130


1475:Drivers/STM32G0xx_HAL_Driver/Src/stm32g0xx_hal_spi.c ****         hspi->RxXferCount--;
 2390              		.loc 1 1475 9 is_stmt 1 view .LVU718
1475:Drivers/STM32G0xx_HAL_Driver/Src/stm32g0xx_hal_spi.c ****         hspi->RxXferCount--;
 2391              		.loc 1 1475 13 is_stmt 0 view .LVU719
 2392 01a4 236C     		ldr	r3, [r4, #64]
1475:Drivers/STM32G0xx_HAL_Driver/Src/stm32g0xx_hal_spi.c ****         hspi->RxXferCount--;
 2393              		.loc 1 1475 25 view .LVU720
 2394 01a6 0133     		adds	r3, r3, #1
 2395 01a8 2364     		str	r3, [r4, #64]
1476:Drivers/STM32G0xx_HAL_Driver/Src/stm32g0xx_hal_spi.c ****         /* Next Data is a Transmission (Tx). Tx is allowed */
 2396              		.loc 1 1476 9 is_stmt 1 view .LVU721
1476:Drivers/STM32G0xx_HAL_Driver/Src/stm32g0xx_hal_spi.c ****         /* Next Data is a Transmission (Tx). Tx is allowed */
 2397              		.loc 1 1476 13 is_stmt 0 view .LVU722
 2398 01aa 4622     		movs	r2, #70
 2399 01ac A35A     		ldrh	r3, [r4, r2]
1476:Drivers/STM32G0xx_HAL_Driver/Src/stm32g0xx_hal_spi.c ****         /* Next Data is a Transmission (Tx). Tx is allowed */
 2400              		.loc 1 1476 26 view .LVU723
 2401 01ae 013B     		subs	r3, r3, #1
 2402 01b0 9BB2     		uxth	r3, r3
 2403 01b2 A352     		strh	r3, [r4, r2]
1478:Drivers/STM32G0xx_HAL_Driver/Src/stm32g0xx_hal_spi.c ****       }
 2404              		.loc 1 1478 9 is_stmt 1 view .LVU724
 2405              	.LVL143:
1478:Drivers/STM32G0xx_HAL_Driver/Src/stm32g0xx_hal_spi.c ****       }
 2406              		.loc 1 1478 19 is_stmt 0 view .LVU725
 2407 01b4 0127     		movs	r7, #1
 2408              	.LVL144:
 2409              	.L150:
1480:Drivers/STM32G0xx_HAL_Driver/Src/stm32g0xx_hal_spi.c ****       {
 2410              		.loc 1 1480 7 is_stmt 1 view .LVU726
1480:Drivers/STM32G0xx_HAL_Driver/Src/stm32g0xx_hal_spi.c ****       {
 2411              		.loc 1 1480 14 is_stmt 0 view .LVU727
 2412 01b6 FFF7FEFF 		bl	HAL_GetTick
 2413              	.LVL145:
1480:Drivers/STM32G0xx_HAL_Driver/Src/stm32g0xx_hal_spi.c ****       {
 2414              		.loc 1 1480 28 discriminator 1 view .LVU728
 2415 01ba 801B     		subs	r0, r0, r6
1480:Drivers/STM32G0xx_HAL_Driver/Src/stm32g0xx_hal_spi.c ****       {
 2416              		.loc 1 1480 10 discriminator 1 view .LVU729
 2417 01bc A842     		cmp	r0, r5
 2418 01be 01D3     		bcc	.L151
1480:Drivers/STM32G0xx_HAL_Driver/Src/stm32g0xx_hal_spi.c ****       {
 2419              		.loc 1 1480 54 discriminator 1 view .LVU730
 2420 01c0 6B1C     		adds	r3, r5, #1
 2421 01c2 1DD1     		bne	.L152
 2422              	.L151:
1480:Drivers/STM32G0xx_HAL_Driver/Src/stm32g0xx_hal_spi.c ****       {
 2423              		.loc 1 1480 87 discriminator 3 view .LVU731
 2424 01c4 002D     		cmp	r5, #0
 2425 01c6 1BD0     		beq	.L152
 2426              	.LVL146:
 2427              	.L153:
1446:Drivers/STM32G0xx_HAL_Driver/Src/stm32g0xx_hal_spi.c ****     {
 2428              		.loc 1 1446 37 is_stmt 1 view .LVU732
1446:Drivers/STM32G0xx_HAL_Driver/Src/stm32g0xx_hal_spi.c ****     {
 2429              		.loc 1 1446 17 is_stmt 0 view .LVU733
 2430 01c8 E38F     		ldrh	r3, [r4, #62]
ARM GAS  C:\Users\Domagoj\AppData\Local\Temp\ccvehG6g.s 			page 131


1446:Drivers/STM32G0xx_HAL_Driver/Src/stm32g0xx_hal_spi.c ****     {
 2431              		.loc 1 1446 37 view .LVU734
 2432 01ca 002B     		cmp	r3, #0
 2433 01cc 03D1     		bne	.L154
1446:Drivers/STM32G0xx_HAL_Driver/Src/stm32g0xx_hal_spi.c ****     {
 2434              		.loc 1 1446 45 discriminator 1 view .LVU735
 2435 01ce 4633     		adds	r3, r3, #70
 2436 01d0 E35A     		ldrh	r3, [r4, r3]
1446:Drivers/STM32G0xx_HAL_Driver/Src/stm32g0xx_hal_spi.c ****     {
 2437              		.loc 1 1446 37 discriminator 1 view .LVU736
 2438 01d2 002B     		cmp	r3, #0
 2439 01d4 1CD0     		beq	.L146
 2440              	.L154:
1449:Drivers/STM32G0xx_HAL_Driver/Src/stm32g0xx_hal_spi.c ****       {
 2441              		.loc 1 1449 7 is_stmt 1 view .LVU737
1449:Drivers/STM32G0xx_HAL_Driver/Src/stm32g0xx_hal_spi.c ****       {
 2442              		.loc 1 1449 12 is_stmt 0 view .LVU738
 2443 01d6 2268     		ldr	r2, [r4]
 2444 01d8 9368     		ldr	r3, [r2, #8]
1449:Drivers/STM32G0xx_HAL_Driver/Src/stm32g0xx_hal_spi.c ****       {
 2445              		.loc 1 1449 10 view .LVU739
 2446 01da 9B07     		lsls	r3, r3, #30
 2447 01dc D7D5     		bpl	.L149
1449:Drivers/STM32G0xx_HAL_Driver/Src/stm32g0xx_hal_spi.c ****       {
 2448              		.loc 1 1449 60 discriminator 1 view .LVU740
 2449 01de E38F     		ldrh	r3, [r4, #62]
1449:Drivers/STM32G0xx_HAL_Driver/Src/stm32g0xx_hal_spi.c ****       {
 2450              		.loc 1 1449 52 discriminator 1 view .LVU741
 2451 01e0 002B     		cmp	r3, #0
 2452 01e2 D4D0     		beq	.L149
1449:Drivers/STM32G0xx_HAL_Driver/Src/stm32g0xx_hal_spi.c ****       {
 2453              		.loc 1 1449 80 discriminator 2 view .LVU742
 2454 01e4 012F     		cmp	r7, #1
 2455 01e6 D2D1     		bne	.L149
1451:Drivers/STM32G0xx_HAL_Driver/Src/stm32g0xx_hal_spi.c ****         hspi->pTxBuffPtr++;
 2456              		.loc 1 1451 9 is_stmt 1 view .LVU743
1451:Drivers/STM32G0xx_HAL_Driver/Src/stm32g0xx_hal_spi.c ****         hspi->pTxBuffPtr++;
 2457              		.loc 1 1451 71 is_stmt 0 view .LVU744
 2458 01e8 A36B     		ldr	r3, [r4, #56]
1451:Drivers/STM32G0xx_HAL_Driver/Src/stm32g0xx_hal_spi.c ****         hspi->pTxBuffPtr++;
 2459              		.loc 1 1451 48 view .LVU745
 2460 01ea 1B78     		ldrb	r3, [r3]
1451:Drivers/STM32G0xx_HAL_Driver/Src/stm32g0xx_hal_spi.c ****         hspi->pTxBuffPtr++;
 2461              		.loc 1 1451 46 view .LVU746
 2462 01ec 1373     		strb	r3, [r2, #12]
1452:Drivers/STM32G0xx_HAL_Driver/Src/stm32g0xx_hal_spi.c ****         hspi->TxXferCount--;
 2463              		.loc 1 1452 9 is_stmt 1 view .LVU747
1452:Drivers/STM32G0xx_HAL_Driver/Src/stm32g0xx_hal_spi.c ****         hspi->TxXferCount--;
 2464              		.loc 1 1452 13 is_stmt 0 view .LVU748
 2465 01ee A36B     		ldr	r3, [r4, #56]
1452:Drivers/STM32G0xx_HAL_Driver/Src/stm32g0xx_hal_spi.c ****         hspi->TxXferCount--;
 2466              		.loc 1 1452 25 view .LVU749
 2467 01f0 0133     		adds	r3, r3, #1
 2468 01f2 A363     		str	r3, [r4, #56]
1453:Drivers/STM32G0xx_HAL_Driver/Src/stm32g0xx_hal_spi.c ****         /* Next Data is a reception (Rx). Tx not allowed */
 2469              		.loc 1 1453 9 is_stmt 1 view .LVU750
1453:Drivers/STM32G0xx_HAL_Driver/Src/stm32g0xx_hal_spi.c ****         /* Next Data is a reception (Rx). Tx not allowed */
ARM GAS  C:\Users\Domagoj\AppData\Local\Temp\ccvehG6g.s 			page 132


 2470              		.loc 1 1453 13 is_stmt 0 view .LVU751
 2471 01f4 E38F     		ldrh	r3, [r4, #62]
1453:Drivers/STM32G0xx_HAL_Driver/Src/stm32g0xx_hal_spi.c ****         /* Next Data is a reception (Rx). Tx not allowed */
 2472              		.loc 1 1453 26 view .LVU752
 2473 01f6 013B     		subs	r3, r3, #1
 2474 01f8 9BB2     		uxth	r3, r3
 2475 01fa E387     		strh	r3, [r4, #62]
1455:Drivers/STM32G0xx_HAL_Driver/Src/stm32g0xx_hal_spi.c **** 
 2476              		.loc 1 1455 9 is_stmt 1 view .LVU753
 2477              	.LVL147:
1455:Drivers/STM32G0xx_HAL_Driver/Src/stm32g0xx_hal_spi.c **** 
 2478              		.loc 1 1455 19 is_stmt 0 view .LVU754
 2479 01fc 0027     		movs	r7, #0
 2480 01fe C6E7     		b	.L149
 2481              	.LVL148:
 2482              	.L152:
1482:Drivers/STM32G0xx_HAL_Driver/Src/stm32g0xx_hal_spi.c ****         __HAL_UNLOCK(hspi);
 2483              		.loc 1 1482 9 is_stmt 1 view .LVU755
1482:Drivers/STM32G0xx_HAL_Driver/Src/stm32g0xx_hal_spi.c ****         __HAL_UNLOCK(hspi);
 2484              		.loc 1 1482 21 is_stmt 0 view .LVU756
 2485 0200 5D23     		movs	r3, #93
 2486 0202 0122     		movs	r2, #1
 2487 0204 E254     		strb	r2, [r4, r3]
1483:Drivers/STM32G0xx_HAL_Driver/Src/stm32g0xx_hal_spi.c ****         return HAL_TIMEOUT;
 2488              		.loc 1 1483 9 is_stmt 1 view .LVU757
1483:Drivers/STM32G0xx_HAL_Driver/Src/stm32g0xx_hal_spi.c ****         return HAL_TIMEOUT;
 2489              		.loc 1 1483 9 view .LVU758
 2490 0206 013B     		subs	r3, r3, #1
 2491 0208 0022     		movs	r2, #0
 2492 020a E254     		strb	r2, [r4, r3]
1483:Drivers/STM32G0xx_HAL_Driver/Src/stm32g0xx_hal_spi.c ****         return HAL_TIMEOUT;
 2493              		.loc 1 1483 9 view .LVU759
1484:Drivers/STM32G0xx_HAL_Driver/Src/stm32g0xx_hal_spi.c ****       }
 2494              		.loc 1 1484 9 view .LVU760
1484:Drivers/STM32G0xx_HAL_Driver/Src/stm32g0xx_hal_spi.c ****       }
 2495              		.loc 1 1484 16 is_stmt 0 view .LVU761
 2496 020c 0320     		movs	r0, #3
 2497 020e 19E0     		b	.L134
 2498              	.L146:
1549:Drivers/STM32G0xx_HAL_Driver/Src/stm32g0xx_hal_spi.c ****   {
 2499              		.loc 1 1549 3 is_stmt 1 view .LVU762
1549:Drivers/STM32G0xx_HAL_Driver/Src/stm32g0xx_hal_spi.c ****   {
 2500              		.loc 1 1549 7 is_stmt 0 view .LVU763
 2501 0210 3200     		movs	r2, r6
 2502 0212 2900     		movs	r1, r5
 2503 0214 2000     		movs	r0, r4
 2504 0216 FFF7FEFF 		bl	SPI_EndRxTxTransaction
 2505              	.LVL149:
1549:Drivers/STM32G0xx_HAL_Driver/Src/stm32g0xx_hal_spi.c ****   {
 2506              		.loc 1 1549 6 discriminator 1 view .LVU764
 2507 021a 0028     		cmp	r0, #0
 2508 021c 0AD1     		bne	.L172
1557:Drivers/STM32G0xx_HAL_Driver/Src/stm32g0xx_hal_spi.c ****   /* Unlock the process */
 2509              		.loc 1 1557 3 is_stmt 1 view .LVU765
1557:Drivers/STM32G0xx_HAL_Driver/Src/stm32g0xx_hal_spi.c ****   /* Unlock the process */
 2510              		.loc 1 1557 15 is_stmt 0 view .LVU766
 2511 021e 5D23     		movs	r3, #93
ARM GAS  C:\Users\Domagoj\AppData\Local\Temp\ccvehG6g.s 			page 133


 2512 0220 0122     		movs	r2, #1
 2513 0222 E254     		strb	r2, [r4, r3]
1559:Drivers/STM32G0xx_HAL_Driver/Src/stm32g0xx_hal_spi.c **** 
 2514              		.loc 1 1559 3 is_stmt 1 view .LVU767
1559:Drivers/STM32G0xx_HAL_Driver/Src/stm32g0xx_hal_spi.c **** 
 2515              		.loc 1 1559 3 view .LVU768
 2516 0224 013B     		subs	r3, r3, #1
 2517 0226 0022     		movs	r2, #0
 2518 0228 E254     		strb	r2, [r4, r3]
1559:Drivers/STM32G0xx_HAL_Driver/Src/stm32g0xx_hal_spi.c **** 
 2519              		.loc 1 1559 3 view .LVU769
1561:Drivers/STM32G0xx_HAL_Driver/Src/stm32g0xx_hal_spi.c ****   {
 2520              		.loc 1 1561 3 view .LVU770
1561:Drivers/STM32G0xx_HAL_Driver/Src/stm32g0xx_hal_spi.c ****   {
 2521              		.loc 1 1561 11 is_stmt 0 view .LVU771
 2522 022a 236E     		ldr	r3, [r4, #96]
1561:Drivers/STM32G0xx_HAL_Driver/Src/stm32g0xx_hal_spi.c ****   {
 2523              		.loc 1 1561 6 view .LVU772
 2524 022c 002B     		cmp	r3, #0
 2525 022e 09D0     		beq	.L134
1563:Drivers/STM32G0xx_HAL_Driver/Src/stm32g0xx_hal_spi.c ****   }
 2526              		.loc 1 1563 12 view .LVU773
 2527 0230 0120     		movs	r0, #1
 2528 0232 07E0     		b	.L134
 2529              	.L172:
1551:Drivers/STM32G0xx_HAL_Driver/Src/stm32g0xx_hal_spi.c ****     __HAL_UNLOCK(hspi);
 2530              		.loc 1 1551 5 is_stmt 1 view .LVU774
1551:Drivers/STM32G0xx_HAL_Driver/Src/stm32g0xx_hal_spi.c ****     __HAL_UNLOCK(hspi);
 2531              		.loc 1 1551 21 is_stmt 0 view .LVU775
 2532 0234 2023     		movs	r3, #32
 2533 0236 2366     		str	r3, [r4, #96]
1552:Drivers/STM32G0xx_HAL_Driver/Src/stm32g0xx_hal_spi.c ****     return HAL_ERROR;
 2534              		.loc 1 1552 5 is_stmt 1 view .LVU776
1552:Drivers/STM32G0xx_HAL_Driver/Src/stm32g0xx_hal_spi.c ****     return HAL_ERROR;
 2535              		.loc 1 1552 5 view .LVU777
 2536 0238 3C33     		adds	r3, r3, #60
 2537 023a 0022     		movs	r2, #0
 2538 023c E254     		strb	r2, [r4, r3]
1552:Drivers/STM32G0xx_HAL_Driver/Src/stm32g0xx_hal_spi.c ****     return HAL_ERROR;
 2539              		.loc 1 1552 5 view .LVU778
1553:Drivers/STM32G0xx_HAL_Driver/Src/stm32g0xx_hal_spi.c ****   }
 2540              		.loc 1 1553 5 view .LVU779
1553:Drivers/STM32G0xx_HAL_Driver/Src/stm32g0xx_hal_spi.c ****   }
 2541              		.loc 1 1553 12 is_stmt 0 view .LVU780
 2542 023e 0120     		movs	r0, #1
 2543 0240 00E0     		b	.L134
 2544              	.LVL150:
 2545              	.L156:
1302:Drivers/STM32G0xx_HAL_Driver/Src/stm32g0xx_hal_spi.c ****   }
 2546              		.loc 1 1302 12 view .LVU781
 2547 0242 0220     		movs	r0, #2
 2548              	.LVL151:
 2549              	.L134:
1569:Drivers/STM32G0xx_HAL_Driver/Src/stm32g0xx_hal_spi.c **** 
 2550              		.loc 1 1569 1 view .LVU782
 2551 0244 02B0     		add	sp, sp, #8
 2552              		@ sp needed
ARM GAS  C:\Users\Domagoj\AppData\Local\Temp\ccvehG6g.s 			page 134


 2553              	.LVL152:
 2554              	.LVL153:
 2555              	.LVL154:
1569:Drivers/STM32G0xx_HAL_Driver/Src/stm32g0xx_hal_spi.c **** 
 2556              		.loc 1 1569 1 view .LVU783
 2557 0246 80BC     		pop	{r7}
 2558 0248 B946     		mov	r9, r7
 2559 024a F0BD     		pop	{r4, r5, r6, r7, pc}
 2560              	.LVL155:
 2561              	.L157:
1302:Drivers/STM32G0xx_HAL_Driver/Src/stm32g0xx_hal_spi.c ****   }
 2562              		.loc 1 1302 12 view .LVU784
 2563 024c 0220     		movs	r0, #2
 2564              	.LVL156:
1302:Drivers/STM32G0xx_HAL_Driver/Src/stm32g0xx_hal_spi.c ****   }
 2565              		.loc 1 1302 12 view .LVU785
 2566 024e F9E7     		b	.L134
 2567              	.LVL157:
 2568              	.L158:
1302:Drivers/STM32G0xx_HAL_Driver/Src/stm32g0xx_hal_spi.c ****   }
 2569              		.loc 1 1302 12 view .LVU786
 2570 0250 0220     		movs	r0, #2
 2571              	.LVL158:
1302:Drivers/STM32G0xx_HAL_Driver/Src/stm32g0xx_hal_spi.c ****   }
 2572              		.loc 1 1302 12 view .LVU787
 2573 0252 F7E7     		b	.L134
 2574              	.LVL159:
 2575              	.L159:
1307:Drivers/STM32G0xx_HAL_Driver/Src/stm32g0xx_hal_spi.c ****   }
 2576              		.loc 1 1307 12 view .LVU788
 2577 0254 0120     		movs	r0, #1
 2578              	.LVL160:
1307:Drivers/STM32G0xx_HAL_Driver/Src/stm32g0xx_hal_spi.c ****   }
 2579              		.loc 1 1307 12 view .LVU789
 2580 0256 F5E7     		b	.L134
 2581              	.LVL161:
 2582              	.L160:
1307:Drivers/STM32G0xx_HAL_Driver/Src/stm32g0xx_hal_spi.c ****   }
 2583              		.loc 1 1307 12 view .LVU790
 2584 0258 0120     		movs	r0, #1
 2585              	.LVL162:
1307:Drivers/STM32G0xx_HAL_Driver/Src/stm32g0xx_hal_spi.c ****   }
 2586              		.loc 1 1307 12 view .LVU791
 2587 025a F3E7     		b	.L134
 2588              	.LVL163:
 2589              	.L161:
1307:Drivers/STM32G0xx_HAL_Driver/Src/stm32g0xx_hal_spi.c ****   }
 2590              		.loc 1 1307 12 view .LVU792
 2591 025c 0120     		movs	r0, #1
 2592              	.LVL164:
1307:Drivers/STM32G0xx_HAL_Driver/Src/stm32g0xx_hal_spi.c ****   }
 2593              		.loc 1 1307 12 view .LVU793
 2594 025e F1E7     		b	.L134
 2595              	.LVL165:
 2596              	.L162:
1311:Drivers/STM32G0xx_HAL_Driver/Src/stm32g0xx_hal_spi.c **** 
 2597              		.loc 1 1311 3 discriminator 1 view .LVU794
ARM GAS  C:\Users\Domagoj\AppData\Local\Temp\ccvehG6g.s 			page 135


 2598 0260 0220     		movs	r0, #2
 2599              	.LVL166:
1311:Drivers/STM32G0xx_HAL_Driver/Src/stm32g0xx_hal_spi.c **** 
 2600              		.loc 1 1311 3 discriminator 1 view .LVU795
 2601 0262 EFE7     		b	.L134
 2602              	.L174:
 2603              		.align	2
 2604              	.L173:
 2605 0264 FFEFFFFF 		.word	-4097
 2606              		.cfi_endproc
 2607              	.LFE369:
 2609              		.section	.text.HAL_SPI_Receive,"ax",%progbits
 2610              		.align	1
 2611              		.global	HAL_SPI_Receive
 2612              		.syntax unified
 2613              		.code	16
 2614              		.thumb_func
 2616              	HAL_SPI_Receive:
 2617              	.LVL167:
 2618              	.LFB368:
1008:Drivers/STM32G0xx_HAL_Driver/Src/stm32g0xx_hal_spi.c **** #if (USE_SPI_CRC != 0U)
 2619              		.loc 1 1008 1 is_stmt 1 view -0
 2620              		.cfi_startproc
 2621              		@ args = 0, pretend = 0, frame = 0
 2622              		@ frame_needed = 0, uses_anonymous_args = 0
1008:Drivers/STM32G0xx_HAL_Driver/Src/stm32g0xx_hal_spi.c **** #if (USE_SPI_CRC != 0U)
 2623              		.loc 1 1008 1 is_stmt 0 view .LVU797
 2624 0000 F0B5     		push	{r4, r5, r6, r7, lr}
 2625              	.LCFI22:
 2626              		.cfi_def_cfa_offset 20
 2627              		.cfi_offset 4, -20
 2628              		.cfi_offset 5, -16
 2629              		.cfi_offset 6, -12
 2630              		.cfi_offset 7, -8
 2631              		.cfi_offset 14, -4
 2632 0002 CE46     		mov	lr, r9
 2633 0004 4746     		mov	r7, r8
 2634 0006 80B5     		push	{r7, lr}
 2635              	.LCFI23:
 2636              		.cfi_def_cfa_offset 28
 2637              		.cfi_offset 8, -28
 2638              		.cfi_offset 9, -24
 2639 0008 83B0     		sub	sp, sp, #12
 2640              	.LCFI24:
 2641              		.cfi_def_cfa_offset 40
 2642 000a 0400     		movs	r4, r0
 2643 000c 8946     		mov	r9, r1
 2644 000e 9046     		mov	r8, r2
 2645 0010 1D00     		movs	r5, r3
1014:Drivers/STM32G0xx_HAL_Driver/Src/stm32g0xx_hal_spi.c **** 
 2646              		.loc 1 1014 3 is_stmt 1 view .LVU798
1016:Drivers/STM32G0xx_HAL_Driver/Src/stm32g0xx_hal_spi.c ****   {
 2647              		.loc 1 1016 3 view .LVU799
1020:Drivers/STM32G0xx_HAL_Driver/Src/stm32g0xx_hal_spi.c ****   }
 2648              		.loc 1 1020 5 view .LVU800
1023:Drivers/STM32G0xx_HAL_Driver/Src/stm32g0xx_hal_spi.c ****   {
 2649              		.loc 1 1023 3 view .LVU801
ARM GAS  C:\Users\Domagoj\AppData\Local\Temp\ccvehG6g.s 			page 136


1023:Drivers/STM32G0xx_HAL_Driver/Src/stm32g0xx_hal_spi.c ****   {
 2650              		.loc 1 1023 11 is_stmt 0 view .LVU802
 2651 0012 5D23     		movs	r3, #93
 2652              	.LVL168:
1023:Drivers/STM32G0xx_HAL_Driver/Src/stm32g0xx_hal_spi.c ****   {
 2653              		.loc 1 1023 11 view .LVU803
 2654 0014 C35C     		ldrb	r3, [r0, r3]
 2655 0016 DFB2     		uxtb	r7, r3
1023:Drivers/STM32G0xx_HAL_Driver/Src/stm32g0xx_hal_spi.c ****   {
 2656              		.loc 1 1023 6 view .LVU804
 2657 0018 012B     		cmp	r3, #1
 2658 001a 00D0     		beq	.LCB2430
 2659 001c C0E0     		b	.L196	@long jump
 2660              	.LCB2430:
1028:Drivers/STM32G0xx_HAL_Driver/Src/stm32g0xx_hal_spi.c ****   {
 2661              		.loc 1 1028 3 is_stmt 1 view .LVU805
1028:Drivers/STM32G0xx_HAL_Driver/Src/stm32g0xx_hal_spi.c ****   {
 2662              		.loc 1 1028 6 is_stmt 0 view .LVU806
 2663 001e 0029     		cmp	r1, #0
 2664 0020 00D1     		bne	.LCB2433
 2665 0022 BEE0     		b	.L176	@long jump
 2666              	.LCB2433:
1028:Drivers/STM32G0xx_HAL_Driver/Src/stm32g0xx_hal_spi.c ****   {
 2667              		.loc 1 1028 23 discriminator 1 view .LVU807
 2668 0024 002A     		cmp	r2, #0
 2669 0026 00D1     		bne	.LCB2435
 2670 0028 BBE0     		b	.L176	@long jump
 2671              	.LCB2435:
1033:Drivers/STM32G0xx_HAL_Driver/Src/stm32g0xx_hal_spi.c ****   {
 2672              		.loc 1 1033 3 is_stmt 1 view .LVU808
1033:Drivers/STM32G0xx_HAL_Driver/Src/stm32g0xx_hal_spi.c ****   {
 2673              		.loc 1 1033 18 is_stmt 0 view .LVU809
 2674 002a 4268     		ldr	r2, [r0, #4]
 2675              	.LVL169:
1033:Drivers/STM32G0xx_HAL_Driver/Src/stm32g0xx_hal_spi.c ****   {
 2676              		.loc 1 1033 6 view .LVU810
 2677 002c 8223     		movs	r3, #130
 2678 002e 5B00     		lsls	r3, r3, #1
 2679 0030 9A42     		cmp	r2, r3
 2680 0032 02D1     		bne	.L177
1033:Drivers/STM32G0xx_HAL_Driver/Src/stm32g0xx_hal_spi.c ****   {
 2681              		.loc 1 1033 58 discriminator 1 view .LVU811
 2682 0034 8368     		ldr	r3, [r0, #8]
1033:Drivers/STM32G0xx_HAL_Driver/Src/stm32g0xx_hal_spi.c ****   {
 2683              		.loc 1 1033 44 discriminator 1 view .LVU812
 2684 0036 002B     		cmp	r3, #0
 2685 0038 38D0     		beq	.L202
 2686              	.L177:
1041:Drivers/STM32G0xx_HAL_Driver/Src/stm32g0xx_hal_spi.c **** 
 2687              		.loc 1 1041 3 is_stmt 1 view .LVU813
1041:Drivers/STM32G0xx_HAL_Driver/Src/stm32g0xx_hal_spi.c **** 
 2688              		.loc 1 1041 15 is_stmt 0 view .LVU814
 2689 003a FFF7FEFF 		bl	HAL_GetTick
 2690              	.LVL170:
1041:Drivers/STM32G0xx_HAL_Driver/Src/stm32g0xx_hal_spi.c **** 
 2691              		.loc 1 1041 15 view .LVU815
 2692 003e 0600     		movs	r6, r0
ARM GAS  C:\Users\Domagoj\AppData\Local\Temp\ccvehG6g.s 			page 137


 2693              	.LVL171:
1044:Drivers/STM32G0xx_HAL_Driver/Src/stm32g0xx_hal_spi.c **** 
 2694              		.loc 1 1044 3 is_stmt 1 view .LVU816
1044:Drivers/STM32G0xx_HAL_Driver/Src/stm32g0xx_hal_spi.c **** 
 2695              		.loc 1 1044 3 view .LVU817
 2696 0040 5C23     		movs	r3, #92
 2697 0042 E35C     		ldrb	r3, [r4, r3]
 2698 0044 012B     		cmp	r3, #1
 2699 0046 00D1     		bne	.LCB2458
 2700 0048 B1E0     		b	.L197	@long jump
 2701              	.LCB2458:
1044:Drivers/STM32G0xx_HAL_Driver/Src/stm32g0xx_hal_spi.c **** 
 2702              		.loc 1 1044 3 discriminator 2 view .LVU818
 2703 004a 5C23     		movs	r3, #92
 2704 004c 0122     		movs	r2, #1
 2705 004e E254     		strb	r2, [r4, r3]
1044:Drivers/STM32G0xx_HAL_Driver/Src/stm32g0xx_hal_spi.c **** 
 2706              		.loc 1 1044 3 view .LVU819
1047:Drivers/STM32G0xx_HAL_Driver/Src/stm32g0xx_hal_spi.c ****   hspi->ErrorCode   = HAL_SPI_ERROR_NONE;
 2707              		.loc 1 1047 3 view .LVU820
1047:Drivers/STM32G0xx_HAL_Driver/Src/stm32g0xx_hal_spi.c ****   hspi->ErrorCode   = HAL_SPI_ERROR_NONE;
 2708              		.loc 1 1047 21 is_stmt 0 view .LVU821
 2709 0050 0133     		adds	r3, r3, #1
 2710 0052 0332     		adds	r2, r2, #3
 2711 0054 E254     		strb	r2, [r4, r3]
1048:Drivers/STM32G0xx_HAL_Driver/Src/stm32g0xx_hal_spi.c ****   hspi->pRxBuffPtr  = (uint8_t *)pData;
 2712              		.loc 1 1048 3 is_stmt 1 view .LVU822
1048:Drivers/STM32G0xx_HAL_Driver/Src/stm32g0xx_hal_spi.c ****   hspi->pRxBuffPtr  = (uint8_t *)pData;
 2713              		.loc 1 1048 21 is_stmt 0 view .LVU823
 2714 0056 0023     		movs	r3, #0
 2715 0058 2366     		str	r3, [r4, #96]
1049:Drivers/STM32G0xx_HAL_Driver/Src/stm32g0xx_hal_spi.c ****   hspi->RxXferSize  = Size;
 2716              		.loc 1 1049 3 is_stmt 1 view .LVU824
1049:Drivers/STM32G0xx_HAL_Driver/Src/stm32g0xx_hal_spi.c ****   hspi->RxXferSize  = Size;
 2717              		.loc 1 1049 21 is_stmt 0 view .LVU825
 2718 005a 4A46     		mov	r2, r9
 2719 005c 2264     		str	r2, [r4, #64]
1050:Drivers/STM32G0xx_HAL_Driver/Src/stm32g0xx_hal_spi.c ****   hspi->RxXferCount = Size;
 2720              		.loc 1 1050 3 is_stmt 1 view .LVU826
1050:Drivers/STM32G0xx_HAL_Driver/Src/stm32g0xx_hal_spi.c ****   hspi->RxXferCount = Size;
 2721              		.loc 1 1050 21 is_stmt 0 view .LVU827
 2722 005e 4422     		movs	r2, #68
 2723 0060 4146     		mov	r1, r8
 2724 0062 A152     		strh	r1, [r4, r2]
1051:Drivers/STM32G0xx_HAL_Driver/Src/stm32g0xx_hal_spi.c **** 
 2725              		.loc 1 1051 3 is_stmt 1 view .LVU828
1051:Drivers/STM32G0xx_HAL_Driver/Src/stm32g0xx_hal_spi.c **** 
 2726              		.loc 1 1051 21 is_stmt 0 view .LVU829
 2727 0064 0232     		adds	r2, r2, #2
 2728 0066 A152     		strh	r1, [r4, r2]
1054:Drivers/STM32G0xx_HAL_Driver/Src/stm32g0xx_hal_spi.c ****   hspi->TxXferSize  = 0U;
 2729              		.loc 1 1054 3 is_stmt 1 view .LVU830
1054:Drivers/STM32G0xx_HAL_Driver/Src/stm32g0xx_hal_spi.c ****   hspi->TxXferSize  = 0U;
 2730              		.loc 1 1054 21 is_stmt 0 view .LVU831
 2731 0068 A363     		str	r3, [r4, #56]
1055:Drivers/STM32G0xx_HAL_Driver/Src/stm32g0xx_hal_spi.c ****   hspi->TxXferCount = 0U;
 2732              		.loc 1 1055 3 is_stmt 1 view .LVU832
ARM GAS  C:\Users\Domagoj\AppData\Local\Temp\ccvehG6g.s 			page 138


1055:Drivers/STM32G0xx_HAL_Driver/Src/stm32g0xx_hal_spi.c ****   hspi->TxXferCount = 0U;
 2733              		.loc 1 1055 21 is_stmt 0 view .LVU833
 2734 006a A387     		strh	r3, [r4, #60]
1056:Drivers/STM32G0xx_HAL_Driver/Src/stm32g0xx_hal_spi.c ****   hspi->RxISR       = NULL;
 2735              		.loc 1 1056 3 is_stmt 1 view .LVU834
1056:Drivers/STM32G0xx_HAL_Driver/Src/stm32g0xx_hal_spi.c ****   hspi->RxISR       = NULL;
 2736              		.loc 1 1056 21 is_stmt 0 view .LVU835
 2737 006c E387     		strh	r3, [r4, #62]
1057:Drivers/STM32G0xx_HAL_Driver/Src/stm32g0xx_hal_spi.c ****   hspi->TxISR       = NULL;
 2738              		.loc 1 1057 3 is_stmt 1 view .LVU836
1057:Drivers/STM32G0xx_HAL_Driver/Src/stm32g0xx_hal_spi.c ****   hspi->TxISR       = NULL;
 2739              		.loc 1 1057 21 is_stmt 0 view .LVU837
 2740 006e E364     		str	r3, [r4, #76]
1058:Drivers/STM32G0xx_HAL_Driver/Src/stm32g0xx_hal_spi.c **** 
 2741              		.loc 1 1058 3 is_stmt 1 view .LVU838
1058:Drivers/STM32G0xx_HAL_Driver/Src/stm32g0xx_hal_spi.c **** 
 2742              		.loc 1 1058 21 is_stmt 0 view .LVU839
 2743 0070 2365     		str	r3, [r4, #80]
1071:Drivers/STM32G0xx_HAL_Driver/Src/stm32g0xx_hal_spi.c ****   {
 2744              		.loc 1 1071 3 is_stmt 1 view .LVU840
1071:Drivers/STM32G0xx_HAL_Driver/Src/stm32g0xx_hal_spi.c ****   {
 2745              		.loc 1 1071 17 is_stmt 0 view .LVU841
 2746 0072 E268     		ldr	r2, [r4, #12]
1071:Drivers/STM32G0xx_HAL_Driver/Src/stm32g0xx_hal_spi.c ****   {
 2747              		.loc 1 1071 6 view .LVU842
 2748 0074 E023     		movs	r3, #224
 2749 0076 DB00     		lsls	r3, r3, #3
 2750 0078 9A42     		cmp	r2, r3
 2751 007a 21D9     		bls	.L178
 2752              	.LVL172:
1074:Drivers/STM32G0xx_HAL_Driver/Src/stm32g0xx_hal_spi.c ****   }
 2753              		.loc 1 1074 5 is_stmt 1 view .LVU843
 2754 007c 2268     		ldr	r2, [r4]
 2755 007e 5368     		ldr	r3, [r2, #4]
 2756 0080 4C49     		ldr	r1, .L204
 2757              	.LVL173:
1074:Drivers/STM32G0xx_HAL_Driver/Src/stm32g0xx_hal_spi.c ****   }
 2758              		.loc 1 1074 5 is_stmt 0 view .LVU844
 2759 0082 0B40     		ands	r3, r1
 2760 0084 5360     		str	r3, [r2, #4]
 2761              	.L179:
1083:Drivers/STM32G0xx_HAL_Driver/Src/stm32g0xx_hal_spi.c ****   {
 2762              		.loc 1 1083 3 is_stmt 1 view .LVU845
1083:Drivers/STM32G0xx_HAL_Driver/Src/stm32g0xx_hal_spi.c ****   {
 2763              		.loc 1 1083 17 is_stmt 0 view .LVU846
 2764 0086 A268     		ldr	r2, [r4, #8]
1083:Drivers/STM32G0xx_HAL_Driver/Src/stm32g0xx_hal_spi.c ****   {
 2765              		.loc 1 1083 6 view .LVU847
 2766 0088 8023     		movs	r3, #128
 2767 008a 1B02     		lsls	r3, r3, #8
 2768 008c 9A42     		cmp	r2, r3
 2769 008e 1ED0     		beq	.L203
 2770              	.L180:
1091:Drivers/STM32G0xx_HAL_Driver/Src/stm32g0xx_hal_spi.c ****   {
 2771              		.loc 1 1091 3 is_stmt 1 view .LVU848
1091:Drivers/STM32G0xx_HAL_Driver/Src/stm32g0xx_hal_spi.c ****   {
 2772              		.loc 1 1091 12 is_stmt 0 view .LVU849
ARM GAS  C:\Users\Domagoj\AppData\Local\Temp\ccvehG6g.s 			page 139


 2773 0090 2268     		ldr	r2, [r4]
1091:Drivers/STM32G0xx_HAL_Driver/Src/stm32g0xx_hal_spi.c ****   {
 2774              		.loc 1 1091 22 view .LVU850
 2775 0092 1368     		ldr	r3, [r2]
1091:Drivers/STM32G0xx_HAL_Driver/Src/stm32g0xx_hal_spi.c ****   {
 2776              		.loc 1 1091 6 view .LVU851
 2777 0094 5B06     		lsls	r3, r3, #25
 2778 0096 03D4     		bmi	.L181
1094:Drivers/STM32G0xx_HAL_Driver/Src/stm32g0xx_hal_spi.c ****   }
 2779              		.loc 1 1094 5 is_stmt 1 view .LVU852
 2780 0098 1368     		ldr	r3, [r2]
 2781 009a 4021     		movs	r1, #64
 2782 009c 0B43     		orrs	r3, r1
 2783 009e 1360     		str	r3, [r2]
 2784              	.L181:
1098:Drivers/STM32G0xx_HAL_Driver/Src/stm32g0xx_hal_spi.c ****   {
 2785              		.loc 1 1098 3 view .LVU853
1098:Drivers/STM32G0xx_HAL_Driver/Src/stm32g0xx_hal_spi.c ****   {
 2786              		.loc 1 1098 17 is_stmt 0 view .LVU854
 2787 00a0 E268     		ldr	r2, [r4, #12]
1098:Drivers/STM32G0xx_HAL_Driver/Src/stm32g0xx_hal_spi.c ****   {
 2788              		.loc 1 1098 6 view .LVU855
 2789 00a2 E023     		movs	r3, #224
 2790 00a4 DB00     		lsls	r3, r3, #3
 2791 00a6 9A42     		cmp	r2, r3
 2792 00a8 25D9     		bls	.L182
 2793 00aa 49E0     		b	.L183
 2794              	.LVL174:
 2795              	.L202:
1035:Drivers/STM32G0xx_HAL_Driver/Src/stm32g0xx_hal_spi.c ****     /* Call transmit-receive function to send Dummy data on Tx line and generate clock on CLK line 
 2796              		.loc 1 1035 5 is_stmt 1 view .LVU856
1035:Drivers/STM32G0xx_HAL_Driver/Src/stm32g0xx_hal_spi.c ****     /* Call transmit-receive function to send Dummy data on Tx line and generate clock on CLK line 
 2797              		.loc 1 1035 17 is_stmt 0 view .LVU857
 2798 00ac 5D33     		adds	r3, r3, #93
 2799 00ae 0422     		movs	r2, #4
 2800 00b0 C254     		strb	r2, [r0, r3]
1037:Drivers/STM32G0xx_HAL_Driver/Src/stm32g0xx_hal_spi.c ****   }
 2801              		.loc 1 1037 5 is_stmt 1 view .LVU858
1037:Drivers/STM32G0xx_HAL_Driver/Src/stm32g0xx_hal_spi.c ****   }
 2802              		.loc 1 1037 12 is_stmt 0 view .LVU859
 2803 00b2 0095     		str	r5, [sp]
 2804 00b4 4346     		mov	r3, r8
 2805 00b6 0A00     		movs	r2, r1
 2806 00b8 FFF7FEFF 		bl	HAL_SPI_TransmitReceive
 2807              	.LVL175:
1037:Drivers/STM32G0xx_HAL_Driver/Src/stm32g0xx_hal_spi.c ****   }
 2808              		.loc 1 1037 12 view .LVU860
 2809 00bc 0700     		movs	r7, r0
 2810 00be 70E0     		b	.L176
 2811              	.LVL176:
 2812              	.L178:
1079:Drivers/STM32G0xx_HAL_Driver/Src/stm32g0xx_hal_spi.c ****   }
 2813              		.loc 1 1079 5 is_stmt 1 view .LVU861
 2814 00c0 2268     		ldr	r2, [r4]
 2815 00c2 5168     		ldr	r1, [r2, #4]
 2816              	.LVL177:
1079:Drivers/STM32G0xx_HAL_Driver/Src/stm32g0xx_hal_spi.c ****   }
ARM GAS  C:\Users\Domagoj\AppData\Local\Temp\ccvehG6g.s 			page 140


 2817              		.loc 1 1079 5 is_stmt 0 view .LVU862
 2818 00c4 8023     		movs	r3, #128
 2819 00c6 5B01     		lsls	r3, r3, #5
 2820 00c8 0B43     		orrs	r3, r1
 2821 00ca 5360     		str	r3, [r2, #4]
 2822 00cc DBE7     		b	.L179
 2823              	.L203:
1086:Drivers/STM32G0xx_HAL_Driver/Src/stm32g0xx_hal_spi.c ****     SPI_1LINE_RX(hspi);
 2824              		.loc 1 1086 5 is_stmt 1 view .LVU863
 2825 00ce 2268     		ldr	r2, [r4]
 2826 00d0 1368     		ldr	r3, [r2]
 2827 00d2 4021     		movs	r1, #64
 2828 00d4 8B43     		bics	r3, r1
 2829 00d6 1360     		str	r3, [r2]
1087:Drivers/STM32G0xx_HAL_Driver/Src/stm32g0xx_hal_spi.c ****   }
 2830              		.loc 1 1087 5 view .LVU864
 2831 00d8 2268     		ldr	r2, [r4]
 2832 00da 1368     		ldr	r3, [r2]
 2833 00dc 3649     		ldr	r1, .L204+4
 2834 00de 0B40     		ands	r3, r1
 2835 00e0 1360     		str	r3, [r2]
 2836 00e2 D5E7     		b	.L180
 2837              	.LVL178:
 2838              	.L184:
1114:Drivers/STM32G0xx_HAL_Driver/Src/stm32g0xx_hal_spi.c ****         {
 2839              		.loc 1 1114 9 view .LVU865
1114:Drivers/STM32G0xx_HAL_Driver/Src/stm32g0xx_hal_spi.c ****         {
 2840              		.loc 1 1114 16 is_stmt 0 view .LVU866
 2841 00e4 FFF7FEFF 		bl	HAL_GetTick
 2842              	.LVL179:
1114:Drivers/STM32G0xx_HAL_Driver/Src/stm32g0xx_hal_spi.c ****         {
 2843              		.loc 1 1114 30 discriminator 1 view .LVU867
 2844 00e8 801B     		subs	r0, r0, r6
1114:Drivers/STM32G0xx_HAL_Driver/Src/stm32g0xx_hal_spi.c ****         {
 2845              		.loc 1 1114 12 discriminator 1 view .LVU868
 2846 00ea A842     		cmp	r0, r5
 2847 00ec 01D3     		bcc	.L186
1114:Drivers/STM32G0xx_HAL_Driver/Src/stm32g0xx_hal_spi.c ****         {
 2848              		.loc 1 1114 56 discriminator 1 view .LVU869
 2849 00ee 6B1C     		adds	r3, r5, #1
 2850 00f0 15D1     		bne	.L187
 2851              	.L186:
1114:Drivers/STM32G0xx_HAL_Driver/Src/stm32g0xx_hal_spi.c ****         {
 2852              		.loc 1 1114 87 discriminator 3 view .LVU870
 2853 00f2 002D     		cmp	r5, #0
 2854 00f4 13D0     		beq	.L187
 2855              	.L182:
1101:Drivers/STM32G0xx_HAL_Driver/Src/stm32g0xx_hal_spi.c ****     {
 2856              		.loc 1 1101 30 is_stmt 1 view .LVU871
1101:Drivers/STM32G0xx_HAL_Driver/Src/stm32g0xx_hal_spi.c ****     {
 2857              		.loc 1 1101 16 is_stmt 0 view .LVU872
 2858 00f6 4623     		movs	r3, #70
 2859 00f8 E35A     		ldrh	r3, [r4, r3]
1101:Drivers/STM32G0xx_HAL_Driver/Src/stm32g0xx_hal_spi.c ****     {
 2860              		.loc 1 1101 30 view .LVU873
 2861 00fa 002B     		cmp	r3, #0
 2862 00fc 3CD0     		beq	.L189
ARM GAS  C:\Users\Domagoj\AppData\Local\Temp\ccvehG6g.s 			page 141


1104:Drivers/STM32G0xx_HAL_Driver/Src/stm32g0xx_hal_spi.c ****       {
 2863              		.loc 1 1104 7 is_stmt 1 view .LVU874
1104:Drivers/STM32G0xx_HAL_Driver/Src/stm32g0xx_hal_spi.c ****       {
 2864              		.loc 1 1104 11 is_stmt 0 view .LVU875
 2865 00fe 2268     		ldr	r2, [r4]
 2866 0100 9368     		ldr	r3, [r2, #8]
1104:Drivers/STM32G0xx_HAL_Driver/Src/stm32g0xx_hal_spi.c ****       {
 2867              		.loc 1 1104 10 view .LVU876
 2868 0102 DB07     		lsls	r3, r3, #31
 2869 0104 EED5     		bpl	.L184
1107:Drivers/STM32G0xx_HAL_Driver/Src/stm32g0xx_hal_spi.c ****         hspi->pRxBuffPtr += sizeof(uint8_t);
 2870              		.loc 1 1107 9 is_stmt 1 view .LVU877
1107:Drivers/STM32G0xx_HAL_Driver/Src/stm32g0xx_hal_spi.c ****         hspi->pRxBuffPtr += sizeof(uint8_t);
 2871              		.loc 1 1107 27 is_stmt 0 view .LVU878
 2872 0106 236C     		ldr	r3, [r4, #64]
1107:Drivers/STM32G0xx_HAL_Driver/Src/stm32g0xx_hal_spi.c ****         hspi->pRxBuffPtr += sizeof(uint8_t);
 2873              		.loc 1 1107 43 view .LVU879
 2874 0108 127B     		ldrb	r2, [r2, #12]
1107:Drivers/STM32G0xx_HAL_Driver/Src/stm32g0xx_hal_spi.c ****         hspi->pRxBuffPtr += sizeof(uint8_t);
 2875              		.loc 1 1107 41 view .LVU880
 2876 010a 1A70     		strb	r2, [r3]
1108:Drivers/STM32G0xx_HAL_Driver/Src/stm32g0xx_hal_spi.c ****         hspi->RxXferCount--;
 2877              		.loc 1 1108 9 is_stmt 1 view .LVU881
1108:Drivers/STM32G0xx_HAL_Driver/Src/stm32g0xx_hal_spi.c ****         hspi->RxXferCount--;
 2878              		.loc 1 1108 13 is_stmt 0 view .LVU882
 2879 010c 236C     		ldr	r3, [r4, #64]
1108:Drivers/STM32G0xx_HAL_Driver/Src/stm32g0xx_hal_spi.c ****         hspi->RxXferCount--;
 2880              		.loc 1 1108 26 view .LVU883
 2881 010e 0133     		adds	r3, r3, #1
 2882 0110 2364     		str	r3, [r4, #64]
1109:Drivers/STM32G0xx_HAL_Driver/Src/stm32g0xx_hal_spi.c ****       }
 2883              		.loc 1 1109 9 is_stmt 1 view .LVU884
1109:Drivers/STM32G0xx_HAL_Driver/Src/stm32g0xx_hal_spi.c ****       }
 2884              		.loc 1 1109 13 is_stmt 0 view .LVU885
 2885 0112 4623     		movs	r3, #70
 2886 0114 E25A     		ldrh	r2, [r4, r3]
1109:Drivers/STM32G0xx_HAL_Driver/Src/stm32g0xx_hal_spi.c ****       }
 2887              		.loc 1 1109 26 view .LVU886
 2888 0116 013A     		subs	r2, r2, #1
 2889 0118 92B2     		uxth	r2, r2
 2890 011a E252     		strh	r2, [r4, r3]
 2891 011c EBE7     		b	.L182
 2892              	.L187:
1116:Drivers/STM32G0xx_HAL_Driver/Src/stm32g0xx_hal_spi.c ****           __HAL_UNLOCK(hspi);
 2893              		.loc 1 1116 11 is_stmt 1 view .LVU887
1116:Drivers/STM32G0xx_HAL_Driver/Src/stm32g0xx_hal_spi.c ****           __HAL_UNLOCK(hspi);
 2894              		.loc 1 1116 23 is_stmt 0 view .LVU888
 2895 011e 5D23     		movs	r3, #93
 2896 0120 0122     		movs	r2, #1
 2897 0122 E254     		strb	r2, [r4, r3]
1117:Drivers/STM32G0xx_HAL_Driver/Src/stm32g0xx_hal_spi.c ****           return HAL_TIMEOUT;
 2898              		.loc 1 1117 11 is_stmt 1 view .LVU889
1117:Drivers/STM32G0xx_HAL_Driver/Src/stm32g0xx_hal_spi.c ****           return HAL_TIMEOUT;
 2899              		.loc 1 1117 11 view .LVU890
 2900 0124 013B     		subs	r3, r3, #1
 2901 0126 0022     		movs	r2, #0
 2902 0128 E254     		strb	r2, [r4, r3]
ARM GAS  C:\Users\Domagoj\AppData\Local\Temp\ccvehG6g.s 			page 142


1117:Drivers/STM32G0xx_HAL_Driver/Src/stm32g0xx_hal_spi.c ****           return HAL_TIMEOUT;
 2903              		.loc 1 1117 11 view .LVU891
1118:Drivers/STM32G0xx_HAL_Driver/Src/stm32g0xx_hal_spi.c ****         }
 2904              		.loc 1 1118 11 view .LVU892
1118:Drivers/STM32G0xx_HAL_Driver/Src/stm32g0xx_hal_spi.c ****         }
 2905              		.loc 1 1118 18 is_stmt 0 view .LVU893
 2906 012a 0327     		movs	r7, #3
 2907 012c 39E0     		b	.L176
 2908              	.L190:
1138:Drivers/STM32G0xx_HAL_Driver/Src/stm32g0xx_hal_spi.c ****         {
 2909              		.loc 1 1138 9 is_stmt 1 view .LVU894
1138:Drivers/STM32G0xx_HAL_Driver/Src/stm32g0xx_hal_spi.c ****         {
 2910              		.loc 1 1138 16 is_stmt 0 view .LVU895
 2911 012e FFF7FEFF 		bl	HAL_GetTick
 2912              	.LVL180:
1138:Drivers/STM32G0xx_HAL_Driver/Src/stm32g0xx_hal_spi.c ****         {
 2913              		.loc 1 1138 30 discriminator 1 view .LVU896
 2914 0132 801B     		subs	r0, r0, r6
1138:Drivers/STM32G0xx_HAL_Driver/Src/stm32g0xx_hal_spi.c ****         {
 2915              		.loc 1 1138 12 discriminator 1 view .LVU897
 2916 0134 A842     		cmp	r0, r5
 2917 0136 01D3     		bcc	.L192
1138:Drivers/STM32G0xx_HAL_Driver/Src/stm32g0xx_hal_spi.c ****         {
 2918              		.loc 1 1138 56 discriminator 1 view .LVU898
 2919 0138 6B1C     		adds	r3, r5, #1
 2920 013a 15D1     		bne	.L193
 2921              	.L192:
1138:Drivers/STM32G0xx_HAL_Driver/Src/stm32g0xx_hal_spi.c ****         {
 2922              		.loc 1 1138 87 discriminator 3 view .LVU899
 2923 013c 002D     		cmp	r5, #0
 2924 013e 13D0     		beq	.L193
 2925              	.L183:
1126:Drivers/STM32G0xx_HAL_Driver/Src/stm32g0xx_hal_spi.c ****     {
 2926              		.loc 1 1126 30 is_stmt 1 view .LVU900
1126:Drivers/STM32G0xx_HAL_Driver/Src/stm32g0xx_hal_spi.c ****     {
 2927              		.loc 1 1126 16 is_stmt 0 view .LVU901
 2928 0140 4623     		movs	r3, #70
 2929 0142 E35A     		ldrh	r3, [r4, r3]
1126:Drivers/STM32G0xx_HAL_Driver/Src/stm32g0xx_hal_spi.c ****     {
 2930              		.loc 1 1126 30 view .LVU902
 2931 0144 002B     		cmp	r3, #0
 2932 0146 17D0     		beq	.L189
1129:Drivers/STM32G0xx_HAL_Driver/Src/stm32g0xx_hal_spi.c ****       {
 2933              		.loc 1 1129 7 is_stmt 1 view .LVU903
1129:Drivers/STM32G0xx_HAL_Driver/Src/stm32g0xx_hal_spi.c ****       {
 2934              		.loc 1 1129 11 is_stmt 0 view .LVU904
 2935 0148 2268     		ldr	r2, [r4]
 2936 014a 9368     		ldr	r3, [r2, #8]
1129:Drivers/STM32G0xx_HAL_Driver/Src/stm32g0xx_hal_spi.c ****       {
 2937              		.loc 1 1129 10 view .LVU905
 2938 014c DB07     		lsls	r3, r3, #31
 2939 014e EED5     		bpl	.L190
1131:Drivers/STM32G0xx_HAL_Driver/Src/stm32g0xx_hal_spi.c ****         hspi->pRxBuffPtr += sizeof(uint16_t);
 2940              		.loc 1 1131 9 is_stmt 1 view .LVU906
1131:Drivers/STM32G0xx_HAL_Driver/Src/stm32g0xx_hal_spi.c ****         hspi->pRxBuffPtr += sizeof(uint16_t);
 2941              		.loc 1 1131 67 is_stmt 0 view .LVU907
 2942 0150 D268     		ldr	r2, [r2, #12]
ARM GAS  C:\Users\Domagoj\AppData\Local\Temp\ccvehG6g.s 			page 143


1131:Drivers/STM32G0xx_HAL_Driver/Src/stm32g0xx_hal_spi.c ****         hspi->pRxBuffPtr += sizeof(uint16_t);
 2943              		.loc 1 1131 27 view .LVU908
 2944 0152 236C     		ldr	r3, [r4, #64]
1131:Drivers/STM32G0xx_HAL_Driver/Src/stm32g0xx_hal_spi.c ****         hspi->pRxBuffPtr += sizeof(uint16_t);
 2945              		.loc 1 1131 41 view .LVU909
 2946 0154 1A80     		strh	r2, [r3]
1132:Drivers/STM32G0xx_HAL_Driver/Src/stm32g0xx_hal_spi.c ****         hspi->RxXferCount--;
 2947              		.loc 1 1132 9 is_stmt 1 view .LVU910
1132:Drivers/STM32G0xx_HAL_Driver/Src/stm32g0xx_hal_spi.c ****         hspi->RxXferCount--;
 2948              		.loc 1 1132 13 is_stmt 0 view .LVU911
 2949 0156 236C     		ldr	r3, [r4, #64]
1132:Drivers/STM32G0xx_HAL_Driver/Src/stm32g0xx_hal_spi.c ****         hspi->RxXferCount--;
 2950              		.loc 1 1132 26 view .LVU912
 2951 0158 0233     		adds	r3, r3, #2
 2952 015a 2364     		str	r3, [r4, #64]
1133:Drivers/STM32G0xx_HAL_Driver/Src/stm32g0xx_hal_spi.c ****       }
 2953              		.loc 1 1133 9 is_stmt 1 view .LVU913
1133:Drivers/STM32G0xx_HAL_Driver/Src/stm32g0xx_hal_spi.c ****       }
 2954              		.loc 1 1133 13 is_stmt 0 view .LVU914
 2955 015c 4623     		movs	r3, #70
 2956 015e E25A     		ldrh	r2, [r4, r3]
1133:Drivers/STM32G0xx_HAL_Driver/Src/stm32g0xx_hal_spi.c ****       }
 2957              		.loc 1 1133 26 view .LVU915
 2958 0160 013A     		subs	r2, r2, #1
 2959 0162 92B2     		uxth	r2, r2
 2960 0164 E252     		strh	r2, [r4, r3]
 2961 0166 EBE7     		b	.L183
 2962              	.L193:
1140:Drivers/STM32G0xx_HAL_Driver/Src/stm32g0xx_hal_spi.c ****           __HAL_UNLOCK(hspi);
 2963              		.loc 1 1140 11 is_stmt 1 view .LVU916
1140:Drivers/STM32G0xx_HAL_Driver/Src/stm32g0xx_hal_spi.c ****           __HAL_UNLOCK(hspi);
 2964              		.loc 1 1140 23 is_stmt 0 view .LVU917
 2965 0168 5D23     		movs	r3, #93
 2966 016a 0122     		movs	r2, #1
 2967 016c E254     		strb	r2, [r4, r3]
1141:Drivers/STM32G0xx_HAL_Driver/Src/stm32g0xx_hal_spi.c ****           return HAL_TIMEOUT;
 2968              		.loc 1 1141 11 is_stmt 1 view .LVU918
1141:Drivers/STM32G0xx_HAL_Driver/Src/stm32g0xx_hal_spi.c ****           return HAL_TIMEOUT;
 2969              		.loc 1 1141 11 view .LVU919
 2970 016e 013B     		subs	r3, r3, #1
 2971 0170 0022     		movs	r2, #0
 2972 0172 E254     		strb	r2, [r4, r3]
1141:Drivers/STM32G0xx_HAL_Driver/Src/stm32g0xx_hal_spi.c ****           return HAL_TIMEOUT;
 2973              		.loc 1 1141 11 view .LVU920
1142:Drivers/STM32G0xx_HAL_Driver/Src/stm32g0xx_hal_spi.c ****         }
 2974              		.loc 1 1142 11 view .LVU921
1142:Drivers/STM32G0xx_HAL_Driver/Src/stm32g0xx_hal_spi.c ****         }
 2975              		.loc 1 1142 18 is_stmt 0 view .LVU922
 2976 0174 0327     		movs	r7, #3
 2977 0176 14E0     		b	.L176
 2978              	.L189:
1220:Drivers/STM32G0xx_HAL_Driver/Src/stm32g0xx_hal_spi.c ****   {
 2979              		.loc 1 1220 3 is_stmt 1 view .LVU923
1220:Drivers/STM32G0xx_HAL_Driver/Src/stm32g0xx_hal_spi.c ****   {
 2980              		.loc 1 1220 7 is_stmt 0 view .LVU924
 2981 0178 3200     		movs	r2, r6
 2982 017a 2900     		movs	r1, r5
ARM GAS  C:\Users\Domagoj\AppData\Local\Temp\ccvehG6g.s 			page 144


 2983 017c 2000     		movs	r0, r4
 2984 017e FFF7FEFF 		bl	SPI_EndRxTransaction
 2985              	.LVL181:
1220:Drivers/STM32G0xx_HAL_Driver/Src/stm32g0xx_hal_spi.c ****   {
 2986              		.loc 1 1220 6 discriminator 1 view .LVU925
 2987 0182 0028     		cmp	r0, #0
 2988 0184 01D0     		beq	.L195
1222:Drivers/STM32G0xx_HAL_Driver/Src/stm32g0xx_hal_spi.c ****   }
 2989              		.loc 1 1222 5 is_stmt 1 view .LVU926
1222:Drivers/STM32G0xx_HAL_Driver/Src/stm32g0xx_hal_spi.c ****   }
 2990              		.loc 1 1222 21 is_stmt 0 view .LVU927
 2991 0186 2023     		movs	r3, #32
 2992 0188 2366     		str	r3, [r4, #96]
 2993              	.L195:
1234:Drivers/STM32G0xx_HAL_Driver/Src/stm32g0xx_hal_spi.c ****   /* Unlock the process */
 2994              		.loc 1 1234 3 is_stmt 1 view .LVU928
1234:Drivers/STM32G0xx_HAL_Driver/Src/stm32g0xx_hal_spi.c ****   /* Unlock the process */
 2995              		.loc 1 1234 15 is_stmt 0 view .LVU929
 2996 018a 5D23     		movs	r3, #93
 2997 018c 0122     		movs	r2, #1
 2998 018e E254     		strb	r2, [r4, r3]
1236:Drivers/STM32G0xx_HAL_Driver/Src/stm32g0xx_hal_spi.c ****   if (hspi->ErrorCode != HAL_SPI_ERROR_NONE)
 2999              		.loc 1 1236 3 is_stmt 1 view .LVU930
1236:Drivers/STM32G0xx_HAL_Driver/Src/stm32g0xx_hal_spi.c ****   if (hspi->ErrorCode != HAL_SPI_ERROR_NONE)
 3000              		.loc 1 1236 3 view .LVU931
 3001 0190 013B     		subs	r3, r3, #1
 3002 0192 0022     		movs	r2, #0
 3003 0194 E254     		strb	r2, [r4, r3]
1236:Drivers/STM32G0xx_HAL_Driver/Src/stm32g0xx_hal_spi.c ****   if (hspi->ErrorCode != HAL_SPI_ERROR_NONE)
 3004              		.loc 1 1236 3 view .LVU932
1237:Drivers/STM32G0xx_HAL_Driver/Src/stm32g0xx_hal_spi.c ****   {
 3005              		.loc 1 1237 3 view .LVU933
1237:Drivers/STM32G0xx_HAL_Driver/Src/stm32g0xx_hal_spi.c ****   {
 3006              		.loc 1 1237 11 is_stmt 0 view .LVU934
 3007 0196 236E     		ldr	r3, [r4, #96]
1237:Drivers/STM32G0xx_HAL_Driver/Src/stm32g0xx_hal_spi.c ****   {
 3008              		.loc 1 1237 6 view .LVU935
 3009 0198 002B     		cmp	r3, #0
 3010 019a 02D1     		bne	.L176
1243:Drivers/STM32G0xx_HAL_Driver/Src/stm32g0xx_hal_spi.c ****   }
 3011              		.loc 1 1243 12 view .LVU936
 3012 019c 0027     		movs	r7, #0
 3013 019e 00E0     		b	.L176
 3014              	.LVL182:
 3015              	.L196:
1025:Drivers/STM32G0xx_HAL_Driver/Src/stm32g0xx_hal_spi.c ****   }
 3016              		.loc 1 1025 12 view .LVU937
 3017 01a0 0227     		movs	r7, #2
 3018              	.LVL183:
 3019              	.L176:
1245:Drivers/STM32G0xx_HAL_Driver/Src/stm32g0xx_hal_spi.c **** 
 3020              		.loc 1 1245 1 view .LVU938
 3021 01a2 3800     		movs	r0, r7
 3022 01a4 03B0     		add	sp, sp, #12
 3023              		@ sp needed
 3024              	.LVL184:
 3025              	.LVL185:
ARM GAS  C:\Users\Domagoj\AppData\Local\Temp\ccvehG6g.s 			page 145


 3026              	.LVL186:
 3027              	.LVL187:
1245:Drivers/STM32G0xx_HAL_Driver/Src/stm32g0xx_hal_spi.c **** 
 3028              		.loc 1 1245 1 view .LVU939
 3029 01a6 C0BC     		pop	{r6, r7}
 3030 01a8 B946     		mov	r9, r7
 3031 01aa B046     		mov	r8, r6
 3032 01ac F0BD     		pop	{r4, r5, r6, r7, pc}
 3033              	.LVL188:
 3034              	.L197:
1044:Drivers/STM32G0xx_HAL_Driver/Src/stm32g0xx_hal_spi.c **** 
 3035              		.loc 1 1044 3 discriminator 1 view .LVU940
 3036 01ae 0227     		movs	r7, #2
 3037 01b0 F7E7     		b	.L176
 3038              	.L205:
 3039 01b2 C046     		.align	2
 3040              	.L204:
 3041 01b4 FFEFFFFF 		.word	-4097
 3042 01b8 FFBFFFFF 		.word	-16385
 3043              		.cfi_endproc
 3044              	.LFE368:
 3046              		.section	.text.HAL_SPI_Transmit_IT,"ax",%progbits
 3047              		.align	1
 3048              		.global	HAL_SPI_Transmit_IT
 3049              		.syntax unified
 3050              		.code	16
 3051              		.thumb_func
 3053              	HAL_SPI_Transmit_IT:
 3054              	.LVL189:
 3055              	.LFB370:
1580:Drivers/STM32G0xx_HAL_Driver/Src/stm32g0xx_hal_spi.c **** 
 3056              		.loc 1 1580 1 is_stmt 1 view -0
 3057              		.cfi_startproc
 3058              		@ args = 0, pretend = 0, frame = 0
 3059              		@ frame_needed = 0, uses_anonymous_args = 0
1580:Drivers/STM32G0xx_HAL_Driver/Src/stm32g0xx_hal_spi.c **** 
 3060              		.loc 1 1580 1 is_stmt 0 view .LVU942
 3061 0000 10B5     		push	{r4, lr}
 3062              	.LCFI25:
 3063              		.cfi_def_cfa_offset 8
 3064              		.cfi_offset 4, -8
 3065              		.cfi_offset 14, -4
1582:Drivers/STM32G0xx_HAL_Driver/Src/stm32g0xx_hal_spi.c ****   {
 3066              		.loc 1 1582 3 is_stmt 1 view .LVU943
1586:Drivers/STM32G0xx_HAL_Driver/Src/stm32g0xx_hal_spi.c ****   }
 3067              		.loc 1 1586 5 view .LVU944
1590:Drivers/STM32G0xx_HAL_Driver/Src/stm32g0xx_hal_spi.c **** 
 3068              		.loc 1 1590 3 view .LVU945
1593:Drivers/STM32G0xx_HAL_Driver/Src/stm32g0xx_hal_spi.c ****   {
 3069              		.loc 1 1593 3 view .LVU946
1593:Drivers/STM32G0xx_HAL_Driver/Src/stm32g0xx_hal_spi.c ****   {
 3070              		.loc 1 1593 6 is_stmt 0 view .LVU947
 3071 0002 0029     		cmp	r1, #0
 3072 0004 47D0     		beq	.L212
1593:Drivers/STM32G0xx_HAL_Driver/Src/stm32g0xx_hal_spi.c ****   {
 3073              		.loc 1 1593 23 discriminator 1 view .LVU948
 3074 0006 002A     		cmp	r2, #0
ARM GAS  C:\Users\Domagoj\AppData\Local\Temp\ccvehG6g.s 			page 146


 3075 0008 47D0     		beq	.L213
1598:Drivers/STM32G0xx_HAL_Driver/Src/stm32g0xx_hal_spi.c ****   {
 3076              		.loc 1 1598 3 is_stmt 1 view .LVU949
1598:Drivers/STM32G0xx_HAL_Driver/Src/stm32g0xx_hal_spi.c ****   {
 3077              		.loc 1 1598 11 is_stmt 0 view .LVU950
 3078 000a 5D23     		movs	r3, #93
 3079 000c C35C     		ldrb	r3, [r0, r3]
1598:Drivers/STM32G0xx_HAL_Driver/Src/stm32g0xx_hal_spi.c ****   {
 3080              		.loc 1 1598 6 view .LVU951
 3081 000e 012B     		cmp	r3, #1
 3082 0010 45D1     		bne	.L214
1604:Drivers/STM32G0xx_HAL_Driver/Src/stm32g0xx_hal_spi.c **** 
 3083              		.loc 1 1604 3 is_stmt 1 view .LVU952
1604:Drivers/STM32G0xx_HAL_Driver/Src/stm32g0xx_hal_spi.c **** 
 3084              		.loc 1 1604 3 view .LVU953
 3085 0012 5B33     		adds	r3, r3, #91
 3086 0014 C35C     		ldrb	r3, [r0, r3]
 3087 0016 012B     		cmp	r3, #1
 3088 0018 43D0     		beq	.L215
1604:Drivers/STM32G0xx_HAL_Driver/Src/stm32g0xx_hal_spi.c **** 
 3089              		.loc 1 1604 3 discriminator 2 view .LVU954
 3090 001a 5C23     		movs	r3, #92
 3091 001c 0124     		movs	r4, #1
 3092 001e C454     		strb	r4, [r0, r3]
1604:Drivers/STM32G0xx_HAL_Driver/Src/stm32g0xx_hal_spi.c **** 
 3093              		.loc 1 1604 3 view .LVU955
1607:Drivers/STM32G0xx_HAL_Driver/Src/stm32g0xx_hal_spi.c ****   hspi->ErrorCode   = HAL_SPI_ERROR_NONE;
 3094              		.loc 1 1607 3 view .LVU956
1607:Drivers/STM32G0xx_HAL_Driver/Src/stm32g0xx_hal_spi.c ****   hspi->ErrorCode   = HAL_SPI_ERROR_NONE;
 3095              		.loc 1 1607 21 is_stmt 0 view .LVU957
 3096 0020 0133     		adds	r3, r3, #1
 3097 0022 0234     		adds	r4, r4, #2
 3098 0024 C454     		strb	r4, [r0, r3]
1608:Drivers/STM32G0xx_HAL_Driver/Src/stm32g0xx_hal_spi.c ****   hspi->pTxBuffPtr  = (const uint8_t *)pData;
 3099              		.loc 1 1608 3 is_stmt 1 view .LVU958
1608:Drivers/STM32G0xx_HAL_Driver/Src/stm32g0xx_hal_spi.c ****   hspi->pTxBuffPtr  = (const uint8_t *)pData;
 3100              		.loc 1 1608 21 is_stmt 0 view .LVU959
 3101 0026 0023     		movs	r3, #0
 3102 0028 0366     		str	r3, [r0, #96]
1609:Drivers/STM32G0xx_HAL_Driver/Src/stm32g0xx_hal_spi.c ****   hspi->TxXferSize  = Size;
 3103              		.loc 1 1609 3 is_stmt 1 view .LVU960
1609:Drivers/STM32G0xx_HAL_Driver/Src/stm32g0xx_hal_spi.c ****   hspi->TxXferSize  = Size;
 3104              		.loc 1 1609 21 is_stmt 0 view .LVU961
 3105 002a 8163     		str	r1, [r0, #56]
1610:Drivers/STM32G0xx_HAL_Driver/Src/stm32g0xx_hal_spi.c ****   hspi->TxXferCount = Size;
 3106              		.loc 1 1610 3 is_stmt 1 view .LVU962
1610:Drivers/STM32G0xx_HAL_Driver/Src/stm32g0xx_hal_spi.c ****   hspi->TxXferCount = Size;
 3107              		.loc 1 1610 21 is_stmt 0 view .LVU963
 3108 002c 8287     		strh	r2, [r0, #60]
1611:Drivers/STM32G0xx_HAL_Driver/Src/stm32g0xx_hal_spi.c **** 
 3109              		.loc 1 1611 3 is_stmt 1 view .LVU964
1611:Drivers/STM32G0xx_HAL_Driver/Src/stm32g0xx_hal_spi.c **** 
 3110              		.loc 1 1611 21 is_stmt 0 view .LVU965
 3111 002e C287     		strh	r2, [r0, #62]
1614:Drivers/STM32G0xx_HAL_Driver/Src/stm32g0xx_hal_spi.c ****   hspi->RxXferSize  = 0U;
 3112              		.loc 1 1614 3 is_stmt 1 view .LVU966
1614:Drivers/STM32G0xx_HAL_Driver/Src/stm32g0xx_hal_spi.c ****   hspi->RxXferSize  = 0U;
ARM GAS  C:\Users\Domagoj\AppData\Local\Temp\ccvehG6g.s 			page 147


 3113              		.loc 1 1614 21 is_stmt 0 view .LVU967
 3114 0030 0364     		str	r3, [r0, #64]
1615:Drivers/STM32G0xx_HAL_Driver/Src/stm32g0xx_hal_spi.c ****   hspi->RxXferCount = 0U;
 3115              		.loc 1 1615 3 is_stmt 1 view .LVU968
1615:Drivers/STM32G0xx_HAL_Driver/Src/stm32g0xx_hal_spi.c ****   hspi->RxXferCount = 0U;
 3116              		.loc 1 1615 21 is_stmt 0 view .LVU969
 3117 0032 4422     		movs	r2, #68
 3118              	.LVL190:
1615:Drivers/STM32G0xx_HAL_Driver/Src/stm32g0xx_hal_spi.c ****   hspi->RxXferCount = 0U;
 3119              		.loc 1 1615 21 view .LVU970
 3120 0034 8352     		strh	r3, [r0, r2]
 3121              	.LVL191:
1616:Drivers/STM32G0xx_HAL_Driver/Src/stm32g0xx_hal_spi.c ****   hspi->RxISR       = NULL;
 3122              		.loc 1 1616 3 is_stmt 1 view .LVU971
1616:Drivers/STM32G0xx_HAL_Driver/Src/stm32g0xx_hal_spi.c ****   hspi->RxISR       = NULL;
 3123              		.loc 1 1616 21 is_stmt 0 view .LVU972
 3124 0036 0232     		adds	r2, r2, #2
 3125 0038 8352     		strh	r3, [r0, r2]
1617:Drivers/STM32G0xx_HAL_Driver/Src/stm32g0xx_hal_spi.c **** 
 3126              		.loc 1 1617 3 is_stmt 1 view .LVU973
1617:Drivers/STM32G0xx_HAL_Driver/Src/stm32g0xx_hal_spi.c **** 
 3127              		.loc 1 1617 21 is_stmt 0 view .LVU974
 3128 003a C364     		str	r3, [r0, #76]
1620:Drivers/STM32G0xx_HAL_Driver/Src/stm32g0xx_hal_spi.c ****   {
 3129              		.loc 1 1620 3 is_stmt 1 view .LVU975
1620:Drivers/STM32G0xx_HAL_Driver/Src/stm32g0xx_hal_spi.c ****   {
 3130              		.loc 1 1620 17 is_stmt 0 view .LVU976
 3131 003c C268     		ldr	r2, [r0, #12]
1620:Drivers/STM32G0xx_HAL_Driver/Src/stm32g0xx_hal_spi.c ****   {
 3132              		.loc 1 1620 6 view .LVU977
 3133 003e E023     		movs	r3, #224
 3134 0040 DB00     		lsls	r3, r3, #3
 3135 0042 9A42     		cmp	r2, r3
 3136 0044 18D9     		bls	.L208
1622:Drivers/STM32G0xx_HAL_Driver/Src/stm32g0xx_hal_spi.c ****   }
 3137              		.loc 1 1622 5 is_stmt 1 view .LVU978
1622:Drivers/STM32G0xx_HAL_Driver/Src/stm32g0xx_hal_spi.c ****   }
 3138              		.loc 1 1622 17 is_stmt 0 view .LVU979
 3139 0046 184B     		ldr	r3, .L218
 3140 0048 0365     		str	r3, [r0, #80]
 3141              	.L209:
1630:Drivers/STM32G0xx_HAL_Driver/Src/stm32g0xx_hal_spi.c ****   {
 3142              		.loc 1 1630 3 is_stmt 1 view .LVU980
1630:Drivers/STM32G0xx_HAL_Driver/Src/stm32g0xx_hal_spi.c ****   {
 3143              		.loc 1 1630 17 is_stmt 0 view .LVU981
 3144 004a 8268     		ldr	r2, [r0, #8]
1630:Drivers/STM32G0xx_HAL_Driver/Src/stm32g0xx_hal_spi.c ****   {
 3145              		.loc 1 1630 6 view .LVU982
 3146 004c 8023     		movs	r3, #128
 3147 004e 1B02     		lsls	r3, r3, #8
 3148 0050 9A42     		cmp	r2, r3
 3149 0052 14D0     		beq	.L217
 3150              	.LVL192:
 3151              	.L210:
1646:Drivers/STM32G0xx_HAL_Driver/Src/stm32g0xx_hal_spi.c ****   {
 3152              		.loc 1 1646 3 is_stmt 1 view .LVU983
1646:Drivers/STM32G0xx_HAL_Driver/Src/stm32g0xx_hal_spi.c ****   {
ARM GAS  C:\Users\Domagoj\AppData\Local\Temp\ccvehG6g.s 			page 148


 3153              		.loc 1 1646 12 is_stmt 0 view .LVU984
 3154 0054 0268     		ldr	r2, [r0]
1646:Drivers/STM32G0xx_HAL_Driver/Src/stm32g0xx_hal_spi.c ****   {
 3155              		.loc 1 1646 22 view .LVU985
 3156 0056 1368     		ldr	r3, [r2]
1646:Drivers/STM32G0xx_HAL_Driver/Src/stm32g0xx_hal_spi.c ****   {
 3157              		.loc 1 1646 6 view .LVU986
 3158 0058 5B06     		lsls	r3, r3, #25
 3159 005a 03D4     		bmi	.L211
1649:Drivers/STM32G0xx_HAL_Driver/Src/stm32g0xx_hal_spi.c ****   }
 3160              		.loc 1 1649 5 is_stmt 1 view .LVU987
 3161 005c 1368     		ldr	r3, [r2]
 3162 005e 4021     		movs	r1, #64
 3163 0060 0B43     		orrs	r3, r1
 3164 0062 1360     		str	r3, [r2]
 3165              	.L211:
1653:Drivers/STM32G0xx_HAL_Driver/Src/stm32g0xx_hal_spi.c ****   /* Enable TXE and ERR interrupt */
 3166              		.loc 1 1653 3 view .LVU988
1653:Drivers/STM32G0xx_HAL_Driver/Src/stm32g0xx_hal_spi.c ****   /* Enable TXE and ERR interrupt */
 3167              		.loc 1 1653 3 view .LVU989
 3168 0064 5C23     		movs	r3, #92
 3169 0066 0022     		movs	r2, #0
 3170 0068 C254     		strb	r2, [r0, r3]
1653:Drivers/STM32G0xx_HAL_Driver/Src/stm32g0xx_hal_spi.c ****   /* Enable TXE and ERR interrupt */
 3171              		.loc 1 1653 3 view .LVU990
1655:Drivers/STM32G0xx_HAL_Driver/Src/stm32g0xx_hal_spi.c **** 
 3172              		.loc 1 1655 3 view .LVU991
 3173 006a 0268     		ldr	r2, [r0]
 3174 006c 5368     		ldr	r3, [r2, #4]
 3175 006e A021     		movs	r1, #160
 3176 0070 0B43     		orrs	r3, r1
 3177 0072 5360     		str	r3, [r2, #4]
1657:Drivers/STM32G0xx_HAL_Driver/Src/stm32g0xx_hal_spi.c **** }
 3178              		.loc 1 1657 3 view .LVU992
1657:Drivers/STM32G0xx_HAL_Driver/Src/stm32g0xx_hal_spi.c **** }
 3179              		.loc 1 1657 10 is_stmt 0 view .LVU993
 3180 0074 0020     		movs	r0, #0
 3181              	.LVL193:
 3182              	.L207:
1658:Drivers/STM32G0xx_HAL_Driver/Src/stm32g0xx_hal_spi.c **** 
 3183              		.loc 1 1658 1 view .LVU994
 3184              		@ sp needed
 3185 0076 10BD     		pop	{r4, pc}
 3186              	.LVL194:
 3187              	.L208:
1626:Drivers/STM32G0xx_HAL_Driver/Src/stm32g0xx_hal_spi.c ****   }
 3188              		.loc 1 1626 5 is_stmt 1 view .LVU995
1626:Drivers/STM32G0xx_HAL_Driver/Src/stm32g0xx_hal_spi.c ****   }
 3189              		.loc 1 1626 17 is_stmt 0 view .LVU996
 3190 0078 0C4B     		ldr	r3, .L218+4
 3191 007a 0365     		str	r3, [r0, #80]
 3192 007c E5E7     		b	.L209
 3193              	.L217:
1633:Drivers/STM32G0xx_HAL_Driver/Src/stm32g0xx_hal_spi.c ****     SPI_1LINE_TX(hspi);
 3194              		.loc 1 1633 5 is_stmt 1 view .LVU997
 3195 007e 0268     		ldr	r2, [r0]
 3196 0080 1368     		ldr	r3, [r2]
ARM GAS  C:\Users\Domagoj\AppData\Local\Temp\ccvehG6g.s 			page 149


 3197 0082 4021     		movs	r1, #64
 3198              	.LVL195:
1633:Drivers/STM32G0xx_HAL_Driver/Src/stm32g0xx_hal_spi.c ****     SPI_1LINE_TX(hspi);
 3199              		.loc 1 1633 5 is_stmt 0 view .LVU998
 3200 0084 8B43     		bics	r3, r1
 3201 0086 1360     		str	r3, [r2]
1634:Drivers/STM32G0xx_HAL_Driver/Src/stm32g0xx_hal_spi.c ****   }
 3202              		.loc 1 1634 5 is_stmt 1 view .LVU999
 3203 0088 0268     		ldr	r2, [r0]
 3204 008a 1168     		ldr	r1, [r2]
 3205 008c 8023     		movs	r3, #128
 3206 008e DB01     		lsls	r3, r3, #7
 3207 0090 0B43     		orrs	r3, r1
 3208 0092 1360     		str	r3, [r2]
 3209 0094 DEE7     		b	.L210
 3210              	.LVL196:
 3211              	.L212:
1595:Drivers/STM32G0xx_HAL_Driver/Src/stm32g0xx_hal_spi.c ****   }
 3212              		.loc 1 1595 12 is_stmt 0 view .LVU1000
 3213 0096 0120     		movs	r0, #1
 3214              	.LVL197:
1595:Drivers/STM32G0xx_HAL_Driver/Src/stm32g0xx_hal_spi.c ****   }
 3215              		.loc 1 1595 12 view .LVU1001
 3216 0098 EDE7     		b	.L207
 3217              	.LVL198:
 3218              	.L213:
1595:Drivers/STM32G0xx_HAL_Driver/Src/stm32g0xx_hal_spi.c ****   }
 3219              		.loc 1 1595 12 view .LVU1002
 3220 009a 0120     		movs	r0, #1
 3221              	.LVL199:
1595:Drivers/STM32G0xx_HAL_Driver/Src/stm32g0xx_hal_spi.c ****   }
 3222              		.loc 1 1595 12 view .LVU1003
 3223 009c EBE7     		b	.L207
 3224              	.LVL200:
 3225              	.L214:
1600:Drivers/STM32G0xx_HAL_Driver/Src/stm32g0xx_hal_spi.c ****   }
 3226              		.loc 1 1600 12 view .LVU1004
 3227 009e 0220     		movs	r0, #2
 3228              	.LVL201:
1600:Drivers/STM32G0xx_HAL_Driver/Src/stm32g0xx_hal_spi.c ****   }
 3229              		.loc 1 1600 12 view .LVU1005
 3230 00a0 E9E7     		b	.L207
 3231              	.LVL202:
 3232              	.L215:
1604:Drivers/STM32G0xx_HAL_Driver/Src/stm32g0xx_hal_spi.c **** 
 3233              		.loc 1 1604 3 discriminator 1 view .LVU1006
 3234 00a2 0220     		movs	r0, #2
 3235              	.LVL203:
1604:Drivers/STM32G0xx_HAL_Driver/Src/stm32g0xx_hal_spi.c **** 
 3236              		.loc 1 1604 3 discriminator 1 view .LVU1007
 3237 00a4 E7E7     		b	.L207
 3238              	.L219:
 3239 00a6 C046     		.align	2
 3240              	.L218:
 3241 00a8 00000000 		.word	SPI_TxISR_16BIT
 3242 00ac 00000000 		.word	SPI_TxISR_8BIT
 3243              		.cfi_endproc
ARM GAS  C:\Users\Domagoj\AppData\Local\Temp\ccvehG6g.s 			page 150


 3244              	.LFE370:
 3246              		.section	.text.HAL_SPI_TransmitReceive_IT,"ax",%progbits
 3247              		.align	1
 3248              		.global	HAL_SPI_TransmitReceive_IT
 3249              		.syntax unified
 3250              		.code	16
 3251              		.thumb_func
 3253              	HAL_SPI_TransmitReceive_IT:
 3254              	.LVL204:
 3255              	.LFB372:
1781:Drivers/STM32G0xx_HAL_Driver/Src/stm32g0xx_hal_spi.c ****   uint32_t             tmp_mode;
 3256              		.loc 1 1781 1 is_stmt 1 view -0
 3257              		.cfi_startproc
 3258              		@ args = 0, pretend = 0, frame = 0
 3259              		@ frame_needed = 0, uses_anonymous_args = 0
1781:Drivers/STM32G0xx_HAL_Driver/Src/stm32g0xx_hal_spi.c ****   uint32_t             tmp_mode;
 3260              		.loc 1 1781 1 is_stmt 0 view .LVU1009
 3261 0000 70B5     		push	{r4, r5, r6, lr}
 3262              	.LCFI26:
 3263              		.cfi_def_cfa_offset 16
 3264              		.cfi_offset 4, -16
 3265              		.cfi_offset 5, -12
 3266              		.cfi_offset 6, -8
 3267              		.cfi_offset 14, -4
1782:Drivers/STM32G0xx_HAL_Driver/Src/stm32g0xx_hal_spi.c ****   HAL_SPI_StateTypeDef tmp_state;
 3268              		.loc 1 1782 3 is_stmt 1 view .LVU1010
1783:Drivers/STM32G0xx_HAL_Driver/Src/stm32g0xx_hal_spi.c **** 
 3269              		.loc 1 1783 3 view .LVU1011
1785:Drivers/STM32G0xx_HAL_Driver/Src/stm32g0xx_hal_spi.c ****   {
 3270              		.loc 1 1785 3 view .LVU1012
1789:Drivers/STM32G0xx_HAL_Driver/Src/stm32g0xx_hal_spi.c ****     assert_param(IS_SPI_16BIT_ALIGNED_ADDRESS(pRxData));
 3271              		.loc 1 1789 5 view .LVU1013
1790:Drivers/STM32G0xx_HAL_Driver/Src/stm32g0xx_hal_spi.c ****   }
 3272              		.loc 1 1790 5 view .LVU1014
1794:Drivers/STM32G0xx_HAL_Driver/Src/stm32g0xx_hal_spi.c **** 
 3273              		.loc 1 1794 3 view .LVU1015
1797:Drivers/STM32G0xx_HAL_Driver/Src/stm32g0xx_hal_spi.c ****   tmp_mode            = hspi->Init.Mode;
 3274              		.loc 1 1797 3 view .LVU1016
1797:Drivers/STM32G0xx_HAL_Driver/Src/stm32g0xx_hal_spi.c ****   tmp_mode            = hspi->Init.Mode;
 3275              		.loc 1 1797 23 is_stmt 0 view .LVU1017
 3276 0002 5D24     		movs	r4, #93
 3277 0004 045D     		ldrb	r4, [r0, r4]
 3278 0006 E6B2     		uxtb	r6, r4
 3279              	.LVL205:
1798:Drivers/STM32G0xx_HAL_Driver/Src/stm32g0xx_hal_spi.c **** 
 3280              		.loc 1 1798 3 is_stmt 1 view .LVU1018
1798:Drivers/STM32G0xx_HAL_Driver/Src/stm32g0xx_hal_spi.c **** 
 3281              		.loc 1 1798 23 is_stmt 0 view .LVU1019
 3282 0008 4568     		ldr	r5, [r0, #4]
 3283              	.LVL206:
1800:Drivers/STM32G0xx_HAL_Driver/Src/stm32g0xx_hal_spi.c ****         ((tmp_mode == SPI_MODE_MASTER) && (hspi->Init.Direction == SPI_DIRECTION_2LINES) &&
 3284              		.loc 1 1800 3 is_stmt 1 view .LVU1020
1800:Drivers/STM32G0xx_HAL_Driver/Src/stm32g0xx_hal_spi.c ****         ((tmp_mode == SPI_MODE_MASTER) && (hspi->Init.Direction == SPI_DIRECTION_2LINES) &&
 3285              		.loc 1 1800 6 is_stmt 0 view .LVU1021
 3286 000a 012C     		cmp	r4, #1
 3287 000c 08D0     		beq	.L221
1800:Drivers/STM32G0xx_HAL_Driver/Src/stm32g0xx_hal_spi.c ****         ((tmp_mode == SPI_MODE_MASTER) && (hspi->Init.Direction == SPI_DIRECTION_2LINES) &&
ARM GAS  C:\Users\Domagoj\AppData\Local\Temp\ccvehG6g.s 			page 151


 3288              		.loc 1 1800 7 discriminator 1 view .LVU1022
 3289 000e 8224     		movs	r4, #130
 3290 0010 6400     		lsls	r4, r4, #1
 3291 0012 A542     		cmp	r5, r4
 3292 0014 54D1     		bne	.L230
1801:Drivers/STM32G0xx_HAL_Driver/Src/stm32g0xx_hal_spi.c ****          (tmp_state == HAL_SPI_STATE_BUSY_RX))))
 3293              		.loc 1 1801 54 view .LVU1023
 3294 0016 8468     		ldr	r4, [r0, #8]
1801:Drivers/STM32G0xx_HAL_Driver/Src/stm32g0xx_hal_spi.c ****          (tmp_state == HAL_SPI_STATE_BUSY_RX))))
 3295              		.loc 1 1801 40 view .LVU1024
 3296 0018 002C     		cmp	r4, #0
 3297 001a 53D1     		bne	.L231
1801:Drivers/STM32G0xx_HAL_Driver/Src/stm32g0xx_hal_spi.c ****          (tmp_state == HAL_SPI_STATE_BUSY_RX))))
 3298              		.loc 1 1801 90 discriminator 1 view .LVU1025
 3299 001c 042E     		cmp	r6, #4
 3300 001e 53D1     		bne	.L232
 3301              	.L221:
1807:Drivers/STM32G0xx_HAL_Driver/Src/stm32g0xx_hal_spi.c ****   {
 3302              		.loc 1 1807 3 is_stmt 1 view .LVU1026
1807:Drivers/STM32G0xx_HAL_Driver/Src/stm32g0xx_hal_spi.c ****   {
 3303              		.loc 1 1807 6 is_stmt 0 view .LVU1027
 3304 0020 0029     		cmp	r1, #0
 3305 0022 53D0     		beq	.L233
1807:Drivers/STM32G0xx_HAL_Driver/Src/stm32g0xx_hal_spi.c ****   {
 3306              		.loc 1 1807 25 discriminator 1 view .LVU1028
 3307 0024 002A     		cmp	r2, #0
 3308 0026 53D0     		beq	.L234
1807:Drivers/STM32G0xx_HAL_Driver/Src/stm32g0xx_hal_spi.c ****   {
 3309              		.loc 1 1807 46 discriminator 2 view .LVU1029
 3310 0028 002B     		cmp	r3, #0
 3311 002a 53D0     		beq	.L235
1813:Drivers/STM32G0xx_HAL_Driver/Src/stm32g0xx_hal_spi.c **** 
 3312              		.loc 1 1813 3 is_stmt 1 view .LVU1030
1813:Drivers/STM32G0xx_HAL_Driver/Src/stm32g0xx_hal_spi.c **** 
 3313              		.loc 1 1813 3 view .LVU1031
 3314 002c 5C24     		movs	r4, #92
 3315 002e 045D     		ldrb	r4, [r0, r4]
 3316 0030 012C     		cmp	r4, #1
 3317 0032 51D0     		beq	.L236
1813:Drivers/STM32G0xx_HAL_Driver/Src/stm32g0xx_hal_spi.c **** 
 3318              		.loc 1 1813 3 discriminator 2 view .LVU1032
 3319 0034 5C24     		movs	r4, #92
 3320 0036 0125     		movs	r5, #1
 3321              	.LVL207:
1813:Drivers/STM32G0xx_HAL_Driver/Src/stm32g0xx_hal_spi.c **** 
 3322              		.loc 1 1813 3 is_stmt 0 discriminator 2 view .LVU1033
 3323 0038 0555     		strb	r5, [r0, r4]
 3324              	.LVL208:
1813:Drivers/STM32G0xx_HAL_Driver/Src/stm32g0xx_hal_spi.c **** 
 3325              		.loc 1 1813 3 is_stmt 1 view .LVU1034
1816:Drivers/STM32G0xx_HAL_Driver/Src/stm32g0xx_hal_spi.c ****   {
 3326              		.loc 1 1816 3 view .LVU1035
1816:Drivers/STM32G0xx_HAL_Driver/Src/stm32g0xx_hal_spi.c ****   {
 3327              		.loc 1 1816 11 is_stmt 0 view .LVU1036
 3328 003a 0134     		adds	r4, r4, #1
 3329 003c 045D     		ldrb	r4, [r0, r4]
1816:Drivers/STM32G0xx_HAL_Driver/Src/stm32g0xx_hal_spi.c ****   {
ARM GAS  C:\Users\Domagoj\AppData\Local\Temp\ccvehG6g.s 			page 152


 3330              		.loc 1 1816 6 view .LVU1037
 3331 003e 042C     		cmp	r4, #4
 3332 0040 02D0     		beq	.L223
1818:Drivers/STM32G0xx_HAL_Driver/Src/stm32g0xx_hal_spi.c ****   }
 3333              		.loc 1 1818 5 is_stmt 1 view .LVU1038
1818:Drivers/STM32G0xx_HAL_Driver/Src/stm32g0xx_hal_spi.c ****   }
 3334              		.loc 1 1818 17 is_stmt 0 view .LVU1039
 3335 0042 5D24     		movs	r4, #93
 3336 0044 0435     		adds	r5, r5, #4
 3337 0046 0555     		strb	r5, [r0, r4]
 3338              	.L223:
1822:Drivers/STM32G0xx_HAL_Driver/Src/stm32g0xx_hal_spi.c ****   hspi->pTxBuffPtr  = (const uint8_t *)pTxData;
 3339              		.loc 1 1822 3 is_stmt 1 view .LVU1040
1822:Drivers/STM32G0xx_HAL_Driver/Src/stm32g0xx_hal_spi.c ****   hspi->pTxBuffPtr  = (const uint8_t *)pTxData;
 3340              		.loc 1 1822 21 is_stmt 0 view .LVU1041
 3341 0048 0024     		movs	r4, #0
 3342 004a 0466     		str	r4, [r0, #96]
1823:Drivers/STM32G0xx_HAL_Driver/Src/stm32g0xx_hal_spi.c ****   hspi->TxXferSize  = Size;
 3343              		.loc 1 1823 3 is_stmt 1 view .LVU1042
1823:Drivers/STM32G0xx_HAL_Driver/Src/stm32g0xx_hal_spi.c ****   hspi->TxXferSize  = Size;
 3344              		.loc 1 1823 21 is_stmt 0 view .LVU1043
 3345 004c 8163     		str	r1, [r0, #56]
1824:Drivers/STM32G0xx_HAL_Driver/Src/stm32g0xx_hal_spi.c ****   hspi->TxXferCount = Size;
 3346              		.loc 1 1824 3 is_stmt 1 view .LVU1044
1824:Drivers/STM32G0xx_HAL_Driver/Src/stm32g0xx_hal_spi.c ****   hspi->TxXferCount = Size;
 3347              		.loc 1 1824 21 is_stmt 0 view .LVU1045
 3348 004e 8387     		strh	r3, [r0, #60]
1825:Drivers/STM32G0xx_HAL_Driver/Src/stm32g0xx_hal_spi.c ****   hspi->pRxBuffPtr  = (uint8_t *)pRxData;
 3349              		.loc 1 1825 3 is_stmt 1 view .LVU1046
1825:Drivers/STM32G0xx_HAL_Driver/Src/stm32g0xx_hal_spi.c ****   hspi->pRxBuffPtr  = (uint8_t *)pRxData;
 3350              		.loc 1 1825 21 is_stmt 0 view .LVU1047
 3351 0050 C387     		strh	r3, [r0, #62]
1826:Drivers/STM32G0xx_HAL_Driver/Src/stm32g0xx_hal_spi.c ****   hspi->RxXferSize  = Size;
 3352              		.loc 1 1826 3 is_stmt 1 view .LVU1048
1826:Drivers/STM32G0xx_HAL_Driver/Src/stm32g0xx_hal_spi.c ****   hspi->RxXferSize  = Size;
 3353              		.loc 1 1826 21 is_stmt 0 view .LVU1049
 3354 0052 0264     		str	r2, [r0, #64]
1827:Drivers/STM32G0xx_HAL_Driver/Src/stm32g0xx_hal_spi.c ****   hspi->RxXferCount = Size;
 3355              		.loc 1 1827 3 is_stmt 1 view .LVU1050
1827:Drivers/STM32G0xx_HAL_Driver/Src/stm32g0xx_hal_spi.c ****   hspi->RxXferCount = Size;
 3356              		.loc 1 1827 21 is_stmt 0 view .LVU1051
 3357 0054 4422     		movs	r2, #68
 3358              	.LVL209:
1827:Drivers/STM32G0xx_HAL_Driver/Src/stm32g0xx_hal_spi.c ****   hspi->RxXferCount = Size;
 3359              		.loc 1 1827 21 view .LVU1052
 3360 0056 8352     		strh	r3, [r0, r2]
 3361              	.LVL210:
1828:Drivers/STM32G0xx_HAL_Driver/Src/stm32g0xx_hal_spi.c **** 
 3362              		.loc 1 1828 3 is_stmt 1 view .LVU1053
1828:Drivers/STM32G0xx_HAL_Driver/Src/stm32g0xx_hal_spi.c **** 
 3363              		.loc 1 1828 21 is_stmt 0 view .LVU1054
 3364 0058 0232     		adds	r2, r2, #2
 3365 005a 8352     		strh	r3, [r0, r2]
1831:Drivers/STM32G0xx_HAL_Driver/Src/stm32g0xx_hal_spi.c ****   {
 3366              		.loc 1 1831 3 is_stmt 1 view .LVU1055
1831:Drivers/STM32G0xx_HAL_Driver/Src/stm32g0xx_hal_spi.c ****   {
 3367              		.loc 1 1831 17 is_stmt 0 view .LVU1056
ARM GAS  C:\Users\Domagoj\AppData\Local\Temp\ccvehG6g.s 			page 153


 3368 005c C268     		ldr	r2, [r0, #12]
1831:Drivers/STM32G0xx_HAL_Driver/Src/stm32g0xx_hal_spi.c ****   {
 3369              		.loc 1 1831 6 view .LVU1057
 3370 005e E021     		movs	r1, #224
 3371              	.LVL211:
1831:Drivers/STM32G0xx_HAL_Driver/Src/stm32g0xx_hal_spi.c ****   {
 3372              		.loc 1 1831 6 view .LVU1058
 3373 0060 C900     		lsls	r1, r1, #3
 3374 0062 8A42     		cmp	r2, r1
 3375 0064 20D9     		bls	.L224
1833:Drivers/STM32G0xx_HAL_Driver/Src/stm32g0xx_hal_spi.c ****     hspi->TxISR     = SPI_2linesTxISR_16BIT;
 3376              		.loc 1 1833 5 is_stmt 1 view .LVU1059
1833:Drivers/STM32G0xx_HAL_Driver/Src/stm32g0xx_hal_spi.c ****     hspi->TxISR     = SPI_2linesTxISR_16BIT;
 3377              		.loc 1 1833 21 is_stmt 0 view .LVU1060
 3378 0066 1D49     		ldr	r1, .L238
 3379 0068 C164     		str	r1, [r0, #76]
1834:Drivers/STM32G0xx_HAL_Driver/Src/stm32g0xx_hal_spi.c ****   }
 3380              		.loc 1 1834 5 is_stmt 1 view .LVU1061
1834:Drivers/STM32G0xx_HAL_Driver/Src/stm32g0xx_hal_spi.c ****   }
 3381              		.loc 1 1834 21 is_stmt 0 view .LVU1062
 3382 006a 1D49     		ldr	r1, .L238+4
 3383 006c 0165     		str	r1, [r0, #80]
 3384              	.L225:
1860:Drivers/STM32G0xx_HAL_Driver/Src/stm32g0xx_hal_spi.c ****   {
 3385              		.loc 1 1860 3 is_stmt 1 view .LVU1063
1860:Drivers/STM32G0xx_HAL_Driver/Src/stm32g0xx_hal_spi.c ****   {
 3386              		.loc 1 1860 6 is_stmt 0 view .LVU1064
 3387 006e E021     		movs	r1, #224
 3388 0070 C900     		lsls	r1, r1, #3
 3389 0072 8A42     		cmp	r2, r1
 3390 0074 01D8     		bhi	.L226
1860:Drivers/STM32G0xx_HAL_Driver/Src/stm32g0xx_hal_spi.c ****   {
 3391              		.loc 1 1860 49 discriminator 1 view .LVU1065
 3392 0076 012B     		cmp	r3, #1
 3393 0078 1BD9     		bls	.L227
 3394              	.L226:
1863:Drivers/STM32G0xx_HAL_Driver/Src/stm32g0xx_hal_spi.c ****   }
 3395              		.loc 1 1863 5 is_stmt 1 view .LVU1066
 3396 007a 0268     		ldr	r2, [r0]
 3397 007c 5368     		ldr	r3, [r2, #4]
 3398              	.LVL212:
1863:Drivers/STM32G0xx_HAL_Driver/Src/stm32g0xx_hal_spi.c ****   }
 3399              		.loc 1 1863 5 is_stmt 0 view .LVU1067
 3400 007e 1949     		ldr	r1, .L238+8
 3401 0080 0B40     		ands	r3, r1
 3402 0082 5360     		str	r3, [r2, #4]
 3403              	.L228:
1873:Drivers/STM32G0xx_HAL_Driver/Src/stm32g0xx_hal_spi.c ****   {
 3404              		.loc 1 1873 3 is_stmt 1 view .LVU1068
1873:Drivers/STM32G0xx_HAL_Driver/Src/stm32g0xx_hal_spi.c ****   {
 3405              		.loc 1 1873 12 is_stmt 0 view .LVU1069
 3406 0084 0368     		ldr	r3, [r0]
1873:Drivers/STM32G0xx_HAL_Driver/Src/stm32g0xx_hal_spi.c ****   {
 3407              		.loc 1 1873 22 view .LVU1070
 3408 0086 1A68     		ldr	r2, [r3]
1873:Drivers/STM32G0xx_HAL_Driver/Src/stm32g0xx_hal_spi.c ****   {
 3409              		.loc 1 1873 6 view .LVU1071
ARM GAS  C:\Users\Domagoj\AppData\Local\Temp\ccvehG6g.s 			page 154


 3410 0088 5206     		lsls	r2, r2, #25
 3411 008a 03D4     		bmi	.L229
1876:Drivers/STM32G0xx_HAL_Driver/Src/stm32g0xx_hal_spi.c ****   }
 3412              		.loc 1 1876 5 is_stmt 1 view .LVU1072
 3413 008c 1A68     		ldr	r2, [r3]
 3414 008e 4021     		movs	r1, #64
 3415 0090 0A43     		orrs	r2, r1
 3416 0092 1A60     		str	r2, [r3]
 3417              	.L229:
1880:Drivers/STM32G0xx_HAL_Driver/Src/stm32g0xx_hal_spi.c ****   /* Enable TXE, RXNE and ERR interrupt */
 3418              		.loc 1 1880 3 view .LVU1073
1880:Drivers/STM32G0xx_HAL_Driver/Src/stm32g0xx_hal_spi.c ****   /* Enable TXE, RXNE and ERR interrupt */
 3419              		.loc 1 1880 3 view .LVU1074
 3420 0094 5C23     		movs	r3, #92
 3421 0096 0022     		movs	r2, #0
 3422 0098 C254     		strb	r2, [r0, r3]
1880:Drivers/STM32G0xx_HAL_Driver/Src/stm32g0xx_hal_spi.c ****   /* Enable TXE, RXNE and ERR interrupt */
 3423              		.loc 1 1880 3 view .LVU1075
1882:Drivers/STM32G0xx_HAL_Driver/Src/stm32g0xx_hal_spi.c **** 
 3424              		.loc 1 1882 3 view .LVU1076
 3425 009a 0268     		ldr	r2, [r0]
 3426 009c 5368     		ldr	r3, [r2, #4]
 3427 009e E021     		movs	r1, #224
 3428 00a0 0B43     		orrs	r3, r1
 3429 00a2 5360     		str	r3, [r2, #4]
1884:Drivers/STM32G0xx_HAL_Driver/Src/stm32g0xx_hal_spi.c **** }
 3430              		.loc 1 1884 3 view .LVU1077
1884:Drivers/STM32G0xx_HAL_Driver/Src/stm32g0xx_hal_spi.c **** }
 3431              		.loc 1 1884 10 is_stmt 0 view .LVU1078
 3432 00a4 0020     		movs	r0, #0
 3433              	.LVL213:
1884:Drivers/STM32G0xx_HAL_Driver/Src/stm32g0xx_hal_spi.c **** }
 3434              		.loc 1 1884 10 view .LVU1079
 3435 00a6 0CE0     		b	.L222
 3436              	.LVL214:
 3437              	.L224:
1838:Drivers/STM32G0xx_HAL_Driver/Src/stm32g0xx_hal_spi.c ****     hspi->TxISR     = SPI_2linesTxISR_8BIT;
 3438              		.loc 1 1838 5 is_stmt 1 view .LVU1080
1838:Drivers/STM32G0xx_HAL_Driver/Src/stm32g0xx_hal_spi.c ****     hspi->TxISR     = SPI_2linesTxISR_8BIT;
 3439              		.loc 1 1838 21 is_stmt 0 view .LVU1081
 3440 00a8 0F49     		ldr	r1, .L238+12
 3441 00aa C164     		str	r1, [r0, #76]
1839:Drivers/STM32G0xx_HAL_Driver/Src/stm32g0xx_hal_spi.c ****   }
 3442              		.loc 1 1839 5 is_stmt 1 view .LVU1082
1839:Drivers/STM32G0xx_HAL_Driver/Src/stm32g0xx_hal_spi.c ****   }
 3443              		.loc 1 1839 21 is_stmt 0 view .LVU1083
 3444 00ac 0F49     		ldr	r1, .L238+16
 3445 00ae 0165     		str	r1, [r0, #80]
 3446 00b0 DDE7     		b	.L225
 3447              	.L227:
1868:Drivers/STM32G0xx_HAL_Driver/Src/stm32g0xx_hal_spi.c ****   }
 3448              		.loc 1 1868 5 is_stmt 1 view .LVU1084
 3449 00b2 0268     		ldr	r2, [r0]
 3450 00b4 5168     		ldr	r1, [r2, #4]
 3451 00b6 8023     		movs	r3, #128
 3452              	.LVL215:
1868:Drivers/STM32G0xx_HAL_Driver/Src/stm32g0xx_hal_spi.c ****   }
ARM GAS  C:\Users\Domagoj\AppData\Local\Temp\ccvehG6g.s 			page 155


 3453              		.loc 1 1868 5 is_stmt 0 view .LVU1085
 3454 00b8 5B01     		lsls	r3, r3, #5
 3455 00ba 0B43     		orrs	r3, r1
 3456 00bc 5360     		str	r3, [r2, #4]
 3457 00be E1E7     		b	.L228
 3458              	.LVL216:
 3459              	.L230:
1804:Drivers/STM32G0xx_HAL_Driver/Src/stm32g0xx_hal_spi.c ****   }
 3460              		.loc 1 1804 12 view .LVU1086
 3461 00c0 0220     		movs	r0, #2
 3462              	.LVL217:
 3463              	.L222:
1885:Drivers/STM32G0xx_HAL_Driver/Src/stm32g0xx_hal_spi.c **** 
 3464              		.loc 1 1885 1 view .LVU1087
 3465              		@ sp needed
 3466              	.LVL218:
1885:Drivers/STM32G0xx_HAL_Driver/Src/stm32g0xx_hal_spi.c **** 
 3467              		.loc 1 1885 1 view .LVU1088
 3468 00c2 70BD     		pop	{r4, r5, r6, pc}
 3469              	.LVL219:
 3470              	.L231:
1804:Drivers/STM32G0xx_HAL_Driver/Src/stm32g0xx_hal_spi.c ****   }
 3471              		.loc 1 1804 12 view .LVU1089
 3472 00c4 0220     		movs	r0, #2
 3473              	.LVL220:
1804:Drivers/STM32G0xx_HAL_Driver/Src/stm32g0xx_hal_spi.c ****   }
 3474              		.loc 1 1804 12 view .LVU1090
 3475 00c6 FCE7     		b	.L222
 3476              	.LVL221:
 3477              	.L232:
1804:Drivers/STM32G0xx_HAL_Driver/Src/stm32g0xx_hal_spi.c ****   }
 3478              		.loc 1 1804 12 view .LVU1091
 3479 00c8 0220     		movs	r0, #2
 3480              	.LVL222:
1804:Drivers/STM32G0xx_HAL_Driver/Src/stm32g0xx_hal_spi.c ****   }
 3481              		.loc 1 1804 12 view .LVU1092
 3482 00ca FAE7     		b	.L222
 3483              	.LVL223:
 3484              	.L233:
1809:Drivers/STM32G0xx_HAL_Driver/Src/stm32g0xx_hal_spi.c ****   }
 3485              		.loc 1 1809 12 view .LVU1093
 3486 00cc 0120     		movs	r0, #1
 3487              	.LVL224:
1809:Drivers/STM32G0xx_HAL_Driver/Src/stm32g0xx_hal_spi.c ****   }
 3488              		.loc 1 1809 12 view .LVU1094
 3489 00ce F8E7     		b	.L222
 3490              	.LVL225:
 3491              	.L234:
1809:Drivers/STM32G0xx_HAL_Driver/Src/stm32g0xx_hal_spi.c ****   }
 3492              		.loc 1 1809 12 view .LVU1095
 3493 00d0 0120     		movs	r0, #1
 3494              	.LVL226:
1809:Drivers/STM32G0xx_HAL_Driver/Src/stm32g0xx_hal_spi.c ****   }
 3495              		.loc 1 1809 12 view .LVU1096
 3496 00d2 F6E7     		b	.L222
 3497              	.LVL227:
 3498              	.L235:
ARM GAS  C:\Users\Domagoj\AppData\Local\Temp\ccvehG6g.s 			page 156


1809:Drivers/STM32G0xx_HAL_Driver/Src/stm32g0xx_hal_spi.c ****   }
 3499              		.loc 1 1809 12 view .LVU1097
 3500 00d4 0120     		movs	r0, #1
 3501              	.LVL228:
1809:Drivers/STM32G0xx_HAL_Driver/Src/stm32g0xx_hal_spi.c ****   }
 3502              		.loc 1 1809 12 view .LVU1098
 3503 00d6 F4E7     		b	.L222
 3504              	.LVL229:
 3505              	.L236:
1813:Drivers/STM32G0xx_HAL_Driver/Src/stm32g0xx_hal_spi.c **** 
 3506              		.loc 1 1813 3 discriminator 1 view .LVU1099
 3507 00d8 0220     		movs	r0, #2
 3508              	.LVL230:
1813:Drivers/STM32G0xx_HAL_Driver/Src/stm32g0xx_hal_spi.c **** 
 3509              		.loc 1 1813 3 discriminator 1 view .LVU1100
 3510 00da F2E7     		b	.L222
 3511              	.L239:
 3512              		.align	2
 3513              	.L238:
 3514 00dc 00000000 		.word	SPI_2linesRxISR_16BIT
 3515 00e0 00000000 		.word	SPI_2linesTxISR_16BIT
 3516 00e4 FFEFFFFF 		.word	-4097
 3517 00e8 00000000 		.word	SPI_2linesRxISR_8BIT
 3518 00ec 00000000 		.word	SPI_2linesTxISR_8BIT
 3519              		.cfi_endproc
 3520              	.LFE372:
 3522              		.section	.text.HAL_SPI_Receive_IT,"ax",%progbits
 3523              		.align	1
 3524              		.global	HAL_SPI_Receive_IT
 3525              		.syntax unified
 3526              		.code	16
 3527              		.thumb_func
 3529              	HAL_SPI_Receive_IT:
 3530              	.LVL231:
 3531              	.LFB371:
1669:Drivers/STM32G0xx_HAL_Driver/Src/stm32g0xx_hal_spi.c ****   if (hspi->Init.DataSize > SPI_DATASIZE_8BIT)
 3532              		.loc 1 1669 1 is_stmt 1 view -0
 3533              		.cfi_startproc
 3534              		@ args = 0, pretend = 0, frame = 0
 3535              		@ frame_needed = 0, uses_anonymous_args = 0
1669:Drivers/STM32G0xx_HAL_Driver/Src/stm32g0xx_hal_spi.c ****   if (hspi->Init.DataSize > SPI_DATASIZE_8BIT)
 3536              		.loc 1 1669 1 is_stmt 0 view .LVU1102
 3537 0000 10B5     		push	{r4, lr}
 3538              	.LCFI27:
 3539              		.cfi_def_cfa_offset 8
 3540              		.cfi_offset 4, -8
 3541              		.cfi_offset 14, -4
 3542 0002 0400     		movs	r4, r0
1670:Drivers/STM32G0xx_HAL_Driver/Src/stm32g0xx_hal_spi.c ****   {
 3543              		.loc 1 1670 3 is_stmt 1 view .LVU1103
1674:Drivers/STM32G0xx_HAL_Driver/Src/stm32g0xx_hal_spi.c ****   }
 3544              		.loc 1 1674 5 view .LVU1104
1678:Drivers/STM32G0xx_HAL_Driver/Src/stm32g0xx_hal_spi.c ****   {
 3545              		.loc 1 1678 3 view .LVU1105
1678:Drivers/STM32G0xx_HAL_Driver/Src/stm32g0xx_hal_spi.c ****   {
 3546              		.loc 1 1678 11 is_stmt 0 view .LVU1106
 3547 0004 5D23     		movs	r3, #93
ARM GAS  C:\Users\Domagoj\AppData\Local\Temp\ccvehG6g.s 			page 157


 3548 0006 C35C     		ldrb	r3, [r0, r3]
 3549 0008 D8B2     		uxtb	r0, r3
 3550              	.LVL232:
1678:Drivers/STM32G0xx_HAL_Driver/Src/stm32g0xx_hal_spi.c ****   {
 3551              		.loc 1 1678 6 view .LVU1107
 3552 000a 012B     		cmp	r3, #1
 3553 000c 60D1     		bne	.L247
1683:Drivers/STM32G0xx_HAL_Driver/Src/stm32g0xx_hal_spi.c ****   {
 3554              		.loc 1 1683 3 is_stmt 1 view .LVU1108
1683:Drivers/STM32G0xx_HAL_Driver/Src/stm32g0xx_hal_spi.c ****   {
 3555              		.loc 1 1683 6 is_stmt 0 view .LVU1109
 3556 000e 0029     		cmp	r1, #0
 3557 0010 5FD0     		beq	.L241
1683:Drivers/STM32G0xx_HAL_Driver/Src/stm32g0xx_hal_spi.c ****   {
 3558              		.loc 1 1683 23 discriminator 1 view .LVU1110
 3559 0012 002A     		cmp	r2, #0
 3560 0014 5DD0     		beq	.L241
1688:Drivers/STM32G0xx_HAL_Driver/Src/stm32g0xx_hal_spi.c ****   {
 3561              		.loc 1 1688 3 is_stmt 1 view .LVU1111
1688:Drivers/STM32G0xx_HAL_Driver/Src/stm32g0xx_hal_spi.c ****   {
 3562              		.loc 1 1688 18 is_stmt 0 view .LVU1112
 3563 0016 A368     		ldr	r3, [r4, #8]
1688:Drivers/STM32G0xx_HAL_Driver/Src/stm32g0xx_hal_spi.c ****   {
 3564              		.loc 1 1688 6 view .LVU1113
 3565 0018 002B     		cmp	r3, #0
 3566 001a 04D1     		bne	.L242
1688:Drivers/STM32G0xx_HAL_Driver/Src/stm32g0xx_hal_spi.c ****   {
 3567              		.loc 1 1688 68 discriminator 1 view .LVU1114
 3568 001c 6068     		ldr	r0, [r4, #4]
1688:Drivers/STM32G0xx_HAL_Driver/Src/stm32g0xx_hal_spi.c ****   {
 3569              		.loc 1 1688 54 discriminator 1 view .LVU1115
 3570 001e 0533     		adds	r3, r3, #5
 3571 0020 FF33     		adds	r3, r3, #255
 3572 0022 9842     		cmp	r0, r3
 3573 0024 37D0     		beq	.L250
 3574              	.L242:
1697:Drivers/STM32G0xx_HAL_Driver/Src/stm32g0xx_hal_spi.c **** 
 3575              		.loc 1 1697 3 is_stmt 1 view .LVU1116
1697:Drivers/STM32G0xx_HAL_Driver/Src/stm32g0xx_hal_spi.c **** 
 3576              		.loc 1 1697 3 view .LVU1117
 3577 0026 5C23     		movs	r3, #92
 3578 0028 E35C     		ldrb	r3, [r4, r3]
 3579 002a 012B     		cmp	r3, #1
 3580 002c 52D0     		beq	.L248
1697:Drivers/STM32G0xx_HAL_Driver/Src/stm32g0xx_hal_spi.c **** 
 3581              		.loc 1 1697 3 discriminator 2 view .LVU1118
 3582 002e 5C23     		movs	r3, #92
 3583 0030 0120     		movs	r0, #1
 3584 0032 E054     		strb	r0, [r4, r3]
1697:Drivers/STM32G0xx_HAL_Driver/Src/stm32g0xx_hal_spi.c **** 
 3585              		.loc 1 1697 3 view .LVU1119
1700:Drivers/STM32G0xx_HAL_Driver/Src/stm32g0xx_hal_spi.c ****   hspi->ErrorCode   = HAL_SPI_ERROR_NONE;
 3586              		.loc 1 1700 3 view .LVU1120
1700:Drivers/STM32G0xx_HAL_Driver/Src/stm32g0xx_hal_spi.c ****   hspi->ErrorCode   = HAL_SPI_ERROR_NONE;
 3587              		.loc 1 1700 21 is_stmt 0 view .LVU1121
 3588 0034 0133     		adds	r3, r3, #1
 3589 0036 0330     		adds	r0, r0, #3
ARM GAS  C:\Users\Domagoj\AppData\Local\Temp\ccvehG6g.s 			page 158


 3590 0038 E054     		strb	r0, [r4, r3]
1701:Drivers/STM32G0xx_HAL_Driver/Src/stm32g0xx_hal_spi.c ****   hspi->pRxBuffPtr  = (uint8_t *)pData;
 3591              		.loc 1 1701 3 is_stmt 1 view .LVU1122
1701:Drivers/STM32G0xx_HAL_Driver/Src/stm32g0xx_hal_spi.c ****   hspi->pRxBuffPtr  = (uint8_t *)pData;
 3592              		.loc 1 1701 21 is_stmt 0 view .LVU1123
 3593 003a 0023     		movs	r3, #0
 3594 003c 2366     		str	r3, [r4, #96]
1702:Drivers/STM32G0xx_HAL_Driver/Src/stm32g0xx_hal_spi.c ****   hspi->RxXferSize  = Size;
 3595              		.loc 1 1702 3 is_stmt 1 view .LVU1124
1702:Drivers/STM32G0xx_HAL_Driver/Src/stm32g0xx_hal_spi.c ****   hspi->RxXferSize  = Size;
 3596              		.loc 1 1702 21 is_stmt 0 view .LVU1125
 3597 003e 2164     		str	r1, [r4, #64]
1703:Drivers/STM32G0xx_HAL_Driver/Src/stm32g0xx_hal_spi.c ****   hspi->RxXferCount = Size;
 3598              		.loc 1 1703 3 is_stmt 1 view .LVU1126
1703:Drivers/STM32G0xx_HAL_Driver/Src/stm32g0xx_hal_spi.c ****   hspi->RxXferCount = Size;
 3599              		.loc 1 1703 21 is_stmt 0 view .LVU1127
 3600 0040 4421     		movs	r1, #68
 3601              	.LVL233:
1703:Drivers/STM32G0xx_HAL_Driver/Src/stm32g0xx_hal_spi.c ****   hspi->RxXferCount = Size;
 3602              		.loc 1 1703 21 view .LVU1128
 3603 0042 6252     		strh	r2, [r4, r1]
 3604              	.LVL234:
1704:Drivers/STM32G0xx_HAL_Driver/Src/stm32g0xx_hal_spi.c **** 
 3605              		.loc 1 1704 3 is_stmt 1 view .LVU1129
1704:Drivers/STM32G0xx_HAL_Driver/Src/stm32g0xx_hal_spi.c **** 
 3606              		.loc 1 1704 21 is_stmt 0 view .LVU1130
 3607 0044 0231     		adds	r1, r1, #2
 3608 0046 6252     		strh	r2, [r4, r1]
1707:Drivers/STM32G0xx_HAL_Driver/Src/stm32g0xx_hal_spi.c ****   hspi->TxXferSize  = 0U;
 3609              		.loc 1 1707 3 is_stmt 1 view .LVU1131
1707:Drivers/STM32G0xx_HAL_Driver/Src/stm32g0xx_hal_spi.c ****   hspi->TxXferSize  = 0U;
 3610              		.loc 1 1707 21 is_stmt 0 view .LVU1132
 3611 0048 A363     		str	r3, [r4, #56]
1708:Drivers/STM32G0xx_HAL_Driver/Src/stm32g0xx_hal_spi.c ****   hspi->TxXferCount = 0U;
 3612              		.loc 1 1708 3 is_stmt 1 view .LVU1133
1708:Drivers/STM32G0xx_HAL_Driver/Src/stm32g0xx_hal_spi.c ****   hspi->TxXferCount = 0U;
 3613              		.loc 1 1708 21 is_stmt 0 view .LVU1134
 3614 004a A387     		strh	r3, [r4, #60]
1709:Drivers/STM32G0xx_HAL_Driver/Src/stm32g0xx_hal_spi.c ****   hspi->TxISR       = NULL;
 3615              		.loc 1 1709 3 is_stmt 1 view .LVU1135
1709:Drivers/STM32G0xx_HAL_Driver/Src/stm32g0xx_hal_spi.c ****   hspi->TxISR       = NULL;
 3616              		.loc 1 1709 21 is_stmt 0 view .LVU1136
 3617 004c E387     		strh	r3, [r4, #62]
1710:Drivers/STM32G0xx_HAL_Driver/Src/stm32g0xx_hal_spi.c **** 
 3618              		.loc 1 1710 3 is_stmt 1 view .LVU1137
1710:Drivers/STM32G0xx_HAL_Driver/Src/stm32g0xx_hal_spi.c **** 
 3619              		.loc 1 1710 21 is_stmt 0 view .LVU1138
 3620 004e 2365     		str	r3, [r4, #80]
1713:Drivers/STM32G0xx_HAL_Driver/Src/stm32g0xx_hal_spi.c ****   {
 3621              		.loc 1 1713 3 is_stmt 1 view .LVU1139
1713:Drivers/STM32G0xx_HAL_Driver/Src/stm32g0xx_hal_spi.c ****   {
 3622              		.loc 1 1713 17 is_stmt 0 view .LVU1140
 3623 0050 E268     		ldr	r2, [r4, #12]
 3624              	.LVL235:
1713:Drivers/STM32G0xx_HAL_Driver/Src/stm32g0xx_hal_spi.c ****   {
 3625              		.loc 1 1713 6 view .LVU1141
 3626 0052 E023     		movs	r3, #224
ARM GAS  C:\Users\Domagoj\AppData\Local\Temp\ccvehG6g.s 			page 159


 3627 0054 DB00     		lsls	r3, r3, #3
 3628 0056 9A42     		cmp	r2, r3
 3629 0058 26D9     		bls	.L243
1716:Drivers/STM32G0xx_HAL_Driver/Src/stm32g0xx_hal_spi.c ****     hspi->RxISR = SPI_RxISR_16BIT;
 3630              		.loc 1 1716 5 is_stmt 1 view .LVU1142
 3631 005a 2268     		ldr	r2, [r4]
 3632 005c 5368     		ldr	r3, [r2, #4]
 3633 005e 1E49     		ldr	r1, .L252
 3634 0060 0B40     		ands	r3, r1
 3635 0062 5360     		str	r3, [r2, #4]
1717:Drivers/STM32G0xx_HAL_Driver/Src/stm32g0xx_hal_spi.c ****   }
 3636              		.loc 1 1717 5 view .LVU1143
1717:Drivers/STM32G0xx_HAL_Driver/Src/stm32g0xx_hal_spi.c ****   }
 3637              		.loc 1 1717 17 is_stmt 0 view .LVU1144
 3638 0064 1D4B     		ldr	r3, .L252+4
 3639 0066 E364     		str	r3, [r4, #76]
 3640              	.L244:
1727:Drivers/STM32G0xx_HAL_Driver/Src/stm32g0xx_hal_spi.c ****   {
 3641              		.loc 1 1727 3 is_stmt 1 view .LVU1145
1727:Drivers/STM32G0xx_HAL_Driver/Src/stm32g0xx_hal_spi.c ****   {
 3642              		.loc 1 1727 17 is_stmt 0 view .LVU1146
 3643 0068 A268     		ldr	r2, [r4, #8]
1727:Drivers/STM32G0xx_HAL_Driver/Src/stm32g0xx_hal_spi.c ****   {
 3644              		.loc 1 1727 6 view .LVU1147
 3645 006a 8023     		movs	r3, #128
 3646 006c 1B02     		lsls	r3, r3, #8
 3647 006e 9A42     		cmp	r2, r3
 3648 0070 23D0     		beq	.L251
 3649              	.L245:
1756:Drivers/STM32G0xx_HAL_Driver/Src/stm32g0xx_hal_spi.c ****   {
 3650              		.loc 1 1756 3 is_stmt 1 view .LVU1148
1756:Drivers/STM32G0xx_HAL_Driver/Src/stm32g0xx_hal_spi.c ****   {
 3651              		.loc 1 1756 12 is_stmt 0 view .LVU1149
 3652 0072 2268     		ldr	r2, [r4]
1756:Drivers/STM32G0xx_HAL_Driver/Src/stm32g0xx_hal_spi.c ****   {
 3653              		.loc 1 1756 22 view .LVU1150
 3654 0074 1368     		ldr	r3, [r2]
1756:Drivers/STM32G0xx_HAL_Driver/Src/stm32g0xx_hal_spi.c ****   {
 3655              		.loc 1 1756 6 view .LVU1151
 3656 0076 5B06     		lsls	r3, r3, #25
 3657 0078 03D4     		bmi	.L246
1759:Drivers/STM32G0xx_HAL_Driver/Src/stm32g0xx_hal_spi.c ****   }
 3658              		.loc 1 1759 5 is_stmt 1 view .LVU1152
 3659 007a 1368     		ldr	r3, [r2]
 3660 007c 4021     		movs	r1, #64
 3661 007e 0B43     		orrs	r3, r1
 3662 0080 1360     		str	r3, [r2]
 3663              	.L246:
1763:Drivers/STM32G0xx_HAL_Driver/Src/stm32g0xx_hal_spi.c ****   /* Enable RXNE and ERR interrupt */
 3664              		.loc 1 1763 3 view .LVU1153
1763:Drivers/STM32G0xx_HAL_Driver/Src/stm32g0xx_hal_spi.c ****   /* Enable RXNE and ERR interrupt */
 3665              		.loc 1 1763 3 view .LVU1154
 3666 0082 5C23     		movs	r3, #92
 3667 0084 0022     		movs	r2, #0
 3668 0086 E254     		strb	r2, [r4, r3]
1763:Drivers/STM32G0xx_HAL_Driver/Src/stm32g0xx_hal_spi.c ****   /* Enable RXNE and ERR interrupt */
 3669              		.loc 1 1763 3 view .LVU1155
ARM GAS  C:\Users\Domagoj\AppData\Local\Temp\ccvehG6g.s 			page 160


1765:Drivers/STM32G0xx_HAL_Driver/Src/stm32g0xx_hal_spi.c **** 
 3670              		.loc 1 1765 3 view .LVU1156
 3671 0088 2268     		ldr	r2, [r4]
 3672 008a 5368     		ldr	r3, [r2, #4]
 3673 008c 6021     		movs	r1, #96
 3674 008e 0B43     		orrs	r3, r1
 3675 0090 5360     		str	r3, [r2, #4]
1767:Drivers/STM32G0xx_HAL_Driver/Src/stm32g0xx_hal_spi.c **** }
 3676              		.loc 1 1767 3 view .LVU1157
1767:Drivers/STM32G0xx_HAL_Driver/Src/stm32g0xx_hal_spi.c **** }
 3677              		.loc 1 1767 10 is_stmt 0 view .LVU1158
 3678 0092 0020     		movs	r0, #0
 3679 0094 1DE0     		b	.L241
 3680              	.LVL236:
 3681              	.L250:
1690:Drivers/STM32G0xx_HAL_Driver/Src/stm32g0xx_hal_spi.c ****     /* Call transmit-receive function to send Dummy data on Tx line and generate clock on CLK line 
 3682              		.loc 1 1690 5 is_stmt 1 view .LVU1159
1690:Drivers/STM32G0xx_HAL_Driver/Src/stm32g0xx_hal_spi.c ****     /* Call transmit-receive function to send Dummy data on Tx line and generate clock on CLK line 
 3683              		.loc 1 1690 17 is_stmt 0 view .LVU1160
 3684 0096 A73B     		subs	r3, r3, #167
 3685 0098 0420     		movs	r0, #4
 3686 009a E054     		strb	r0, [r4, r3]
1692:Drivers/STM32G0xx_HAL_Driver/Src/stm32g0xx_hal_spi.c ****   }
 3687              		.loc 1 1692 5 is_stmt 1 view .LVU1161
1692:Drivers/STM32G0xx_HAL_Driver/Src/stm32g0xx_hal_spi.c ****   }
 3688              		.loc 1 1692 12 is_stmt 0 view .LVU1162
 3689 009c 1300     		movs	r3, r2
 3690 009e 0A00     		movs	r2, r1
 3691              	.LVL237:
1692:Drivers/STM32G0xx_HAL_Driver/Src/stm32g0xx_hal_spi.c ****   }
 3692              		.loc 1 1692 12 view .LVU1163
 3693 00a0 2000     		movs	r0, r4
 3694 00a2 FFF7FEFF 		bl	HAL_SPI_TransmitReceive_IT
 3695              	.LVL238:
1692:Drivers/STM32G0xx_HAL_Driver/Src/stm32g0xx_hal_spi.c ****   }
 3696              		.loc 1 1692 12 view .LVU1164
 3697 00a6 14E0     		b	.L241
 3698              	.L243:
1722:Drivers/STM32G0xx_HAL_Driver/Src/stm32g0xx_hal_spi.c ****     hspi->RxISR = SPI_RxISR_8BIT;
 3699              		.loc 1 1722 5 is_stmt 1 view .LVU1165
 3700 00a8 2268     		ldr	r2, [r4]
 3701 00aa 5168     		ldr	r1, [r2, #4]
 3702 00ac 8023     		movs	r3, #128
 3703 00ae 5B01     		lsls	r3, r3, #5
 3704 00b0 0B43     		orrs	r3, r1
 3705 00b2 5360     		str	r3, [r2, #4]
1723:Drivers/STM32G0xx_HAL_Driver/Src/stm32g0xx_hal_spi.c ****   }
 3706              		.loc 1 1723 5 view .LVU1166
1723:Drivers/STM32G0xx_HAL_Driver/Src/stm32g0xx_hal_spi.c ****   }
 3707              		.loc 1 1723 17 is_stmt 0 view .LVU1167
 3708 00b4 0A4B     		ldr	r3, .L252+8
 3709 00b6 E364     		str	r3, [r4, #76]
 3710 00b8 D6E7     		b	.L244
 3711              	.L251:
1730:Drivers/STM32G0xx_HAL_Driver/Src/stm32g0xx_hal_spi.c ****     SPI_1LINE_RX(hspi);
 3712              		.loc 1 1730 5 is_stmt 1 view .LVU1168
 3713 00ba 2268     		ldr	r2, [r4]
ARM GAS  C:\Users\Domagoj\AppData\Local\Temp\ccvehG6g.s 			page 161


 3714 00bc 1368     		ldr	r3, [r2]
 3715 00be 4021     		movs	r1, #64
 3716 00c0 8B43     		bics	r3, r1
 3717 00c2 1360     		str	r3, [r2]
1731:Drivers/STM32G0xx_HAL_Driver/Src/stm32g0xx_hal_spi.c ****   }
 3718              		.loc 1 1731 5 view .LVU1169
 3719 00c4 2268     		ldr	r2, [r4]
 3720 00c6 1368     		ldr	r3, [r2]
 3721 00c8 0649     		ldr	r1, .L252+12
 3722 00ca 0B40     		ands	r3, r1
 3723 00cc 1360     		str	r3, [r2]
 3724 00ce D0E7     		b	.L245
 3725              	.LVL239:
 3726              	.L247:
1680:Drivers/STM32G0xx_HAL_Driver/Src/stm32g0xx_hal_spi.c ****   }
 3727              		.loc 1 1680 12 is_stmt 0 view .LVU1170
 3728 00d0 0220     		movs	r0, #2
 3729              	.LVL240:
 3730              	.L241:
1768:Drivers/STM32G0xx_HAL_Driver/Src/stm32g0xx_hal_spi.c **** 
 3731              		.loc 1 1768 1 view .LVU1171
 3732              		@ sp needed
 3733              	.LVL241:
1768:Drivers/STM32G0xx_HAL_Driver/Src/stm32g0xx_hal_spi.c **** 
 3734              		.loc 1 1768 1 view .LVU1172
 3735 00d2 10BD     		pop	{r4, pc}
 3736              	.LVL242:
 3737              	.L248:
1697:Drivers/STM32G0xx_HAL_Driver/Src/stm32g0xx_hal_spi.c **** 
 3738              		.loc 1 1697 3 discriminator 1 view .LVU1173
 3739 00d4 0220     		movs	r0, #2
 3740 00d6 FCE7     		b	.L241
 3741              	.L253:
 3742              		.align	2
 3743              	.L252:
 3744 00d8 FFEFFFFF 		.word	-4097
 3745 00dc 00000000 		.word	SPI_RxISR_16BIT
 3746 00e0 00000000 		.word	SPI_RxISR_8BIT
 3747 00e4 FFBFFFFF 		.word	-16385
 3748              		.cfi_endproc
 3749              	.LFE371:
 3751              		.section	.text.HAL_SPI_Transmit_DMA,"ax",%progbits
 3752              		.align	1
 3753              		.global	HAL_SPI_Transmit_DMA
 3754              		.syntax unified
 3755              		.code	16
 3756              		.thumb_func
 3758              	HAL_SPI_Transmit_DMA:
 3759              	.LVL243:
 3760              	.LFB373:
1896:Drivers/STM32G0xx_HAL_Driver/Src/stm32g0xx_hal_spi.c **** 
 3761              		.loc 1 1896 1 is_stmt 1 view -0
 3762              		.cfi_startproc
 3763              		@ args = 0, pretend = 0, frame = 0
 3764              		@ frame_needed = 0, uses_anonymous_args = 0
1896:Drivers/STM32G0xx_HAL_Driver/Src/stm32g0xx_hal_spi.c **** 
 3765              		.loc 1 1896 1 is_stmt 0 view .LVU1175
ARM GAS  C:\Users\Domagoj\AppData\Local\Temp\ccvehG6g.s 			page 162


 3766 0000 70B5     		push	{r4, r5, r6, lr}
 3767              	.LCFI28:
 3768              		.cfi_def_cfa_offset 16
 3769              		.cfi_offset 4, -16
 3770              		.cfi_offset 5, -12
 3771              		.cfi_offset 6, -8
 3772              		.cfi_offset 14, -4
 3773 0002 0400     		movs	r4, r0
1899:Drivers/STM32G0xx_HAL_Driver/Src/stm32g0xx_hal_spi.c **** 
 3774              		.loc 1 1899 3 is_stmt 1 view .LVU1176
1902:Drivers/STM32G0xx_HAL_Driver/Src/stm32g0xx_hal_spi.c **** 
 3775              		.loc 1 1902 3 view .LVU1177
1904:Drivers/STM32G0xx_HAL_Driver/Src/stm32g0xx_hal_spi.c ****   {
 3776              		.loc 1 1904 3 view .LVU1178
1904:Drivers/STM32G0xx_HAL_Driver/Src/stm32g0xx_hal_spi.c ****   {
 3777              		.loc 1 1904 11 is_stmt 0 view .LVU1179
 3778 0004 5D23     		movs	r3, #93
 3779 0006 C35C     		ldrb	r3, [r0, r3]
 3780 0008 DDB2     		uxtb	r5, r3
1904:Drivers/STM32G0xx_HAL_Driver/Src/stm32g0xx_hal_spi.c ****   {
 3781              		.loc 1 1904 6 view .LVU1180
 3782 000a 012B     		cmp	r3, #1
 3783 000c 00D0     		beq	.LCB3495
 3784 000e 88E0     		b	.L261	@long jump
 3785              	.LCB3495:
1909:Drivers/STM32G0xx_HAL_Driver/Src/stm32g0xx_hal_spi.c ****   {
 3786              		.loc 1 1909 3 is_stmt 1 view .LVU1181
1909:Drivers/STM32G0xx_HAL_Driver/Src/stm32g0xx_hal_spi.c ****   {
 3787              		.loc 1 1909 6 is_stmt 0 view .LVU1182
 3788 0010 0029     		cmp	r1, #0
 3789 0012 00D1     		bne	.LCB3498
 3790 0014 86E0     		b	.L255	@long jump
 3791              	.LCB3498:
1909:Drivers/STM32G0xx_HAL_Driver/Src/stm32g0xx_hal_spi.c ****   {
 3792              		.loc 1 1909 23 discriminator 1 view .LVU1183
 3793 0016 002A     		cmp	r2, #0
 3794 0018 00D1     		bne	.LCB3500
 3795 001a 83E0     		b	.L255	@long jump
 3796              	.LCB3500:
1915:Drivers/STM32G0xx_HAL_Driver/Src/stm32g0xx_hal_spi.c **** 
 3797              		.loc 1 1915 3 is_stmt 1 view .LVU1184
1915:Drivers/STM32G0xx_HAL_Driver/Src/stm32g0xx_hal_spi.c **** 
 3798              		.loc 1 1915 3 view .LVU1185
 3799 001c 5B33     		adds	r3, r3, #91
 3800 001e C35C     		ldrb	r3, [r0, r3]
 3801 0020 012B     		cmp	r3, #1
 3802 0022 00D1     		bne	.LCB3506
 3803 0024 80E0     		b	.L262	@long jump
 3804              	.LCB3506:
1915:Drivers/STM32G0xx_HAL_Driver/Src/stm32g0xx_hal_spi.c **** 
 3805              		.loc 1 1915 3 discriminator 2 view .LVU1186
 3806 0026 5C23     		movs	r3, #92
 3807 0028 0120     		movs	r0, #1
 3808              	.LVL244:
1915:Drivers/STM32G0xx_HAL_Driver/Src/stm32g0xx_hal_spi.c **** 
 3809              		.loc 1 1915 3 is_stmt 0 discriminator 2 view .LVU1187
 3810 002a E054     		strb	r0, [r4, r3]
ARM GAS  C:\Users\Domagoj\AppData\Local\Temp\ccvehG6g.s 			page 163


1915:Drivers/STM32G0xx_HAL_Driver/Src/stm32g0xx_hal_spi.c **** 
 3811              		.loc 1 1915 3 is_stmt 1 view .LVU1188
1918:Drivers/STM32G0xx_HAL_Driver/Src/stm32g0xx_hal_spi.c ****   hspi->ErrorCode   = HAL_SPI_ERROR_NONE;
 3812              		.loc 1 1918 3 view .LVU1189
1918:Drivers/STM32G0xx_HAL_Driver/Src/stm32g0xx_hal_spi.c ****   hspi->ErrorCode   = HAL_SPI_ERROR_NONE;
 3813              		.loc 1 1918 21 is_stmt 0 view .LVU1190
 3814 002c 0133     		adds	r3, r3, #1
 3815 002e 0230     		adds	r0, r0, #2
 3816 0030 E054     		strb	r0, [r4, r3]
1919:Drivers/STM32G0xx_HAL_Driver/Src/stm32g0xx_hal_spi.c ****   hspi->pTxBuffPtr  = (const uint8_t *)pData;
 3817              		.loc 1 1919 3 is_stmt 1 view .LVU1191
1919:Drivers/STM32G0xx_HAL_Driver/Src/stm32g0xx_hal_spi.c ****   hspi->pTxBuffPtr  = (const uint8_t *)pData;
 3818              		.loc 1 1919 21 is_stmt 0 view .LVU1192
 3819 0032 0023     		movs	r3, #0
 3820 0034 2366     		str	r3, [r4, #96]
1920:Drivers/STM32G0xx_HAL_Driver/Src/stm32g0xx_hal_spi.c ****   hspi->TxXferSize  = Size;
 3821              		.loc 1 1920 3 is_stmt 1 view .LVU1193
1920:Drivers/STM32G0xx_HAL_Driver/Src/stm32g0xx_hal_spi.c ****   hspi->TxXferSize  = Size;
 3822              		.loc 1 1920 21 is_stmt 0 view .LVU1194
 3823 0036 A163     		str	r1, [r4, #56]
1921:Drivers/STM32G0xx_HAL_Driver/Src/stm32g0xx_hal_spi.c ****   hspi->TxXferCount = Size;
 3824              		.loc 1 1921 3 is_stmt 1 view .LVU1195
1921:Drivers/STM32G0xx_HAL_Driver/Src/stm32g0xx_hal_spi.c ****   hspi->TxXferCount = Size;
 3825              		.loc 1 1921 21 is_stmt 0 view .LVU1196
 3826 0038 A287     		strh	r2, [r4, #60]
1922:Drivers/STM32G0xx_HAL_Driver/Src/stm32g0xx_hal_spi.c **** 
 3827              		.loc 1 1922 3 is_stmt 1 view .LVU1197
1922:Drivers/STM32G0xx_HAL_Driver/Src/stm32g0xx_hal_spi.c **** 
 3828              		.loc 1 1922 21 is_stmt 0 view .LVU1198
 3829 003a E287     		strh	r2, [r4, #62]
1925:Drivers/STM32G0xx_HAL_Driver/Src/stm32g0xx_hal_spi.c ****   hspi->TxISR       = NULL;
 3830              		.loc 1 1925 3 is_stmt 1 view .LVU1199
1925:Drivers/STM32G0xx_HAL_Driver/Src/stm32g0xx_hal_spi.c ****   hspi->TxISR       = NULL;
 3831              		.loc 1 1925 21 is_stmt 0 view .LVU1200
 3832 003c 2364     		str	r3, [r4, #64]
1926:Drivers/STM32G0xx_HAL_Driver/Src/stm32g0xx_hal_spi.c ****   hspi->RxISR       = NULL;
 3833              		.loc 1 1926 3 is_stmt 1 view .LVU1201
1926:Drivers/STM32G0xx_HAL_Driver/Src/stm32g0xx_hal_spi.c ****   hspi->RxISR       = NULL;
 3834              		.loc 1 1926 21 is_stmt 0 view .LVU1202
 3835 003e 2365     		str	r3, [r4, #80]
1927:Drivers/STM32G0xx_HAL_Driver/Src/stm32g0xx_hal_spi.c ****   hspi->RxXferSize  = 0U;
 3836              		.loc 1 1927 3 is_stmt 1 view .LVU1203
1927:Drivers/STM32G0xx_HAL_Driver/Src/stm32g0xx_hal_spi.c ****   hspi->RxXferSize  = 0U;
 3837              		.loc 1 1927 21 is_stmt 0 view .LVU1204
 3838 0040 E364     		str	r3, [r4, #76]
1928:Drivers/STM32G0xx_HAL_Driver/Src/stm32g0xx_hal_spi.c ****   hspi->RxXferCount = 0U;
 3839              		.loc 1 1928 3 is_stmt 1 view .LVU1205
1928:Drivers/STM32G0xx_HAL_Driver/Src/stm32g0xx_hal_spi.c ****   hspi->RxXferCount = 0U;
 3840              		.loc 1 1928 21 is_stmt 0 view .LVU1206
 3841 0042 4422     		movs	r2, #68
 3842              	.LVL245:
1928:Drivers/STM32G0xx_HAL_Driver/Src/stm32g0xx_hal_spi.c ****   hspi->RxXferCount = 0U;
 3843              		.loc 1 1928 21 view .LVU1207
 3844 0044 A352     		strh	r3, [r4, r2]
 3845              	.LVL246:
1929:Drivers/STM32G0xx_HAL_Driver/Src/stm32g0xx_hal_spi.c **** 
 3846              		.loc 1 1929 3 is_stmt 1 view .LVU1208
ARM GAS  C:\Users\Domagoj\AppData\Local\Temp\ccvehG6g.s 			page 164


1929:Drivers/STM32G0xx_HAL_Driver/Src/stm32g0xx_hal_spi.c **** 
 3847              		.loc 1 1929 21 is_stmt 0 view .LVU1209
 3848 0046 0232     		adds	r2, r2, #2
 3849 0048 A352     		strh	r3, [r4, r2]
1932:Drivers/STM32G0xx_HAL_Driver/Src/stm32g0xx_hal_spi.c ****   {
 3850              		.loc 1 1932 3 is_stmt 1 view .LVU1210
1932:Drivers/STM32G0xx_HAL_Driver/Src/stm32g0xx_hal_spi.c ****   {
 3851              		.loc 1 1932 17 is_stmt 0 view .LVU1211
 3852 004a A268     		ldr	r2, [r4, #8]
1932:Drivers/STM32G0xx_HAL_Driver/Src/stm32g0xx_hal_spi.c ****   {
 3853              		.loc 1 1932 6 view .LVU1212
 3854 004c 8023     		movs	r3, #128
 3855 004e 1B02     		lsls	r3, r3, #8
 3856 0050 9A42     		cmp	r2, r3
 3857 0052 3CD0     		beq	.L264
 3858              	.LVL247:
 3859              	.L256:
1948:Drivers/STM32G0xx_HAL_Driver/Src/stm32g0xx_hal_spi.c **** 
 3860              		.loc 1 1948 3 is_stmt 1 view .LVU1213
1948:Drivers/STM32G0xx_HAL_Driver/Src/stm32g0xx_hal_spi.c **** 
 3861              		.loc 1 1948 7 is_stmt 0 view .LVU1214
 3862 0054 636D     		ldr	r3, [r4, #84]
1948:Drivers/STM32G0xx_HAL_Driver/Src/stm32g0xx_hal_spi.c **** 
 3863              		.loc 1 1948 38 view .LVU1215
 3864 0056 354A     		ldr	r2, .L267
 3865 0058 1A63     		str	r2, [r3, #48]
1951:Drivers/STM32G0xx_HAL_Driver/Src/stm32g0xx_hal_spi.c **** 
 3866              		.loc 1 1951 3 is_stmt 1 view .LVU1216
1951:Drivers/STM32G0xx_HAL_Driver/Src/stm32g0xx_hal_spi.c **** 
 3867              		.loc 1 1951 7 is_stmt 0 view .LVU1217
 3868 005a 636D     		ldr	r3, [r4, #84]
1951:Drivers/STM32G0xx_HAL_Driver/Src/stm32g0xx_hal_spi.c **** 
 3869              		.loc 1 1951 34 view .LVU1218
 3870 005c 344A     		ldr	r2, .L267+4
 3871 005e DA62     		str	r2, [r3, #44]
1954:Drivers/STM32G0xx_HAL_Driver/Src/stm32g0xx_hal_spi.c **** 
 3872              		.loc 1 1954 3 is_stmt 1 view .LVU1219
1954:Drivers/STM32G0xx_HAL_Driver/Src/stm32g0xx_hal_spi.c **** 
 3873              		.loc 1 1954 7 is_stmt 0 view .LVU1220
 3874 0060 636D     		ldr	r3, [r4, #84]
1954:Drivers/STM32G0xx_HAL_Driver/Src/stm32g0xx_hal_spi.c **** 
 3875              		.loc 1 1954 35 view .LVU1221
 3876 0062 344A     		ldr	r2, .L267+8
 3877 0064 5A63     		str	r2, [r3, #52]
1957:Drivers/STM32G0xx_HAL_Driver/Src/stm32g0xx_hal_spi.c **** 
 3878              		.loc 1 1957 3 is_stmt 1 view .LVU1222
1957:Drivers/STM32G0xx_HAL_Driver/Src/stm32g0xx_hal_spi.c **** 
 3879              		.loc 1 1957 7 is_stmt 0 view .LVU1223
 3880 0066 636D     		ldr	r3, [r4, #84]
1957:Drivers/STM32G0xx_HAL_Driver/Src/stm32g0xx_hal_spi.c **** 
 3881              		.loc 1 1957 35 view .LVU1224
 3882 0068 0022     		movs	r2, #0
 3883 006a 9A63     		str	r2, [r3, #56]
1959:Drivers/STM32G0xx_HAL_Driver/Src/stm32g0xx_hal_spi.c ****   /* Packing mode is enabled only if the DMA setting is HALWORD */
 3884              		.loc 1 1959 3 is_stmt 1 view .LVU1225
 3885 006c 2268     		ldr	r2, [r4]
 3886 006e 5368     		ldr	r3, [r2, #4]
ARM GAS  C:\Users\Domagoj\AppData\Local\Temp\ccvehG6g.s 			page 165


 3887 0070 3149     		ldr	r1, .L267+12
 3888 0072 0B40     		ands	r3, r1
 3889 0074 5360     		str	r3, [r2, #4]
1961:Drivers/STM32G0xx_HAL_Driver/Src/stm32g0xx_hal_spi.c ****   {
 3890              		.loc 1 1961 3 view .LVU1226
1961:Drivers/STM32G0xx_HAL_Driver/Src/stm32g0xx_hal_spi.c ****   {
 3891              		.loc 1 1961 18 is_stmt 0 view .LVU1227
 3892 0076 E268     		ldr	r2, [r4, #12]
1961:Drivers/STM32G0xx_HAL_Driver/Src/stm32g0xx_hal_spi.c ****   {
 3893              		.loc 1 1961 6 view .LVU1228
 3894 0078 E023     		movs	r3, #224
 3895 007a DB00     		lsls	r3, r3, #3
 3896 007c 9A42     		cmp	r2, r3
 3897 007e 05D8     		bhi	.L257
1961:Drivers/STM32G0xx_HAL_Driver/Src/stm32g0xx_hal_spi.c ****   {
 3898              		.loc 1 1961 58 discriminator 1 view .LVU1229
 3899 0080 636D     		ldr	r3, [r4, #84]
1961:Drivers/STM32G0xx_HAL_Driver/Src/stm32g0xx_hal_spi.c ****   {
 3900              		.loc 1 1961 72 discriminator 1 view .LVU1230
 3901 0082 9A69     		ldr	r2, [r3, #24]
1961:Drivers/STM32G0xx_HAL_Driver/Src/stm32g0xx_hal_spi.c ****   {
 3902              		.loc 1 1961 50 discriminator 1 view .LVU1231
 3903 0084 8023     		movs	r3, #128
 3904 0086 DB00     		lsls	r3, r3, #3
 3905 0088 9A42     		cmp	r2, r3
 3906 008a 2CD0     		beq	.L265
 3907              	.L257:
1977:Drivers/STM32G0xx_HAL_Driver/Src/stm32g0xx_hal_spi.c ****                                  hspi->TxXferCount))
 3908              		.loc 1 1977 3 is_stmt 1 view .LVU1232
1977:Drivers/STM32G0xx_HAL_Driver/Src/stm32g0xx_hal_spi.c ****                                  hspi->TxXferCount))
 3909              		.loc 1 1977 62 is_stmt 0 view .LVU1233
 3910 008c A16B     		ldr	r1, [r4, #56]
1977:Drivers/STM32G0xx_HAL_Driver/Src/stm32g0xx_hal_spi.c ****                                  hspi->TxXferCount))
 3911              		.loc 1 1977 91 view .LVU1234
 3912 008e 2268     		ldr	r2, [r4]
1977:Drivers/STM32G0xx_HAL_Driver/Src/stm32g0xx_hal_spi.c ****                                  hspi->TxXferCount))
 3913              		.loc 1 1977 86 view .LVU1235
 3914 0090 0C32     		adds	r2, r2, #12
1978:Drivers/STM32G0xx_HAL_Driver/Src/stm32g0xx_hal_spi.c ****   {
 3915              		.loc 1 1978 38 view .LVU1236
 3916 0092 E38F     		ldrh	r3, [r4, #62]
 3917 0094 9BB2     		uxth	r3, r3
1977:Drivers/STM32G0xx_HAL_Driver/Src/stm32g0xx_hal_spi.c ****                                  hspi->TxXferCount))
 3918              		.loc 1 1977 17 view .LVU1237
 3919 0096 606D     		ldr	r0, [r4, #84]
 3920 0098 FFF7FEFF 		bl	HAL_DMA_Start_IT
 3921              	.LVL248:
1977:Drivers/STM32G0xx_HAL_Driver/Src/stm32g0xx_hal_spi.c ****                                  hspi->TxXferCount))
 3922              		.loc 1 1977 6 discriminator 1 view .LVU1238
 3923 009c 0028     		cmp	r0, #0
 3924 009e 38D1     		bne	.L266
1988:Drivers/STM32G0xx_HAL_Driver/Src/stm32g0xx_hal_spi.c ****   {
 3925              		.loc 1 1988 3 is_stmt 1 view .LVU1239
1988:Drivers/STM32G0xx_HAL_Driver/Src/stm32g0xx_hal_spi.c ****   {
 3926              		.loc 1 1988 12 is_stmt 0 view .LVU1240
 3927 00a0 2368     		ldr	r3, [r4]
1988:Drivers/STM32G0xx_HAL_Driver/Src/stm32g0xx_hal_spi.c ****   {
ARM GAS  C:\Users\Domagoj\AppData\Local\Temp\ccvehG6g.s 			page 166


 3928              		.loc 1 1988 22 view .LVU1241
 3929 00a2 1A68     		ldr	r2, [r3]
1988:Drivers/STM32G0xx_HAL_Driver/Src/stm32g0xx_hal_spi.c ****   {
 3930              		.loc 1 1988 6 view .LVU1242
 3931 00a4 5206     		lsls	r2, r2, #25
 3932 00a6 03D4     		bmi	.L260
1991:Drivers/STM32G0xx_HAL_Driver/Src/stm32g0xx_hal_spi.c ****   }
 3933              		.loc 1 1991 5 is_stmt 1 view .LVU1243
 3934 00a8 1A68     		ldr	r2, [r3]
 3935 00aa 4021     		movs	r1, #64
 3936 00ac 0A43     		orrs	r2, r1
 3937 00ae 1A60     		str	r2, [r3]
 3938              	.L260:
1995:Drivers/STM32G0xx_HAL_Driver/Src/stm32g0xx_hal_spi.c **** 
 3939              		.loc 1 1995 3 view .LVU1244
1995:Drivers/STM32G0xx_HAL_Driver/Src/stm32g0xx_hal_spi.c **** 
 3940              		.loc 1 1995 3 view .LVU1245
 3941 00b0 5C23     		movs	r3, #92
 3942 00b2 0022     		movs	r2, #0
 3943 00b4 E254     		strb	r2, [r4, r3]
1995:Drivers/STM32G0xx_HAL_Driver/Src/stm32g0xx_hal_spi.c **** 
 3944              		.loc 1 1995 3 view .LVU1246
1998:Drivers/STM32G0xx_HAL_Driver/Src/stm32g0xx_hal_spi.c **** 
 3945              		.loc 1 1998 3 view .LVU1247
 3946 00b6 2268     		ldr	r2, [r4]
 3947 00b8 5368     		ldr	r3, [r2, #4]
 3948 00ba 2021     		movs	r1, #32
 3949 00bc 0B43     		orrs	r3, r1
 3950 00be 5360     		str	r3, [r2, #4]
2001:Drivers/STM32G0xx_HAL_Driver/Src/stm32g0xx_hal_spi.c **** 
 3951              		.loc 1 2001 3 view .LVU1248
 3952 00c0 2268     		ldr	r2, [r4]
 3953 00c2 5368     		ldr	r3, [r2, #4]
 3954 00c4 1E39     		subs	r1, r1, #30
 3955 00c6 0B43     		orrs	r3, r1
 3956 00c8 5360     		str	r3, [r2, #4]
2003:Drivers/STM32G0xx_HAL_Driver/Src/stm32g0xx_hal_spi.c **** }
 3957              		.loc 1 2003 3 view .LVU1249
2003:Drivers/STM32G0xx_HAL_Driver/Src/stm32g0xx_hal_spi.c **** }
 3958              		.loc 1 2003 10 is_stmt 0 view .LVU1250
 3959 00ca 0500     		movs	r5, r0
 3960 00cc 2AE0     		b	.L255
 3961              	.LVL249:
 3962              	.L264:
1935:Drivers/STM32G0xx_HAL_Driver/Src/stm32g0xx_hal_spi.c ****     SPI_1LINE_TX(hspi);
 3963              		.loc 1 1935 5 is_stmt 1 view .LVU1251
 3964 00ce 2268     		ldr	r2, [r4]
 3965 00d0 1368     		ldr	r3, [r2]
 3966 00d2 4021     		movs	r1, #64
 3967              	.LVL250:
1935:Drivers/STM32G0xx_HAL_Driver/Src/stm32g0xx_hal_spi.c ****     SPI_1LINE_TX(hspi);
 3968              		.loc 1 1935 5 is_stmt 0 view .LVU1252
 3969 00d4 8B43     		bics	r3, r1
 3970 00d6 1360     		str	r3, [r2]
1936:Drivers/STM32G0xx_HAL_Driver/Src/stm32g0xx_hal_spi.c ****   }
 3971              		.loc 1 1936 5 is_stmt 1 view .LVU1253
 3972 00d8 2268     		ldr	r2, [r4]
ARM GAS  C:\Users\Domagoj\AppData\Local\Temp\ccvehG6g.s 			page 167


 3973 00da 1168     		ldr	r1, [r2]
 3974 00dc 8023     		movs	r3, #128
 3975 00de DB01     		lsls	r3, r3, #7
 3976 00e0 0B43     		orrs	r3, r1
 3977 00e2 1360     		str	r3, [r2]
 3978 00e4 B6E7     		b	.L256
 3979              	.L265:
1964:Drivers/STM32G0xx_HAL_Driver/Src/stm32g0xx_hal_spi.c ****     {
 3980              		.loc 1 1964 5 view .LVU1254
1964:Drivers/STM32G0xx_HAL_Driver/Src/stm32g0xx_hal_spi.c ****     {
 3981              		.loc 1 1964 14 is_stmt 0 view .LVU1255
 3982 00e6 E38F     		ldrh	r3, [r4, #62]
1964:Drivers/STM32G0xx_HAL_Driver/Src/stm32g0xx_hal_spi.c ****     {
 3983              		.loc 1 1964 8 view .LVU1256
 3984 00e8 DB07     		lsls	r3, r3, #31
 3985 00ea 07D4     		bmi	.L258
1966:Drivers/STM32G0xx_HAL_Driver/Src/stm32g0xx_hal_spi.c ****       hspi->TxXferCount = (hspi->TxXferCount >> 1U);
 3986              		.loc 1 1966 7 is_stmt 1 view .LVU1257
 3987 00ec 2268     		ldr	r2, [r4]
 3988 00ee 5368     		ldr	r3, [r2, #4]
 3989 00f0 0B40     		ands	r3, r1
 3990 00f2 5360     		str	r3, [r2, #4]
1967:Drivers/STM32G0xx_HAL_Driver/Src/stm32g0xx_hal_spi.c ****     }
 3991              		.loc 1 1967 7 view .LVU1258
1967:Drivers/STM32G0xx_HAL_Driver/Src/stm32g0xx_hal_spi.c ****     }
 3992              		.loc 1 1967 32 is_stmt 0 view .LVU1259
 3993 00f4 E38F     		ldrh	r3, [r4, #62]
1967:Drivers/STM32G0xx_HAL_Driver/Src/stm32g0xx_hal_spi.c ****     }
 3994              		.loc 1 1967 25 view .LVU1260
 3995 00f6 5B08     		lsrs	r3, r3, #1
 3996 00f8 E387     		strh	r3, [r4, #62]
 3997 00fa C7E7     		b	.L257
 3998              	.L258:
1971:Drivers/STM32G0xx_HAL_Driver/Src/stm32g0xx_hal_spi.c ****       hspi->TxXferCount = (hspi->TxXferCount >> 1U) + 1U;
 3999              		.loc 1 1971 7 is_stmt 1 view .LVU1261
 4000 00fc 2268     		ldr	r2, [r4]
 4001 00fe 5168     		ldr	r1, [r2, #4]
 4002 0100 8023     		movs	r3, #128
 4003 0102 DB01     		lsls	r3, r3, #7
 4004 0104 0B43     		orrs	r3, r1
 4005 0106 5360     		str	r3, [r2, #4]
1972:Drivers/STM32G0xx_HAL_Driver/Src/stm32g0xx_hal_spi.c ****     }
 4006              		.loc 1 1972 7 view .LVU1262
1972:Drivers/STM32G0xx_HAL_Driver/Src/stm32g0xx_hal_spi.c ****     }
 4007              		.loc 1 1972 32 is_stmt 0 view .LVU1263
 4008 0108 E38F     		ldrh	r3, [r4, #62]
1972:Drivers/STM32G0xx_HAL_Driver/Src/stm32g0xx_hal_spi.c ****     }
 4009              		.loc 1 1972 53 view .LVU1264
 4010 010a 5B08     		lsrs	r3, r3, #1
 4011 010c 0133     		adds	r3, r3, #1
1972:Drivers/STM32G0xx_HAL_Driver/Src/stm32g0xx_hal_spi.c ****     }
 4012              		.loc 1 1972 25 view .LVU1265
 4013 010e E387     		strh	r3, [r4, #62]
 4014 0110 BCE7     		b	.L257
 4015              	.L266:
1981:Drivers/STM32G0xx_HAL_Driver/Src/stm32g0xx_hal_spi.c ****     /* Process Unlocked */
 4016              		.loc 1 1981 5 is_stmt 1 view .LVU1266
ARM GAS  C:\Users\Domagoj\AppData\Local\Temp\ccvehG6g.s 			page 168


 4017 0112 236E     		ldr	r3, [r4, #96]
 4018 0114 1022     		movs	r2, #16
 4019 0116 1343     		orrs	r3, r2
 4020 0118 2366     		str	r3, [r4, #96]
1983:Drivers/STM32G0xx_HAL_Driver/Src/stm32g0xx_hal_spi.c ****     return HAL_ERROR;
 4021              		.loc 1 1983 5 view .LVU1267
1983:Drivers/STM32G0xx_HAL_Driver/Src/stm32g0xx_hal_spi.c ****     return HAL_ERROR;
 4022              		.loc 1 1983 5 view .LVU1268
 4023 011a 5C23     		movs	r3, #92
 4024 011c 0022     		movs	r2, #0
 4025 011e E254     		strb	r2, [r4, r3]
1983:Drivers/STM32G0xx_HAL_Driver/Src/stm32g0xx_hal_spi.c ****     return HAL_ERROR;
 4026              		.loc 1 1983 5 view .LVU1269
1984:Drivers/STM32G0xx_HAL_Driver/Src/stm32g0xx_hal_spi.c ****   }
 4027              		.loc 1 1984 5 view .LVU1270
1984:Drivers/STM32G0xx_HAL_Driver/Src/stm32g0xx_hal_spi.c ****   }
 4028              		.loc 1 1984 12 is_stmt 0 view .LVU1271
 4029 0120 00E0     		b	.L255
 4030              	.LVL251:
 4031              	.L261:
1906:Drivers/STM32G0xx_HAL_Driver/Src/stm32g0xx_hal_spi.c ****   }
 4032              		.loc 1 1906 12 view .LVU1272
 4033 0122 0225     		movs	r5, #2
 4034              	.LVL252:
 4035              	.L255:
2004:Drivers/STM32G0xx_HAL_Driver/Src/stm32g0xx_hal_spi.c **** 
 4036              		.loc 1 2004 1 view .LVU1273
 4037 0124 2800     		movs	r0, r5
 4038              		@ sp needed
 4039              	.LVL253:
2004:Drivers/STM32G0xx_HAL_Driver/Src/stm32g0xx_hal_spi.c **** 
 4040              		.loc 1 2004 1 view .LVU1274
 4041 0126 70BD     		pop	{r4, r5, r6, pc}
 4042              	.LVL254:
 4043              	.L262:
1915:Drivers/STM32G0xx_HAL_Driver/Src/stm32g0xx_hal_spi.c **** 
 4044              		.loc 1 1915 3 discriminator 1 view .LVU1275
 4045 0128 0225     		movs	r5, #2
 4046 012a FBE7     		b	.L255
 4047              	.L268:
 4048              		.align	2
 4049              	.L267:
 4050 012c 00000000 		.word	SPI_DMAHalfTransmitCplt
 4051 0130 00000000 		.word	SPI_DMATransmitCplt
 4052 0134 00000000 		.word	SPI_DMAError
 4053 0138 FFBFFFFF 		.word	-16385
 4054              		.cfi_endproc
 4055              	.LFE373:
 4057              		.section	.text.HAL_SPI_TransmitReceive_DMA,"ax",%progbits
 4058              		.align	1
 4059              		.global	HAL_SPI_TransmitReceive_DMA
 4060              		.syntax unified
 4061              		.code	16
 4062              		.thumb_func
 4064              	HAL_SPI_TransmitReceive_DMA:
 4065              	.LVL255:
 4066              	.LFB375:
ARM GAS  C:\Users\Domagoj\AppData\Local\Temp\ccvehG6g.s 			page 169


2158:Drivers/STM32G0xx_HAL_Driver/Src/stm32g0xx_hal_spi.c ****   uint32_t             tmp_mode;
 4067              		.loc 1 2158 1 is_stmt 1 view -0
 4068              		.cfi_startproc
 4069              		@ args = 0, pretend = 0, frame = 0
 4070              		@ frame_needed = 0, uses_anonymous_args = 0
2158:Drivers/STM32G0xx_HAL_Driver/Src/stm32g0xx_hal_spi.c ****   uint32_t             tmp_mode;
 4071              		.loc 1 2158 1 is_stmt 0 view .LVU1277
 4072 0000 70B5     		push	{r4, r5, r6, lr}
 4073              	.LCFI29:
 4074              		.cfi_def_cfa_offset 16
 4075              		.cfi_offset 4, -16
 4076              		.cfi_offset 5, -12
 4077              		.cfi_offset 6, -8
 4078              		.cfi_offset 14, -4
 4079 0002 0400     		movs	r4, r0
2159:Drivers/STM32G0xx_HAL_Driver/Src/stm32g0xx_hal_spi.c ****   HAL_SPI_StateTypeDef tmp_state;
 4080              		.loc 1 2159 3 is_stmt 1 view .LVU1278
2160:Drivers/STM32G0xx_HAL_Driver/Src/stm32g0xx_hal_spi.c **** 
 4081              		.loc 1 2160 3 view .LVU1279
2163:Drivers/STM32G0xx_HAL_Driver/Src/stm32g0xx_hal_spi.c ****   assert_param(IS_SPI_DMA_HANDLE(hspi->hdmatx));
 4082              		.loc 1 2163 3 view .LVU1280
2164:Drivers/STM32G0xx_HAL_Driver/Src/stm32g0xx_hal_spi.c **** 
 4083              		.loc 1 2164 3 view .LVU1281
2167:Drivers/STM32G0xx_HAL_Driver/Src/stm32g0xx_hal_spi.c **** 
 4084              		.loc 1 2167 3 view .LVU1282
2170:Drivers/STM32G0xx_HAL_Driver/Src/stm32g0xx_hal_spi.c ****   tmp_mode            = hspi->Init.Mode;
 4085              		.loc 1 2170 3 view .LVU1283
2170:Drivers/STM32G0xx_HAL_Driver/Src/stm32g0xx_hal_spi.c ****   tmp_mode            = hspi->Init.Mode;
 4086              		.loc 1 2170 23 is_stmt 0 view .LVU1284
 4087 0004 5D20     		movs	r0, #93
 4088              	.LVL256:
2170:Drivers/STM32G0xx_HAL_Driver/Src/stm32g0xx_hal_spi.c ****   tmp_mode            = hspi->Init.Mode;
 4089              		.loc 1 2170 23 view .LVU1285
 4090 0006 205C     		ldrb	r0, [r4, r0]
 4091 0008 C6B2     		uxtb	r6, r0
 4092              	.LVL257:
2171:Drivers/STM32G0xx_HAL_Driver/Src/stm32g0xx_hal_spi.c **** 
 4093              		.loc 1 2171 3 is_stmt 1 view .LVU1286
2171:Drivers/STM32G0xx_HAL_Driver/Src/stm32g0xx_hal_spi.c **** 
 4094              		.loc 1 2171 23 is_stmt 0 view .LVU1287
 4095 000a 6568     		ldr	r5, [r4, #4]
 4096              	.LVL258:
2173:Drivers/STM32G0xx_HAL_Driver/Src/stm32g0xx_hal_spi.c ****         ((tmp_mode == SPI_MODE_MASTER) && (hspi->Init.Direction == SPI_DIRECTION_2LINES) &&
 4097              		.loc 1 2173 3 is_stmt 1 view .LVU1288
2173:Drivers/STM32G0xx_HAL_Driver/Src/stm32g0xx_hal_spi.c ****         ((tmp_mode == SPI_MODE_MASTER) && (hspi->Init.Direction == SPI_DIRECTION_2LINES) &&
 4098              		.loc 1 2173 6 is_stmt 0 view .LVU1289
 4099 000c 0128     		cmp	r0, #1
 4100 000e 0BD0     		beq	.L270
2173:Drivers/STM32G0xx_HAL_Driver/Src/stm32g0xx_hal_spi.c ****         ((tmp_mode == SPI_MODE_MASTER) && (hspi->Init.Direction == SPI_DIRECTION_2LINES) &&
 4101              		.loc 1 2173 7 discriminator 1 view .LVU1290
 4102 0010 8220     		movs	r0, #130
 4103 0012 4000     		lsls	r0, r0, #1
 4104 0014 8542     		cmp	r5, r0
 4105 0016 00D0     		beq	.LCB3784
 4106 0018 E3E0     		b	.L283	@long jump
 4107              	.LCB3784:
2174:Drivers/STM32G0xx_HAL_Driver/Src/stm32g0xx_hal_spi.c ****          (tmp_state == HAL_SPI_STATE_BUSY_RX))))
ARM GAS  C:\Users\Domagoj\AppData\Local\Temp\ccvehG6g.s 			page 170


 4108              		.loc 1 2174 54 view .LVU1291
 4109 001a A068     		ldr	r0, [r4, #8]
2174:Drivers/STM32G0xx_HAL_Driver/Src/stm32g0xx_hal_spi.c ****          (tmp_state == HAL_SPI_STATE_BUSY_RX))))
 4110              		.loc 1 2174 40 view .LVU1292
 4111 001c 0028     		cmp	r0, #0
 4112 001e 00D0     		beq	.LCB3787
 4113 0020 E1E0     		b	.L284	@long jump
 4114              	.LCB3787:
2174:Drivers/STM32G0xx_HAL_Driver/Src/stm32g0xx_hal_spi.c ****          (tmp_state == HAL_SPI_STATE_BUSY_RX))))
 4115              		.loc 1 2174 90 discriminator 1 view .LVU1293
 4116 0022 042E     		cmp	r6, #4
 4117 0024 00D0     		beq	.LCB3789
 4118 0026 E0E0     		b	.L285	@long jump
 4119              	.LCB3789:
 4120              	.L270:
2180:Drivers/STM32G0xx_HAL_Driver/Src/stm32g0xx_hal_spi.c ****   {
 4121              		.loc 1 2180 3 is_stmt 1 view .LVU1294
2180:Drivers/STM32G0xx_HAL_Driver/Src/stm32g0xx_hal_spi.c ****   {
 4122              		.loc 1 2180 6 is_stmt 0 view .LVU1295
 4123 0028 0029     		cmp	r1, #0
 4124 002a 00D1     		bne	.LCB3793
 4125 002c DFE0     		b	.L286	@long jump
 4126              	.LCB3793:
2180:Drivers/STM32G0xx_HAL_Driver/Src/stm32g0xx_hal_spi.c ****   {
 4127              		.loc 1 2180 25 discriminator 1 view .LVU1296
 4128 002e 002A     		cmp	r2, #0
 4129 0030 00D1     		bne	.LCB3795
 4130 0032 DEE0     		b	.L287	@long jump
 4131              	.LCB3795:
2180:Drivers/STM32G0xx_HAL_Driver/Src/stm32g0xx_hal_spi.c ****   {
 4132              		.loc 1 2180 46 discriminator 2 view .LVU1297
 4133 0034 002B     		cmp	r3, #0
 4134 0036 00D1     		bne	.LCB3797
 4135 0038 DDE0     		b	.L288	@long jump
 4136              	.LCB3797:
2186:Drivers/STM32G0xx_HAL_Driver/Src/stm32g0xx_hal_spi.c **** 
 4137              		.loc 1 2186 3 is_stmt 1 view .LVU1298
2186:Drivers/STM32G0xx_HAL_Driver/Src/stm32g0xx_hal_spi.c **** 
 4138              		.loc 1 2186 3 view .LVU1299
 4139 003a 5C20     		movs	r0, #92
 4140 003c 205C     		ldrb	r0, [r4, r0]
 4141 003e 0128     		cmp	r0, #1
 4142 0040 00D1     		bne	.LCB3803
 4143 0042 DAE0     		b	.L289	@long jump
 4144              	.LCB3803:
2186:Drivers/STM32G0xx_HAL_Driver/Src/stm32g0xx_hal_spi.c **** 
 4145              		.loc 1 2186 3 discriminator 2 view .LVU1300
 4146 0044 5C20     		movs	r0, #92
 4147 0046 0125     		movs	r5, #1
 4148              	.LVL259:
2186:Drivers/STM32G0xx_HAL_Driver/Src/stm32g0xx_hal_spi.c **** 
 4149              		.loc 1 2186 3 is_stmt 0 discriminator 2 view .LVU1301
 4150 0048 2554     		strb	r5, [r4, r0]
 4151              	.LVL260:
2186:Drivers/STM32G0xx_HAL_Driver/Src/stm32g0xx_hal_spi.c **** 
 4152              		.loc 1 2186 3 is_stmt 1 view .LVU1302
2189:Drivers/STM32G0xx_HAL_Driver/Src/stm32g0xx_hal_spi.c ****   {
ARM GAS  C:\Users\Domagoj\AppData\Local\Temp\ccvehG6g.s 			page 171


 4153              		.loc 1 2189 3 view .LVU1303
2189:Drivers/STM32G0xx_HAL_Driver/Src/stm32g0xx_hal_spi.c ****   {
 4154              		.loc 1 2189 11 is_stmt 0 view .LVU1304
 4155 004a 0130     		adds	r0, r0, #1
 4156 004c 205C     		ldrb	r0, [r4, r0]
2189:Drivers/STM32G0xx_HAL_Driver/Src/stm32g0xx_hal_spi.c ****   {
 4157              		.loc 1 2189 6 view .LVU1305
 4158 004e 0428     		cmp	r0, #4
 4159 0050 02D0     		beq	.L272
2191:Drivers/STM32G0xx_HAL_Driver/Src/stm32g0xx_hal_spi.c ****   }
 4160              		.loc 1 2191 5 is_stmt 1 view .LVU1306
2191:Drivers/STM32G0xx_HAL_Driver/Src/stm32g0xx_hal_spi.c ****   }
 4161              		.loc 1 2191 17 is_stmt 0 view .LVU1307
 4162 0052 5D20     		movs	r0, #93
 4163 0054 0435     		adds	r5, r5, #4
 4164 0056 2554     		strb	r5, [r4, r0]
 4165              	.L272:
2195:Drivers/STM32G0xx_HAL_Driver/Src/stm32g0xx_hal_spi.c ****   hspi->pTxBuffPtr  = (const uint8_t *)pTxData;
 4166              		.loc 1 2195 3 is_stmt 1 view .LVU1308
2195:Drivers/STM32G0xx_HAL_Driver/Src/stm32g0xx_hal_spi.c ****   hspi->pTxBuffPtr  = (const uint8_t *)pTxData;
 4167              		.loc 1 2195 21 is_stmt 0 view .LVU1309
 4168 0058 0020     		movs	r0, #0
 4169 005a 2066     		str	r0, [r4, #96]
2196:Drivers/STM32G0xx_HAL_Driver/Src/stm32g0xx_hal_spi.c ****   hspi->TxXferSize  = Size;
 4170              		.loc 1 2196 3 is_stmt 1 view .LVU1310
2196:Drivers/STM32G0xx_HAL_Driver/Src/stm32g0xx_hal_spi.c ****   hspi->TxXferSize  = Size;
 4171              		.loc 1 2196 21 is_stmt 0 view .LVU1311
 4172 005c A163     		str	r1, [r4, #56]
2197:Drivers/STM32G0xx_HAL_Driver/Src/stm32g0xx_hal_spi.c ****   hspi->TxXferCount = Size;
 4173              		.loc 1 2197 3 is_stmt 1 view .LVU1312
2197:Drivers/STM32G0xx_HAL_Driver/Src/stm32g0xx_hal_spi.c ****   hspi->TxXferCount = Size;
 4174              		.loc 1 2197 21 is_stmt 0 view .LVU1313
 4175 005e A387     		strh	r3, [r4, #60]
2198:Drivers/STM32G0xx_HAL_Driver/Src/stm32g0xx_hal_spi.c ****   hspi->pRxBuffPtr  = (uint8_t *)pRxData;
 4176              		.loc 1 2198 3 is_stmt 1 view .LVU1314
2198:Drivers/STM32G0xx_HAL_Driver/Src/stm32g0xx_hal_spi.c ****   hspi->pRxBuffPtr  = (uint8_t *)pRxData;
 4177              		.loc 1 2198 21 is_stmt 0 view .LVU1315
 4178 0060 E387     		strh	r3, [r4, #62]
2199:Drivers/STM32G0xx_HAL_Driver/Src/stm32g0xx_hal_spi.c ****   hspi->RxXferSize  = Size;
 4179              		.loc 1 2199 3 is_stmt 1 view .LVU1316
2199:Drivers/STM32G0xx_HAL_Driver/Src/stm32g0xx_hal_spi.c ****   hspi->RxXferSize  = Size;
 4180              		.loc 1 2199 21 is_stmt 0 view .LVU1317
 4181 0062 2264     		str	r2, [r4, #64]
2200:Drivers/STM32G0xx_HAL_Driver/Src/stm32g0xx_hal_spi.c ****   hspi->RxXferCount = Size;
 4182              		.loc 1 2200 3 is_stmt 1 view .LVU1318
2200:Drivers/STM32G0xx_HAL_Driver/Src/stm32g0xx_hal_spi.c ****   hspi->RxXferCount = Size;
 4183              		.loc 1 2200 21 is_stmt 0 view .LVU1319
 4184 0064 4422     		movs	r2, #68
 4185              	.LVL261:
2200:Drivers/STM32G0xx_HAL_Driver/Src/stm32g0xx_hal_spi.c ****   hspi->RxXferCount = Size;
 4186              		.loc 1 2200 21 view .LVU1320
 4187 0066 A352     		strh	r3, [r4, r2]
 4188              	.LVL262:
2201:Drivers/STM32G0xx_HAL_Driver/Src/stm32g0xx_hal_spi.c **** 
 4189              		.loc 1 2201 3 is_stmt 1 view .LVU1321
2201:Drivers/STM32G0xx_HAL_Driver/Src/stm32g0xx_hal_spi.c **** 
 4190              		.loc 1 2201 21 is_stmt 0 view .LVU1322
ARM GAS  C:\Users\Domagoj\AppData\Local\Temp\ccvehG6g.s 			page 172


 4191 0068 0232     		adds	r2, r2, #2
 4192 006a A352     		strh	r3, [r4, r2]
2204:Drivers/STM32G0xx_HAL_Driver/Src/stm32g0xx_hal_spi.c ****   hspi->TxISR       = NULL;
 4193              		.loc 1 2204 3 is_stmt 1 view .LVU1323
2204:Drivers/STM32G0xx_HAL_Driver/Src/stm32g0xx_hal_spi.c ****   hspi->TxISR       = NULL;
 4194              		.loc 1 2204 21 is_stmt 0 view .LVU1324
 4195 006c E064     		str	r0, [r4, #76]
2205:Drivers/STM32G0xx_HAL_Driver/Src/stm32g0xx_hal_spi.c **** 
 4196              		.loc 1 2205 3 is_stmt 1 view .LVU1325
2205:Drivers/STM32G0xx_HAL_Driver/Src/stm32g0xx_hal_spi.c **** 
 4197              		.loc 1 2205 21 is_stmt 0 view .LVU1326
 4198 006e 2065     		str	r0, [r4, #80]
2216:Drivers/STM32G0xx_HAL_Driver/Src/stm32g0xx_hal_spi.c **** 
 4199              		.loc 1 2216 3 is_stmt 1 view .LVU1327
 4200 0070 2268     		ldr	r2, [r4]
 4201 0072 5368     		ldr	r3, [r2, #4]
 4202              	.LVL263:
2216:Drivers/STM32G0xx_HAL_Driver/Src/stm32g0xx_hal_spi.c **** 
 4203              		.loc 1 2216 3 is_stmt 0 view .LVU1328
 4204 0074 6249     		ldr	r1, .L294
 4205              	.LVL264:
2216:Drivers/STM32G0xx_HAL_Driver/Src/stm32g0xx_hal_spi.c **** 
 4206              		.loc 1 2216 3 view .LVU1329
 4207 0076 0B40     		ands	r3, r1
 4208 0078 5360     		str	r3, [r2, #4]
2219:Drivers/STM32G0xx_HAL_Driver/Src/stm32g0xx_hal_spi.c ****   {
 4209              		.loc 1 2219 3 is_stmt 1 view .LVU1330
2219:Drivers/STM32G0xx_HAL_Driver/Src/stm32g0xx_hal_spi.c ****   {
 4210              		.loc 1 2219 17 is_stmt 0 view .LVU1331
 4211 007a E268     		ldr	r2, [r4, #12]
2219:Drivers/STM32G0xx_HAL_Driver/Src/stm32g0xx_hal_spi.c ****   {
 4212              		.loc 1 2219 6 view .LVU1332
 4213 007c E023     		movs	r3, #224
 4214 007e DB00     		lsls	r3, r3, #3
 4215 0080 9A42     		cmp	r2, r3
 4216 0082 28D9     		bls	.L273
2222:Drivers/STM32G0xx_HAL_Driver/Src/stm32g0xx_hal_spi.c ****   }
 4217              		.loc 1 2222 5 is_stmt 1 view .LVU1333
 4218 0084 2268     		ldr	r2, [r4]
 4219 0086 5368     		ldr	r3, [r2, #4]
 4220 0088 5E49     		ldr	r1, .L294+4
 4221 008a 0B40     		ands	r3, r1
 4222 008c 5360     		str	r3, [r2, #4]
 4223              	.L274:
2262:Drivers/STM32G0xx_HAL_Driver/Src/stm32g0xx_hal_spi.c ****   {
 4224              		.loc 1 2262 3 view .LVU1334
2262:Drivers/STM32G0xx_HAL_Driver/Src/stm32g0xx_hal_spi.c ****   {
 4225              		.loc 1 2262 11 is_stmt 0 view .LVU1335
 4226 008e 5D23     		movs	r3, #93
 4227 0090 E35C     		ldrb	r3, [r4, r3]
2262:Drivers/STM32G0xx_HAL_Driver/Src/stm32g0xx_hal_spi.c ****   {
 4228              		.loc 1 2262 6 view .LVU1336
 4229 0092 042B     		cmp	r3, #4
 4230 0094 67D0     		beq	.L291
2271:Drivers/STM32G0xx_HAL_Driver/Src/stm32g0xx_hal_spi.c ****     hspi->hdmarx->XferCpltCallback     = SPI_DMATransmitReceiveCplt;
 4231              		.loc 1 2271 5 is_stmt 1 view .LVU1337
2271:Drivers/STM32G0xx_HAL_Driver/Src/stm32g0xx_hal_spi.c ****     hspi->hdmarx->XferCpltCallback     = SPI_DMATransmitReceiveCplt;
ARM GAS  C:\Users\Domagoj\AppData\Local\Temp\ccvehG6g.s 			page 173


 4232              		.loc 1 2271 9 is_stmt 0 view .LVU1338
 4233 0096 A36D     		ldr	r3, [r4, #88]
2271:Drivers/STM32G0xx_HAL_Driver/Src/stm32g0xx_hal_spi.c ****     hspi->hdmarx->XferCpltCallback     = SPI_DMATransmitReceiveCplt;
 4234              		.loc 1 2271 40 view .LVU1339
 4235 0098 5B4A     		ldr	r2, .L294+8
 4236 009a 1A63     		str	r2, [r3, #48]
2272:Drivers/STM32G0xx_HAL_Driver/Src/stm32g0xx_hal_spi.c ****   }
 4237              		.loc 1 2272 5 is_stmt 1 view .LVU1340
2272:Drivers/STM32G0xx_HAL_Driver/Src/stm32g0xx_hal_spi.c ****   }
 4238              		.loc 1 2272 9 is_stmt 0 view .LVU1341
 4239 009c A36D     		ldr	r3, [r4, #88]
2272:Drivers/STM32G0xx_HAL_Driver/Src/stm32g0xx_hal_spi.c ****   }
 4240              		.loc 1 2272 40 view .LVU1342
 4241 009e 5B4A     		ldr	r2, .L294+12
 4242 00a0 DA62     		str	r2, [r3, #44]
 4243              	.L279:
2276:Drivers/STM32G0xx_HAL_Driver/Src/stm32g0xx_hal_spi.c **** 
 4244              		.loc 1 2276 3 is_stmt 1 view .LVU1343
2276:Drivers/STM32G0xx_HAL_Driver/Src/stm32g0xx_hal_spi.c **** 
 4245              		.loc 1 2276 7 is_stmt 0 view .LVU1344
 4246 00a2 A36D     		ldr	r3, [r4, #88]
2276:Drivers/STM32G0xx_HAL_Driver/Src/stm32g0xx_hal_spi.c **** 
 4247              		.loc 1 2276 35 view .LVU1345
 4248 00a4 5A4A     		ldr	r2, .L294+16
 4249 00a6 5A63     		str	r2, [r3, #52]
2279:Drivers/STM32G0xx_HAL_Driver/Src/stm32g0xx_hal_spi.c **** 
 4250              		.loc 1 2279 3 is_stmt 1 view .LVU1346
2279:Drivers/STM32G0xx_HAL_Driver/Src/stm32g0xx_hal_spi.c **** 
 4251              		.loc 1 2279 7 is_stmt 0 view .LVU1347
 4252 00a8 A36D     		ldr	r3, [r4, #88]
2279:Drivers/STM32G0xx_HAL_Driver/Src/stm32g0xx_hal_spi.c **** 
 4253              		.loc 1 2279 35 view .LVU1348
 4254 00aa 0022     		movs	r2, #0
 4255 00ac 9A63     		str	r2, [r3, #56]
2282:Drivers/STM32G0xx_HAL_Driver/Src/stm32g0xx_hal_spi.c ****                                  hspi->RxXferCount))
 4256              		.loc 1 2282 3 is_stmt 1 view .LVU1349
2282:Drivers/STM32G0xx_HAL_Driver/Src/stm32g0xx_hal_spi.c ****                                  hspi->RxXferCount))
 4257              		.loc 1 2282 63 is_stmt 0 view .LVU1350
 4258 00ae 2168     		ldr	r1, [r4]
2282:Drivers/STM32G0xx_HAL_Driver/Src/stm32g0xx_hal_spi.c ****                                  hspi->RxXferCount))
 4259              		.loc 1 2282 58 view .LVU1351
 4260 00b0 0C31     		adds	r1, r1, #12
2282:Drivers/STM32G0xx_HAL_Driver/Src/stm32g0xx_hal_spi.c ****                                  hspi->RxXferCount))
 4261              		.loc 1 2282 93 view .LVU1352
 4262 00b2 226C     		ldr	r2, [r4, #64]
2283:Drivers/STM32G0xx_HAL_Driver/Src/stm32g0xx_hal_spi.c ****   {
 4263              		.loc 1 2283 38 view .LVU1353
 4264 00b4 4623     		movs	r3, #70
 4265 00b6 E35A     		ldrh	r3, [r4, r3]
 4266 00b8 9BB2     		uxth	r3, r3
2282:Drivers/STM32G0xx_HAL_Driver/Src/stm32g0xx_hal_spi.c ****                                  hspi->RxXferCount))
 4267              		.loc 1 2282 17 view .LVU1354
 4268 00ba A06D     		ldr	r0, [r4, #88]
 4269 00bc FFF7FEFF 		bl	HAL_DMA_Start_IT
 4270              	.LVL265:
2282:Drivers/STM32G0xx_HAL_Driver/Src/stm32g0xx_hal_spi.c ****                                  hspi->RxXferCount))
 4271              		.loc 1 2282 6 discriminator 1 view .LVU1355
ARM GAS  C:\Users\Domagoj\AppData\Local\Temp\ccvehG6g.s 			page 174


 4272 00c0 0028     		cmp	r0, #0
 4273 00c2 57D0     		beq	.L280
2286:Drivers/STM32G0xx_HAL_Driver/Src/stm32g0xx_hal_spi.c ****     /* Process Unlocked */
 4274              		.loc 1 2286 5 is_stmt 1 view .LVU1356
 4275 00c4 236E     		ldr	r3, [r4, #96]
 4276 00c6 1022     		movs	r2, #16
 4277 00c8 1343     		orrs	r3, r2
 4278 00ca 2366     		str	r3, [r4, #96]
2288:Drivers/STM32G0xx_HAL_Driver/Src/stm32g0xx_hal_spi.c ****     return HAL_ERROR;
 4279              		.loc 1 2288 5 view .LVU1357
2288:Drivers/STM32G0xx_HAL_Driver/Src/stm32g0xx_hal_spi.c ****     return HAL_ERROR;
 4280              		.loc 1 2288 5 view .LVU1358
 4281 00cc 5C23     		movs	r3, #92
 4282 00ce 0022     		movs	r2, #0
 4283 00d0 E254     		strb	r2, [r4, r3]
2288:Drivers/STM32G0xx_HAL_Driver/Src/stm32g0xx_hal_spi.c ****     return HAL_ERROR;
 4284              		.loc 1 2288 5 view .LVU1359
2289:Drivers/STM32G0xx_HAL_Driver/Src/stm32g0xx_hal_spi.c ****   }
 4285              		.loc 1 2289 5 view .LVU1360
2289:Drivers/STM32G0xx_HAL_Driver/Src/stm32g0xx_hal_spi.c ****   }
 4286              		.loc 1 2289 12 is_stmt 0 view .LVU1361
 4287 00d2 0120     		movs	r0, #1
 4288 00d4 86E0     		b	.L271
 4289              	.L273:
2227:Drivers/STM32G0xx_HAL_Driver/Src/stm32g0xx_hal_spi.c **** 
 4290              		.loc 1 2227 5 is_stmt 1 view .LVU1362
 4291 00d6 2268     		ldr	r2, [r4]
 4292 00d8 5168     		ldr	r1, [r2, #4]
 4293 00da 8023     		movs	r3, #128
 4294 00dc 5B01     		lsls	r3, r3, #5
 4295 00de 0B43     		orrs	r3, r1
 4296 00e0 5360     		str	r3, [r2, #4]
2229:Drivers/STM32G0xx_HAL_Driver/Src/stm32g0xx_hal_spi.c ****     {
 4297              		.loc 1 2229 5 view .LVU1363
2229:Drivers/STM32G0xx_HAL_Driver/Src/stm32g0xx_hal_spi.c ****     {
 4298              		.loc 1 2229 13 is_stmt 0 view .LVU1364
 4299 00e2 636D     		ldr	r3, [r4, #84]
2229:Drivers/STM32G0xx_HAL_Driver/Src/stm32g0xx_hal_spi.c ****     {
 4300              		.loc 1 2229 27 view .LVU1365
 4301 00e4 9A69     		ldr	r2, [r3, #24]
2229:Drivers/STM32G0xx_HAL_Driver/Src/stm32g0xx_hal_spi.c ****     {
 4302              		.loc 1 2229 8 view .LVU1366
 4303 00e6 8023     		movs	r3, #128
 4304 00e8 DB00     		lsls	r3, r3, #3
 4305 00ea 9A42     		cmp	r2, r3
 4306 00ec 18D0     		beq	.L292
 4307              	.L275:
2243:Drivers/STM32G0xx_HAL_Driver/Src/stm32g0xx_hal_spi.c ****     {
 4308              		.loc 1 2243 5 is_stmt 1 view .LVU1367
2243:Drivers/STM32G0xx_HAL_Driver/Src/stm32g0xx_hal_spi.c ****     {
 4309              		.loc 1 2243 13 is_stmt 0 view .LVU1368
 4310 00ee A36D     		ldr	r3, [r4, #88]
2243:Drivers/STM32G0xx_HAL_Driver/Src/stm32g0xx_hal_spi.c ****     {
 4311              		.loc 1 2243 27 view .LVU1369
 4312 00f0 9A69     		ldr	r2, [r3, #24]
2243:Drivers/STM32G0xx_HAL_Driver/Src/stm32g0xx_hal_spi.c ****     {
 4313              		.loc 1 2243 8 view .LVU1370
ARM GAS  C:\Users\Domagoj\AppData\Local\Temp\ccvehG6g.s 			page 175


 4314 00f2 8023     		movs	r3, #128
 4315 00f4 DB00     		lsls	r3, r3, #3
 4316 00f6 9A42     		cmp	r2, r3
 4317 00f8 C9D1     		bne	.L274
2246:Drivers/STM32G0xx_HAL_Driver/Src/stm32g0xx_hal_spi.c **** 
 4318              		.loc 1 2246 7 is_stmt 1 view .LVU1371
 4319 00fa 2268     		ldr	r2, [r4]
 4320 00fc 5368     		ldr	r3, [r2, #4]
 4321 00fe 4149     		ldr	r1, .L294+4
 4322 0100 0B40     		ands	r3, r1
 4323 0102 5360     		str	r3, [r2, #4]
2248:Drivers/STM32G0xx_HAL_Driver/Src/stm32g0xx_hal_spi.c ****       {
 4324              		.loc 1 2248 7 view .LVU1372
2248:Drivers/STM32G0xx_HAL_Driver/Src/stm32g0xx_hal_spi.c ****       {
 4325              		.loc 1 2248 16 is_stmt 0 view .LVU1373
 4326 0104 4623     		movs	r3, #70
 4327 0106 E35A     		ldrh	r3, [r4, r3]
2248:Drivers/STM32G0xx_HAL_Driver/Src/stm32g0xx_hal_spi.c ****       {
 4328              		.loc 1 2248 10 view .LVU1374
 4329 0108 DB07     		lsls	r3, r3, #31
 4330 010a 20D4     		bmi	.L277
2250:Drivers/STM32G0xx_HAL_Driver/Src/stm32g0xx_hal_spi.c ****         hspi->RxXferCount = hspi->RxXferCount >> 1U;
 4331              		.loc 1 2250 9 is_stmt 1 view .LVU1375
 4332 010c 2268     		ldr	r2, [r4]
 4333 010e 5368     		ldr	r3, [r2, #4]
 4334 0110 4049     		ldr	r1, .L294+20
 4335 0112 0B40     		ands	r3, r1
 4336 0114 5360     		str	r3, [r2, #4]
2251:Drivers/STM32G0xx_HAL_Driver/Src/stm32g0xx_hal_spi.c ****       }
 4337              		.loc 1 2251 9 view .LVU1376
2251:Drivers/STM32G0xx_HAL_Driver/Src/stm32g0xx_hal_spi.c ****       }
 4338              		.loc 1 2251 33 is_stmt 0 view .LVU1377
 4339 0116 4622     		movs	r2, #70
 4340 0118 A35A     		ldrh	r3, [r4, r2]
2251:Drivers/STM32G0xx_HAL_Driver/Src/stm32g0xx_hal_spi.c ****       }
 4341              		.loc 1 2251 27 view .LVU1378
 4342 011a 5B08     		lsrs	r3, r3, #1
 4343 011c A352     		strh	r3, [r4, r2]
 4344 011e B6E7     		b	.L274
 4345              	.L292:
2231:Drivers/STM32G0xx_HAL_Driver/Src/stm32g0xx_hal_spi.c ****       {
 4346              		.loc 1 2231 7 is_stmt 1 view .LVU1379
2231:Drivers/STM32G0xx_HAL_Driver/Src/stm32g0xx_hal_spi.c ****       {
 4347              		.loc 1 2231 16 is_stmt 0 view .LVU1380
 4348 0120 A38F     		ldrh	r3, [r4, #60]
2231:Drivers/STM32G0xx_HAL_Driver/Src/stm32g0xx_hal_spi.c ****       {
 4349              		.loc 1 2231 10 view .LVU1381
 4350 0122 DB07     		lsls	r3, r3, #31
 4351 0124 08D4     		bmi	.L276
2233:Drivers/STM32G0xx_HAL_Driver/Src/stm32g0xx_hal_spi.c ****         hspi->TxXferCount = hspi->TxXferCount >> 1U;
 4352              		.loc 1 2233 9 is_stmt 1 view .LVU1382
 4353 0126 2268     		ldr	r2, [r4]
 4354 0128 5368     		ldr	r3, [r2, #4]
 4355 012a 3B49     		ldr	r1, .L294+24
 4356 012c 0B40     		ands	r3, r1
 4357 012e 5360     		str	r3, [r2, #4]
2234:Drivers/STM32G0xx_HAL_Driver/Src/stm32g0xx_hal_spi.c ****       }
ARM GAS  C:\Users\Domagoj\AppData\Local\Temp\ccvehG6g.s 			page 176


 4358              		.loc 1 2234 9 view .LVU1383
2234:Drivers/STM32G0xx_HAL_Driver/Src/stm32g0xx_hal_spi.c ****       }
 4359              		.loc 1 2234 33 is_stmt 0 view .LVU1384
 4360 0130 E38F     		ldrh	r3, [r4, #62]
2234:Drivers/STM32G0xx_HAL_Driver/Src/stm32g0xx_hal_spi.c ****       }
 4361              		.loc 1 2234 27 view .LVU1385
 4362 0132 5B08     		lsrs	r3, r3, #1
 4363 0134 E387     		strh	r3, [r4, #62]
 4364 0136 DAE7     		b	.L275
 4365              	.L276:
2238:Drivers/STM32G0xx_HAL_Driver/Src/stm32g0xx_hal_spi.c ****         hspi->TxXferCount = (hspi->TxXferCount >> 1U) + 1U;
 4366              		.loc 1 2238 9 is_stmt 1 view .LVU1386
 4367 0138 2268     		ldr	r2, [r4]
 4368 013a 5168     		ldr	r1, [r2, #4]
 4369 013c 8023     		movs	r3, #128
 4370 013e DB01     		lsls	r3, r3, #7
 4371 0140 0B43     		orrs	r3, r1
 4372 0142 5360     		str	r3, [r2, #4]
2239:Drivers/STM32G0xx_HAL_Driver/Src/stm32g0xx_hal_spi.c ****       }
 4373              		.loc 1 2239 9 view .LVU1387
2239:Drivers/STM32G0xx_HAL_Driver/Src/stm32g0xx_hal_spi.c ****       }
 4374              		.loc 1 2239 34 is_stmt 0 view .LVU1388
 4375 0144 E38F     		ldrh	r3, [r4, #62]
2239:Drivers/STM32G0xx_HAL_Driver/Src/stm32g0xx_hal_spi.c ****       }
 4376              		.loc 1 2239 55 view .LVU1389
 4377 0146 5B08     		lsrs	r3, r3, #1
 4378 0148 0133     		adds	r3, r3, #1
2239:Drivers/STM32G0xx_HAL_Driver/Src/stm32g0xx_hal_spi.c ****       }
 4379              		.loc 1 2239 27 view .LVU1390
 4380 014a E387     		strh	r3, [r4, #62]
 4381 014c CFE7     		b	.L275
 4382              	.L277:
2255:Drivers/STM32G0xx_HAL_Driver/Src/stm32g0xx_hal_spi.c ****         hspi->RxXferCount = (hspi->RxXferCount >> 1U) + 1U;
 4383              		.loc 1 2255 9 is_stmt 1 view .LVU1391
 4384 014e 2268     		ldr	r2, [r4]
 4385 0150 5168     		ldr	r1, [r2, #4]
 4386 0152 8023     		movs	r3, #128
 4387 0154 9B01     		lsls	r3, r3, #6
 4388 0156 0B43     		orrs	r3, r1
 4389 0158 5360     		str	r3, [r2, #4]
2256:Drivers/STM32G0xx_HAL_Driver/Src/stm32g0xx_hal_spi.c ****       }
 4390              		.loc 1 2256 9 view .LVU1392
2256:Drivers/STM32G0xx_HAL_Driver/Src/stm32g0xx_hal_spi.c ****       }
 4391              		.loc 1 2256 34 is_stmt 0 view .LVU1393
 4392 015a 4622     		movs	r2, #70
 4393 015c A35A     		ldrh	r3, [r4, r2]
2256:Drivers/STM32G0xx_HAL_Driver/Src/stm32g0xx_hal_spi.c ****       }
 4394              		.loc 1 2256 55 view .LVU1394
 4395 015e 5B08     		lsrs	r3, r3, #1
 4396 0160 0133     		adds	r3, r3, #1
2256:Drivers/STM32G0xx_HAL_Driver/Src/stm32g0xx_hal_spi.c ****       }
 4397              		.loc 1 2256 27 view .LVU1395
 4398 0162 A352     		strh	r3, [r4, r2]
 4399 0164 93E7     		b	.L274
 4400              	.L291:
2265:Drivers/STM32G0xx_HAL_Driver/Src/stm32g0xx_hal_spi.c ****     hspi->hdmarx->XferCpltCallback     = SPI_DMAReceiveCplt;
 4401              		.loc 1 2265 5 is_stmt 1 view .LVU1396
ARM GAS  C:\Users\Domagoj\AppData\Local\Temp\ccvehG6g.s 			page 177


2265:Drivers/STM32G0xx_HAL_Driver/Src/stm32g0xx_hal_spi.c ****     hspi->hdmarx->XferCpltCallback     = SPI_DMAReceiveCplt;
 4402              		.loc 1 2265 9 is_stmt 0 view .LVU1397
 4403 0166 A36D     		ldr	r3, [r4, #88]
2265:Drivers/STM32G0xx_HAL_Driver/Src/stm32g0xx_hal_spi.c ****     hspi->hdmarx->XferCpltCallback     = SPI_DMAReceiveCplt;
 4404              		.loc 1 2265 40 view .LVU1398
 4405 0168 2C4A     		ldr	r2, .L294+28
 4406 016a 1A63     		str	r2, [r3, #48]
2266:Drivers/STM32G0xx_HAL_Driver/Src/stm32g0xx_hal_spi.c ****   }
 4407              		.loc 1 2266 5 is_stmt 1 view .LVU1399
2266:Drivers/STM32G0xx_HAL_Driver/Src/stm32g0xx_hal_spi.c ****   }
 4408              		.loc 1 2266 9 is_stmt 0 view .LVU1400
 4409 016c A36D     		ldr	r3, [r4, #88]
2266:Drivers/STM32G0xx_HAL_Driver/Src/stm32g0xx_hal_spi.c ****   }
 4410              		.loc 1 2266 40 view .LVU1401
 4411 016e 2C4A     		ldr	r2, .L294+32
 4412 0170 DA62     		str	r2, [r3, #44]
 4413 0172 96E7     		b	.L279
 4414              	.L280:
2293:Drivers/STM32G0xx_HAL_Driver/Src/stm32g0xx_hal_spi.c **** 
 4415              		.loc 1 2293 3 is_stmt 1 view .LVU1402
 4416 0174 2268     		ldr	r2, [r4]
 4417 0176 5368     		ldr	r3, [r2, #4]
 4418 0178 0121     		movs	r1, #1
 4419 017a 0B43     		orrs	r3, r1
 4420 017c 5360     		str	r3, [r2, #4]
2297:Drivers/STM32G0xx_HAL_Driver/Src/stm32g0xx_hal_spi.c ****   hspi->hdmatx->XferCpltCallback     = NULL;
 4421              		.loc 1 2297 3 view .LVU1403
2297:Drivers/STM32G0xx_HAL_Driver/Src/stm32g0xx_hal_spi.c ****   hspi->hdmatx->XferCpltCallback     = NULL;
 4422              		.loc 1 2297 7 is_stmt 0 view .LVU1404
 4423 017e 626D     		ldr	r2, [r4, #84]
2297:Drivers/STM32G0xx_HAL_Driver/Src/stm32g0xx_hal_spi.c ****   hspi->hdmatx->XferCpltCallback     = NULL;
 4424              		.loc 1 2297 38 view .LVU1405
 4425 0180 0023     		movs	r3, #0
 4426 0182 1363     		str	r3, [r2, #48]
2298:Drivers/STM32G0xx_HAL_Driver/Src/stm32g0xx_hal_spi.c ****   hspi->hdmatx->XferErrorCallback    = NULL;
 4427              		.loc 1 2298 3 is_stmt 1 view .LVU1406
2298:Drivers/STM32G0xx_HAL_Driver/Src/stm32g0xx_hal_spi.c ****   hspi->hdmatx->XferErrorCallback    = NULL;
 4428              		.loc 1 2298 7 is_stmt 0 view .LVU1407
 4429 0184 626D     		ldr	r2, [r4, #84]
2298:Drivers/STM32G0xx_HAL_Driver/Src/stm32g0xx_hal_spi.c ****   hspi->hdmatx->XferErrorCallback    = NULL;
 4430              		.loc 1 2298 38 view .LVU1408
 4431 0186 D362     		str	r3, [r2, #44]
2299:Drivers/STM32G0xx_HAL_Driver/Src/stm32g0xx_hal_spi.c ****   hspi->hdmatx->XferAbortCallback    = NULL;
 4432              		.loc 1 2299 3 is_stmt 1 view .LVU1409
2299:Drivers/STM32G0xx_HAL_Driver/Src/stm32g0xx_hal_spi.c ****   hspi->hdmatx->XferAbortCallback    = NULL;
 4433              		.loc 1 2299 7 is_stmt 0 view .LVU1410
 4434 0188 626D     		ldr	r2, [r4, #84]
2299:Drivers/STM32G0xx_HAL_Driver/Src/stm32g0xx_hal_spi.c ****   hspi->hdmatx->XferAbortCallback    = NULL;
 4435              		.loc 1 2299 38 view .LVU1411
 4436 018a 5363     		str	r3, [r2, #52]
2300:Drivers/STM32G0xx_HAL_Driver/Src/stm32g0xx_hal_spi.c **** 
 4437              		.loc 1 2300 3 is_stmt 1 view .LVU1412
2300:Drivers/STM32G0xx_HAL_Driver/Src/stm32g0xx_hal_spi.c **** 
 4438              		.loc 1 2300 7 is_stmt 0 view .LVU1413
 4439 018c 626D     		ldr	r2, [r4, #84]
2300:Drivers/STM32G0xx_HAL_Driver/Src/stm32g0xx_hal_spi.c **** 
 4440              		.loc 1 2300 38 view .LVU1414
ARM GAS  C:\Users\Domagoj\AppData\Local\Temp\ccvehG6g.s 			page 178


 4441 018e 9363     		str	r3, [r2, #56]
2303:Drivers/STM32G0xx_HAL_Driver/Src/stm32g0xx_hal_spi.c ****                                  hspi->TxXferCount))
 4442              		.loc 1 2303 3 is_stmt 1 view .LVU1415
2303:Drivers/STM32G0xx_HAL_Driver/Src/stm32g0xx_hal_spi.c ****                                  hspi->TxXferCount))
 4443              		.loc 1 2303 62 is_stmt 0 view .LVU1416
 4444 0190 A16B     		ldr	r1, [r4, #56]
2303:Drivers/STM32G0xx_HAL_Driver/Src/stm32g0xx_hal_spi.c ****                                  hspi->TxXferCount))
 4445              		.loc 1 2303 91 view .LVU1417
 4446 0192 2268     		ldr	r2, [r4]
2303:Drivers/STM32G0xx_HAL_Driver/Src/stm32g0xx_hal_spi.c ****                                  hspi->TxXferCount))
 4447              		.loc 1 2303 86 view .LVU1418
 4448 0194 0C32     		adds	r2, r2, #12
2304:Drivers/STM32G0xx_HAL_Driver/Src/stm32g0xx_hal_spi.c ****   {
 4449              		.loc 1 2304 38 view .LVU1419
 4450 0196 E38F     		ldrh	r3, [r4, #62]
 4451 0198 9BB2     		uxth	r3, r3
2303:Drivers/STM32G0xx_HAL_Driver/Src/stm32g0xx_hal_spi.c ****                                  hspi->TxXferCount))
 4452              		.loc 1 2303 17 view .LVU1420
 4453 019a 606D     		ldr	r0, [r4, #84]
 4454 019c FFF7FEFF 		bl	HAL_DMA_Start_IT
 4455              	.LVL266:
2303:Drivers/STM32G0xx_HAL_Driver/Src/stm32g0xx_hal_spi.c ****                                  hspi->TxXferCount))
 4456              		.loc 1 2303 6 discriminator 1 view .LVU1421
 4457 01a0 0028     		cmp	r0, #0
 4458 01a2 15D1     		bne	.L293
2314:Drivers/STM32G0xx_HAL_Driver/Src/stm32g0xx_hal_spi.c ****   {
 4459              		.loc 1 2314 3 is_stmt 1 view .LVU1422
2314:Drivers/STM32G0xx_HAL_Driver/Src/stm32g0xx_hal_spi.c ****   {
 4460              		.loc 1 2314 12 is_stmt 0 view .LVU1423
 4461 01a4 2268     		ldr	r2, [r4]
2314:Drivers/STM32G0xx_HAL_Driver/Src/stm32g0xx_hal_spi.c ****   {
 4462              		.loc 1 2314 22 view .LVU1424
 4463 01a6 1368     		ldr	r3, [r2]
2314:Drivers/STM32G0xx_HAL_Driver/Src/stm32g0xx_hal_spi.c ****   {
 4464              		.loc 1 2314 6 view .LVU1425
 4465 01a8 5B06     		lsls	r3, r3, #25
 4466 01aa 03D4     		bmi	.L282
2317:Drivers/STM32G0xx_HAL_Driver/Src/stm32g0xx_hal_spi.c ****   }
 4467              		.loc 1 2317 5 is_stmt 1 view .LVU1426
 4468 01ac 1368     		ldr	r3, [r2]
 4469 01ae 4021     		movs	r1, #64
 4470 01b0 0B43     		orrs	r3, r1
 4471 01b2 1360     		str	r3, [r2]
 4472              	.L282:
2321:Drivers/STM32G0xx_HAL_Driver/Src/stm32g0xx_hal_spi.c **** 
 4473              		.loc 1 2321 3 view .LVU1427
2321:Drivers/STM32G0xx_HAL_Driver/Src/stm32g0xx_hal_spi.c **** 
 4474              		.loc 1 2321 3 view .LVU1428
 4475 01b4 5C23     		movs	r3, #92
 4476 01b6 0022     		movs	r2, #0
 4477 01b8 E254     		strb	r2, [r4, r3]
2321:Drivers/STM32G0xx_HAL_Driver/Src/stm32g0xx_hal_spi.c **** 
 4478              		.loc 1 2321 3 view .LVU1429
2324:Drivers/STM32G0xx_HAL_Driver/Src/stm32g0xx_hal_spi.c **** 
 4479              		.loc 1 2324 3 view .LVU1430
 4480 01ba 2268     		ldr	r2, [r4]
 4481 01bc 5368     		ldr	r3, [r2, #4]
ARM GAS  C:\Users\Domagoj\AppData\Local\Temp\ccvehG6g.s 			page 179


 4482 01be 2021     		movs	r1, #32
 4483 01c0 0B43     		orrs	r3, r1
 4484 01c2 5360     		str	r3, [r2, #4]
2327:Drivers/STM32G0xx_HAL_Driver/Src/stm32g0xx_hal_spi.c **** 
 4485              		.loc 1 2327 3 view .LVU1431
 4486 01c4 2268     		ldr	r2, [r4]
 4487 01c6 5368     		ldr	r3, [r2, #4]
 4488 01c8 1E39     		subs	r1, r1, #30
 4489 01ca 0B43     		orrs	r3, r1
 4490 01cc 5360     		str	r3, [r2, #4]
2329:Drivers/STM32G0xx_HAL_Driver/Src/stm32g0xx_hal_spi.c **** }
 4491              		.loc 1 2329 3 view .LVU1432
2329:Drivers/STM32G0xx_HAL_Driver/Src/stm32g0xx_hal_spi.c **** }
 4492              		.loc 1 2329 10 is_stmt 0 view .LVU1433
 4493 01ce 09E0     		b	.L271
 4494              	.L293:
2307:Drivers/STM32G0xx_HAL_Driver/Src/stm32g0xx_hal_spi.c ****     /* Process Unlocked */
 4495              		.loc 1 2307 5 is_stmt 1 view .LVU1434
 4496 01d0 236E     		ldr	r3, [r4, #96]
 4497 01d2 1022     		movs	r2, #16
 4498 01d4 1343     		orrs	r3, r2
 4499 01d6 2366     		str	r3, [r4, #96]
2309:Drivers/STM32G0xx_HAL_Driver/Src/stm32g0xx_hal_spi.c ****     return HAL_ERROR;
 4500              		.loc 1 2309 5 view .LVU1435
2309:Drivers/STM32G0xx_HAL_Driver/Src/stm32g0xx_hal_spi.c ****     return HAL_ERROR;
 4501              		.loc 1 2309 5 view .LVU1436
 4502 01d8 5C23     		movs	r3, #92
 4503 01da 0022     		movs	r2, #0
 4504 01dc E254     		strb	r2, [r4, r3]
2309:Drivers/STM32G0xx_HAL_Driver/Src/stm32g0xx_hal_spi.c ****     return HAL_ERROR;
 4505              		.loc 1 2309 5 view .LVU1437
2310:Drivers/STM32G0xx_HAL_Driver/Src/stm32g0xx_hal_spi.c ****   }
 4506              		.loc 1 2310 5 view .LVU1438
2310:Drivers/STM32G0xx_HAL_Driver/Src/stm32g0xx_hal_spi.c ****   }
 4507              		.loc 1 2310 12 is_stmt 0 view .LVU1439
 4508 01de 0120     		movs	r0, #1
 4509 01e0 00E0     		b	.L271
 4510              	.LVL267:
 4511              	.L283:
2177:Drivers/STM32G0xx_HAL_Driver/Src/stm32g0xx_hal_spi.c ****   }
 4512              		.loc 1 2177 12 view .LVU1440
 4513 01e2 0220     		movs	r0, #2
 4514              	.LVL268:
 4515              	.L271:
2330:Drivers/STM32G0xx_HAL_Driver/Src/stm32g0xx_hal_spi.c **** 
 4516              		.loc 1 2330 1 view .LVU1441
 4517              		@ sp needed
 4518              	.LVL269:
 4519              	.LVL270:
2330:Drivers/STM32G0xx_HAL_Driver/Src/stm32g0xx_hal_spi.c **** 
 4520              		.loc 1 2330 1 view .LVU1442
 4521 01e4 70BD     		pop	{r4, r5, r6, pc}
 4522              	.LVL271:
 4523              	.L284:
2177:Drivers/STM32G0xx_HAL_Driver/Src/stm32g0xx_hal_spi.c ****   }
 4524              		.loc 1 2177 12 view .LVU1443
 4525 01e6 0220     		movs	r0, #2
ARM GAS  C:\Users\Domagoj\AppData\Local\Temp\ccvehG6g.s 			page 180


 4526 01e8 FCE7     		b	.L271
 4527              	.L285:
 4528 01ea 0220     		movs	r0, #2
 4529 01ec FAE7     		b	.L271
 4530              	.L286:
2182:Drivers/STM32G0xx_HAL_Driver/Src/stm32g0xx_hal_spi.c ****   }
 4531              		.loc 1 2182 12 view .LVU1444
 4532 01ee 0120     		movs	r0, #1
 4533 01f0 F8E7     		b	.L271
 4534              	.L287:
 4535 01f2 0120     		movs	r0, #1
 4536 01f4 F6E7     		b	.L271
 4537              	.L288:
 4538 01f6 0120     		movs	r0, #1
 4539 01f8 F4E7     		b	.L271
 4540              	.L289:
2186:Drivers/STM32G0xx_HAL_Driver/Src/stm32g0xx_hal_spi.c **** 
 4541              		.loc 1 2186 3 discriminator 1 view .LVU1445
 4542 01fa 0220     		movs	r0, #2
 4543 01fc F2E7     		b	.L271
 4544              	.L295:
 4545 01fe C046     		.align	2
 4546              	.L294:
 4547 0200 FF9FFFFF 		.word	-24577
 4548 0204 FFEFFFFF 		.word	-4097
 4549 0208 00000000 		.word	SPI_DMAHalfTransmitReceiveCplt
 4550 020c 00000000 		.word	SPI_DMATransmitReceiveCplt
 4551 0210 00000000 		.word	SPI_DMAError
 4552 0214 FFDFFFFF 		.word	-8193
 4553 0218 FFBFFFFF 		.word	-16385
 4554 021c 00000000 		.word	SPI_DMAHalfReceiveCplt
 4555 0220 00000000 		.word	SPI_DMAReceiveCplt
 4556              		.cfi_endproc
 4557              	.LFE375:
 4559              		.section	.text.HAL_SPI_Receive_DMA,"ax",%progbits
 4560              		.align	1
 4561              		.global	HAL_SPI_Receive_DMA
 4562              		.syntax unified
 4563              		.code	16
 4564              		.thumb_func
 4566              	HAL_SPI_Receive_DMA:
 4567              	.LVL272:
 4568              	.LFB374:
2017:Drivers/STM32G0xx_HAL_Driver/Src/stm32g0xx_hal_spi.c ****   /* Check rx dma handle */
 4569              		.loc 1 2017 1 is_stmt 1 view -0
 4570              		.cfi_startproc
 4571              		@ args = 0, pretend = 0, frame = 0
 4572              		@ frame_needed = 0, uses_anonymous_args = 0
2017:Drivers/STM32G0xx_HAL_Driver/Src/stm32g0xx_hal_spi.c ****   /* Check rx dma handle */
 4573              		.loc 1 2017 1 is_stmt 0 view .LVU1447
 4574 0000 70B5     		push	{r4, r5, r6, lr}
 4575              	.LCFI30:
 4576              		.cfi_def_cfa_offset 16
 4577              		.cfi_offset 4, -16
 4578              		.cfi_offset 5, -12
 4579              		.cfi_offset 6, -8
 4580              		.cfi_offset 14, -4
ARM GAS  C:\Users\Domagoj\AppData\Local\Temp\ccvehG6g.s 			page 181


 4581 0002 0400     		movs	r4, r0
2019:Drivers/STM32G0xx_HAL_Driver/Src/stm32g0xx_hal_spi.c **** 
 4582              		.loc 1 2019 3 is_stmt 1 view .LVU1448
2021:Drivers/STM32G0xx_HAL_Driver/Src/stm32g0xx_hal_spi.c ****   {
 4583              		.loc 1 2021 3 view .LVU1449
2021:Drivers/STM32G0xx_HAL_Driver/Src/stm32g0xx_hal_spi.c ****   {
 4584              		.loc 1 2021 11 is_stmt 0 view .LVU1450
 4585 0004 5D23     		movs	r3, #93
 4586 0006 C35C     		ldrb	r3, [r0, r3]
 4587 0008 DDB2     		uxtb	r5, r3
2021:Drivers/STM32G0xx_HAL_Driver/Src/stm32g0xx_hal_spi.c ****   {
 4588              		.loc 1 2021 6 view .LVU1451
 4589 000a 012B     		cmp	r3, #1
 4590 000c 00D0     		beq	.LCB4233
 4591 000e ACE0     		b	.L305	@long jump
 4592              	.LCB4233:
2026:Drivers/STM32G0xx_HAL_Driver/Src/stm32g0xx_hal_spi.c ****   {
 4593              		.loc 1 2026 3 is_stmt 1 view .LVU1452
2026:Drivers/STM32G0xx_HAL_Driver/Src/stm32g0xx_hal_spi.c ****   {
 4594              		.loc 1 2026 6 is_stmt 0 view .LVU1453
 4595 0010 0029     		cmp	r1, #0
 4596 0012 00D1     		bne	.LCB4236
 4597 0014 AAE0     		b	.L297	@long jump
 4598              	.LCB4236:
2026:Drivers/STM32G0xx_HAL_Driver/Src/stm32g0xx_hal_spi.c ****   {
 4599              		.loc 1 2026 23 discriminator 1 view .LVU1454
 4600 0016 002A     		cmp	r2, #0
 4601 0018 00D1     		bne	.LCB4238
 4602 001a A7E0     		b	.L297	@long jump
 4603              	.LCB4238:
2031:Drivers/STM32G0xx_HAL_Driver/Src/stm32g0xx_hal_spi.c ****   {
 4604              		.loc 1 2031 3 is_stmt 1 view .LVU1455
2031:Drivers/STM32G0xx_HAL_Driver/Src/stm32g0xx_hal_spi.c ****   {
 4605              		.loc 1 2031 18 is_stmt 0 view .LVU1456
 4606 001c 8068     		ldr	r0, [r0, #8]
 4607              	.LVL273:
2031:Drivers/STM32G0xx_HAL_Driver/Src/stm32g0xx_hal_spi.c ****   {
 4608              		.loc 1 2031 6 view .LVU1457
 4609 001e 0028     		cmp	r0, #0
 4610 0020 04D1     		bne	.L298
2031:Drivers/STM32G0xx_HAL_Driver/Src/stm32g0xx_hal_spi.c ****   {
 4611              		.loc 1 2031 68 discriminator 1 view .LVU1458
 4612 0022 6668     		ldr	r6, [r4, #4]
2031:Drivers/STM32G0xx_HAL_Driver/Src/stm32g0xx_hal_spi.c ****   {
 4613              		.loc 1 2031 54 discriminator 1 view .LVU1459
 4614 0024 0433     		adds	r3, r3, #4
 4615 0026 FF33     		adds	r3, r3, #255
 4616 0028 9E42     		cmp	r6, r3
 4617 002a 56D0     		beq	.L308
 4618              	.L298:
2043:Drivers/STM32G0xx_HAL_Driver/Src/stm32g0xx_hal_spi.c **** 
 4619              		.loc 1 2043 3 is_stmt 1 view .LVU1460
2043:Drivers/STM32G0xx_HAL_Driver/Src/stm32g0xx_hal_spi.c **** 
 4620              		.loc 1 2043 3 view .LVU1461
 4621 002c 5C23     		movs	r3, #92
 4622 002e E35C     		ldrb	r3, [r4, r3]
 4623 0030 012B     		cmp	r3, #1
ARM GAS  C:\Users\Domagoj\AppData\Local\Temp\ccvehG6g.s 			page 182


 4624 0032 00D1     		bne	.LCB4255
 4625 0034 9CE0     		b	.L306	@long jump
 4626              	.LCB4255:
2043:Drivers/STM32G0xx_HAL_Driver/Src/stm32g0xx_hal_spi.c **** 
 4627              		.loc 1 2043 3 discriminator 2 view .LVU1462
 4628 0036 5C23     		movs	r3, #92
 4629 0038 0126     		movs	r6, #1
 4630 003a E654     		strb	r6, [r4, r3]
2043:Drivers/STM32G0xx_HAL_Driver/Src/stm32g0xx_hal_spi.c **** 
 4631              		.loc 1 2043 3 view .LVU1463
2046:Drivers/STM32G0xx_HAL_Driver/Src/stm32g0xx_hal_spi.c ****   hspi->ErrorCode   = HAL_SPI_ERROR_NONE;
 4632              		.loc 1 2046 3 view .LVU1464
2046:Drivers/STM32G0xx_HAL_Driver/Src/stm32g0xx_hal_spi.c ****   hspi->ErrorCode   = HAL_SPI_ERROR_NONE;
 4633              		.loc 1 2046 21 is_stmt 0 view .LVU1465
 4634 003c 0133     		adds	r3, r3, #1
 4635 003e 0336     		adds	r6, r6, #3
 4636 0040 E654     		strb	r6, [r4, r3]
2047:Drivers/STM32G0xx_HAL_Driver/Src/stm32g0xx_hal_spi.c ****   hspi->pRxBuffPtr  = (uint8_t *)pData;
 4637              		.loc 1 2047 3 is_stmt 1 view .LVU1466
2047:Drivers/STM32G0xx_HAL_Driver/Src/stm32g0xx_hal_spi.c ****   hspi->pRxBuffPtr  = (uint8_t *)pData;
 4638              		.loc 1 2047 21 is_stmt 0 view .LVU1467
 4639 0042 0023     		movs	r3, #0
 4640 0044 2366     		str	r3, [r4, #96]
2048:Drivers/STM32G0xx_HAL_Driver/Src/stm32g0xx_hal_spi.c ****   hspi->RxXferSize  = Size;
 4641              		.loc 1 2048 3 is_stmt 1 view .LVU1468
2048:Drivers/STM32G0xx_HAL_Driver/Src/stm32g0xx_hal_spi.c ****   hspi->RxXferSize  = Size;
 4642              		.loc 1 2048 21 is_stmt 0 view .LVU1469
 4643 0046 2164     		str	r1, [r4, #64]
2049:Drivers/STM32G0xx_HAL_Driver/Src/stm32g0xx_hal_spi.c ****   hspi->RxXferCount = Size;
 4644              		.loc 1 2049 3 is_stmt 1 view .LVU1470
2049:Drivers/STM32G0xx_HAL_Driver/Src/stm32g0xx_hal_spi.c ****   hspi->RxXferCount = Size;
 4645              		.loc 1 2049 21 is_stmt 0 view .LVU1471
 4646 0048 4421     		movs	r1, #68
 4647              	.LVL274:
2049:Drivers/STM32G0xx_HAL_Driver/Src/stm32g0xx_hal_spi.c ****   hspi->RxXferCount = Size;
 4648              		.loc 1 2049 21 view .LVU1472
 4649 004a 6252     		strh	r2, [r4, r1]
 4650              	.LVL275:
2050:Drivers/STM32G0xx_HAL_Driver/Src/stm32g0xx_hal_spi.c **** 
 4651              		.loc 1 2050 3 is_stmt 1 view .LVU1473
2050:Drivers/STM32G0xx_HAL_Driver/Src/stm32g0xx_hal_spi.c **** 
 4652              		.loc 1 2050 21 is_stmt 0 view .LVU1474
 4653 004c 0231     		adds	r1, r1, #2
 4654 004e 6252     		strh	r2, [r4, r1]
2053:Drivers/STM32G0xx_HAL_Driver/Src/stm32g0xx_hal_spi.c ****   hspi->TxISR       = NULL;
 4655              		.loc 1 2053 3 is_stmt 1 view .LVU1475
2053:Drivers/STM32G0xx_HAL_Driver/Src/stm32g0xx_hal_spi.c ****   hspi->TxISR       = NULL;
 4656              		.loc 1 2053 21 is_stmt 0 view .LVU1476
 4657 0050 E364     		str	r3, [r4, #76]
2054:Drivers/STM32G0xx_HAL_Driver/Src/stm32g0xx_hal_spi.c ****   hspi->TxXferSize  = 0U;
 4658              		.loc 1 2054 3 is_stmt 1 view .LVU1477
2054:Drivers/STM32G0xx_HAL_Driver/Src/stm32g0xx_hal_spi.c ****   hspi->TxXferSize  = 0U;
 4659              		.loc 1 2054 21 is_stmt 0 view .LVU1478
 4660 0052 2365     		str	r3, [r4, #80]
2055:Drivers/STM32G0xx_HAL_Driver/Src/stm32g0xx_hal_spi.c ****   hspi->TxXferCount = 0U;
 4661              		.loc 1 2055 3 is_stmt 1 view .LVU1479
2055:Drivers/STM32G0xx_HAL_Driver/Src/stm32g0xx_hal_spi.c ****   hspi->TxXferCount = 0U;
ARM GAS  C:\Users\Domagoj\AppData\Local\Temp\ccvehG6g.s 			page 183


 4662              		.loc 1 2055 21 is_stmt 0 view .LVU1480
 4663 0054 A387     		strh	r3, [r4, #60]
2056:Drivers/STM32G0xx_HAL_Driver/Src/stm32g0xx_hal_spi.c **** 
 4664              		.loc 1 2056 3 is_stmt 1 view .LVU1481
2056:Drivers/STM32G0xx_HAL_Driver/Src/stm32g0xx_hal_spi.c **** 
 4665              		.loc 1 2056 21 is_stmt 0 view .LVU1482
 4666 0056 E387     		strh	r3, [r4, #62]
2059:Drivers/STM32G0xx_HAL_Driver/Src/stm32g0xx_hal_spi.c ****   {
 4667              		.loc 1 2059 3 is_stmt 1 view .LVU1483
2059:Drivers/STM32G0xx_HAL_Driver/Src/stm32g0xx_hal_spi.c ****   {
 4668              		.loc 1 2059 6 is_stmt 0 view .LVU1484
 4669 0058 8023     		movs	r3, #128
 4670 005a 1B02     		lsls	r3, r3, #8
 4671 005c 9842     		cmp	r0, r3
 4672 005e 46D0     		beq	.L309
 4673              	.LVL276:
 4674              	.L299:
2075:Drivers/STM32G0xx_HAL_Driver/Src/stm32g0xx_hal_spi.c ****   if (hspi->Init.DataSize > SPI_DATASIZE_8BIT)
 4675              		.loc 1 2075 3 is_stmt 1 view .LVU1485
 4676 0060 2268     		ldr	r2, [r4]
 4677 0062 5368     		ldr	r3, [r2, #4]
 4678 0064 4349     		ldr	r1, .L311
 4679 0066 0B40     		ands	r3, r1
 4680 0068 5360     		str	r3, [r2, #4]
2076:Drivers/STM32G0xx_HAL_Driver/Src/stm32g0xx_hal_spi.c ****   {
 4681              		.loc 1 2076 3 view .LVU1486
2076:Drivers/STM32G0xx_HAL_Driver/Src/stm32g0xx_hal_spi.c ****   {
 4682              		.loc 1 2076 17 is_stmt 0 view .LVU1487
 4683 006a E268     		ldr	r2, [r4, #12]
2076:Drivers/STM32G0xx_HAL_Driver/Src/stm32g0xx_hal_spi.c ****   {
 4684              		.loc 1 2076 6 view .LVU1488
 4685 006c E023     		movs	r3, #224
 4686 006e DB00     		lsls	r3, r3, #3
 4687 0070 9A42     		cmp	r2, r3
 4688 0072 47D9     		bls	.L300
2079:Drivers/STM32G0xx_HAL_Driver/Src/stm32g0xx_hal_spi.c ****   }
 4689              		.loc 1 2079 5 is_stmt 1 view .LVU1489
 4690 0074 2268     		ldr	r2, [r4]
 4691 0076 5368     		ldr	r3, [r2, #4]
 4692 0078 3F49     		ldr	r1, .L311+4
 4693 007a 0B40     		ands	r3, r1
 4694 007c 5360     		str	r3, [r2, #4]
 4695              	.L301:
2105:Drivers/STM32G0xx_HAL_Driver/Src/stm32g0xx_hal_spi.c **** 
 4696              		.loc 1 2105 3 view .LVU1490
2105:Drivers/STM32G0xx_HAL_Driver/Src/stm32g0xx_hal_spi.c **** 
 4697              		.loc 1 2105 7 is_stmt 0 view .LVU1491
 4698 007e A36D     		ldr	r3, [r4, #88]
2105:Drivers/STM32G0xx_HAL_Driver/Src/stm32g0xx_hal_spi.c **** 
 4699              		.loc 1 2105 38 view .LVU1492
 4700 0080 3E4A     		ldr	r2, .L311+8
 4701 0082 1A63     		str	r2, [r3, #48]
2108:Drivers/STM32G0xx_HAL_Driver/Src/stm32g0xx_hal_spi.c **** 
 4702              		.loc 1 2108 3 is_stmt 1 view .LVU1493
2108:Drivers/STM32G0xx_HAL_Driver/Src/stm32g0xx_hal_spi.c **** 
 4703              		.loc 1 2108 7 is_stmt 0 view .LVU1494
 4704 0084 A36D     		ldr	r3, [r4, #88]
ARM GAS  C:\Users\Domagoj\AppData\Local\Temp\ccvehG6g.s 			page 184


2108:Drivers/STM32G0xx_HAL_Driver/Src/stm32g0xx_hal_spi.c **** 
 4705              		.loc 1 2108 34 view .LVU1495
 4706 0086 3E4A     		ldr	r2, .L311+12
 4707 0088 DA62     		str	r2, [r3, #44]
2111:Drivers/STM32G0xx_HAL_Driver/Src/stm32g0xx_hal_spi.c **** 
 4708              		.loc 1 2111 3 is_stmt 1 view .LVU1496
2111:Drivers/STM32G0xx_HAL_Driver/Src/stm32g0xx_hal_spi.c **** 
 4709              		.loc 1 2111 7 is_stmt 0 view .LVU1497
 4710 008a A36D     		ldr	r3, [r4, #88]
2111:Drivers/STM32G0xx_HAL_Driver/Src/stm32g0xx_hal_spi.c **** 
 4711              		.loc 1 2111 35 view .LVU1498
 4712 008c 3D4A     		ldr	r2, .L311+16
 4713 008e 5A63     		str	r2, [r3, #52]
2114:Drivers/STM32G0xx_HAL_Driver/Src/stm32g0xx_hal_spi.c **** 
 4714              		.loc 1 2114 3 is_stmt 1 view .LVU1499
2114:Drivers/STM32G0xx_HAL_Driver/Src/stm32g0xx_hal_spi.c **** 
 4715              		.loc 1 2114 7 is_stmt 0 view .LVU1500
 4716 0090 A36D     		ldr	r3, [r4, #88]
2114:Drivers/STM32G0xx_HAL_Driver/Src/stm32g0xx_hal_spi.c **** 
 4717              		.loc 1 2114 35 view .LVU1501
 4718 0092 0022     		movs	r2, #0
 4719 0094 9A63     		str	r2, [r3, #56]
2117:Drivers/STM32G0xx_HAL_Driver/Src/stm32g0xx_hal_spi.c ****                                  hspi->RxXferCount))
 4720              		.loc 1 2117 3 is_stmt 1 view .LVU1502
2117:Drivers/STM32G0xx_HAL_Driver/Src/stm32g0xx_hal_spi.c ****                                  hspi->RxXferCount))
 4721              		.loc 1 2117 63 is_stmt 0 view .LVU1503
 4722 0096 2168     		ldr	r1, [r4]
2117:Drivers/STM32G0xx_HAL_Driver/Src/stm32g0xx_hal_spi.c ****                                  hspi->RxXferCount))
 4723              		.loc 1 2117 58 view .LVU1504
 4724 0098 0C31     		adds	r1, r1, #12
2117:Drivers/STM32G0xx_HAL_Driver/Src/stm32g0xx_hal_spi.c ****                                  hspi->RxXferCount))
 4725              		.loc 1 2117 93 view .LVU1505
 4726 009a 226C     		ldr	r2, [r4, #64]
2118:Drivers/STM32G0xx_HAL_Driver/Src/stm32g0xx_hal_spi.c ****   {
 4727              		.loc 1 2118 38 view .LVU1506
 4728 009c 4623     		movs	r3, #70
 4729 009e E35A     		ldrh	r3, [r4, r3]
 4730 00a0 9BB2     		uxth	r3, r3
2117:Drivers/STM32G0xx_HAL_Driver/Src/stm32g0xx_hal_spi.c ****                                  hspi->RxXferCount))
 4731              		.loc 1 2117 17 view .LVU1507
 4732 00a2 A06D     		ldr	r0, [r4, #88]
 4733 00a4 FFF7FEFF 		bl	HAL_DMA_Start_IT
 4734              	.LVL277:
2117:Drivers/STM32G0xx_HAL_Driver/Src/stm32g0xx_hal_spi.c ****                                  hspi->RxXferCount))
 4735              		.loc 1 2117 6 discriminator 1 view .LVU1508
 4736 00a8 0028     		cmp	r0, #0
 4737 00aa 56D1     		bne	.L310
2128:Drivers/STM32G0xx_HAL_Driver/Src/stm32g0xx_hal_spi.c ****   {
 4738              		.loc 1 2128 3 is_stmt 1 view .LVU1509
2128:Drivers/STM32G0xx_HAL_Driver/Src/stm32g0xx_hal_spi.c ****   {
 4739              		.loc 1 2128 12 is_stmt 0 view .LVU1510
 4740 00ac 2268     		ldr	r2, [r4]
2128:Drivers/STM32G0xx_HAL_Driver/Src/stm32g0xx_hal_spi.c ****   {
 4741              		.loc 1 2128 22 view .LVU1511
 4742 00ae 1368     		ldr	r3, [r2]
2128:Drivers/STM32G0xx_HAL_Driver/Src/stm32g0xx_hal_spi.c ****   {
 4743              		.loc 1 2128 6 view .LVU1512
ARM GAS  C:\Users\Domagoj\AppData\Local\Temp\ccvehG6g.s 			page 185


 4744 00b0 5B06     		lsls	r3, r3, #25
 4745 00b2 03D4     		bmi	.L304
2131:Drivers/STM32G0xx_HAL_Driver/Src/stm32g0xx_hal_spi.c ****   }
 4746              		.loc 1 2131 5 is_stmt 1 view .LVU1513
 4747 00b4 1368     		ldr	r3, [r2]
 4748 00b6 4021     		movs	r1, #64
 4749 00b8 0B43     		orrs	r3, r1
 4750 00ba 1360     		str	r3, [r2]
 4751              	.L304:
2135:Drivers/STM32G0xx_HAL_Driver/Src/stm32g0xx_hal_spi.c **** 
 4752              		.loc 1 2135 3 view .LVU1514
2135:Drivers/STM32G0xx_HAL_Driver/Src/stm32g0xx_hal_spi.c **** 
 4753              		.loc 1 2135 3 view .LVU1515
 4754 00bc 5C23     		movs	r3, #92
 4755 00be 0022     		movs	r2, #0
 4756 00c0 E254     		strb	r2, [r4, r3]
2135:Drivers/STM32G0xx_HAL_Driver/Src/stm32g0xx_hal_spi.c **** 
 4757              		.loc 1 2135 3 view .LVU1516
2138:Drivers/STM32G0xx_HAL_Driver/Src/stm32g0xx_hal_spi.c **** 
 4758              		.loc 1 2138 3 view .LVU1517
 4759 00c2 2268     		ldr	r2, [r4]
 4760 00c4 5368     		ldr	r3, [r2, #4]
 4761 00c6 2021     		movs	r1, #32
 4762 00c8 0B43     		orrs	r3, r1
 4763 00ca 5360     		str	r3, [r2, #4]
2141:Drivers/STM32G0xx_HAL_Driver/Src/stm32g0xx_hal_spi.c **** 
 4764              		.loc 1 2141 3 view .LVU1518
 4765 00cc 2268     		ldr	r2, [r4]
 4766 00ce 5368     		ldr	r3, [r2, #4]
 4767 00d0 1F39     		subs	r1, r1, #31
 4768 00d2 0B43     		orrs	r3, r1
 4769 00d4 5360     		str	r3, [r2, #4]
2143:Drivers/STM32G0xx_HAL_Driver/Src/stm32g0xx_hal_spi.c **** }
 4770              		.loc 1 2143 3 view .LVU1519
2143:Drivers/STM32G0xx_HAL_Driver/Src/stm32g0xx_hal_spi.c **** }
 4771              		.loc 1 2143 10 is_stmt 0 view .LVU1520
 4772 00d6 0500     		movs	r5, r0
 4773 00d8 48E0     		b	.L297
 4774              	.LVL278:
 4775              	.L308:
2033:Drivers/STM32G0xx_HAL_Driver/Src/stm32g0xx_hal_spi.c **** 
 4776              		.loc 1 2033 5 is_stmt 1 view .LVU1521
2033:Drivers/STM32G0xx_HAL_Driver/Src/stm32g0xx_hal_spi.c **** 
 4777              		.loc 1 2033 17 is_stmt 0 view .LVU1522
 4778 00da A73B     		subs	r3, r3, #167
 4779 00dc 0430     		adds	r0, r0, #4
 4780 00de E054     		strb	r0, [r4, r3]
2036:Drivers/STM32G0xx_HAL_Driver/Src/stm32g0xx_hal_spi.c **** 
 4781              		.loc 1 2036 5 is_stmt 1 view .LVU1523
2039:Drivers/STM32G0xx_HAL_Driver/Src/stm32g0xx_hal_spi.c ****   }
 4782              		.loc 1 2039 5 view .LVU1524
2039:Drivers/STM32G0xx_HAL_Driver/Src/stm32g0xx_hal_spi.c ****   }
 4783              		.loc 1 2039 12 is_stmt 0 view .LVU1525
 4784 00e0 1300     		movs	r3, r2
 4785 00e2 0A00     		movs	r2, r1
 4786              	.LVL279:
2039:Drivers/STM32G0xx_HAL_Driver/Src/stm32g0xx_hal_spi.c ****   }
ARM GAS  C:\Users\Domagoj\AppData\Local\Temp\ccvehG6g.s 			page 186


 4787              		.loc 1 2039 12 view .LVU1526
 4788 00e4 2000     		movs	r0, r4
 4789 00e6 FFF7FEFF 		bl	HAL_SPI_TransmitReceive_DMA
 4790              	.LVL280:
2039:Drivers/STM32G0xx_HAL_Driver/Src/stm32g0xx_hal_spi.c ****   }
 4791              		.loc 1 2039 12 view .LVU1527
 4792 00ea 0500     		movs	r5, r0
 4793 00ec 3EE0     		b	.L297
 4794              	.LVL281:
 4795              	.L309:
2062:Drivers/STM32G0xx_HAL_Driver/Src/stm32g0xx_hal_spi.c ****     SPI_1LINE_RX(hspi);
 4796              		.loc 1 2062 5 is_stmt 1 view .LVU1528
 4797 00ee 2268     		ldr	r2, [r4]
 4798              	.LVL282:
2062:Drivers/STM32G0xx_HAL_Driver/Src/stm32g0xx_hal_spi.c ****     SPI_1LINE_RX(hspi);
 4799              		.loc 1 2062 5 is_stmt 0 view .LVU1529
 4800 00f0 1368     		ldr	r3, [r2]
 4801 00f2 0639     		subs	r1, r1, #6
 4802 00f4 8B43     		bics	r3, r1
 4803 00f6 1360     		str	r3, [r2]
2063:Drivers/STM32G0xx_HAL_Driver/Src/stm32g0xx_hal_spi.c ****   }
 4804              		.loc 1 2063 5 is_stmt 1 view .LVU1530
 4805 00f8 2268     		ldr	r2, [r4]
 4806 00fa 1368     		ldr	r3, [r2]
 4807 00fc 2249     		ldr	r1, .L311+20
 4808 00fe 0B40     		ands	r3, r1
 4809 0100 1360     		str	r3, [r2]
 4810 0102 ADE7     		b	.L299
 4811              	.L300:
2084:Drivers/STM32G0xx_HAL_Driver/Src/stm32g0xx_hal_spi.c **** 
 4812              		.loc 1 2084 5 view .LVU1531
 4813 0104 2268     		ldr	r2, [r4]
 4814 0106 5168     		ldr	r1, [r2, #4]
 4815 0108 8023     		movs	r3, #128
 4816 010a 5B01     		lsls	r3, r3, #5
 4817 010c 0B43     		orrs	r3, r1
 4818 010e 5360     		str	r3, [r2, #4]
2086:Drivers/STM32G0xx_HAL_Driver/Src/stm32g0xx_hal_spi.c ****     {
 4819              		.loc 1 2086 5 view .LVU1532
2086:Drivers/STM32G0xx_HAL_Driver/Src/stm32g0xx_hal_spi.c ****     {
 4820              		.loc 1 2086 13 is_stmt 0 view .LVU1533
 4821 0110 A36D     		ldr	r3, [r4, #88]
2086:Drivers/STM32G0xx_HAL_Driver/Src/stm32g0xx_hal_spi.c ****     {
 4822              		.loc 1 2086 27 view .LVU1534
 4823 0112 9A69     		ldr	r2, [r3, #24]
2086:Drivers/STM32G0xx_HAL_Driver/Src/stm32g0xx_hal_spi.c ****     {
 4824              		.loc 1 2086 8 view .LVU1535
 4825 0114 8023     		movs	r3, #128
 4826 0116 DB00     		lsls	r3, r3, #3
 4827 0118 9A42     		cmp	r2, r3
 4828 011a B0D1     		bne	.L301
2089:Drivers/STM32G0xx_HAL_Driver/Src/stm32g0xx_hal_spi.c **** 
 4829              		.loc 1 2089 7 is_stmt 1 view .LVU1536
 4830 011c 2268     		ldr	r2, [r4]
 4831 011e 5368     		ldr	r3, [r2, #4]
 4832 0120 1549     		ldr	r1, .L311+4
 4833 0122 0B40     		ands	r3, r1
ARM GAS  C:\Users\Domagoj\AppData\Local\Temp\ccvehG6g.s 			page 187


 4834 0124 5360     		str	r3, [r2, #4]
2091:Drivers/STM32G0xx_HAL_Driver/Src/stm32g0xx_hal_spi.c ****       {
 4835              		.loc 1 2091 7 view .LVU1537
2091:Drivers/STM32G0xx_HAL_Driver/Src/stm32g0xx_hal_spi.c ****       {
 4836              		.loc 1 2091 16 is_stmt 0 view .LVU1538
 4837 0126 4623     		movs	r3, #70
 4838 0128 E35A     		ldrh	r3, [r4, r3]
2091:Drivers/STM32G0xx_HAL_Driver/Src/stm32g0xx_hal_spi.c ****       {
 4839              		.loc 1 2091 10 view .LVU1539
 4840 012a DB07     		lsls	r3, r3, #31
 4841 012c 09D4     		bmi	.L302
2093:Drivers/STM32G0xx_HAL_Driver/Src/stm32g0xx_hal_spi.c ****         hspi->RxXferCount = hspi->RxXferCount >> 1U;
 4842              		.loc 1 2093 9 is_stmt 1 view .LVU1540
 4843 012e 2268     		ldr	r2, [r4]
 4844 0130 5368     		ldr	r3, [r2, #4]
 4845 0132 1049     		ldr	r1, .L311
 4846 0134 0B40     		ands	r3, r1
 4847 0136 5360     		str	r3, [r2, #4]
2094:Drivers/STM32G0xx_HAL_Driver/Src/stm32g0xx_hal_spi.c ****       }
 4848              		.loc 1 2094 9 view .LVU1541
2094:Drivers/STM32G0xx_HAL_Driver/Src/stm32g0xx_hal_spi.c ****       }
 4849              		.loc 1 2094 33 is_stmt 0 view .LVU1542
 4850 0138 4622     		movs	r2, #70
 4851 013a A35A     		ldrh	r3, [r4, r2]
2094:Drivers/STM32G0xx_HAL_Driver/Src/stm32g0xx_hal_spi.c ****       }
 4852              		.loc 1 2094 27 view .LVU1543
 4853 013c 5B08     		lsrs	r3, r3, #1
 4854 013e A352     		strh	r3, [r4, r2]
 4855 0140 9DE7     		b	.L301
 4856              	.L302:
2098:Drivers/STM32G0xx_HAL_Driver/Src/stm32g0xx_hal_spi.c ****         hspi->RxXferCount = (hspi->RxXferCount >> 1U) + 1U;
 4857              		.loc 1 2098 9 is_stmt 1 view .LVU1544
 4858 0142 2268     		ldr	r2, [r4]
 4859 0144 5168     		ldr	r1, [r2, #4]
 4860 0146 8023     		movs	r3, #128
 4861 0148 9B01     		lsls	r3, r3, #6
 4862 014a 0B43     		orrs	r3, r1
 4863 014c 5360     		str	r3, [r2, #4]
2099:Drivers/STM32G0xx_HAL_Driver/Src/stm32g0xx_hal_spi.c ****       }
 4864              		.loc 1 2099 9 view .LVU1545
2099:Drivers/STM32G0xx_HAL_Driver/Src/stm32g0xx_hal_spi.c ****       }
 4865              		.loc 1 2099 34 is_stmt 0 view .LVU1546
 4866 014e 4622     		movs	r2, #70
 4867 0150 A35A     		ldrh	r3, [r4, r2]
2099:Drivers/STM32G0xx_HAL_Driver/Src/stm32g0xx_hal_spi.c ****       }
 4868              		.loc 1 2099 55 view .LVU1547
 4869 0152 5B08     		lsrs	r3, r3, #1
 4870 0154 0133     		adds	r3, r3, #1
2099:Drivers/STM32G0xx_HAL_Driver/Src/stm32g0xx_hal_spi.c ****       }
 4871              		.loc 1 2099 27 view .LVU1548
 4872 0156 A352     		strh	r3, [r4, r2]
 4873 0158 91E7     		b	.L301
 4874              	.L310:
2121:Drivers/STM32G0xx_HAL_Driver/Src/stm32g0xx_hal_spi.c ****     /* Process Unlocked */
 4875              		.loc 1 2121 5 is_stmt 1 view .LVU1549
 4876 015a 236E     		ldr	r3, [r4, #96]
 4877 015c 1022     		movs	r2, #16
ARM GAS  C:\Users\Domagoj\AppData\Local\Temp\ccvehG6g.s 			page 188


 4878 015e 1343     		orrs	r3, r2
 4879 0160 2366     		str	r3, [r4, #96]
2123:Drivers/STM32G0xx_HAL_Driver/Src/stm32g0xx_hal_spi.c ****     return HAL_ERROR;
 4880              		.loc 1 2123 5 view .LVU1550
2123:Drivers/STM32G0xx_HAL_Driver/Src/stm32g0xx_hal_spi.c ****     return HAL_ERROR;
 4881              		.loc 1 2123 5 view .LVU1551
 4882 0162 5C23     		movs	r3, #92
 4883 0164 0022     		movs	r2, #0
 4884 0166 E254     		strb	r2, [r4, r3]
2123:Drivers/STM32G0xx_HAL_Driver/Src/stm32g0xx_hal_spi.c ****     return HAL_ERROR;
 4885              		.loc 1 2123 5 view .LVU1552
2124:Drivers/STM32G0xx_HAL_Driver/Src/stm32g0xx_hal_spi.c ****   }
 4886              		.loc 1 2124 5 view .LVU1553
2124:Drivers/STM32G0xx_HAL_Driver/Src/stm32g0xx_hal_spi.c ****   }
 4887              		.loc 1 2124 12 is_stmt 0 view .LVU1554
 4888 0168 00E0     		b	.L297
 4889              	.LVL283:
 4890              	.L305:
2023:Drivers/STM32G0xx_HAL_Driver/Src/stm32g0xx_hal_spi.c ****   }
 4891              		.loc 1 2023 12 view .LVU1555
 4892 016a 0225     		movs	r5, #2
 4893              	.LVL284:
 4894              	.L297:
2144:Drivers/STM32G0xx_HAL_Driver/Src/stm32g0xx_hal_spi.c **** 
 4895              		.loc 1 2144 1 view .LVU1556
 4896 016c 2800     		movs	r0, r5
 4897              		@ sp needed
 4898              	.LVL285:
2144:Drivers/STM32G0xx_HAL_Driver/Src/stm32g0xx_hal_spi.c **** 
 4899              		.loc 1 2144 1 view .LVU1557
 4900 016e 70BD     		pop	{r4, r5, r6, pc}
 4901              	.LVL286:
 4902              	.L306:
2043:Drivers/STM32G0xx_HAL_Driver/Src/stm32g0xx_hal_spi.c **** 
 4903              		.loc 1 2043 3 discriminator 1 view .LVU1558
 4904 0170 0225     		movs	r5, #2
 4905 0172 FBE7     		b	.L297
 4906              	.L312:
 4907              		.align	2
 4908              	.L311:
 4909 0174 FFDFFFFF 		.word	-8193
 4910 0178 FFEFFFFF 		.word	-4097
 4911 017c 00000000 		.word	SPI_DMAHalfReceiveCplt
 4912 0180 00000000 		.word	SPI_DMAReceiveCplt
 4913 0184 00000000 		.word	SPI_DMAError
 4914 0188 FFBFFFFF 		.word	-16385
 4915              		.cfi_endproc
 4916              	.LFE374:
 4918              		.section	.text.HAL_SPI_Abort,"ax",%progbits
 4919              		.align	1
 4920              		.global	HAL_SPI_Abort
 4921              		.syntax unified
 4922              		.code	16
 4923              		.thumb_func
 4925              	HAL_SPI_Abort:
 4926              	.LVL287:
 4927              	.LFB376:
ARM GAS  C:\Users\Domagoj\AppData\Local\Temp\ccvehG6g.s 			page 189


2346:Drivers/STM32G0xx_HAL_Driver/Src/stm32g0xx_hal_spi.c ****   HAL_StatusTypeDef errorcode;
 4928              		.loc 1 2346 1 is_stmt 1 view -0
 4929              		.cfi_startproc
 4930              		@ args = 0, pretend = 0, frame = 16
 4931              		@ frame_needed = 0, uses_anonymous_args = 0
2346:Drivers/STM32G0xx_HAL_Driver/Src/stm32g0xx_hal_spi.c ****   HAL_StatusTypeDef errorcode;
 4932              		.loc 1 2346 1 is_stmt 0 view .LVU1560
 4933 0000 10B5     		push	{r4, lr}
 4934              	.LCFI31:
 4935              		.cfi_def_cfa_offset 8
 4936              		.cfi_offset 4, -8
 4937              		.cfi_offset 14, -4
 4938 0002 86B0     		sub	sp, sp, #24
 4939              	.LCFI32:
 4940              		.cfi_def_cfa_offset 32
 4941 0004 0400     		movs	r4, r0
2347:Drivers/STM32G0xx_HAL_Driver/Src/stm32g0xx_hal_spi.c ****   __IO uint32_t count;
 4942              		.loc 1 2347 3 is_stmt 1 view .LVU1561
2348:Drivers/STM32G0xx_HAL_Driver/Src/stm32g0xx_hal_spi.c ****   __IO uint32_t resetcount;
 4943              		.loc 1 2348 3 view .LVU1562
2349:Drivers/STM32G0xx_HAL_Driver/Src/stm32g0xx_hal_spi.c **** 
 4944              		.loc 1 2349 3 view .LVU1563
2352:Drivers/STM32G0xx_HAL_Driver/Src/stm32g0xx_hal_spi.c ****   resetcount = SPI_DEFAULT_TIMEOUT * (SystemCoreClock / 24U / 1000U);
 4945              		.loc 1 2352 3 view .LVU1564
 4946              	.LVL288:
2353:Drivers/STM32G0xx_HAL_Driver/Src/stm32g0xx_hal_spi.c ****   count = resetcount;
 4947              		.loc 1 2353 3 view .LVU1565
2353:Drivers/STM32G0xx_HAL_Driver/Src/stm32g0xx_hal_spi.c ****   count = resetcount;
 4948              		.loc 1 2353 61 is_stmt 0 view .LVU1566
 4949 0006 604B     		ldr	r3, .L337
 4950 0008 1868     		ldr	r0, [r3]
 4951              	.LVL289:
2353:Drivers/STM32G0xx_HAL_Driver/Src/stm32g0xx_hal_spi.c ****   count = resetcount;
 4952              		.loc 1 2353 61 view .LVU1567
 4953 000a 6049     		ldr	r1, .L337+4
 4954 000c FFF7FEFF 		bl	__aeabi_uidiv
 4955              	.LVL290:
2353:Drivers/STM32G0xx_HAL_Driver/Src/stm32g0xx_hal_spi.c ****   count = resetcount;
 4956              		.loc 1 2353 36 view .LVU1568
 4957 0010 6423     		movs	r3, #100
 4958 0012 4343     		muls	r3, r0
2353:Drivers/STM32G0xx_HAL_Driver/Src/stm32g0xx_hal_spi.c ****   count = resetcount;
 4959              		.loc 1 2353 14 view .LVU1569
 4960 0014 0493     		str	r3, [sp, #16]
2354:Drivers/STM32G0xx_HAL_Driver/Src/stm32g0xx_hal_spi.c **** 
 4961              		.loc 1 2354 3 is_stmt 1 view .LVU1570
2354:Drivers/STM32G0xx_HAL_Driver/Src/stm32g0xx_hal_spi.c **** 
 4962              		.loc 1 2354 9 is_stmt 0 view .LVU1571
 4963 0016 049B     		ldr	r3, [sp, #16]
 4964 0018 0593     		str	r3, [sp, #20]
2357:Drivers/STM32G0xx_HAL_Driver/Src/stm32g0xx_hal_spi.c **** 
 4965              		.loc 1 2357 3 is_stmt 1 view .LVU1572
 4966 001a 2268     		ldr	r2, [r4]
 4967 001c 5368     		ldr	r3, [r2, #4]
 4968 001e 2021     		movs	r1, #32
 4969 0020 8B43     		bics	r3, r1
 4970 0022 5360     		str	r3, [r2, #4]
ARM GAS  C:\Users\Domagoj\AppData\Local\Temp\ccvehG6g.s 			page 190


2360:Drivers/STM32G0xx_HAL_Driver/Src/stm32g0xx_hal_spi.c ****   {
 4971              		.loc 1 2360 3 view .LVU1573
2360:Drivers/STM32G0xx_HAL_Driver/Src/stm32g0xx_hal_spi.c ****   {
 4972              		.loc 1 2360 7 is_stmt 0 view .LVU1574
 4973 0024 2268     		ldr	r2, [r4]
 4974 0026 5368     		ldr	r3, [r2, #4]
2360:Drivers/STM32G0xx_HAL_Driver/Src/stm32g0xx_hal_spi.c ****   {
 4975              		.loc 1 2360 6 view .LVU1575
 4976 0028 1B06     		lsls	r3, r3, #24
 4977 002a 12D5     		bpl	.L314
2362:Drivers/STM32G0xx_HAL_Driver/Src/stm32g0xx_hal_spi.c ****     /* Wait HAL_SPI_STATE_ABORT state */
 4978              		.loc 1 2362 5 is_stmt 1 view .LVU1576
2362:Drivers/STM32G0xx_HAL_Driver/Src/stm32g0xx_hal_spi.c ****     /* Wait HAL_SPI_STATE_ABORT state */
 4979              		.loc 1 2362 17 is_stmt 0 view .LVU1577
 4980 002c 584B     		ldr	r3, .L337+8
 4981 002e 2365     		str	r3, [r4, #80]
 4982              	.L317:
2364:Drivers/STM32G0xx_HAL_Driver/Src/stm32g0xx_hal_spi.c ****     {
 4983              		.loc 1 2364 5 is_stmt 1 view .LVU1578
2366:Drivers/STM32G0xx_HAL_Driver/Src/stm32g0xx_hal_spi.c ****       {
 4984              		.loc 1 2366 7 view .LVU1579
2366:Drivers/STM32G0xx_HAL_Driver/Src/stm32g0xx_hal_spi.c ****       {
 4985              		.loc 1 2366 17 is_stmt 0 view .LVU1580
 4986 0030 059B     		ldr	r3, [sp, #20]
2366:Drivers/STM32G0xx_HAL_Driver/Src/stm32g0xx_hal_spi.c ****       {
 4987              		.loc 1 2366 10 view .LVU1581
 4988 0032 002B     		cmp	r3, #0
 4989 0034 07D0     		beq	.L335
2371:Drivers/STM32G0xx_HAL_Driver/Src/stm32g0xx_hal_spi.c ****     } while (hspi->State != HAL_SPI_STATE_ABORT);
 4990              		.loc 1 2371 7 is_stmt 1 view .LVU1582
2371:Drivers/STM32G0xx_HAL_Driver/Src/stm32g0xx_hal_spi.c ****     } while (hspi->State != HAL_SPI_STATE_ABORT);
 4991              		.loc 1 2371 12 is_stmt 0 view .LVU1583
 4992 0036 059B     		ldr	r3, [sp, #20]
 4993 0038 013B     		subs	r3, r3, #1
 4994 003a 0593     		str	r3, [sp, #20]
2372:Drivers/STM32G0xx_HAL_Driver/Src/stm32g0xx_hal_spi.c ****     /* Reset Timeout Counter */
 4995              		.loc 1 2372 26 is_stmt 1 view .LVU1584
2372:Drivers/STM32G0xx_HAL_Driver/Src/stm32g0xx_hal_spi.c ****     /* Reset Timeout Counter */
 4996              		.loc 1 2372 18 is_stmt 0 view .LVU1585
 4997 003c 5D23     		movs	r3, #93
 4998 003e E35C     		ldrb	r3, [r4, r3]
2372:Drivers/STM32G0xx_HAL_Driver/Src/stm32g0xx_hal_spi.c ****     /* Reset Timeout Counter */
 4999              		.loc 1 2372 26 view .LVU1586
 5000 0040 072B     		cmp	r3, #7
 5001 0042 F5D1     		bne	.L317
 5002 0044 03E0     		b	.L316
 5003              	.L335:
2368:Drivers/STM32G0xx_HAL_Driver/Src/stm32g0xx_hal_spi.c ****         break;
 5004              		.loc 1 2368 9 is_stmt 1 view .LVU1587
 5005 0046 236E     		ldr	r3, [r4, #96]
 5006 0048 4021     		movs	r1, #64
 5007 004a 0B43     		orrs	r3, r1
 5008 004c 2366     		str	r3, [r4, #96]
2369:Drivers/STM32G0xx_HAL_Driver/Src/stm32g0xx_hal_spi.c ****       }
 5009              		.loc 1 2369 9 view .LVU1588
 5010              	.L316:
2374:Drivers/STM32G0xx_HAL_Driver/Src/stm32g0xx_hal_spi.c ****   }
ARM GAS  C:\Users\Domagoj\AppData\Local\Temp\ccvehG6g.s 			page 191


 5011              		.loc 1 2374 5 view .LVU1589
2374:Drivers/STM32G0xx_HAL_Driver/Src/stm32g0xx_hal_spi.c ****   }
 5012              		.loc 1 2374 11 is_stmt 0 view .LVU1590
 5013 004e 049B     		ldr	r3, [sp, #16]
 5014 0050 0593     		str	r3, [sp, #20]
 5015              	.L314:
2377:Drivers/STM32G0xx_HAL_Driver/Src/stm32g0xx_hal_spi.c ****   {
 5016              		.loc 1 2377 3 is_stmt 1 view .LVU1591
2377:Drivers/STM32G0xx_HAL_Driver/Src/stm32g0xx_hal_spi.c ****   {
 5017              		.loc 1 2377 7 is_stmt 0 view .LVU1592
 5018 0052 5368     		ldr	r3, [r2, #4]
2377:Drivers/STM32G0xx_HAL_Driver/Src/stm32g0xx_hal_spi.c ****   {
 5019              		.loc 1 2377 6 view .LVU1593
 5020 0054 5B06     		lsls	r3, r3, #25
 5021 0056 12D5     		bpl	.L318
2379:Drivers/STM32G0xx_HAL_Driver/Src/stm32g0xx_hal_spi.c ****     /* Wait HAL_SPI_STATE_ABORT state */
 5022              		.loc 1 2379 5 is_stmt 1 view .LVU1594
2379:Drivers/STM32G0xx_HAL_Driver/Src/stm32g0xx_hal_spi.c ****     /* Wait HAL_SPI_STATE_ABORT state */
 5023              		.loc 1 2379 17 is_stmt 0 view .LVU1595
 5024 0058 4E4B     		ldr	r3, .L337+12
 5025 005a E364     		str	r3, [r4, #76]
 5026              	.L321:
2381:Drivers/STM32G0xx_HAL_Driver/Src/stm32g0xx_hal_spi.c ****     {
 5027              		.loc 1 2381 5 is_stmt 1 view .LVU1596
2383:Drivers/STM32G0xx_HAL_Driver/Src/stm32g0xx_hal_spi.c ****       {
 5028              		.loc 1 2383 7 view .LVU1597
2383:Drivers/STM32G0xx_HAL_Driver/Src/stm32g0xx_hal_spi.c ****       {
 5029              		.loc 1 2383 17 is_stmt 0 view .LVU1598
 5030 005c 059B     		ldr	r3, [sp, #20]
2383:Drivers/STM32G0xx_HAL_Driver/Src/stm32g0xx_hal_spi.c ****       {
 5031              		.loc 1 2383 10 view .LVU1599
 5032 005e 002B     		cmp	r3, #0
 5033 0060 07D0     		beq	.L336
2388:Drivers/STM32G0xx_HAL_Driver/Src/stm32g0xx_hal_spi.c ****     } while (hspi->State != HAL_SPI_STATE_ABORT);
 5034              		.loc 1 2388 7 is_stmt 1 view .LVU1600
2388:Drivers/STM32G0xx_HAL_Driver/Src/stm32g0xx_hal_spi.c ****     } while (hspi->State != HAL_SPI_STATE_ABORT);
 5035              		.loc 1 2388 12 is_stmt 0 view .LVU1601
 5036 0062 059B     		ldr	r3, [sp, #20]
 5037 0064 013B     		subs	r3, r3, #1
 5038 0066 0593     		str	r3, [sp, #20]
2389:Drivers/STM32G0xx_HAL_Driver/Src/stm32g0xx_hal_spi.c ****     /* Reset Timeout Counter */
 5039              		.loc 1 2389 26 is_stmt 1 view .LVU1602
2389:Drivers/STM32G0xx_HAL_Driver/Src/stm32g0xx_hal_spi.c ****     /* Reset Timeout Counter */
 5040              		.loc 1 2389 18 is_stmt 0 view .LVU1603
 5041 0068 5D23     		movs	r3, #93
 5042 006a E35C     		ldrb	r3, [r4, r3]
2389:Drivers/STM32G0xx_HAL_Driver/Src/stm32g0xx_hal_spi.c ****     /* Reset Timeout Counter */
 5043              		.loc 1 2389 26 view .LVU1604
 5044 006c 072B     		cmp	r3, #7
 5045 006e F5D1     		bne	.L321
 5046 0070 03E0     		b	.L320
 5047              	.L336:
2385:Drivers/STM32G0xx_HAL_Driver/Src/stm32g0xx_hal_spi.c ****         break;
 5048              		.loc 1 2385 9 is_stmt 1 view .LVU1605
 5049 0072 236E     		ldr	r3, [r4, #96]
 5050 0074 4021     		movs	r1, #64
 5051 0076 0B43     		orrs	r3, r1
ARM GAS  C:\Users\Domagoj\AppData\Local\Temp\ccvehG6g.s 			page 192


 5052 0078 2366     		str	r3, [r4, #96]
2386:Drivers/STM32G0xx_HAL_Driver/Src/stm32g0xx_hal_spi.c ****       }
 5053              		.loc 1 2386 9 view .LVU1606
 5054              	.L320:
2391:Drivers/STM32G0xx_HAL_Driver/Src/stm32g0xx_hal_spi.c ****   }
 5055              		.loc 1 2391 5 view .LVU1607
2391:Drivers/STM32G0xx_HAL_Driver/Src/stm32g0xx_hal_spi.c ****   }
 5056              		.loc 1 2391 11 is_stmt 0 view .LVU1608
 5057 007a 049B     		ldr	r3, [sp, #16]
 5058 007c 0593     		str	r3, [sp, #20]
 5059              	.L318:
2395:Drivers/STM32G0xx_HAL_Driver/Src/stm32g0xx_hal_spi.c ****   {
 5060              		.loc 1 2395 3 is_stmt 1 view .LVU1609
2395:Drivers/STM32G0xx_HAL_Driver/Src/stm32g0xx_hal_spi.c ****   {
 5061              		.loc 1 2395 7 is_stmt 0 view .LVU1610
 5062 007e 5368     		ldr	r3, [r2, #4]
2395:Drivers/STM32G0xx_HAL_Driver/Src/stm32g0xx_hal_spi.c ****   {
 5063              		.loc 1 2395 6 view .LVU1611
 5064 0080 9B07     		lsls	r3, r3, #30
 5065 0082 2ED5     		bpl	.L322
2398:Drivers/STM32G0xx_HAL_Driver/Src/stm32g0xx_hal_spi.c ****     {
 5066              		.loc 1 2398 5 is_stmt 1 view .LVU1612
2398:Drivers/STM32G0xx_HAL_Driver/Src/stm32g0xx_hal_spi.c ****     {
 5067              		.loc 1 2398 13 is_stmt 0 view .LVU1613
 5068 0084 636D     		ldr	r3, [r4, #84]
2398:Drivers/STM32G0xx_HAL_Driver/Src/stm32g0xx_hal_spi.c ****     {
 5069              		.loc 1 2398 8 view .LVU1614
 5070 0086 002B     		cmp	r3, #0
 5071 0088 2BD0     		beq	.L322
2402:Drivers/STM32G0xx_HAL_Driver/Src/stm32g0xx_hal_spi.c **** 
 5072              		.loc 1 2402 7 is_stmt 1 view .LVU1615
2402:Drivers/STM32G0xx_HAL_Driver/Src/stm32g0xx_hal_spi.c **** 
 5073              		.loc 1 2402 39 is_stmt 0 view .LVU1616
 5074 008a 0022     		movs	r2, #0
 5075 008c 9A63     		str	r2, [r3, #56]
2405:Drivers/STM32G0xx_HAL_Driver/Src/stm32g0xx_hal_spi.c ****       {
 5076              		.loc 1 2405 7 is_stmt 1 view .LVU1617
2405:Drivers/STM32G0xx_HAL_Driver/Src/stm32g0xx_hal_spi.c ****       {
 5077              		.loc 1 2405 11 is_stmt 0 view .LVU1618
 5078 008e 606D     		ldr	r0, [r4, #84]
 5079 0090 FFF7FEFF 		bl	HAL_DMA_Abort
 5080              	.LVL291:
2405:Drivers/STM32G0xx_HAL_Driver/Src/stm32g0xx_hal_spi.c ****       {
 5081              		.loc 1 2405 10 discriminator 1 view .LVU1619
 5082 0094 0028     		cmp	r0, #0
 5083 0096 01D0     		beq	.L323
2407:Drivers/STM32G0xx_HAL_Driver/Src/stm32g0xx_hal_spi.c ****       }
 5084              		.loc 1 2407 9 is_stmt 1 view .LVU1620
2407:Drivers/STM32G0xx_HAL_Driver/Src/stm32g0xx_hal_spi.c ****       }
 5085              		.loc 1 2407 25 is_stmt 0 view .LVU1621
 5086 0098 4023     		movs	r3, #64
 5087 009a 2366     		str	r3, [r4, #96]
 5088              	.L323:
2411:Drivers/STM32G0xx_HAL_Driver/Src/stm32g0xx_hal_spi.c **** 
 5089              		.loc 1 2411 7 is_stmt 1 view .LVU1622
 5090 009c 2268     		ldr	r2, [r4]
 5091 009e 5368     		ldr	r3, [r2, #4]
ARM GAS  C:\Users\Domagoj\AppData\Local\Temp\ccvehG6g.s 			page 193


 5092 00a0 0221     		movs	r1, #2
 5093 00a2 8B43     		bics	r3, r1
 5094 00a4 5360     		str	r3, [r2, #4]
2413:Drivers/STM32G0xx_HAL_Driver/Src/stm32g0xx_hal_spi.c ****       {
 5095              		.loc 1 2413 7 view .LVU1623
2413:Drivers/STM32G0xx_HAL_Driver/Src/stm32g0xx_hal_spi.c ****       {
 5096              		.loc 1 2413 11 is_stmt 0 view .LVU1624
 5097 00a6 FFF7FEFF 		bl	HAL_GetTick
 5098              	.LVL292:
 5099 00aa 0200     		movs	r2, r0
2413:Drivers/STM32G0xx_HAL_Driver/Src/stm32g0xx_hal_spi.c ****       {
 5100              		.loc 1 2413 11 discriminator 1 view .LVU1625
 5101 00ac 6421     		movs	r1, #100
 5102 00ae 2000     		movs	r0, r4
 5103 00b0 FFF7FEFF 		bl	SPI_EndRxTxTransaction
 5104              	.LVL293:
2413:Drivers/STM32G0xx_HAL_Driver/Src/stm32g0xx_hal_spi.c ****       {
 5105              		.loc 1 2413 10 discriminator 2 view .LVU1626
 5106 00b4 0028     		cmp	r0, #0
 5107 00b6 01D0     		beq	.L324
2415:Drivers/STM32G0xx_HAL_Driver/Src/stm32g0xx_hal_spi.c ****       }
 5108              		.loc 1 2415 9 is_stmt 1 view .LVU1627
2415:Drivers/STM32G0xx_HAL_Driver/Src/stm32g0xx_hal_spi.c ****       }
 5109              		.loc 1 2415 25 is_stmt 0 view .LVU1628
 5110 00b8 4023     		movs	r3, #64
 5111 00ba 2366     		str	r3, [r4, #96]
 5112              	.L324:
2419:Drivers/STM32G0xx_HAL_Driver/Src/stm32g0xx_hal_spi.c **** 
 5113              		.loc 1 2419 7 is_stmt 1 view .LVU1629
 5114 00bc 2268     		ldr	r2, [r4]
 5115 00be 1368     		ldr	r3, [r2]
 5116 00c0 4021     		movs	r1, #64
 5117 00c2 8B43     		bics	r3, r1
 5118 00c4 1360     		str	r3, [r2]
2422:Drivers/STM32G0xx_HAL_Driver/Src/stm32g0xx_hal_spi.c ****                                         HAL_GetTick()) != HAL_OK)
 5119              		.loc 1 2422 7 view .LVU1630
2422:Drivers/STM32G0xx_HAL_Driver/Src/stm32g0xx_hal_spi.c ****                                         HAL_GetTick()) != HAL_OK)
 5120              		.loc 1 2422 11 is_stmt 0 view .LVU1631
 5121 00c6 FFF7FEFF 		bl	HAL_GetTick
 5122              	.LVL294:
2422:Drivers/STM32G0xx_HAL_Driver/Src/stm32g0xx_hal_spi.c ****                                         HAL_GetTick()) != HAL_OK)
 5123              		.loc 1 2422 11 discriminator 1 view .LVU1632
 5124 00ca C021     		movs	r1, #192
 5125 00cc 0090     		str	r0, [sp]
 5126 00ce 6423     		movs	r3, #100
 5127 00d0 0022     		movs	r2, #0
 5128 00d2 C900     		lsls	r1, r1, #3
 5129 00d4 2000     		movs	r0, r4
 5130 00d6 FFF7FEFF 		bl	SPI_WaitFifoStateUntilTimeout
 5131              	.LVL295:
2422:Drivers/STM32G0xx_HAL_Driver/Src/stm32g0xx_hal_spi.c ****                                         HAL_GetTick()) != HAL_OK)
 5132              		.loc 1 2422 10 discriminator 2 view .LVU1633
 5133 00da 0028     		cmp	r0, #0
 5134 00dc 01D0     		beq	.L322
2425:Drivers/STM32G0xx_HAL_Driver/Src/stm32g0xx_hal_spi.c ****       }
 5135              		.loc 1 2425 9 is_stmt 1 view .LVU1634
2425:Drivers/STM32G0xx_HAL_Driver/Src/stm32g0xx_hal_spi.c ****       }
ARM GAS  C:\Users\Domagoj\AppData\Local\Temp\ccvehG6g.s 			page 194


 5136              		.loc 1 2425 25 is_stmt 0 view .LVU1635
 5137 00de 4023     		movs	r3, #64
 5138 00e0 2366     		str	r3, [r4, #96]
 5139              	.L322:
2431:Drivers/STM32G0xx_HAL_Driver/Src/stm32g0xx_hal_spi.c ****   {
 5140              		.loc 1 2431 3 is_stmt 1 view .LVU1636
2431:Drivers/STM32G0xx_HAL_Driver/Src/stm32g0xx_hal_spi.c ****   {
 5141              		.loc 1 2431 7 is_stmt 0 view .LVU1637
 5142 00e2 2368     		ldr	r3, [r4]
 5143 00e4 5B68     		ldr	r3, [r3, #4]
2431:Drivers/STM32G0xx_HAL_Driver/Src/stm32g0xx_hal_spi.c ****   {
 5144              		.loc 1 2431 6 view .LVU1638
 5145 00e6 DB07     		lsls	r3, r3, #31
 5146 00e8 30D5     		bpl	.L325
2434:Drivers/STM32G0xx_HAL_Driver/Src/stm32g0xx_hal_spi.c ****     {
 5147              		.loc 1 2434 5 is_stmt 1 view .LVU1639
2434:Drivers/STM32G0xx_HAL_Driver/Src/stm32g0xx_hal_spi.c ****     {
 5148              		.loc 1 2434 13 is_stmt 0 view .LVU1640
 5149 00ea A36D     		ldr	r3, [r4, #88]
2434:Drivers/STM32G0xx_HAL_Driver/Src/stm32g0xx_hal_spi.c ****     {
 5150              		.loc 1 2434 8 view .LVU1641
 5151 00ec 002B     		cmp	r3, #0
 5152 00ee 2DD0     		beq	.L325
2438:Drivers/STM32G0xx_HAL_Driver/Src/stm32g0xx_hal_spi.c **** 
 5153              		.loc 1 2438 7 is_stmt 1 view .LVU1642
2438:Drivers/STM32G0xx_HAL_Driver/Src/stm32g0xx_hal_spi.c **** 
 5154              		.loc 1 2438 39 is_stmt 0 view .LVU1643
 5155 00f0 0022     		movs	r2, #0
 5156 00f2 9A63     		str	r2, [r3, #56]
2441:Drivers/STM32G0xx_HAL_Driver/Src/stm32g0xx_hal_spi.c ****       {
 5157              		.loc 1 2441 7 is_stmt 1 view .LVU1644
2441:Drivers/STM32G0xx_HAL_Driver/Src/stm32g0xx_hal_spi.c ****       {
 5158              		.loc 1 2441 11 is_stmt 0 view .LVU1645
 5159 00f4 A06D     		ldr	r0, [r4, #88]
 5160 00f6 FFF7FEFF 		bl	HAL_DMA_Abort
 5161              	.LVL296:
2441:Drivers/STM32G0xx_HAL_Driver/Src/stm32g0xx_hal_spi.c ****       {
 5162              		.loc 1 2441 10 discriminator 1 view .LVU1646
 5163 00fa 0028     		cmp	r0, #0
 5164 00fc 01D0     		beq	.L326
2443:Drivers/STM32G0xx_HAL_Driver/Src/stm32g0xx_hal_spi.c ****       }
 5165              		.loc 1 2443 9 is_stmt 1 view .LVU1647
2443:Drivers/STM32G0xx_HAL_Driver/Src/stm32g0xx_hal_spi.c ****       }
 5166              		.loc 1 2443 25 is_stmt 0 view .LVU1648
 5167 00fe 4023     		movs	r3, #64
 5168 0100 2366     		str	r3, [r4, #96]
 5169              	.L326:
2447:Drivers/STM32G0xx_HAL_Driver/Src/stm32g0xx_hal_spi.c **** 
 5170              		.loc 1 2447 7 is_stmt 1 view .LVU1649
 5171 0102 2268     		ldr	r2, [r4]
 5172 0104 1368     		ldr	r3, [r2]
 5173 0106 4021     		movs	r1, #64
 5174 0108 8B43     		bics	r3, r1
 5175 010a 1360     		str	r3, [r2]
2450:Drivers/STM32G0xx_HAL_Driver/Src/stm32g0xx_hal_spi.c ****       {
 5176              		.loc 1 2450 7 view .LVU1650
2450:Drivers/STM32G0xx_HAL_Driver/Src/stm32g0xx_hal_spi.c ****       {
ARM GAS  C:\Users\Domagoj\AppData\Local\Temp\ccvehG6g.s 			page 195


 5177              		.loc 1 2450 11 is_stmt 0 view .LVU1651
 5178 010c FFF7FEFF 		bl	HAL_GetTick
 5179              	.LVL297:
2450:Drivers/STM32G0xx_HAL_Driver/Src/stm32g0xx_hal_spi.c ****       {
 5180              		.loc 1 2450 11 discriminator 1 view .LVU1652
 5181 0110 0090     		str	r0, [sp]
 5182 0112 6423     		movs	r3, #100
 5183 0114 0022     		movs	r2, #0
 5184 0116 8021     		movs	r1, #128
 5185 0118 2000     		movs	r0, r4
 5186 011a FFF7FEFF 		bl	SPI_WaitFlagStateUntilTimeout
 5187              	.LVL298:
2450:Drivers/STM32G0xx_HAL_Driver/Src/stm32g0xx_hal_spi.c ****       {
 5188              		.loc 1 2450 10 discriminator 2 view .LVU1653
 5189 011e 0028     		cmp	r0, #0
 5190 0120 01D0     		beq	.L327
2452:Drivers/STM32G0xx_HAL_Driver/Src/stm32g0xx_hal_spi.c ****       }
 5191              		.loc 1 2452 9 is_stmt 1 view .LVU1654
2452:Drivers/STM32G0xx_HAL_Driver/Src/stm32g0xx_hal_spi.c ****       }
 5192              		.loc 1 2452 25 is_stmt 0 view .LVU1655
 5193 0122 4023     		movs	r3, #64
 5194 0124 2366     		str	r3, [r4, #96]
 5195              	.L327:
2456:Drivers/STM32G0xx_HAL_Driver/Src/stm32g0xx_hal_spi.c ****                                         HAL_GetTick()) != HAL_OK)
 5196              		.loc 1 2456 7 is_stmt 1 view .LVU1656
2456:Drivers/STM32G0xx_HAL_Driver/Src/stm32g0xx_hal_spi.c ****                                         HAL_GetTick()) != HAL_OK)
 5197              		.loc 1 2456 11 is_stmt 0 view .LVU1657
 5198 0126 FFF7FEFF 		bl	HAL_GetTick
 5199              	.LVL299:
2456:Drivers/STM32G0xx_HAL_Driver/Src/stm32g0xx_hal_spi.c ****                                         HAL_GetTick()) != HAL_OK)
 5200              		.loc 1 2456 11 discriminator 1 view .LVU1658
 5201 012a C021     		movs	r1, #192
 5202 012c 0090     		str	r0, [sp]
 5203 012e 6423     		movs	r3, #100
 5204 0130 0022     		movs	r2, #0
 5205 0132 C900     		lsls	r1, r1, #3
 5206 0134 2000     		movs	r0, r4
 5207 0136 FFF7FEFF 		bl	SPI_WaitFifoStateUntilTimeout
 5208              	.LVL300:
2456:Drivers/STM32G0xx_HAL_Driver/Src/stm32g0xx_hal_spi.c ****                                         HAL_GetTick()) != HAL_OK)
 5209              		.loc 1 2456 10 discriminator 2 view .LVU1659
 5210 013a 0028     		cmp	r0, #0
 5211 013c 01D0     		beq	.L328
2459:Drivers/STM32G0xx_HAL_Driver/Src/stm32g0xx_hal_spi.c ****       }
 5212              		.loc 1 2459 9 is_stmt 1 view .LVU1660
2459:Drivers/STM32G0xx_HAL_Driver/Src/stm32g0xx_hal_spi.c ****       }
 5213              		.loc 1 2459 25 is_stmt 0 view .LVU1661
 5214 013e 4023     		movs	r3, #64
 5215 0140 2366     		str	r3, [r4, #96]
 5216              	.L328:
2463:Drivers/STM32G0xx_HAL_Driver/Src/stm32g0xx_hal_spi.c ****     }
 5217              		.loc 1 2463 7 is_stmt 1 view .LVU1662
 5218 0142 2268     		ldr	r2, [r4]
 5219 0144 5368     		ldr	r3, [r2, #4]
 5220 0146 0121     		movs	r1, #1
 5221 0148 8B43     		bics	r3, r1
 5222 014a 5360     		str	r3, [r2, #4]
ARM GAS  C:\Users\Domagoj\AppData\Local\Temp\ccvehG6g.s 			page 196


 5223              	.L325:
2467:Drivers/STM32G0xx_HAL_Driver/Src/stm32g0xx_hal_spi.c ****   hspi->TxXferCount = 0U;
 5224              		.loc 1 2467 3 view .LVU1663
2467:Drivers/STM32G0xx_HAL_Driver/Src/stm32g0xx_hal_spi.c ****   hspi->TxXferCount = 0U;
 5225              		.loc 1 2467 21 is_stmt 0 view .LVU1664
 5226 014c 0023     		movs	r3, #0
 5227 014e 4622     		movs	r2, #70
 5228 0150 A352     		strh	r3, [r4, r2]
2468:Drivers/STM32G0xx_HAL_Driver/Src/stm32g0xx_hal_spi.c **** 
 5229              		.loc 1 2468 3 is_stmt 1 view .LVU1665
2468:Drivers/STM32G0xx_HAL_Driver/Src/stm32g0xx_hal_spi.c **** 
 5230              		.loc 1 2468 21 is_stmt 0 view .LVU1666
 5231 0152 E387     		strh	r3, [r4, #62]
2471:Drivers/STM32G0xx_HAL_Driver/Src/stm32g0xx_hal_spi.c ****   {
 5232              		.loc 1 2471 3 is_stmt 1 view .LVU1667
2471:Drivers/STM32G0xx_HAL_Driver/Src/stm32g0xx_hal_spi.c ****   {
 5233              		.loc 1 2471 11 is_stmt 0 view .LVU1668
 5234 0154 236E     		ldr	r3, [r4, #96]
2471:Drivers/STM32G0xx_HAL_Driver/Src/stm32g0xx_hal_spi.c ****   {
 5235              		.loc 1 2471 6 view .LVU1669
 5236 0156 402B     		cmp	r3, #64
 5237 0158 13D0     		beq	.L330
2479:Drivers/STM32G0xx_HAL_Driver/Src/stm32g0xx_hal_spi.c ****   }
 5238              		.loc 1 2479 5 is_stmt 1 view .LVU1670
2479:Drivers/STM32G0xx_HAL_Driver/Src/stm32g0xx_hal_spi.c ****   }
 5239              		.loc 1 2479 21 is_stmt 0 view .LVU1671
 5240 015a 0023     		movs	r3, #0
 5241 015c 2366     		str	r3, [r4, #96]
2352:Drivers/STM32G0xx_HAL_Driver/Src/stm32g0xx_hal_spi.c ****   resetcount = SPI_DEFAULT_TIMEOUT * (SystemCoreClock / 24U / 1000U);
 5242              		.loc 1 2352 13 view .LVU1672
 5243 015e 0020     		movs	r0, #0
 5244              	.L329:
 5245              	.LVL301:
2483:Drivers/STM32G0xx_HAL_Driver/Src/stm32g0xx_hal_spi.c ****   __HAL_SPI_CLEAR_FREFLAG(hspi);
 5246              		.loc 1 2483 3 is_stmt 1 view .LVU1673
 5247              	.LBB3:
2483:Drivers/STM32G0xx_HAL_Driver/Src/stm32g0xx_hal_spi.c ****   __HAL_SPI_CLEAR_FREFLAG(hspi);
 5248              		.loc 1 2483 3 view .LVU1674
 5249 0160 0022     		movs	r2, #0
 5250 0162 0292     		str	r2, [sp, #8]
2483:Drivers/STM32G0xx_HAL_Driver/Src/stm32g0xx_hal_spi.c ****   __HAL_SPI_CLEAR_FREFLAG(hspi);
 5251              		.loc 1 2483 3 view .LVU1675
 5252 0164 2368     		ldr	r3, [r4]
 5253 0166 D968     		ldr	r1, [r3, #12]
 5254 0168 0291     		str	r1, [sp, #8]
2483:Drivers/STM32G0xx_HAL_Driver/Src/stm32g0xx_hal_spi.c ****   __HAL_SPI_CLEAR_FREFLAG(hspi);
 5255              		.loc 1 2483 3 view .LVU1676
 5256 016a 9968     		ldr	r1, [r3, #8]
 5257 016c 0291     		str	r1, [sp, #8]
2483:Drivers/STM32G0xx_HAL_Driver/Src/stm32g0xx_hal_spi.c ****   __HAL_SPI_CLEAR_FREFLAG(hspi);
 5258              		.loc 1 2483 3 view .LVU1677
 5259 016e 0299     		ldr	r1, [sp, #8]
 5260              	.LBE3:
2483:Drivers/STM32G0xx_HAL_Driver/Src/stm32g0xx_hal_spi.c ****   __HAL_SPI_CLEAR_FREFLAG(hspi);
 5261              		.loc 1 2483 3 view .LVU1678
2484:Drivers/STM32G0xx_HAL_Driver/Src/stm32g0xx_hal_spi.c **** 
 5262              		.loc 1 2484 3 view .LVU1679
ARM GAS  C:\Users\Domagoj\AppData\Local\Temp\ccvehG6g.s 			page 197


 5263              	.LBB4:
2484:Drivers/STM32G0xx_HAL_Driver/Src/stm32g0xx_hal_spi.c **** 
 5264              		.loc 1 2484 3 view .LVU1680
 5265 0170 0392     		str	r2, [sp, #12]
2484:Drivers/STM32G0xx_HAL_Driver/Src/stm32g0xx_hal_spi.c **** 
 5266              		.loc 1 2484 3 view .LVU1681
 5267 0172 9B68     		ldr	r3, [r3, #8]
 5268 0174 0393     		str	r3, [sp, #12]
2484:Drivers/STM32G0xx_HAL_Driver/Src/stm32g0xx_hal_spi.c **** 
 5269              		.loc 1 2484 3 view .LVU1682
 5270 0176 039B     		ldr	r3, [sp, #12]
 5271              	.LBE4:
2484:Drivers/STM32G0xx_HAL_Driver/Src/stm32g0xx_hal_spi.c **** 
 5272              		.loc 1 2484 3 view .LVU1683
2487:Drivers/STM32G0xx_HAL_Driver/Src/stm32g0xx_hal_spi.c **** 
 5273              		.loc 1 2487 3 view .LVU1684
2487:Drivers/STM32G0xx_HAL_Driver/Src/stm32g0xx_hal_spi.c **** 
 5274              		.loc 1 2487 15 is_stmt 0 view .LVU1685
 5275 0178 5D23     		movs	r3, #93
 5276 017a 0132     		adds	r2, r2, #1
 5277 017c E254     		strb	r2, [r4, r3]
2489:Drivers/STM32G0xx_HAL_Driver/Src/stm32g0xx_hal_spi.c **** }
 5278              		.loc 1 2489 3 is_stmt 1 view .LVU1686
2490:Drivers/STM32G0xx_HAL_Driver/Src/stm32g0xx_hal_spi.c **** 
 5279              		.loc 1 2490 1 is_stmt 0 view .LVU1687
 5280 017e 06B0     		add	sp, sp, #24
 5281              		@ sp needed
 5282              	.LVL302:
2490:Drivers/STM32G0xx_HAL_Driver/Src/stm32g0xx_hal_spi.c **** 
 5283              		.loc 1 2490 1 view .LVU1688
 5284 0180 10BD     		pop	{r4, pc}
 5285              	.LVL303:
 5286              	.L330:
2474:Drivers/STM32G0xx_HAL_Driver/Src/stm32g0xx_hal_spi.c ****   }
 5287              		.loc 1 2474 15 view .LVU1689
 5288 0182 0120     		movs	r0, #1
 5289 0184 ECE7     		b	.L329
 5290              	.L338:
 5291 0186 C046     		.align	2
 5292              	.L337:
 5293 0188 00000000 		.word	SystemCoreClock
 5294 018c C05D0000 		.word	24000
 5295 0190 00000000 		.word	SPI_AbortTx_ISR
 5296 0194 00000000 		.word	SPI_AbortRx_ISR
 5297              		.cfi_endproc
 5298              	.LFE376:
 5300              		.section	.text.HAL_SPI_DMAPause,"ax",%progbits
 5301              		.align	1
 5302              		.global	HAL_SPI_DMAPause
 5303              		.syntax unified
 5304              		.code	16
 5305              		.thumb_func
 5307              	HAL_SPI_DMAPause:
 5308              	.LVL304:
 5309              	.LFB378:
2669:Drivers/STM32G0xx_HAL_Driver/Src/stm32g0xx_hal_spi.c ****   /* Process Locked */
 5310              		.loc 1 2669 1 is_stmt 1 view -0
ARM GAS  C:\Users\Domagoj\AppData\Local\Temp\ccvehG6g.s 			page 198


 5311              		.cfi_startproc
 5312              		@ args = 0, pretend = 0, frame = 0
 5313              		@ frame_needed = 0, uses_anonymous_args = 0
2669:Drivers/STM32G0xx_HAL_Driver/Src/stm32g0xx_hal_spi.c ****   /* Process Locked */
 5314              		.loc 1 2669 1 is_stmt 0 view .LVU1691
 5315 0000 10B5     		push	{r4, lr}
 5316              	.LCFI33:
 5317              		.cfi_def_cfa_offset 8
 5318              		.cfi_offset 4, -8
 5319              		.cfi_offset 14, -4
2671:Drivers/STM32G0xx_HAL_Driver/Src/stm32g0xx_hal_spi.c **** 
 5320              		.loc 1 2671 3 is_stmt 1 view .LVU1692
2671:Drivers/STM32G0xx_HAL_Driver/Src/stm32g0xx_hal_spi.c **** 
 5321              		.loc 1 2671 3 view .LVU1693
 5322 0002 5C23     		movs	r3, #92
 5323 0004 C35C     		ldrb	r3, [r0, r3]
 5324 0006 012B     		cmp	r3, #1
 5325 0008 0BD0     		beq	.L341
2671:Drivers/STM32G0xx_HAL_Driver/Src/stm32g0xx_hal_spi.c **** 
 5326              		.loc 1 2671 3 discriminator 2 view .LVU1694
 5327 000a 5C22     		movs	r2, #92
 5328 000c 0123     		movs	r3, #1
 5329 000e 8354     		strb	r3, [r0, r2]
2671:Drivers/STM32G0xx_HAL_Driver/Src/stm32g0xx_hal_spi.c **** 
 5330              		.loc 1 2671 3 view .LVU1695
2674:Drivers/STM32G0xx_HAL_Driver/Src/stm32g0xx_hal_spi.c **** 
 5331              		.loc 1 2674 3 view .LVU1696
 5332 0010 0168     		ldr	r1, [r0]
 5333 0012 4B68     		ldr	r3, [r1, #4]
 5334 0014 0324     		movs	r4, #3
 5335 0016 A343     		bics	r3, r4
 5336 0018 4B60     		str	r3, [r1, #4]
2677:Drivers/STM32G0xx_HAL_Driver/Src/stm32g0xx_hal_spi.c **** 
 5337              		.loc 1 2677 3 view .LVU1697
2677:Drivers/STM32G0xx_HAL_Driver/Src/stm32g0xx_hal_spi.c **** 
 5338              		.loc 1 2677 3 view .LVU1698
 5339 001a 0023     		movs	r3, #0
 5340 001c 8354     		strb	r3, [r0, r2]
2677:Drivers/STM32G0xx_HAL_Driver/Src/stm32g0xx_hal_spi.c **** 
 5341              		.loc 1 2677 3 view .LVU1699
2679:Drivers/STM32G0xx_HAL_Driver/Src/stm32g0xx_hal_spi.c **** }
 5342              		.loc 1 2679 3 view .LVU1700
2679:Drivers/STM32G0xx_HAL_Driver/Src/stm32g0xx_hal_spi.c **** }
 5343              		.loc 1 2679 10 is_stmt 0 view .LVU1701
 5344 001e 0020     		movs	r0, #0
 5345              	.LVL305:
 5346              	.L340:
2680:Drivers/STM32G0xx_HAL_Driver/Src/stm32g0xx_hal_spi.c **** 
 5347              		.loc 1 2680 1 view .LVU1702
 5348              		@ sp needed
 5349 0020 10BD     		pop	{r4, pc}
 5350              	.LVL306:
 5351              	.L341:
2671:Drivers/STM32G0xx_HAL_Driver/Src/stm32g0xx_hal_spi.c **** 
 5352              		.loc 1 2671 3 discriminator 1 view .LVU1703
 5353 0022 0220     		movs	r0, #2
 5354              	.LVL307:
ARM GAS  C:\Users\Domagoj\AppData\Local\Temp\ccvehG6g.s 			page 199


2671:Drivers/STM32G0xx_HAL_Driver/Src/stm32g0xx_hal_spi.c **** 
 5355              		.loc 1 2671 3 discriminator 1 view .LVU1704
 5356 0024 FCE7     		b	.L340
 5357              		.cfi_endproc
 5358              	.LFE378:
 5360              		.section	.text.HAL_SPI_DMAResume,"ax",%progbits
 5361              		.align	1
 5362              		.global	HAL_SPI_DMAResume
 5363              		.syntax unified
 5364              		.code	16
 5365              		.thumb_func
 5367              	HAL_SPI_DMAResume:
 5368              	.LVL308:
 5369              	.LFB379:
2689:Drivers/STM32G0xx_HAL_Driver/Src/stm32g0xx_hal_spi.c ****   /* Process Locked */
 5370              		.loc 1 2689 1 is_stmt 1 view -0
 5371              		.cfi_startproc
 5372              		@ args = 0, pretend = 0, frame = 0
 5373              		@ frame_needed = 0, uses_anonymous_args = 0
2689:Drivers/STM32G0xx_HAL_Driver/Src/stm32g0xx_hal_spi.c ****   /* Process Locked */
 5374              		.loc 1 2689 1 is_stmt 0 view .LVU1706
 5375 0000 10B5     		push	{r4, lr}
 5376              	.LCFI34:
 5377              		.cfi_def_cfa_offset 8
 5378              		.cfi_offset 4, -8
 5379              		.cfi_offset 14, -4
2691:Drivers/STM32G0xx_HAL_Driver/Src/stm32g0xx_hal_spi.c **** 
 5380              		.loc 1 2691 3 is_stmt 1 view .LVU1707
2691:Drivers/STM32G0xx_HAL_Driver/Src/stm32g0xx_hal_spi.c **** 
 5381              		.loc 1 2691 3 view .LVU1708
 5382 0002 5C23     		movs	r3, #92
 5383 0004 C35C     		ldrb	r3, [r0, r3]
 5384 0006 012B     		cmp	r3, #1
 5385 0008 0BD0     		beq	.L344
2691:Drivers/STM32G0xx_HAL_Driver/Src/stm32g0xx_hal_spi.c **** 
 5386              		.loc 1 2691 3 discriminator 2 view .LVU1709
 5387 000a 5C22     		movs	r2, #92
 5388 000c 0123     		movs	r3, #1
 5389 000e 8354     		strb	r3, [r0, r2]
2691:Drivers/STM32G0xx_HAL_Driver/Src/stm32g0xx_hal_spi.c **** 
 5390              		.loc 1 2691 3 view .LVU1710
2694:Drivers/STM32G0xx_HAL_Driver/Src/stm32g0xx_hal_spi.c **** 
 5391              		.loc 1 2694 3 view .LVU1711
 5392 0010 0168     		ldr	r1, [r0]
 5393 0012 4B68     		ldr	r3, [r1, #4]
 5394 0014 0324     		movs	r4, #3
 5395 0016 2343     		orrs	r3, r4
 5396 0018 4B60     		str	r3, [r1, #4]
2697:Drivers/STM32G0xx_HAL_Driver/Src/stm32g0xx_hal_spi.c **** 
 5397              		.loc 1 2697 3 view .LVU1712
2697:Drivers/STM32G0xx_HAL_Driver/Src/stm32g0xx_hal_spi.c **** 
 5398              		.loc 1 2697 3 view .LVU1713
 5399 001a 0023     		movs	r3, #0
 5400 001c 8354     		strb	r3, [r0, r2]
2697:Drivers/STM32G0xx_HAL_Driver/Src/stm32g0xx_hal_spi.c **** 
 5401              		.loc 1 2697 3 view .LVU1714
2699:Drivers/STM32G0xx_HAL_Driver/Src/stm32g0xx_hal_spi.c **** }
ARM GAS  C:\Users\Domagoj\AppData\Local\Temp\ccvehG6g.s 			page 200


 5402              		.loc 1 2699 3 view .LVU1715
2699:Drivers/STM32G0xx_HAL_Driver/Src/stm32g0xx_hal_spi.c **** }
 5403              		.loc 1 2699 10 is_stmt 0 view .LVU1716
 5404 001e 0020     		movs	r0, #0
 5405              	.LVL309:
 5406              	.L343:
2700:Drivers/STM32G0xx_HAL_Driver/Src/stm32g0xx_hal_spi.c **** 
 5407              		.loc 1 2700 1 view .LVU1717
 5408              		@ sp needed
 5409 0020 10BD     		pop	{r4, pc}
 5410              	.LVL310:
 5411              	.L344:
2691:Drivers/STM32G0xx_HAL_Driver/Src/stm32g0xx_hal_spi.c **** 
 5412              		.loc 1 2691 3 discriminator 1 view .LVU1718
 5413 0022 0220     		movs	r0, #2
 5414              	.LVL311:
2691:Drivers/STM32G0xx_HAL_Driver/Src/stm32g0xx_hal_spi.c **** 
 5415              		.loc 1 2691 3 discriminator 1 view .LVU1719
 5416 0024 FCE7     		b	.L343
 5417              		.cfi_endproc
 5418              	.LFE379:
 5420              		.section	.text.HAL_SPI_DMAStop,"ax",%progbits
 5421              		.align	1
 5422              		.global	HAL_SPI_DMAStop
 5423              		.syntax unified
 5424              		.code	16
 5425              		.thumb_func
 5427              	HAL_SPI_DMAStop:
 5428              	.LVL312:
 5429              	.LFB380:
2709:Drivers/STM32G0xx_HAL_Driver/Src/stm32g0xx_hal_spi.c ****   HAL_StatusTypeDef errorcode = HAL_OK;
 5430              		.loc 1 2709 1 is_stmt 1 view -0
 5431              		.cfi_startproc
 5432              		@ args = 0, pretend = 0, frame = 0
 5433              		@ frame_needed = 0, uses_anonymous_args = 0
2709:Drivers/STM32G0xx_HAL_Driver/Src/stm32g0xx_hal_spi.c ****   HAL_StatusTypeDef errorcode = HAL_OK;
 5434              		.loc 1 2709 1 is_stmt 0 view .LVU1721
 5435 0000 70B5     		push	{r4, r5, r6, lr}
 5436              	.LCFI35:
 5437              		.cfi_def_cfa_offset 16
 5438              		.cfi_offset 4, -16
 5439              		.cfi_offset 5, -12
 5440              		.cfi_offset 6, -8
 5441              		.cfi_offset 14, -4
 5442 0002 0400     		movs	r4, r0
2710:Drivers/STM32G0xx_HAL_Driver/Src/stm32g0xx_hal_spi.c ****   /* The Lock is not implemented on this API to allow the user application
 5443              		.loc 1 2710 3 is_stmt 1 view .LVU1722
 5444              	.LVL313:
2720:Drivers/STM32G0xx_HAL_Driver/Src/stm32g0xx_hal_spi.c ****   {
 5445              		.loc 1 2720 3 view .LVU1723
2720:Drivers/STM32G0xx_HAL_Driver/Src/stm32g0xx_hal_spi.c ****   {
 5446              		.loc 1 2720 11 is_stmt 0 view .LVU1724
 5447 0004 406D     		ldr	r0, [r0, #84]
 5448              	.LVL314:
2720:Drivers/STM32G0xx_HAL_Driver/Src/stm32g0xx_hal_spi.c ****   {
 5449              		.loc 1 2720 6 view .LVU1725
 5450 0006 0028     		cmp	r0, #0
ARM GAS  C:\Users\Domagoj\AppData\Local\Temp\ccvehG6g.s 			page 201


 5451 0008 09D0     		beq	.L348
2722:Drivers/STM32G0xx_HAL_Driver/Src/stm32g0xx_hal_spi.c ****     {
 5452              		.loc 1 2722 5 is_stmt 1 view .LVU1726
2722:Drivers/STM32G0xx_HAL_Driver/Src/stm32g0xx_hal_spi.c ****     {
 5453              		.loc 1 2722 19 is_stmt 0 view .LVU1727
 5454 000a FFF7FEFF 		bl	HAL_DMA_Abort
 5455              	.LVL315:
 5456 000e 051E     		subs	r5, r0, #0
2722:Drivers/STM32G0xx_HAL_Driver/Src/stm32g0xx_hal_spi.c ****     {
 5457              		.loc 1 2722 8 discriminator 1 view .LVU1728
 5458 0010 06D0     		beq	.L346
2724:Drivers/STM32G0xx_HAL_Driver/Src/stm32g0xx_hal_spi.c ****       errorcode = HAL_ERROR;
 5459              		.loc 1 2724 7 is_stmt 1 view .LVU1729
 5460 0012 236E     		ldr	r3, [r4, #96]
 5461 0014 1022     		movs	r2, #16
 5462 0016 1343     		orrs	r3, r2
 5463 0018 2366     		str	r3, [r4, #96]
2725:Drivers/STM32G0xx_HAL_Driver/Src/stm32g0xx_hal_spi.c ****     }
 5464              		.loc 1 2725 7 view .LVU1730
 5465              	.LVL316:
2725:Drivers/STM32G0xx_HAL_Driver/Src/stm32g0xx_hal_spi.c ****     }
 5466              		.loc 1 2725 17 is_stmt 0 view .LVU1731
 5467 001a 0125     		movs	r5, #1
 5468 001c 00E0     		b	.L346
 5469              	.LVL317:
 5470              	.L348:
2710:Drivers/STM32G0xx_HAL_Driver/Src/stm32g0xx_hal_spi.c ****   /* The Lock is not implemented on this API to allow the user application
 5471              		.loc 1 2710 21 view .LVU1732
 5472 001e 0025     		movs	r5, #0
 5473              	.LVL318:
 5474              	.L346:
2729:Drivers/STM32G0xx_HAL_Driver/Src/stm32g0xx_hal_spi.c ****   {
 5475              		.loc 1 2729 3 is_stmt 1 view .LVU1733
2729:Drivers/STM32G0xx_HAL_Driver/Src/stm32g0xx_hal_spi.c ****   {
 5476              		.loc 1 2729 11 is_stmt 0 view .LVU1734
 5477 0020 A06D     		ldr	r0, [r4, #88]
2729:Drivers/STM32G0xx_HAL_Driver/Src/stm32g0xx_hal_spi.c ****   {
 5478              		.loc 1 2729 6 view .LVU1735
 5479 0022 0028     		cmp	r0, #0
 5480 0024 08D0     		beq	.L347
2731:Drivers/STM32G0xx_HAL_Driver/Src/stm32g0xx_hal_spi.c ****     {
 5481              		.loc 1 2731 5 is_stmt 1 view .LVU1736
2731:Drivers/STM32G0xx_HAL_Driver/Src/stm32g0xx_hal_spi.c ****     {
 5482              		.loc 1 2731 19 is_stmt 0 view .LVU1737
 5483 0026 FFF7FEFF 		bl	HAL_DMA_Abort
 5484              	.LVL319:
2731:Drivers/STM32G0xx_HAL_Driver/Src/stm32g0xx_hal_spi.c ****     {
 5485              		.loc 1 2731 8 discriminator 1 view .LVU1738
 5486 002a 0028     		cmp	r0, #0
 5487 002c 04D0     		beq	.L347
2733:Drivers/STM32G0xx_HAL_Driver/Src/stm32g0xx_hal_spi.c ****       errorcode = HAL_ERROR;
 5488              		.loc 1 2733 7 is_stmt 1 view .LVU1739
 5489 002e 236E     		ldr	r3, [r4, #96]
 5490 0030 1022     		movs	r2, #16
 5491 0032 1343     		orrs	r3, r2
 5492 0034 2366     		str	r3, [r4, #96]
2734:Drivers/STM32G0xx_HAL_Driver/Src/stm32g0xx_hal_spi.c ****     }
ARM GAS  C:\Users\Domagoj\AppData\Local\Temp\ccvehG6g.s 			page 202


 5493              		.loc 1 2734 7 view .LVU1740
 5494              	.LVL320:
2734:Drivers/STM32G0xx_HAL_Driver/Src/stm32g0xx_hal_spi.c ****     }
 5495              		.loc 1 2734 17 is_stmt 0 view .LVU1741
 5496 0036 0125     		movs	r5, #1
 5497              	.LVL321:
 5498              	.L347:
2739:Drivers/STM32G0xx_HAL_Driver/Src/stm32g0xx_hal_spi.c ****   hspi->State = HAL_SPI_STATE_READY;
 5499              		.loc 1 2739 3 is_stmt 1 view .LVU1742
 5500 0038 2268     		ldr	r2, [r4]
 5501 003a 5368     		ldr	r3, [r2, #4]
 5502 003c 0321     		movs	r1, #3
 5503 003e 8B43     		bics	r3, r1
 5504 0040 5360     		str	r3, [r2, #4]
2740:Drivers/STM32G0xx_HAL_Driver/Src/stm32g0xx_hal_spi.c ****   return errorcode;
 5505              		.loc 1 2740 3 view .LVU1743
2740:Drivers/STM32G0xx_HAL_Driver/Src/stm32g0xx_hal_spi.c ****   return errorcode;
 5506              		.loc 1 2740 15 is_stmt 0 view .LVU1744
 5507 0042 5D23     		movs	r3, #93
 5508 0044 0122     		movs	r2, #1
 5509 0046 E254     		strb	r2, [r4, r3]
2741:Drivers/STM32G0xx_HAL_Driver/Src/stm32g0xx_hal_spi.c **** }
 5510              		.loc 1 2741 3 is_stmt 1 view .LVU1745
2742:Drivers/STM32G0xx_HAL_Driver/Src/stm32g0xx_hal_spi.c **** 
 5511              		.loc 1 2742 1 is_stmt 0 view .LVU1746
 5512 0048 2800     		movs	r0, r5
 5513              		@ sp needed
 5514              	.LVL322:
 5515              	.LVL323:
2742:Drivers/STM32G0xx_HAL_Driver/Src/stm32g0xx_hal_spi.c **** 
 5516              		.loc 1 2742 1 view .LVU1747
 5517 004a 70BD     		pop	{r4, r5, r6, pc}
 5518              		.cfi_endproc
 5519              	.LFE380:
 5521              		.section	.text.HAL_SPI_TxCpltCallback,"ax",%progbits
 5522              		.align	1
 5523              		.weak	HAL_SPI_TxCpltCallback
 5524              		.syntax unified
 5525              		.code	16
 5526              		.thumb_func
 5528              	HAL_SPI_TxCpltCallback:
 5529              	.LVL324:
 5530              	.LFB382:
2858:Drivers/STM32G0xx_HAL_Driver/Src/stm32g0xx_hal_spi.c ****   /* Prevent unused argument(s) compilation warning */
 5531              		.loc 1 2858 1 is_stmt 1 view -0
 5532              		.cfi_startproc
 5533              		@ args = 0, pretend = 0, frame = 0
 5534              		@ frame_needed = 0, uses_anonymous_args = 0
 5535              		@ link register save eliminated.
2860:Drivers/STM32G0xx_HAL_Driver/Src/stm32g0xx_hal_spi.c **** 
 5536              		.loc 1 2860 3 view .LVU1749
2865:Drivers/STM32G0xx_HAL_Driver/Src/stm32g0xx_hal_spi.c **** 
 5537              		.loc 1 2865 1 is_stmt 0 view .LVU1750
 5538              		@ sp needed
 5539 0000 7047     		bx	lr
 5540              		.cfi_endproc
 5541              	.LFE382:
ARM GAS  C:\Users\Domagoj\AppData\Local\Temp\ccvehG6g.s 			page 203


 5543              		.section	.text.HAL_SPI_RxCpltCallback,"ax",%progbits
 5544              		.align	1
 5545              		.weak	HAL_SPI_RxCpltCallback
 5546              		.syntax unified
 5547              		.code	16
 5548              		.thumb_func
 5550              	HAL_SPI_RxCpltCallback:
 5551              	.LVL325:
 5552              	.LFB383:
2874:Drivers/STM32G0xx_HAL_Driver/Src/stm32g0xx_hal_spi.c ****   /* Prevent unused argument(s) compilation warning */
 5553              		.loc 1 2874 1 is_stmt 1 view -0
 5554              		.cfi_startproc
 5555              		@ args = 0, pretend = 0, frame = 0
 5556              		@ frame_needed = 0, uses_anonymous_args = 0
 5557              		@ link register save eliminated.
2876:Drivers/STM32G0xx_HAL_Driver/Src/stm32g0xx_hal_spi.c **** 
 5558              		.loc 1 2876 3 view .LVU1752
2881:Drivers/STM32G0xx_HAL_Driver/Src/stm32g0xx_hal_spi.c **** 
 5559              		.loc 1 2881 1 is_stmt 0 view .LVU1753
 5560              		@ sp needed
 5561 0000 7047     		bx	lr
 5562              		.cfi_endproc
 5563              	.LFE383:
 5565              		.section	.text.HAL_SPI_TxRxCpltCallback,"ax",%progbits
 5566              		.align	1
 5567              		.weak	HAL_SPI_TxRxCpltCallback
 5568              		.syntax unified
 5569              		.code	16
 5570              		.thumb_func
 5572              	HAL_SPI_TxRxCpltCallback:
 5573              	.LVL326:
 5574              	.LFB384:
2890:Drivers/STM32G0xx_HAL_Driver/Src/stm32g0xx_hal_spi.c ****   /* Prevent unused argument(s) compilation warning */
 5575              		.loc 1 2890 1 is_stmt 1 view -0
 5576              		.cfi_startproc
 5577              		@ args = 0, pretend = 0, frame = 0
 5578              		@ frame_needed = 0, uses_anonymous_args = 0
 5579              		@ link register save eliminated.
2892:Drivers/STM32G0xx_HAL_Driver/Src/stm32g0xx_hal_spi.c **** 
 5580              		.loc 1 2892 3 view .LVU1755
2897:Drivers/STM32G0xx_HAL_Driver/Src/stm32g0xx_hal_spi.c **** 
 5581              		.loc 1 2897 1 is_stmt 0 view .LVU1756
 5582              		@ sp needed
 5583 0000 7047     		bx	lr
 5584              		.cfi_endproc
 5585              	.LFE384:
 5587              		.section	.text.HAL_SPI_TxHalfCpltCallback,"ax",%progbits
 5588              		.align	1
 5589              		.weak	HAL_SPI_TxHalfCpltCallback
 5590              		.syntax unified
 5591              		.code	16
 5592              		.thumb_func
 5594              	HAL_SPI_TxHalfCpltCallback:
 5595              	.LVL327:
 5596              	.LFB385:
2906:Drivers/STM32G0xx_HAL_Driver/Src/stm32g0xx_hal_spi.c ****   /* Prevent unused argument(s) compilation warning */
 5597              		.loc 1 2906 1 is_stmt 1 view -0
ARM GAS  C:\Users\Domagoj\AppData\Local\Temp\ccvehG6g.s 			page 204


 5598              		.cfi_startproc
 5599              		@ args = 0, pretend = 0, frame = 0
 5600              		@ frame_needed = 0, uses_anonymous_args = 0
 5601              		@ link register save eliminated.
2908:Drivers/STM32G0xx_HAL_Driver/Src/stm32g0xx_hal_spi.c **** 
 5602              		.loc 1 2908 3 view .LVU1758
2913:Drivers/STM32G0xx_HAL_Driver/Src/stm32g0xx_hal_spi.c **** 
 5603              		.loc 1 2913 1 is_stmt 0 view .LVU1759
 5604              		@ sp needed
 5605 0000 7047     		bx	lr
 5606              		.cfi_endproc
 5607              	.LFE385:
 5609              		.section	.text.SPI_DMAHalfTransmitCplt,"ax",%progbits
 5610              		.align	1
 5611              		.syntax unified
 5612              		.code	16
 5613              		.thumb_func
 5615              	SPI_DMAHalfTransmitCplt:
 5616              	.LVL328:
 5617              	.LFB395:
3319:Drivers/STM32G0xx_HAL_Driver/Src/stm32g0xx_hal_spi.c ****   SPI_HandleTypeDef *hspi = (SPI_HandleTypeDef *)(((DMA_HandleTypeDef *)hdma)->Parent);
 5618              		.loc 1 3319 1 is_stmt 1 view -0
 5619              		.cfi_startproc
 5620              		@ args = 0, pretend = 0, frame = 0
 5621              		@ frame_needed = 0, uses_anonymous_args = 0
3319:Drivers/STM32G0xx_HAL_Driver/Src/stm32g0xx_hal_spi.c ****   SPI_HandleTypeDef *hspi = (SPI_HandleTypeDef *)(((DMA_HandleTypeDef *)hdma)->Parent);
 5622              		.loc 1 3319 1 is_stmt 0 view .LVU1761
 5623 0000 10B5     		push	{r4, lr}
 5624              	.LCFI36:
 5625              		.cfi_def_cfa_offset 8
 5626              		.cfi_offset 4, -8
 5627              		.cfi_offset 14, -4
3320:Drivers/STM32G0xx_HAL_Driver/Src/stm32g0xx_hal_spi.c **** 
 5628              		.loc 1 3320 3 is_stmt 1 view .LVU1762
3320:Drivers/STM32G0xx_HAL_Driver/Src/stm32g0xx_hal_spi.c **** 
 5629              		.loc 1 3320 22 is_stmt 0 view .LVU1763
 5630 0002 806A     		ldr	r0, [r0, #40]
 5631              	.LVL329:
3326:Drivers/STM32G0xx_HAL_Driver/Src/stm32g0xx_hal_spi.c **** #endif /* USE_HAL_SPI_REGISTER_CALLBACKS */
 5632              		.loc 1 3326 3 is_stmt 1 view .LVU1764
 5633 0004 FFF7FEFF 		bl	HAL_SPI_TxHalfCpltCallback
 5634              	.LVL330:
3328:Drivers/STM32G0xx_HAL_Driver/Src/stm32g0xx_hal_spi.c **** 
 5635              		.loc 1 3328 1 is_stmt 0 view .LVU1765
 5636              		@ sp needed
 5637 0008 10BD     		pop	{r4, pc}
 5638              		.cfi_endproc
 5639              	.LFE395:
 5641              		.section	.text.HAL_SPI_RxHalfCpltCallback,"ax",%progbits
 5642              		.align	1
 5643              		.weak	HAL_SPI_RxHalfCpltCallback
 5644              		.syntax unified
 5645              		.code	16
 5646              		.thumb_func
 5648              	HAL_SPI_RxHalfCpltCallback:
 5649              	.LVL331:
 5650              	.LFB386:
ARM GAS  C:\Users\Domagoj\AppData\Local\Temp\ccvehG6g.s 			page 205


2922:Drivers/STM32G0xx_HAL_Driver/Src/stm32g0xx_hal_spi.c ****   /* Prevent unused argument(s) compilation warning */
 5651              		.loc 1 2922 1 is_stmt 1 view -0
 5652              		.cfi_startproc
 5653              		@ args = 0, pretend = 0, frame = 0
 5654              		@ frame_needed = 0, uses_anonymous_args = 0
 5655              		@ link register save eliminated.
2924:Drivers/STM32G0xx_HAL_Driver/Src/stm32g0xx_hal_spi.c **** 
 5656              		.loc 1 2924 3 view .LVU1767
2929:Drivers/STM32G0xx_HAL_Driver/Src/stm32g0xx_hal_spi.c **** 
 5657              		.loc 1 2929 1 is_stmt 0 view .LVU1768
 5658              		@ sp needed
 5659 0000 7047     		bx	lr
 5660              		.cfi_endproc
 5661              	.LFE386:
 5663              		.section	.text.SPI_DMAHalfReceiveCplt,"ax",%progbits
 5664              		.align	1
 5665              		.syntax unified
 5666              		.code	16
 5667              		.thumb_func
 5669              	SPI_DMAHalfReceiveCplt:
 5670              	.LVL332:
 5671              	.LFB396:
3337:Drivers/STM32G0xx_HAL_Driver/Src/stm32g0xx_hal_spi.c ****   SPI_HandleTypeDef *hspi = (SPI_HandleTypeDef *)(((DMA_HandleTypeDef *)hdma)->Parent);
 5672              		.loc 1 3337 1 is_stmt 1 view -0
 5673              		.cfi_startproc
 5674              		@ args = 0, pretend = 0, frame = 0
 5675              		@ frame_needed = 0, uses_anonymous_args = 0
3337:Drivers/STM32G0xx_HAL_Driver/Src/stm32g0xx_hal_spi.c ****   SPI_HandleTypeDef *hspi = (SPI_HandleTypeDef *)(((DMA_HandleTypeDef *)hdma)->Parent);
 5676              		.loc 1 3337 1 is_stmt 0 view .LVU1770
 5677 0000 10B5     		push	{r4, lr}
 5678              	.LCFI37:
 5679              		.cfi_def_cfa_offset 8
 5680              		.cfi_offset 4, -8
 5681              		.cfi_offset 14, -4
3338:Drivers/STM32G0xx_HAL_Driver/Src/stm32g0xx_hal_spi.c **** 
 5682              		.loc 1 3338 3 is_stmt 1 view .LVU1771
3338:Drivers/STM32G0xx_HAL_Driver/Src/stm32g0xx_hal_spi.c **** 
 5683              		.loc 1 3338 22 is_stmt 0 view .LVU1772
 5684 0002 806A     		ldr	r0, [r0, #40]
 5685              	.LVL333:
3344:Drivers/STM32G0xx_HAL_Driver/Src/stm32g0xx_hal_spi.c **** #endif /* USE_HAL_SPI_REGISTER_CALLBACKS */
 5686              		.loc 1 3344 3 is_stmt 1 view .LVU1773
 5687 0004 FFF7FEFF 		bl	HAL_SPI_RxHalfCpltCallback
 5688              	.LVL334:
3346:Drivers/STM32G0xx_HAL_Driver/Src/stm32g0xx_hal_spi.c **** 
 5689              		.loc 1 3346 1 is_stmt 0 view .LVU1774
 5690              		@ sp needed
 5691 0008 10BD     		pop	{r4, pc}
 5692              		.cfi_endproc
 5693              	.LFE396:
 5695              		.section	.text.HAL_SPI_TxRxHalfCpltCallback,"ax",%progbits
 5696              		.align	1
 5697              		.weak	HAL_SPI_TxRxHalfCpltCallback
 5698              		.syntax unified
 5699              		.code	16
 5700              		.thumb_func
 5702              	HAL_SPI_TxRxHalfCpltCallback:
ARM GAS  C:\Users\Domagoj\AppData\Local\Temp\ccvehG6g.s 			page 206


 5703              	.LVL335:
 5704              	.LFB387:
2938:Drivers/STM32G0xx_HAL_Driver/Src/stm32g0xx_hal_spi.c ****   /* Prevent unused argument(s) compilation warning */
 5705              		.loc 1 2938 1 is_stmt 1 view -0
 5706              		.cfi_startproc
 5707              		@ args = 0, pretend = 0, frame = 0
 5708              		@ frame_needed = 0, uses_anonymous_args = 0
 5709              		@ link register save eliminated.
2940:Drivers/STM32G0xx_HAL_Driver/Src/stm32g0xx_hal_spi.c **** 
 5710              		.loc 1 2940 3 view .LVU1776
2945:Drivers/STM32G0xx_HAL_Driver/Src/stm32g0xx_hal_spi.c **** 
 5711              		.loc 1 2945 1 is_stmt 0 view .LVU1777
 5712              		@ sp needed
 5713 0000 7047     		bx	lr
 5714              		.cfi_endproc
 5715              	.LFE387:
 5717              		.section	.text.SPI_DMAHalfTransmitReceiveCplt,"ax",%progbits
 5718              		.align	1
 5719              		.syntax unified
 5720              		.code	16
 5721              		.thumb_func
 5723              	SPI_DMAHalfTransmitReceiveCplt:
 5724              	.LVL336:
 5725              	.LFB397:
3355:Drivers/STM32G0xx_HAL_Driver/Src/stm32g0xx_hal_spi.c ****   SPI_HandleTypeDef *hspi = (SPI_HandleTypeDef *)(((DMA_HandleTypeDef *)hdma)->Parent);
 5726              		.loc 1 3355 1 is_stmt 1 view -0
 5727              		.cfi_startproc
 5728              		@ args = 0, pretend = 0, frame = 0
 5729              		@ frame_needed = 0, uses_anonymous_args = 0
3355:Drivers/STM32G0xx_HAL_Driver/Src/stm32g0xx_hal_spi.c ****   SPI_HandleTypeDef *hspi = (SPI_HandleTypeDef *)(((DMA_HandleTypeDef *)hdma)->Parent);
 5730              		.loc 1 3355 1 is_stmt 0 view .LVU1779
 5731 0000 10B5     		push	{r4, lr}
 5732              	.LCFI38:
 5733              		.cfi_def_cfa_offset 8
 5734              		.cfi_offset 4, -8
 5735              		.cfi_offset 14, -4
3356:Drivers/STM32G0xx_HAL_Driver/Src/stm32g0xx_hal_spi.c **** 
 5736              		.loc 1 3356 3 is_stmt 1 view .LVU1780
3356:Drivers/STM32G0xx_HAL_Driver/Src/stm32g0xx_hal_spi.c **** 
 5737              		.loc 1 3356 22 is_stmt 0 view .LVU1781
 5738 0002 806A     		ldr	r0, [r0, #40]
 5739              	.LVL337:
3362:Drivers/STM32G0xx_HAL_Driver/Src/stm32g0xx_hal_spi.c **** #endif /* USE_HAL_SPI_REGISTER_CALLBACKS */
 5740              		.loc 1 3362 3 is_stmt 1 view .LVU1782
 5741 0004 FFF7FEFF 		bl	HAL_SPI_TxRxHalfCpltCallback
 5742              	.LVL338:
3364:Drivers/STM32G0xx_HAL_Driver/Src/stm32g0xx_hal_spi.c **** 
 5743              		.loc 1 3364 1 is_stmt 0 view .LVU1783
 5744              		@ sp needed
 5745 0008 10BD     		pop	{r4, pc}
 5746              		.cfi_endproc
 5747              	.LFE397:
 5749              		.section	.text.HAL_SPI_ErrorCallback,"ax",%progbits
 5750              		.align	1
 5751              		.weak	HAL_SPI_ErrorCallback
 5752              		.syntax unified
 5753              		.code	16
ARM GAS  C:\Users\Domagoj\AppData\Local\Temp\ccvehG6g.s 			page 207


 5754              		.thumb_func
 5756              	HAL_SPI_ErrorCallback:
 5757              	.LVL339:
 5758              	.LFB388:
2954:Drivers/STM32G0xx_HAL_Driver/Src/stm32g0xx_hal_spi.c ****   /* Prevent unused argument(s) compilation warning */
 5759              		.loc 1 2954 1 is_stmt 1 view -0
 5760              		.cfi_startproc
 5761              		@ args = 0, pretend = 0, frame = 0
 5762              		@ frame_needed = 0, uses_anonymous_args = 0
 5763              		@ link register save eliminated.
2956:Drivers/STM32G0xx_HAL_Driver/Src/stm32g0xx_hal_spi.c **** 
 5764              		.loc 1 2956 3 view .LVU1785
2964:Drivers/STM32G0xx_HAL_Driver/Src/stm32g0xx_hal_spi.c **** 
 5765              		.loc 1 2964 1 is_stmt 0 view .LVU1786
 5766              		@ sp needed
 5767 0000 7047     		bx	lr
 5768              		.cfi_endproc
 5769              	.LFE388:
 5771              		.section	.text.SPI_CloseTx_ISR,"ax",%progbits
 5772              		.align	1
 5773              		.syntax unified
 5774              		.code	16
 5775              		.thumb_func
 5777              	SPI_CloseTx_ISR:
 5778              	.LVL340:
 5779              	.LFB416:
4297:Drivers/STM32G0xx_HAL_Driver/Src/stm32g0xx_hal_spi.c ****   uint32_t tickstart;
 5780              		.loc 1 4297 1 is_stmt 1 view -0
 5781              		.cfi_startproc
 5782              		@ args = 0, pretend = 0, frame = 8
 5783              		@ frame_needed = 0, uses_anonymous_args = 0
4297:Drivers/STM32G0xx_HAL_Driver/Src/stm32g0xx_hal_spi.c ****   uint32_t tickstart;
 5784              		.loc 1 4297 1 is_stmt 0 view .LVU1788
 5785 0000 10B5     		push	{r4, lr}
 5786              	.LCFI39:
 5787              		.cfi_def_cfa_offset 8
 5788              		.cfi_offset 4, -8
 5789              		.cfi_offset 14, -4
 5790 0002 82B0     		sub	sp, sp, #8
 5791              	.LCFI40:
 5792              		.cfi_def_cfa_offset 16
 5793 0004 0400     		movs	r4, r0
4298:Drivers/STM32G0xx_HAL_Driver/Src/stm32g0xx_hal_spi.c **** 
 5794              		.loc 1 4298 3 is_stmt 1 view .LVU1789
4301:Drivers/STM32G0xx_HAL_Driver/Src/stm32g0xx_hal_spi.c **** 
 5795              		.loc 1 4301 3 view .LVU1790
4301:Drivers/STM32G0xx_HAL_Driver/Src/stm32g0xx_hal_spi.c **** 
 5796              		.loc 1 4301 15 is_stmt 0 view .LVU1791
 5797 0006 FFF7FEFF 		bl	HAL_GetTick
 5798              	.LVL341:
4301:Drivers/STM32G0xx_HAL_Driver/Src/stm32g0xx_hal_spi.c **** 
 5799              		.loc 1 4301 15 view .LVU1792
 5800 000a 0200     		movs	r2, r0
 5801              	.LVL342:
4304:Drivers/STM32G0xx_HAL_Driver/Src/stm32g0xx_hal_spi.c **** 
 5802              		.loc 1 4304 3 is_stmt 1 view .LVU1793
 5803 000c 2168     		ldr	r1, [r4]
ARM GAS  C:\Users\Domagoj\AppData\Local\Temp\ccvehG6g.s 			page 208


 5804 000e 4B68     		ldr	r3, [r1, #4]
 5805 0010 A020     		movs	r0, #160
 5806              	.LVL343:
4304:Drivers/STM32G0xx_HAL_Driver/Src/stm32g0xx_hal_spi.c **** 
 5807              		.loc 1 4304 3 is_stmt 0 view .LVU1794
 5808 0012 8343     		bics	r3, r0
 5809 0014 4B60     		str	r3, [r1, #4]
4307:Drivers/STM32G0xx_HAL_Driver/Src/stm32g0xx_hal_spi.c ****   {
 5810              		.loc 1 4307 3 is_stmt 1 view .LVU1795
4307:Drivers/STM32G0xx_HAL_Driver/Src/stm32g0xx_hal_spi.c ****   {
 5811              		.loc 1 4307 7 is_stmt 0 view .LVU1796
 5812 0016 6421     		movs	r1, #100
 5813 0018 2000     		movs	r0, r4
 5814 001a FFF7FEFF 		bl	SPI_EndRxTxTransaction
 5815              	.LVL344:
4307:Drivers/STM32G0xx_HAL_Driver/Src/stm32g0xx_hal_spi.c ****   {
 5816              		.loc 1 4307 6 discriminator 1 view .LVU1797
 5817 001e 0028     		cmp	r0, #0
 5818 0020 03D0     		beq	.L360
4309:Drivers/STM32G0xx_HAL_Driver/Src/stm32g0xx_hal_spi.c ****   }
 5819              		.loc 1 4309 5 is_stmt 1 view .LVU1798
 5820 0022 236E     		ldr	r3, [r4, #96]
 5821 0024 2022     		movs	r2, #32
 5822 0026 1343     		orrs	r3, r2
 5823 0028 2366     		str	r3, [r4, #96]
 5824              	.L360:
4313:Drivers/STM32G0xx_HAL_Driver/Src/stm32g0xx_hal_spi.c ****   {
 5825              		.loc 1 4313 3 view .LVU1799
4313:Drivers/STM32G0xx_HAL_Driver/Src/stm32g0xx_hal_spi.c ****   {
 5826              		.loc 1 4313 17 is_stmt 0 view .LVU1800
 5827 002a A368     		ldr	r3, [r4, #8]
4313:Drivers/STM32G0xx_HAL_Driver/Src/stm32g0xx_hal_spi.c ****   {
 5828              		.loc 1 4313 6 view .LVU1801
 5829 002c 002B     		cmp	r3, #0
 5830 002e 06D1     		bne	.L361
4315:Drivers/STM32G0xx_HAL_Driver/Src/stm32g0xx_hal_spi.c ****   }
 5831              		.loc 1 4315 5 is_stmt 1 view .LVU1802
 5832              	.LBB5:
4315:Drivers/STM32G0xx_HAL_Driver/Src/stm32g0xx_hal_spi.c ****   }
 5833              		.loc 1 4315 5 view .LVU1803
 5834 0030 0193     		str	r3, [sp, #4]
4315:Drivers/STM32G0xx_HAL_Driver/Src/stm32g0xx_hal_spi.c ****   }
 5835              		.loc 1 4315 5 view .LVU1804
 5836 0032 2368     		ldr	r3, [r4]
 5837 0034 DA68     		ldr	r2, [r3, #12]
 5838 0036 0192     		str	r2, [sp, #4]
4315:Drivers/STM32G0xx_HAL_Driver/Src/stm32g0xx_hal_spi.c ****   }
 5839              		.loc 1 4315 5 view .LVU1805
 5840 0038 9B68     		ldr	r3, [r3, #8]
 5841 003a 0193     		str	r3, [sp, #4]
4315:Drivers/STM32G0xx_HAL_Driver/Src/stm32g0xx_hal_spi.c ****   }
 5842              		.loc 1 4315 5 view .LVU1806
 5843 003c 019B     		ldr	r3, [sp, #4]
 5844              	.L361:
 5845              	.LBE5:
4315:Drivers/STM32G0xx_HAL_Driver/Src/stm32g0xx_hal_spi.c ****   }
 5846              		.loc 1 4315 5 view .LVU1807
ARM GAS  C:\Users\Domagoj\AppData\Local\Temp\ccvehG6g.s 			page 209


4318:Drivers/STM32G0xx_HAL_Driver/Src/stm32g0xx_hal_spi.c ****   if (hspi->ErrorCode != HAL_SPI_ERROR_NONE)
 5847              		.loc 1 4318 3 view .LVU1808
4318:Drivers/STM32G0xx_HAL_Driver/Src/stm32g0xx_hal_spi.c ****   if (hspi->ErrorCode != HAL_SPI_ERROR_NONE)
 5848              		.loc 1 4318 15 is_stmt 0 view .LVU1809
 5849 003e 5D23     		movs	r3, #93
 5850 0040 0122     		movs	r2, #1
 5851 0042 E254     		strb	r2, [r4, r3]
4319:Drivers/STM32G0xx_HAL_Driver/Src/stm32g0xx_hal_spi.c ****   {
 5852              		.loc 1 4319 3 is_stmt 1 view .LVU1810
4319:Drivers/STM32G0xx_HAL_Driver/Src/stm32g0xx_hal_spi.c ****   {
 5853              		.loc 1 4319 11 is_stmt 0 view .LVU1811
 5854 0044 236E     		ldr	r3, [r4, #96]
4319:Drivers/STM32G0xx_HAL_Driver/Src/stm32g0xx_hal_spi.c ****   {
 5855              		.loc 1 4319 6 view .LVU1812
 5856 0046 002B     		cmp	r3, #0
 5857 0048 04D0     		beq	.L362
4325:Drivers/STM32G0xx_HAL_Driver/Src/stm32g0xx_hal_spi.c **** #endif /* USE_HAL_SPI_REGISTER_CALLBACKS */
 5858              		.loc 1 4325 5 is_stmt 1 view .LVU1813
 5859 004a 2000     		movs	r0, r4
 5860 004c FFF7FEFF 		bl	HAL_SPI_ErrorCallback
 5861              	.LVL345:
 5862              	.L359:
4337:Drivers/STM32G0xx_HAL_Driver/Src/stm32g0xx_hal_spi.c **** 
 5863              		.loc 1 4337 1 is_stmt 0 view .LVU1814
 5864 0050 02B0     		add	sp, sp, #8
 5865              		@ sp needed
 5866              	.LVL346:
4337:Drivers/STM32G0xx_HAL_Driver/Src/stm32g0xx_hal_spi.c **** 
 5867              		.loc 1 4337 1 view .LVU1815
 5868 0052 10BD     		pop	{r4, pc}
 5869              	.LVL347:
 5870              	.L362:
4334:Drivers/STM32G0xx_HAL_Driver/Src/stm32g0xx_hal_spi.c **** #endif /* USE_HAL_SPI_REGISTER_CALLBACKS */
 5871              		.loc 1 4334 5 is_stmt 1 view .LVU1816
 5872 0054 2000     		movs	r0, r4
 5873 0056 FFF7FEFF 		bl	HAL_SPI_TxCpltCallback
 5874              	.LVL348:
4337:Drivers/STM32G0xx_HAL_Driver/Src/stm32g0xx_hal_spi.c **** 
 5875              		.loc 1 4337 1 is_stmt 0 view .LVU1817
 5876 005a F9E7     		b	.L359
 5877              		.cfi_endproc
 5878              	.LFE416:
 5880              		.section	.text.SPI_TxISR_8BIT,"ax",%progbits
 5881              		.align	1
 5882              		.syntax unified
 5883              		.code	16
 5884              		.thumb_func
 5886              	SPI_TxISR_8BIT:
 5887              	.LVL349:
 5888              	.LFB408:
3885:Drivers/STM32G0xx_HAL_Driver/Src/stm32g0xx_hal_spi.c ****   *(__IO uint8_t *)&hspi->Instance->DR = *((const uint8_t *)hspi->pTxBuffPtr);
 5889              		.loc 1 3885 1 is_stmt 1 view -0
 5890              		.cfi_startproc
 5891              		@ args = 0, pretend = 0, frame = 0
 5892              		@ frame_needed = 0, uses_anonymous_args = 0
3885:Drivers/STM32G0xx_HAL_Driver/Src/stm32g0xx_hal_spi.c ****   *(__IO uint8_t *)&hspi->Instance->DR = *((const uint8_t *)hspi->pTxBuffPtr);
 5893              		.loc 1 3885 1 is_stmt 0 view .LVU1819
ARM GAS  C:\Users\Domagoj\AppData\Local\Temp\ccvehG6g.s 			page 210


 5894 0000 10B5     		push	{r4, lr}
 5895              	.LCFI41:
 5896              		.cfi_def_cfa_offset 8
 5897              		.cfi_offset 4, -8
 5898              		.cfi_offset 14, -4
3886:Drivers/STM32G0xx_HAL_Driver/Src/stm32g0xx_hal_spi.c ****   hspi->pTxBuffPtr++;
 5899              		.loc 1 3886 3 is_stmt 1 view .LVU1820
3886:Drivers/STM32G0xx_HAL_Driver/Src/stm32g0xx_hal_spi.c ****   hspi->pTxBuffPtr++;
 5900              		.loc 1 3886 65 is_stmt 0 view .LVU1821
 5901 0002 826B     		ldr	r2, [r0, #56]
3886:Drivers/STM32G0xx_HAL_Driver/Src/stm32g0xx_hal_spi.c ****   hspi->pTxBuffPtr++;
 5902              		.loc 1 3886 25 view .LVU1822
 5903 0004 0368     		ldr	r3, [r0]
3886:Drivers/STM32G0xx_HAL_Driver/Src/stm32g0xx_hal_spi.c ****   hspi->pTxBuffPtr++;
 5904              		.loc 1 3886 42 view .LVU1823
 5905 0006 1278     		ldrb	r2, [r2]
3886:Drivers/STM32G0xx_HAL_Driver/Src/stm32g0xx_hal_spi.c ****   hspi->pTxBuffPtr++;
 5906              		.loc 1 3886 40 view .LVU1824
 5907 0008 1A73     		strb	r2, [r3, #12]
3887:Drivers/STM32G0xx_HAL_Driver/Src/stm32g0xx_hal_spi.c ****   hspi->TxXferCount--;
 5908              		.loc 1 3887 3 is_stmt 1 view .LVU1825
3887:Drivers/STM32G0xx_HAL_Driver/Src/stm32g0xx_hal_spi.c ****   hspi->TxXferCount--;
 5909              		.loc 1 3887 7 is_stmt 0 view .LVU1826
 5910 000a 836B     		ldr	r3, [r0, #56]
3887:Drivers/STM32G0xx_HAL_Driver/Src/stm32g0xx_hal_spi.c ****   hspi->TxXferCount--;
 5911              		.loc 1 3887 19 view .LVU1827
 5912 000c 0133     		adds	r3, r3, #1
 5913 000e 8363     		str	r3, [r0, #56]
3888:Drivers/STM32G0xx_HAL_Driver/Src/stm32g0xx_hal_spi.c **** 
 5914              		.loc 1 3888 3 is_stmt 1 view .LVU1828
3888:Drivers/STM32G0xx_HAL_Driver/Src/stm32g0xx_hal_spi.c **** 
 5915              		.loc 1 3888 7 is_stmt 0 view .LVU1829
 5916 0010 C38F     		ldrh	r3, [r0, #62]
3888:Drivers/STM32G0xx_HAL_Driver/Src/stm32g0xx_hal_spi.c **** 
 5917              		.loc 1 3888 20 view .LVU1830
 5918 0012 013B     		subs	r3, r3, #1
 5919 0014 9BB2     		uxth	r3, r3
 5920 0016 C387     		strh	r3, [r0, #62]
3890:Drivers/STM32G0xx_HAL_Driver/Src/stm32g0xx_hal_spi.c ****   {
 5921              		.loc 1 3890 3 is_stmt 1 view .LVU1831
3890:Drivers/STM32G0xx_HAL_Driver/Src/stm32g0xx_hal_spi.c ****   {
 5922              		.loc 1 3890 11 is_stmt 0 view .LVU1832
 5923 0018 C38F     		ldrh	r3, [r0, #62]
3890:Drivers/STM32G0xx_HAL_Driver/Src/stm32g0xx_hal_spi.c ****   {
 5924              		.loc 1 3890 6 view .LVU1833
 5925 001a 002B     		cmp	r3, #0
 5926 001c 00D0     		beq	.L366
 5927              	.LVL350:
 5928              	.L364:
3901:Drivers/STM32G0xx_HAL_Driver/Src/stm32g0xx_hal_spi.c **** 
 5929              		.loc 1 3901 1 view .LVU1834
 5930              		@ sp needed
 5931 001e 10BD     		pop	{r4, pc}
 5932              	.LVL351:
 5933              	.L366:
3899:Drivers/STM32G0xx_HAL_Driver/Src/stm32g0xx_hal_spi.c ****   }
 5934              		.loc 1 3899 5 is_stmt 1 view .LVU1835
ARM GAS  C:\Users\Domagoj\AppData\Local\Temp\ccvehG6g.s 			page 211


 5935 0020 FFF7FEFF 		bl	SPI_CloseTx_ISR
 5936              	.LVL352:
3901:Drivers/STM32G0xx_HAL_Driver/Src/stm32g0xx_hal_spi.c **** 
 5937              		.loc 1 3901 1 is_stmt 0 view .LVU1836
 5938 0024 FBE7     		b	.L364
 5939              		.cfi_endproc
 5940              	.LFE408:
 5942              		.section	.text.SPI_TxISR_16BIT,"ax",%progbits
 5943              		.align	1
 5944              		.syntax unified
 5945              		.code	16
 5946              		.thumb_func
 5948              	SPI_TxISR_16BIT:
 5949              	.LVL353:
 5950              	.LFB409:
3910:Drivers/STM32G0xx_HAL_Driver/Src/stm32g0xx_hal_spi.c ****   /* Transmit data in 16 Bit mode */
 5951              		.loc 1 3910 1 is_stmt 1 view -0
 5952              		.cfi_startproc
 5953              		@ args = 0, pretend = 0, frame = 0
 5954              		@ frame_needed = 0, uses_anonymous_args = 0
3910:Drivers/STM32G0xx_HAL_Driver/Src/stm32g0xx_hal_spi.c ****   /* Transmit data in 16 Bit mode */
 5955              		.loc 1 3910 1 is_stmt 0 view .LVU1838
 5956 0000 10B5     		push	{r4, lr}
 5957              	.LCFI42:
 5958              		.cfi_def_cfa_offset 8
 5959              		.cfi_offset 4, -8
 5960              		.cfi_offset 14, -4
3912:Drivers/STM32G0xx_HAL_Driver/Src/stm32g0xx_hal_spi.c ****   hspi->pTxBuffPtr += sizeof(uint16_t);
 5961              		.loc 1 3912 3 is_stmt 1 view .LVU1839
3912:Drivers/STM32G0xx_HAL_Driver/Src/stm32g0xx_hal_spi.c ****   hspi->pTxBuffPtr += sizeof(uint16_t);
 5962              		.loc 1 3912 48 is_stmt 0 view .LVU1840
 5963 0002 826B     		ldr	r2, [r0, #56]
3912:Drivers/STM32G0xx_HAL_Driver/Src/stm32g0xx_hal_spi.c ****   hspi->pTxBuffPtr += sizeof(uint16_t);
 5964              		.loc 1 3912 7 view .LVU1841
 5965 0004 0368     		ldr	r3, [r0]
3912:Drivers/STM32G0xx_HAL_Driver/Src/stm32g0xx_hal_spi.c ****   hspi->pTxBuffPtr += sizeof(uint16_t);
 5966              		.loc 1 3912 24 view .LVU1842
 5967 0006 1288     		ldrh	r2, [r2]
3912:Drivers/STM32G0xx_HAL_Driver/Src/stm32g0xx_hal_spi.c ****   hspi->pTxBuffPtr += sizeof(uint16_t);
 5968              		.loc 1 3912 22 view .LVU1843
 5969 0008 DA60     		str	r2, [r3, #12]
3913:Drivers/STM32G0xx_HAL_Driver/Src/stm32g0xx_hal_spi.c ****   hspi->TxXferCount--;
 5970              		.loc 1 3913 3 is_stmt 1 view .LVU1844
3913:Drivers/STM32G0xx_HAL_Driver/Src/stm32g0xx_hal_spi.c ****   hspi->TxXferCount--;
 5971              		.loc 1 3913 7 is_stmt 0 view .LVU1845
 5972 000a 836B     		ldr	r3, [r0, #56]
3913:Drivers/STM32G0xx_HAL_Driver/Src/stm32g0xx_hal_spi.c ****   hspi->TxXferCount--;
 5973              		.loc 1 3913 20 view .LVU1846
 5974 000c 0233     		adds	r3, r3, #2
 5975 000e 8363     		str	r3, [r0, #56]
3914:Drivers/STM32G0xx_HAL_Driver/Src/stm32g0xx_hal_spi.c **** 
 5976              		.loc 1 3914 3 is_stmt 1 view .LVU1847
3914:Drivers/STM32G0xx_HAL_Driver/Src/stm32g0xx_hal_spi.c **** 
 5977              		.loc 1 3914 7 is_stmt 0 view .LVU1848
 5978 0010 C38F     		ldrh	r3, [r0, #62]
3914:Drivers/STM32G0xx_HAL_Driver/Src/stm32g0xx_hal_spi.c **** 
 5979              		.loc 1 3914 20 view .LVU1849
ARM GAS  C:\Users\Domagoj\AppData\Local\Temp\ccvehG6g.s 			page 212


 5980 0012 013B     		subs	r3, r3, #1
 5981 0014 9BB2     		uxth	r3, r3
 5982 0016 C387     		strh	r3, [r0, #62]
3916:Drivers/STM32G0xx_HAL_Driver/Src/stm32g0xx_hal_spi.c ****   {
 5983              		.loc 1 3916 3 is_stmt 1 view .LVU1850
3916:Drivers/STM32G0xx_HAL_Driver/Src/stm32g0xx_hal_spi.c ****   {
 5984              		.loc 1 3916 11 is_stmt 0 view .LVU1851
 5985 0018 C38F     		ldrh	r3, [r0, #62]
3916:Drivers/STM32G0xx_HAL_Driver/Src/stm32g0xx_hal_spi.c ****   {
 5986              		.loc 1 3916 6 view .LVU1852
 5987 001a 002B     		cmp	r3, #0
 5988 001c 00D0     		beq	.L369
 5989              	.LVL354:
 5990              	.L367:
3927:Drivers/STM32G0xx_HAL_Driver/Src/stm32g0xx_hal_spi.c **** 
 5991              		.loc 1 3927 1 view .LVU1853
 5992              		@ sp needed
 5993 001e 10BD     		pop	{r4, pc}
 5994              	.LVL355:
 5995              	.L369:
3925:Drivers/STM32G0xx_HAL_Driver/Src/stm32g0xx_hal_spi.c ****   }
 5996              		.loc 1 3925 5 is_stmt 1 view .LVU1854
 5997 0020 FFF7FEFF 		bl	SPI_CloseTx_ISR
 5998              	.LVL356:
3927:Drivers/STM32G0xx_HAL_Driver/Src/stm32g0xx_hal_spi.c **** 
 5999              		.loc 1 3927 1 is_stmt 0 view .LVU1855
 6000 0024 FBE7     		b	.L367
 6001              		.cfi_endproc
 6002              	.LFE409:
 6004              		.section	.text.SPI_CloseRx_ISR,"ax",%progbits
 6005              		.align	1
 6006              		.syntax unified
 6007              		.code	16
 6008              		.thumb_func
 6010              	SPI_CloseRx_ISR:
 6011              	.LVL357:
 6012              	.LFB415:
4240:Drivers/STM32G0xx_HAL_Driver/Src/stm32g0xx_hal_spi.c ****   /* Disable RXNE and ERR interrupt */
 6013              		.loc 1 4240 1 is_stmt 1 view -0
 6014              		.cfi_startproc
 6015              		@ args = 0, pretend = 0, frame = 0
 6016              		@ frame_needed = 0, uses_anonymous_args = 0
4240:Drivers/STM32G0xx_HAL_Driver/Src/stm32g0xx_hal_spi.c ****   /* Disable RXNE and ERR interrupt */
 6017              		.loc 1 4240 1 is_stmt 0 view .LVU1857
 6018 0000 10B5     		push	{r4, lr}
 6019              	.LCFI43:
 6020              		.cfi_def_cfa_offset 8
 6021              		.cfi_offset 4, -8
 6022              		.cfi_offset 14, -4
 6023 0002 0400     		movs	r4, r0
4242:Drivers/STM32G0xx_HAL_Driver/Src/stm32g0xx_hal_spi.c **** 
 6024              		.loc 1 4242 3 is_stmt 1 view .LVU1858
 6025 0004 0268     		ldr	r2, [r0]
 6026 0006 5368     		ldr	r3, [r2, #4]
 6027 0008 6021     		movs	r1, #96
 6028 000a 8B43     		bics	r3, r1
 6029 000c 5360     		str	r3, [r2, #4]
ARM GAS  C:\Users\Domagoj\AppData\Local\Temp\ccvehG6g.s 			page 213


4245:Drivers/STM32G0xx_HAL_Driver/Src/stm32g0xx_hal_spi.c ****   {
 6030              		.loc 1 4245 3 view .LVU1859
4245:Drivers/STM32G0xx_HAL_Driver/Src/stm32g0xx_hal_spi.c ****   {
 6031              		.loc 1 4245 7 is_stmt 0 view .LVU1860
 6032 000e FFF7FEFF 		bl	HAL_GetTick
 6033              	.LVL358:
4245:Drivers/STM32G0xx_HAL_Driver/Src/stm32g0xx_hal_spi.c ****   {
 6034              		.loc 1 4245 7 view .LVU1861
 6035 0012 0200     		movs	r2, r0
4245:Drivers/STM32G0xx_HAL_Driver/Src/stm32g0xx_hal_spi.c ****   {
 6036              		.loc 1 4245 7 discriminator 1 view .LVU1862
 6037 0014 6421     		movs	r1, #100
 6038 0016 2000     		movs	r0, r4
 6039 0018 FFF7FEFF 		bl	SPI_EndRxTransaction
 6040              	.LVL359:
4245:Drivers/STM32G0xx_HAL_Driver/Src/stm32g0xx_hal_spi.c ****   {
 6041              		.loc 1 4245 6 discriminator 2 view .LVU1863
 6042 001c 0028     		cmp	r0, #0
 6043 001e 03D0     		beq	.L371
4247:Drivers/STM32G0xx_HAL_Driver/Src/stm32g0xx_hal_spi.c ****   }
 6044              		.loc 1 4247 5 is_stmt 1 view .LVU1864
 6045 0020 236E     		ldr	r3, [r4, #96]
 6046 0022 2022     		movs	r2, #32
 6047 0024 1343     		orrs	r3, r2
 6048 0026 2366     		str	r3, [r4, #96]
 6049              	.L371:
4249:Drivers/STM32G0xx_HAL_Driver/Src/stm32g0xx_hal_spi.c **** 
 6050              		.loc 1 4249 3 view .LVU1865
4249:Drivers/STM32G0xx_HAL_Driver/Src/stm32g0xx_hal_spi.c **** 
 6051              		.loc 1 4249 15 is_stmt 0 view .LVU1866
 6052 0028 5D23     		movs	r3, #93
 6053 002a 0122     		movs	r2, #1
 6054 002c E254     		strb	r2, [r4, r3]
4267:Drivers/STM32G0xx_HAL_Driver/Src/stm32g0xx_hal_spi.c ****     {
 6055              		.loc 1 4267 5 is_stmt 1 view .LVU1867
4267:Drivers/STM32G0xx_HAL_Driver/Src/stm32g0xx_hal_spi.c ****     {
 6056              		.loc 1 4267 13 is_stmt 0 view .LVU1868
 6057 002e 236E     		ldr	r3, [r4, #96]
4267:Drivers/STM32G0xx_HAL_Driver/Src/stm32g0xx_hal_spi.c ****     {
 6058              		.loc 1 4267 8 view .LVU1869
 6059 0030 002B     		cmp	r3, #0
 6060 0032 03D1     		bne	.L372
4273:Drivers/STM32G0xx_HAL_Driver/Src/stm32g0xx_hal_spi.c **** #endif /* USE_HAL_SPI_REGISTER_CALLBACKS */
 6061              		.loc 1 4273 7 is_stmt 1 view .LVU1870
 6062 0034 2000     		movs	r0, r4
 6063 0036 FFF7FEFF 		bl	HAL_SPI_RxCpltCallback
 6064              	.LVL360:
 6065              	.L370:
4288:Drivers/STM32G0xx_HAL_Driver/Src/stm32g0xx_hal_spi.c **** 
 6066              		.loc 1 4288 1 is_stmt 0 view .LVU1871
 6067              		@ sp needed
 6068              	.LVL361:
4288:Drivers/STM32G0xx_HAL_Driver/Src/stm32g0xx_hal_spi.c **** 
 6069              		.loc 1 4288 1 view .LVU1872
 6070 003a 10BD     		pop	{r4, pc}
 6071              	.LVL362:
 6072              	.L372:
ARM GAS  C:\Users\Domagoj\AppData\Local\Temp\ccvehG6g.s 			page 214


4282:Drivers/STM32G0xx_HAL_Driver/Src/stm32g0xx_hal_spi.c **** #endif /* USE_HAL_SPI_REGISTER_CALLBACKS */
 6073              		.loc 1 4282 7 is_stmt 1 view .LVU1873
 6074 003c 2000     		movs	r0, r4
 6075 003e FFF7FEFF 		bl	HAL_SPI_ErrorCallback
 6076              	.LVL363:
4288:Drivers/STM32G0xx_HAL_Driver/Src/stm32g0xx_hal_spi.c **** 
 6077              		.loc 1 4288 1 is_stmt 0 view .LVU1874
 6078 0042 FAE7     		b	.L370
 6079              		.cfi_endproc
 6080              	.LFE415:
 6082              		.section	.text.SPI_RxISR_8BIT,"ax",%progbits
 6083              		.align	1
 6084              		.syntax unified
 6085              		.code	16
 6086              		.thumb_func
 6088              	SPI_RxISR_8BIT:
 6089              	.LVL364:
 6090              	.LFB406:
3796:Drivers/STM32G0xx_HAL_Driver/Src/stm32g0xx_hal_spi.c ****   *hspi->pRxBuffPtr = (*(__IO uint8_t *)&hspi->Instance->DR);
 6091              		.loc 1 3796 1 is_stmt 1 view -0
 6092              		.cfi_startproc
 6093              		@ args = 0, pretend = 0, frame = 0
 6094              		@ frame_needed = 0, uses_anonymous_args = 0
3796:Drivers/STM32G0xx_HAL_Driver/Src/stm32g0xx_hal_spi.c ****   *hspi->pRxBuffPtr = (*(__IO uint8_t *)&hspi->Instance->DR);
 6095              		.loc 1 3796 1 is_stmt 0 view .LVU1876
 6096 0000 10B5     		push	{r4, lr}
 6097              	.LCFI44:
 6098              		.cfi_def_cfa_offset 8
 6099              		.cfi_offset 4, -8
 6100              		.cfi_offset 14, -4
3797:Drivers/STM32G0xx_HAL_Driver/Src/stm32g0xx_hal_spi.c ****   hspi->pRxBuffPtr++;
 6101              		.loc 1 3797 3 is_stmt 1 view .LVU1877
3797:Drivers/STM32G0xx_HAL_Driver/Src/stm32g0xx_hal_spi.c ****   hspi->pRxBuffPtr++;
 6102              		.loc 1 3797 46 is_stmt 0 view .LVU1878
 6103 0002 0268     		ldr	r2, [r0]
3797:Drivers/STM32G0xx_HAL_Driver/Src/stm32g0xx_hal_spi.c ****   hspi->pRxBuffPtr++;
 6104              		.loc 1 3797 8 view .LVU1879
 6105 0004 036C     		ldr	r3, [r0, #64]
3797:Drivers/STM32G0xx_HAL_Driver/Src/stm32g0xx_hal_spi.c ****   hspi->pRxBuffPtr++;
 6106              		.loc 1 3797 24 view .LVU1880
 6107 0006 127B     		ldrb	r2, [r2, #12]
3797:Drivers/STM32G0xx_HAL_Driver/Src/stm32g0xx_hal_spi.c ****   hspi->pRxBuffPtr++;
 6108              		.loc 1 3797 21 view .LVU1881
 6109 0008 1A70     		strb	r2, [r3]
3798:Drivers/STM32G0xx_HAL_Driver/Src/stm32g0xx_hal_spi.c ****   hspi->RxXferCount--;
 6110              		.loc 1 3798 3 is_stmt 1 view .LVU1882
3798:Drivers/STM32G0xx_HAL_Driver/Src/stm32g0xx_hal_spi.c ****   hspi->RxXferCount--;
 6111              		.loc 1 3798 7 is_stmt 0 view .LVU1883
 6112 000a 036C     		ldr	r3, [r0, #64]
3798:Drivers/STM32G0xx_HAL_Driver/Src/stm32g0xx_hal_spi.c ****   hspi->RxXferCount--;
 6113              		.loc 1 3798 19 view .LVU1884
 6114 000c 0133     		adds	r3, r3, #1
 6115 000e 0364     		str	r3, [r0, #64]
3799:Drivers/STM32G0xx_HAL_Driver/Src/stm32g0xx_hal_spi.c **** 
 6116              		.loc 1 3799 3 is_stmt 1 view .LVU1885
3799:Drivers/STM32G0xx_HAL_Driver/Src/stm32g0xx_hal_spi.c **** 
 6117              		.loc 1 3799 7 is_stmt 0 view .LVU1886
ARM GAS  C:\Users\Domagoj\AppData\Local\Temp\ccvehG6g.s 			page 215


 6118 0010 4622     		movs	r2, #70
 6119 0012 835A     		ldrh	r3, [r0, r2]
3799:Drivers/STM32G0xx_HAL_Driver/Src/stm32g0xx_hal_spi.c **** 
 6120              		.loc 1 3799 20 view .LVU1887
 6121 0014 013B     		subs	r3, r3, #1
 6122 0016 9BB2     		uxth	r3, r3
 6123 0018 8352     		strh	r3, [r0, r2]
3809:Drivers/STM32G0xx_HAL_Driver/Src/stm32g0xx_hal_spi.c ****   {
 6124              		.loc 1 3809 3 is_stmt 1 view .LVU1888
3809:Drivers/STM32G0xx_HAL_Driver/Src/stm32g0xx_hal_spi.c ****   {
 6125              		.loc 1 3809 11 is_stmt 0 view .LVU1889
 6126 001a 835A     		ldrh	r3, [r0, r2]
3809:Drivers/STM32G0xx_HAL_Driver/Src/stm32g0xx_hal_spi.c ****   {
 6127              		.loc 1 3809 6 view .LVU1890
 6128 001c 002B     		cmp	r3, #0
 6129 001e 00D0     		beq	.L376
 6130              	.LVL365:
 6131              	.L374:
3820:Drivers/STM32G0xx_HAL_Driver/Src/stm32g0xx_hal_spi.c **** 
 6132              		.loc 1 3820 1 view .LVU1891
 6133              		@ sp needed
 6134 0020 10BD     		pop	{r4, pc}
 6135              	.LVL366:
 6136              	.L376:
3818:Drivers/STM32G0xx_HAL_Driver/Src/stm32g0xx_hal_spi.c ****   }
 6137              		.loc 1 3818 5 is_stmt 1 view .LVU1892
 6138 0022 FFF7FEFF 		bl	SPI_CloseRx_ISR
 6139              	.LVL367:
3820:Drivers/STM32G0xx_HAL_Driver/Src/stm32g0xx_hal_spi.c **** 
 6140              		.loc 1 3820 1 is_stmt 0 view .LVU1893
 6141 0026 FBE7     		b	.L374
 6142              		.cfi_endproc
 6143              	.LFE406:
 6145              		.section	.text.SPI_RxISR_16BIT,"ax",%progbits
 6146              		.align	1
 6147              		.syntax unified
 6148              		.code	16
 6149              		.thumb_func
 6151              	SPI_RxISR_16BIT:
 6152              	.LVL368:
 6153              	.LFB407:
3852:Drivers/STM32G0xx_HAL_Driver/Src/stm32g0xx_hal_spi.c ****   *((uint16_t *)hspi->pRxBuffPtr) = (uint16_t)(hspi->Instance->DR);
 6154              		.loc 1 3852 1 is_stmt 1 view -0
 6155              		.cfi_startproc
 6156              		@ args = 0, pretend = 0, frame = 0
 6157              		@ frame_needed = 0, uses_anonymous_args = 0
3852:Drivers/STM32G0xx_HAL_Driver/Src/stm32g0xx_hal_spi.c ****   *((uint16_t *)hspi->pRxBuffPtr) = (uint16_t)(hspi->Instance->DR);
 6158              		.loc 1 3852 1 is_stmt 0 view .LVU1895
 6159 0000 10B5     		push	{r4, lr}
 6160              	.LCFI45:
 6161              		.cfi_def_cfa_offset 8
 6162              		.cfi_offset 4, -8
 6163              		.cfi_offset 14, -4
3853:Drivers/STM32G0xx_HAL_Driver/Src/stm32g0xx_hal_spi.c ****   hspi->pRxBuffPtr += sizeof(uint16_t);
 6164              		.loc 1 3853 3 is_stmt 1 view .LVU1896
3853:Drivers/STM32G0xx_HAL_Driver/Src/stm32g0xx_hal_spi.c ****   hspi->pRxBuffPtr += sizeof(uint16_t);
 6165              		.loc 1 3853 52 is_stmt 0 view .LVU1897
ARM GAS  C:\Users\Domagoj\AppData\Local\Temp\ccvehG6g.s 			page 216


 6166 0002 0368     		ldr	r3, [r0]
3853:Drivers/STM32G0xx_HAL_Driver/Src/stm32g0xx_hal_spi.c ****   hspi->pRxBuffPtr += sizeof(uint16_t);
 6167              		.loc 1 3853 62 view .LVU1898
 6168 0004 DA68     		ldr	r2, [r3, #12]
3853:Drivers/STM32G0xx_HAL_Driver/Src/stm32g0xx_hal_spi.c ****   hspi->pRxBuffPtr += sizeof(uint16_t);
 6169              		.loc 1 3853 21 view .LVU1899
 6170 0006 036C     		ldr	r3, [r0, #64]
3853:Drivers/STM32G0xx_HAL_Driver/Src/stm32g0xx_hal_spi.c ****   hspi->pRxBuffPtr += sizeof(uint16_t);
 6171              		.loc 1 3853 35 view .LVU1900
 6172 0008 1A80     		strh	r2, [r3]
3854:Drivers/STM32G0xx_HAL_Driver/Src/stm32g0xx_hal_spi.c ****   hspi->RxXferCount--;
 6173              		.loc 1 3854 3 is_stmt 1 view .LVU1901
3854:Drivers/STM32G0xx_HAL_Driver/Src/stm32g0xx_hal_spi.c ****   hspi->RxXferCount--;
 6174              		.loc 1 3854 7 is_stmt 0 view .LVU1902
 6175 000a 036C     		ldr	r3, [r0, #64]
3854:Drivers/STM32G0xx_HAL_Driver/Src/stm32g0xx_hal_spi.c ****   hspi->RxXferCount--;
 6176              		.loc 1 3854 20 view .LVU1903
 6177 000c 0233     		adds	r3, r3, #2
 6178 000e 0364     		str	r3, [r0, #64]
3855:Drivers/STM32G0xx_HAL_Driver/Src/stm32g0xx_hal_spi.c **** 
 6179              		.loc 1 3855 3 is_stmt 1 view .LVU1904
3855:Drivers/STM32G0xx_HAL_Driver/Src/stm32g0xx_hal_spi.c **** 
 6180              		.loc 1 3855 7 is_stmt 0 view .LVU1905
 6181 0010 4622     		movs	r2, #70
 6182 0012 835A     		ldrh	r3, [r0, r2]
3855:Drivers/STM32G0xx_HAL_Driver/Src/stm32g0xx_hal_spi.c **** 
 6183              		.loc 1 3855 20 view .LVU1906
 6184 0014 013B     		subs	r3, r3, #1
 6185 0016 9BB2     		uxth	r3, r3
 6186 0018 8352     		strh	r3, [r0, r2]
3865:Drivers/STM32G0xx_HAL_Driver/Src/stm32g0xx_hal_spi.c ****   {
 6187              		.loc 1 3865 3 is_stmt 1 view .LVU1907
3865:Drivers/STM32G0xx_HAL_Driver/Src/stm32g0xx_hal_spi.c ****   {
 6188              		.loc 1 3865 11 is_stmt 0 view .LVU1908
 6189 001a 835A     		ldrh	r3, [r0, r2]
3865:Drivers/STM32G0xx_HAL_Driver/Src/stm32g0xx_hal_spi.c ****   {
 6190              		.loc 1 3865 6 view .LVU1909
 6191 001c 002B     		cmp	r3, #0
 6192 001e 00D0     		beq	.L379
 6193              	.LVL369:
 6194              	.L377:
3876:Drivers/STM32G0xx_HAL_Driver/Src/stm32g0xx_hal_spi.c **** 
 6195              		.loc 1 3876 1 view .LVU1910
 6196              		@ sp needed
 6197 0020 10BD     		pop	{r4, pc}
 6198              	.LVL370:
 6199              	.L379:
3874:Drivers/STM32G0xx_HAL_Driver/Src/stm32g0xx_hal_spi.c ****   }
 6200              		.loc 1 3874 5 is_stmt 1 view .LVU1911
 6201 0022 FFF7FEFF 		bl	SPI_CloseRx_ISR
 6202              	.LVL371:
3876:Drivers/STM32G0xx_HAL_Driver/Src/stm32g0xx_hal_spi.c **** 
 6203              		.loc 1 3876 1 is_stmt 0 view .LVU1912
 6204 0026 FBE7     		b	.L377
 6205              		.cfi_endproc
 6206              	.LFE407:
 6208              		.section	.text.SPI_CloseRxTx_ISR,"ax",%progbits
ARM GAS  C:\Users\Domagoj\AppData\Local\Temp\ccvehG6g.s 			page 217


 6209              		.align	1
 6210              		.syntax unified
 6211              		.code	16
 6212              		.thumb_func
 6214              	SPI_CloseRxTx_ISR:
 6215              	.LVL372:
 6216              	.LFB414:
4163:Drivers/STM32G0xx_HAL_Driver/Src/stm32g0xx_hal_spi.c ****   uint32_t tickstart;
 6217              		.loc 1 4163 1 is_stmt 1 view -0
 6218              		.cfi_startproc
 6219              		@ args = 0, pretend = 0, frame = 0
 6220              		@ frame_needed = 0, uses_anonymous_args = 0
4163:Drivers/STM32G0xx_HAL_Driver/Src/stm32g0xx_hal_spi.c ****   uint32_t tickstart;
 6221              		.loc 1 4163 1 is_stmt 0 view .LVU1914
 6222 0000 10B5     		push	{r4, lr}
 6223              	.LCFI46:
 6224              		.cfi_def_cfa_offset 8
 6225              		.cfi_offset 4, -8
 6226              		.cfi_offset 14, -4
 6227 0002 0400     		movs	r4, r0
4164:Drivers/STM32G0xx_HAL_Driver/Src/stm32g0xx_hal_spi.c **** 
 6228              		.loc 1 4164 3 is_stmt 1 view .LVU1915
4167:Drivers/STM32G0xx_HAL_Driver/Src/stm32g0xx_hal_spi.c **** 
 6229              		.loc 1 4167 3 view .LVU1916
4167:Drivers/STM32G0xx_HAL_Driver/Src/stm32g0xx_hal_spi.c **** 
 6230              		.loc 1 4167 15 is_stmt 0 view .LVU1917
 6231 0004 FFF7FEFF 		bl	HAL_GetTick
 6232              	.LVL373:
4167:Drivers/STM32G0xx_HAL_Driver/Src/stm32g0xx_hal_spi.c **** 
 6233              		.loc 1 4167 15 view .LVU1918
 6234 0008 0200     		movs	r2, r0
 6235              	.LVL374:
4170:Drivers/STM32G0xx_HAL_Driver/Src/stm32g0xx_hal_spi.c **** 
 6236              		.loc 1 4170 3 is_stmt 1 view .LVU1919
 6237 000a 2168     		ldr	r1, [r4]
 6238 000c 4B68     		ldr	r3, [r1, #4]
 6239 000e 2020     		movs	r0, #32
 6240              	.LVL375:
4170:Drivers/STM32G0xx_HAL_Driver/Src/stm32g0xx_hal_spi.c **** 
 6241              		.loc 1 4170 3 is_stmt 0 view .LVU1920
 6242 0010 8343     		bics	r3, r0
 6243 0012 4B60     		str	r3, [r1, #4]
4173:Drivers/STM32G0xx_HAL_Driver/Src/stm32g0xx_hal_spi.c ****   {
 6244              		.loc 1 4173 3 is_stmt 1 view .LVU1921
4173:Drivers/STM32G0xx_HAL_Driver/Src/stm32g0xx_hal_spi.c ****   {
 6245              		.loc 1 4173 7 is_stmt 0 view .LVU1922
 6246 0014 6421     		movs	r1, #100
 6247 0016 2000     		movs	r0, r4
 6248 0018 FFF7FEFF 		bl	SPI_EndRxTxTransaction
 6249              	.LVL376:
4173:Drivers/STM32G0xx_HAL_Driver/Src/stm32g0xx_hal_spi.c ****   {
 6250              		.loc 1 4173 6 discriminator 1 view .LVU1923
 6251 001c 0028     		cmp	r0, #0
 6252 001e 03D0     		beq	.L381
4175:Drivers/STM32G0xx_HAL_Driver/Src/stm32g0xx_hal_spi.c ****   }
 6253              		.loc 1 4175 5 is_stmt 1 view .LVU1924
 6254 0020 236E     		ldr	r3, [r4, #96]
ARM GAS  C:\Users\Domagoj\AppData\Local\Temp\ccvehG6g.s 			page 218


 6255 0022 2022     		movs	r2, #32
 6256 0024 1343     		orrs	r3, r2
 6257 0026 2366     		str	r3, [r4, #96]
 6258              	.L381:
4195:Drivers/STM32G0xx_HAL_Driver/Src/stm32g0xx_hal_spi.c ****     {
 6259              		.loc 1 4195 5 view .LVU1925
4195:Drivers/STM32G0xx_HAL_Driver/Src/stm32g0xx_hal_spi.c ****     {
 6260              		.loc 1 4195 13 is_stmt 0 view .LVU1926
 6261 0028 236E     		ldr	r3, [r4, #96]
4195:Drivers/STM32G0xx_HAL_Driver/Src/stm32g0xx_hal_spi.c ****     {
 6262              		.loc 1 4195 8 view .LVU1927
 6263 002a 002B     		cmp	r3, #0
 6264 002c 11D1     		bne	.L382
4197:Drivers/STM32G0xx_HAL_Driver/Src/stm32g0xx_hal_spi.c ****       {
 6265              		.loc 1 4197 7 is_stmt 1 view .LVU1928
4197:Drivers/STM32G0xx_HAL_Driver/Src/stm32g0xx_hal_spi.c ****       {
 6266              		.loc 1 4197 15 is_stmt 0 view .LVU1929
 6267 002e 5D33     		adds	r3, r3, #93
 6268 0030 E35C     		ldrb	r3, [r4, r3]
4197:Drivers/STM32G0xx_HAL_Driver/Src/stm32g0xx_hal_spi.c ****       {
 6269              		.loc 1 4197 10 view .LVU1930
 6270 0032 042B     		cmp	r3, #4
 6271 0034 06D0     		beq	.L385
4209:Drivers/STM32G0xx_HAL_Driver/Src/stm32g0xx_hal_spi.c ****         /* Call user TxRx complete callback */
 6272              		.loc 1 4209 9 is_stmt 1 view .LVU1931
4209:Drivers/STM32G0xx_HAL_Driver/Src/stm32g0xx_hal_spi.c ****         /* Call user TxRx complete callback */
 6273              		.loc 1 4209 21 is_stmt 0 view .LVU1932
 6274 0036 5D23     		movs	r3, #93
 6275 0038 0122     		movs	r2, #1
 6276 003a E254     		strb	r2, [r4, r3]
4214:Drivers/STM32G0xx_HAL_Driver/Src/stm32g0xx_hal_spi.c **** #endif /* USE_HAL_SPI_REGISTER_CALLBACKS */
 6277              		.loc 1 4214 9 is_stmt 1 view .LVU1933
 6278 003c 2000     		movs	r0, r4
 6279 003e FFF7FEFF 		bl	HAL_SPI_TxRxCpltCallback
 6280              	.LVL377:
 6281              	.L380:
4231:Drivers/STM32G0xx_HAL_Driver/Src/stm32g0xx_hal_spi.c **** 
 6282              		.loc 1 4231 1 is_stmt 0 view .LVU1934
 6283              		@ sp needed
 6284              	.LVL378:
4231:Drivers/STM32G0xx_HAL_Driver/Src/stm32g0xx_hal_spi.c **** 
 6285              		.loc 1 4231 1 view .LVU1935
 6286 0042 10BD     		pop	{r4, pc}
 6287              	.LVL379:
 6288              	.L385:
4199:Drivers/STM32G0xx_HAL_Driver/Src/stm32g0xx_hal_spi.c ****         /* Call user Rx complete callback */
 6289              		.loc 1 4199 9 is_stmt 1 view .LVU1936
4199:Drivers/STM32G0xx_HAL_Driver/Src/stm32g0xx_hal_spi.c ****         /* Call user Rx complete callback */
 6290              		.loc 1 4199 21 is_stmt 0 view .LVU1937
 6291 0044 5933     		adds	r3, r3, #89
 6292 0046 0122     		movs	r2, #1
 6293 0048 E254     		strb	r2, [r4, r3]
4204:Drivers/STM32G0xx_HAL_Driver/Src/stm32g0xx_hal_spi.c **** #endif /* USE_HAL_SPI_REGISTER_CALLBACKS */
 6294              		.loc 1 4204 9 is_stmt 1 view .LVU1938
 6295 004a 2000     		movs	r0, r4
 6296 004c FFF7FEFF 		bl	HAL_SPI_RxCpltCallback
 6297              	.LVL380:
ARM GAS  C:\Users\Domagoj\AppData\Local\Temp\ccvehG6g.s 			page 219


 6298 0050 F7E7     		b	.L380
 6299              	.L382:
4220:Drivers/STM32G0xx_HAL_Driver/Src/stm32g0xx_hal_spi.c ****       /* Call user error callback */
 6300              		.loc 1 4220 7 view .LVU1939
4220:Drivers/STM32G0xx_HAL_Driver/Src/stm32g0xx_hal_spi.c ****       /* Call user error callback */
 6301              		.loc 1 4220 19 is_stmt 0 view .LVU1940
 6302 0052 5D23     		movs	r3, #93
 6303 0054 0122     		movs	r2, #1
 6304 0056 E254     		strb	r2, [r4, r3]
4225:Drivers/STM32G0xx_HAL_Driver/Src/stm32g0xx_hal_spi.c **** #endif /* USE_HAL_SPI_REGISTER_CALLBACKS */
 6305              		.loc 1 4225 7 is_stmt 1 view .LVU1941
 6306 0058 2000     		movs	r0, r4
 6307 005a FFF7FEFF 		bl	HAL_SPI_ErrorCallback
 6308              	.LVL381:
4231:Drivers/STM32G0xx_HAL_Driver/Src/stm32g0xx_hal_spi.c **** 
 6309              		.loc 1 4231 1 is_stmt 0 view .LVU1942
 6310 005e F0E7     		b	.L380
 6311              		.cfi_endproc
 6312              	.LFE414:
 6314              		.section	.text.SPI_2linesTxISR_8BIT,"ax",%progbits
 6315              		.align	1
 6316              		.syntax unified
 6317              		.code	16
 6318              		.thumb_func
 6320              	SPI_2linesTxISR_8BIT:
 6321              	.LVL382:
 6322              	.LFB403:
3638:Drivers/STM32G0xx_HAL_Driver/Src/stm32g0xx_hal_spi.c ****   /* Transmit data in 8 Bit mode */
 6323              		.loc 1 3638 1 is_stmt 1 view -0
 6324              		.cfi_startproc
 6325              		@ args = 0, pretend = 0, frame = 0
 6326              		@ frame_needed = 0, uses_anonymous_args = 0
3638:Drivers/STM32G0xx_HAL_Driver/Src/stm32g0xx_hal_spi.c ****   /* Transmit data in 8 Bit mode */
 6327              		.loc 1 3638 1 is_stmt 0 view .LVU1944
 6328 0000 10B5     		push	{r4, lr}
 6329              	.LCFI47:
 6330              		.cfi_def_cfa_offset 8
 6331              		.cfi_offset 4, -8
 6332              		.cfi_offset 14, -4
3640:Drivers/STM32G0xx_HAL_Driver/Src/stm32g0xx_hal_spi.c ****   hspi->pTxBuffPtr++;
 6333              		.loc 1 3640 3 is_stmt 1 view .LVU1945
3640:Drivers/STM32G0xx_HAL_Driver/Src/stm32g0xx_hal_spi.c ****   hspi->pTxBuffPtr++;
 6334              		.loc 1 3640 65 is_stmt 0 view .LVU1946
 6335 0002 826B     		ldr	r2, [r0, #56]
3640:Drivers/STM32G0xx_HAL_Driver/Src/stm32g0xx_hal_spi.c ****   hspi->pTxBuffPtr++;
 6336              		.loc 1 3640 25 view .LVU1947
 6337 0004 0368     		ldr	r3, [r0]
3640:Drivers/STM32G0xx_HAL_Driver/Src/stm32g0xx_hal_spi.c ****   hspi->pTxBuffPtr++;
 6338              		.loc 1 3640 42 view .LVU1948
 6339 0006 1278     		ldrb	r2, [r2]
3640:Drivers/STM32G0xx_HAL_Driver/Src/stm32g0xx_hal_spi.c ****   hspi->pTxBuffPtr++;
 6340              		.loc 1 3640 40 view .LVU1949
 6341 0008 1A73     		strb	r2, [r3, #12]
3641:Drivers/STM32G0xx_HAL_Driver/Src/stm32g0xx_hal_spi.c ****   hspi->TxXferCount--;
 6342              		.loc 1 3641 3 is_stmt 1 view .LVU1950
3641:Drivers/STM32G0xx_HAL_Driver/Src/stm32g0xx_hal_spi.c ****   hspi->TxXferCount--;
 6343              		.loc 1 3641 7 is_stmt 0 view .LVU1951
ARM GAS  C:\Users\Domagoj\AppData\Local\Temp\ccvehG6g.s 			page 220


 6344 000a 836B     		ldr	r3, [r0, #56]
3641:Drivers/STM32G0xx_HAL_Driver/Src/stm32g0xx_hal_spi.c ****   hspi->TxXferCount--;
 6345              		.loc 1 3641 19 view .LVU1952
 6346 000c 0133     		adds	r3, r3, #1
 6347 000e 8363     		str	r3, [r0, #56]
3642:Drivers/STM32G0xx_HAL_Driver/Src/stm32g0xx_hal_spi.c **** 
 6348              		.loc 1 3642 3 is_stmt 1 view .LVU1953
3642:Drivers/STM32G0xx_HAL_Driver/Src/stm32g0xx_hal_spi.c **** 
 6349              		.loc 1 3642 7 is_stmt 0 view .LVU1954
 6350 0010 C38F     		ldrh	r3, [r0, #62]
3642:Drivers/STM32G0xx_HAL_Driver/Src/stm32g0xx_hal_spi.c **** 
 6351              		.loc 1 3642 20 view .LVU1955
 6352 0012 013B     		subs	r3, r3, #1
 6353 0014 9BB2     		uxth	r3, r3
 6354 0016 C387     		strh	r3, [r0, #62]
3645:Drivers/STM32G0xx_HAL_Driver/Src/stm32g0xx_hal_spi.c ****   {
 6355              		.loc 1 3645 3 is_stmt 1 view .LVU1956
3645:Drivers/STM32G0xx_HAL_Driver/Src/stm32g0xx_hal_spi.c ****   {
 6356              		.loc 1 3645 11 is_stmt 0 view .LVU1957
 6357 0018 C38F     		ldrh	r3, [r0, #62]
3645:Drivers/STM32G0xx_HAL_Driver/Src/stm32g0xx_hal_spi.c ****   {
 6358              		.loc 1 3645 6 view .LVU1958
 6359 001a 002B     		cmp	r3, #0
 6360 001c 08D1     		bne	.L386
3659:Drivers/STM32G0xx_HAL_Driver/Src/stm32g0xx_hal_spi.c **** 
 6361              		.loc 1 3659 5 is_stmt 1 view .LVU1959
 6362 001e 0268     		ldr	r2, [r0]
 6363 0020 5368     		ldr	r3, [r2, #4]
 6364 0022 8021     		movs	r1, #128
 6365 0024 8B43     		bics	r3, r1
 6366 0026 5360     		str	r3, [r2, #4]
3661:Drivers/STM32G0xx_HAL_Driver/Src/stm32g0xx_hal_spi.c ****     {
 6367              		.loc 1 3661 5 view .LVU1960
3661:Drivers/STM32G0xx_HAL_Driver/Src/stm32g0xx_hal_spi.c ****     {
 6368              		.loc 1 3661 13 is_stmt 0 view .LVU1961
 6369 0028 4623     		movs	r3, #70
 6370 002a C35A     		ldrh	r3, [r0, r3]
3661:Drivers/STM32G0xx_HAL_Driver/Src/stm32g0xx_hal_spi.c ****     {
 6371              		.loc 1 3661 8 view .LVU1962
 6372 002c 002B     		cmp	r3, #0
 6373 002e 00D0     		beq	.L388
 6374              	.LVL383:
 6375              	.L386:
3666:Drivers/STM32G0xx_HAL_Driver/Src/stm32g0xx_hal_spi.c **** 
 6376              		.loc 1 3666 1 view .LVU1963
 6377              		@ sp needed
 6378 0030 10BD     		pop	{r4, pc}
 6379              	.LVL384:
 6380              	.L388:
3663:Drivers/STM32G0xx_HAL_Driver/Src/stm32g0xx_hal_spi.c ****     }
 6381              		.loc 1 3663 7 is_stmt 1 view .LVU1964
 6382 0032 FFF7FEFF 		bl	SPI_CloseRxTx_ISR
 6383              	.LVL385:
3666:Drivers/STM32G0xx_HAL_Driver/Src/stm32g0xx_hal_spi.c **** 
 6384              		.loc 1 3666 1 is_stmt 0 view .LVU1965
 6385 0036 FBE7     		b	.L386
 6386              		.cfi_endproc
ARM GAS  C:\Users\Domagoj\AppData\Local\Temp\ccvehG6g.s 			page 221


 6387              	.LFE403:
 6389              		.section	.text.SPI_2linesRxISR_8BIT,"ax",%progbits
 6390              		.align	1
 6391              		.syntax unified
 6392              		.code	16
 6393              		.thumb_func
 6395              	SPI_2linesRxISR_8BIT:
 6396              	.LVL386:
 6397              	.LFB402:
3551:Drivers/STM32G0xx_HAL_Driver/Src/stm32g0xx_hal_spi.c ****   /* Receive data in packing mode */
 6398              		.loc 1 3551 1 is_stmt 1 view -0
 6399              		.cfi_startproc
 6400              		@ args = 0, pretend = 0, frame = 0
 6401              		@ frame_needed = 0, uses_anonymous_args = 0
3551:Drivers/STM32G0xx_HAL_Driver/Src/stm32g0xx_hal_spi.c ****   /* Receive data in packing mode */
 6402              		.loc 1 3551 1 is_stmt 0 view .LVU1967
 6403 0000 10B5     		push	{r4, lr}
 6404              	.LCFI48:
 6405              		.cfi_def_cfa_offset 8
 6406              		.cfi_offset 4, -8
 6407              		.cfi_offset 14, -4
3553:Drivers/STM32G0xx_HAL_Driver/Src/stm32g0xx_hal_spi.c ****   {
 6408              		.loc 1 3553 3 is_stmt 1 view .LVU1968
3553:Drivers/STM32G0xx_HAL_Driver/Src/stm32g0xx_hal_spi.c ****   {
 6409              		.loc 1 3553 11 is_stmt 0 view .LVU1969
 6410 0002 4623     		movs	r3, #70
 6411 0004 C35A     		ldrh	r3, [r0, r3]
3553:Drivers/STM32G0xx_HAL_Driver/Src/stm32g0xx_hal_spi.c ****   {
 6412              		.loc 1 3553 6 view .LVU1970
 6413 0006 012B     		cmp	r3, #1
 6414 0008 1BD9     		bls	.L390
3555:Drivers/STM32G0xx_HAL_Driver/Src/stm32g0xx_hal_spi.c ****     hspi->pRxBuffPtr++;
 6415              		.loc 1 3555 5 is_stmt 1 view .LVU1971
3555:Drivers/STM32G0xx_HAL_Driver/Src/stm32g0xx_hal_spi.c ****     hspi->pRxBuffPtr++;
 6416              		.loc 1 3555 48 is_stmt 0 view .LVU1972
 6417 000a 0268     		ldr	r2, [r0]
3555:Drivers/STM32G0xx_HAL_Driver/Src/stm32g0xx_hal_spi.c ****     hspi->pRxBuffPtr++;
 6418              		.loc 1 3555 10 view .LVU1973
 6419 000c 036C     		ldr	r3, [r0, #64]
3555:Drivers/STM32G0xx_HAL_Driver/Src/stm32g0xx_hal_spi.c ****     hspi->pRxBuffPtr++;
 6420              		.loc 1 3555 25 view .LVU1974
 6421 000e 127B     		ldrb	r2, [r2, #12]
3555:Drivers/STM32G0xx_HAL_Driver/Src/stm32g0xx_hal_spi.c ****     hspi->pRxBuffPtr++;
 6422              		.loc 1 3555 23 view .LVU1975
 6423 0010 1A70     		strb	r2, [r3]
3556:Drivers/STM32G0xx_HAL_Driver/Src/stm32g0xx_hal_spi.c ****     *hspi->pRxBuffPtr = *((__IO uint8_t *)&hspi->Instance->DR);
 6424              		.loc 1 3556 5 is_stmt 1 view .LVU1976
3556:Drivers/STM32G0xx_HAL_Driver/Src/stm32g0xx_hal_spi.c ****     *hspi->pRxBuffPtr = *((__IO uint8_t *)&hspi->Instance->DR);
 6425              		.loc 1 3556 9 is_stmt 0 view .LVU1977
 6426 0012 036C     		ldr	r3, [r0, #64]
3556:Drivers/STM32G0xx_HAL_Driver/Src/stm32g0xx_hal_spi.c ****     *hspi->pRxBuffPtr = *((__IO uint8_t *)&hspi->Instance->DR);
 6427              		.loc 1 3556 21 view .LVU1978
 6428 0014 5A1C     		adds	r2, r3, #1
 6429 0016 0264     		str	r2, [r0, #64]
3557:Drivers/STM32G0xx_HAL_Driver/Src/stm32g0xx_hal_spi.c ****     hspi->pRxBuffPtr++;
 6430              		.loc 1 3557 5 is_stmt 1 view .LVU1979
3557:Drivers/STM32G0xx_HAL_Driver/Src/stm32g0xx_hal_spi.c ****     hspi->pRxBuffPtr++;
ARM GAS  C:\Users\Domagoj\AppData\Local\Temp\ccvehG6g.s 			page 222


 6431              		.loc 1 3557 48 is_stmt 0 view .LVU1980
 6432 0018 0268     		ldr	r2, [r0]
3557:Drivers/STM32G0xx_HAL_Driver/Src/stm32g0xx_hal_spi.c ****     hspi->pRxBuffPtr++;
 6433              		.loc 1 3557 25 view .LVU1981
 6434 001a 127B     		ldrb	r2, [r2, #12]
3557:Drivers/STM32G0xx_HAL_Driver/Src/stm32g0xx_hal_spi.c ****     hspi->pRxBuffPtr++;
 6435              		.loc 1 3557 23 view .LVU1982
 6436 001c 5A70     		strb	r2, [r3, #1]
3558:Drivers/STM32G0xx_HAL_Driver/Src/stm32g0xx_hal_spi.c ****     hspi->RxXferCount -= 2U;
 6437              		.loc 1 3558 5 is_stmt 1 view .LVU1983
3558:Drivers/STM32G0xx_HAL_Driver/Src/stm32g0xx_hal_spi.c ****     hspi->RxXferCount -= 2U;
 6438              		.loc 1 3558 9 is_stmt 0 view .LVU1984
 6439 001e 036C     		ldr	r3, [r0, #64]
3558:Drivers/STM32G0xx_HAL_Driver/Src/stm32g0xx_hal_spi.c ****     hspi->RxXferCount -= 2U;
 6440              		.loc 1 3558 21 view .LVU1985
 6441 0020 0133     		adds	r3, r3, #1
 6442 0022 0364     		str	r3, [r0, #64]
3559:Drivers/STM32G0xx_HAL_Driver/Src/stm32g0xx_hal_spi.c ****     if (hspi->RxXferCount == 1U)
 6443              		.loc 1 3559 5 is_stmt 1 view .LVU1986
3559:Drivers/STM32G0xx_HAL_Driver/Src/stm32g0xx_hal_spi.c ****     if (hspi->RxXferCount == 1U)
 6444              		.loc 1 3559 9 is_stmt 0 view .LVU1987
 6445 0024 4622     		movs	r2, #70
 6446 0026 835A     		ldrh	r3, [r0, r2]
3559:Drivers/STM32G0xx_HAL_Driver/Src/stm32g0xx_hal_spi.c ****     if (hspi->RxXferCount == 1U)
 6447              		.loc 1 3559 23 view .LVU1988
 6448 0028 023B     		subs	r3, r3, #2
 6449 002a 9BB2     		uxth	r3, r3
 6450 002c 8352     		strh	r3, [r0, r2]
3560:Drivers/STM32G0xx_HAL_Driver/Src/stm32g0xx_hal_spi.c ****     {
 6451              		.loc 1 3560 5 is_stmt 1 view .LVU1989
3560:Drivers/STM32G0xx_HAL_Driver/Src/stm32g0xx_hal_spi.c ****     {
 6452              		.loc 1 3560 13 is_stmt 0 view .LVU1990
 6453 002e 835A     		ldrh	r3, [r0, r2]
3560:Drivers/STM32G0xx_HAL_Driver/Src/stm32g0xx_hal_spi.c ****     {
 6454              		.loc 1 3560 8 view .LVU1991
 6455 0030 012B     		cmp	r3, #1
 6456 0032 12D1     		bne	.L391
3563:Drivers/STM32G0xx_HAL_Driver/Src/stm32g0xx_hal_spi.c ****     }
 6457              		.loc 1 3563 7 is_stmt 1 view .LVU1992
 6458 0034 0268     		ldr	r2, [r0]
 6459 0036 5168     		ldr	r1, [r2, #4]
 6460 0038 8023     		movs	r3, #128
 6461 003a 5B01     		lsls	r3, r3, #5
 6462 003c 0B43     		orrs	r3, r1
 6463 003e 5360     		str	r3, [r2, #4]
 6464 0040 0BE0     		b	.L391
 6465              	.L390:
3569:Drivers/STM32G0xx_HAL_Driver/Src/stm32g0xx_hal_spi.c ****     hspi->pRxBuffPtr++;
 6466              		.loc 1 3569 5 view .LVU1993
3569:Drivers/STM32G0xx_HAL_Driver/Src/stm32g0xx_hal_spi.c ****     hspi->pRxBuffPtr++;
 6467              		.loc 1 3569 48 is_stmt 0 view .LVU1994
 6468 0042 0268     		ldr	r2, [r0]
3569:Drivers/STM32G0xx_HAL_Driver/Src/stm32g0xx_hal_spi.c ****     hspi->pRxBuffPtr++;
 6469              		.loc 1 3569 10 view .LVU1995
 6470 0044 036C     		ldr	r3, [r0, #64]
3569:Drivers/STM32G0xx_HAL_Driver/Src/stm32g0xx_hal_spi.c ****     hspi->pRxBuffPtr++;
 6471              		.loc 1 3569 25 view .LVU1996
ARM GAS  C:\Users\Domagoj\AppData\Local\Temp\ccvehG6g.s 			page 223


 6472 0046 127B     		ldrb	r2, [r2, #12]
3569:Drivers/STM32G0xx_HAL_Driver/Src/stm32g0xx_hal_spi.c ****     hspi->pRxBuffPtr++;
 6473              		.loc 1 3569 23 view .LVU1997
 6474 0048 1A70     		strb	r2, [r3]
3570:Drivers/STM32G0xx_HAL_Driver/Src/stm32g0xx_hal_spi.c ****     hspi->RxXferCount--;
 6475              		.loc 1 3570 5 is_stmt 1 view .LVU1998
3570:Drivers/STM32G0xx_HAL_Driver/Src/stm32g0xx_hal_spi.c ****     hspi->RxXferCount--;
 6476              		.loc 1 3570 9 is_stmt 0 view .LVU1999
 6477 004a 036C     		ldr	r3, [r0, #64]
3570:Drivers/STM32G0xx_HAL_Driver/Src/stm32g0xx_hal_spi.c ****     hspi->RxXferCount--;
 6478              		.loc 1 3570 21 view .LVU2000
 6479 004c 0133     		adds	r3, r3, #1
 6480 004e 0364     		str	r3, [r0, #64]
3571:Drivers/STM32G0xx_HAL_Driver/Src/stm32g0xx_hal_spi.c ****   }
 6481              		.loc 1 3571 5 is_stmt 1 view .LVU2001
3571:Drivers/STM32G0xx_HAL_Driver/Src/stm32g0xx_hal_spi.c ****   }
 6482              		.loc 1 3571 9 is_stmt 0 view .LVU2002
 6483 0050 4622     		movs	r2, #70
 6484 0052 835A     		ldrh	r3, [r0, r2]
3571:Drivers/STM32G0xx_HAL_Driver/Src/stm32g0xx_hal_spi.c ****   }
 6485              		.loc 1 3571 22 view .LVU2003
 6486 0054 013B     		subs	r3, r3, #1
 6487 0056 9BB2     		uxth	r3, r3
 6488 0058 8352     		strh	r3, [r0, r2]
 6489              	.L391:
3575:Drivers/STM32G0xx_HAL_Driver/Src/stm32g0xx_hal_spi.c ****   {
 6490              		.loc 1 3575 3 is_stmt 1 view .LVU2004
3575:Drivers/STM32G0xx_HAL_Driver/Src/stm32g0xx_hal_spi.c ****   {
 6491              		.loc 1 3575 11 is_stmt 0 view .LVU2005
 6492 005a 4623     		movs	r3, #70
 6493 005c C35A     		ldrh	r3, [r0, r3]
3575:Drivers/STM32G0xx_HAL_Driver/Src/stm32g0xx_hal_spi.c ****   {
 6494              		.loc 1 3575 6 view .LVU2006
 6495 005e 002B     		cmp	r3, #0
 6496 0060 07D1     		bne	.L389
3587:Drivers/STM32G0xx_HAL_Driver/Src/stm32g0xx_hal_spi.c **** 
 6497              		.loc 1 3587 5 is_stmt 1 view .LVU2007
 6498 0062 0268     		ldr	r2, [r0]
 6499 0064 5368     		ldr	r3, [r2, #4]
 6500 0066 6021     		movs	r1, #96
 6501 0068 8B43     		bics	r3, r1
 6502 006a 5360     		str	r3, [r2, #4]
3589:Drivers/STM32G0xx_HAL_Driver/Src/stm32g0xx_hal_spi.c ****     {
 6503              		.loc 1 3589 5 view .LVU2008
3589:Drivers/STM32G0xx_HAL_Driver/Src/stm32g0xx_hal_spi.c ****     {
 6504              		.loc 1 3589 13 is_stmt 0 view .LVU2009
 6505 006c C38F     		ldrh	r3, [r0, #62]
3589:Drivers/STM32G0xx_HAL_Driver/Src/stm32g0xx_hal_spi.c ****     {
 6506              		.loc 1 3589 8 view .LVU2010
 6507 006e 002B     		cmp	r3, #0
 6508 0070 00D0     		beq	.L393
 6509              	.LVL387:
 6510              	.L389:
3594:Drivers/STM32G0xx_HAL_Driver/Src/stm32g0xx_hal_spi.c **** 
 6511              		.loc 1 3594 1 view .LVU2011
 6512              		@ sp needed
 6513 0072 10BD     		pop	{r4, pc}
ARM GAS  C:\Users\Domagoj\AppData\Local\Temp\ccvehG6g.s 			page 224


 6514              	.LVL388:
 6515              	.L393:
3591:Drivers/STM32G0xx_HAL_Driver/Src/stm32g0xx_hal_spi.c ****     }
 6516              		.loc 1 3591 7 is_stmt 1 view .LVU2012
 6517 0074 FFF7FEFF 		bl	SPI_CloseRxTx_ISR
 6518              	.LVL389:
3594:Drivers/STM32G0xx_HAL_Driver/Src/stm32g0xx_hal_spi.c **** 
 6519              		.loc 1 3594 1 is_stmt 0 view .LVU2013
 6520 0078 FBE7     		b	.L389
 6521              		.cfi_endproc
 6522              	.LFE402:
 6524              		.section	.text.SPI_2linesTxISR_16BIT,"ax",%progbits
 6525              		.align	1
 6526              		.syntax unified
 6527              		.code	16
 6528              		.thumb_func
 6530              	SPI_2linesTxISR_16BIT:
 6531              	.LVL390:
 6532              	.LFB405:
3731:Drivers/STM32G0xx_HAL_Driver/Src/stm32g0xx_hal_spi.c ****   /* Transmit data in 16 Bit mode */
 6533              		.loc 1 3731 1 is_stmt 1 view -0
 6534              		.cfi_startproc
 6535              		@ args = 0, pretend = 0, frame = 0
 6536              		@ frame_needed = 0, uses_anonymous_args = 0
3731:Drivers/STM32G0xx_HAL_Driver/Src/stm32g0xx_hal_spi.c ****   /* Transmit data in 16 Bit mode */
 6537              		.loc 1 3731 1 is_stmt 0 view .LVU2015
 6538 0000 10B5     		push	{r4, lr}
 6539              	.LCFI49:
 6540              		.cfi_def_cfa_offset 8
 6541              		.cfi_offset 4, -8
 6542              		.cfi_offset 14, -4
3733:Drivers/STM32G0xx_HAL_Driver/Src/stm32g0xx_hal_spi.c ****   hspi->pTxBuffPtr += sizeof(uint16_t);
 6543              		.loc 1 3733 3 is_stmt 1 view .LVU2016
3733:Drivers/STM32G0xx_HAL_Driver/Src/stm32g0xx_hal_spi.c ****   hspi->pTxBuffPtr += sizeof(uint16_t);
 6544              		.loc 1 3733 48 is_stmt 0 view .LVU2017
 6545 0002 826B     		ldr	r2, [r0, #56]
3733:Drivers/STM32G0xx_HAL_Driver/Src/stm32g0xx_hal_spi.c ****   hspi->pTxBuffPtr += sizeof(uint16_t);
 6546              		.loc 1 3733 7 view .LVU2018
 6547 0004 0368     		ldr	r3, [r0]
3733:Drivers/STM32G0xx_HAL_Driver/Src/stm32g0xx_hal_spi.c ****   hspi->pTxBuffPtr += sizeof(uint16_t);
 6548              		.loc 1 3733 24 view .LVU2019
 6549 0006 1288     		ldrh	r2, [r2]
3733:Drivers/STM32G0xx_HAL_Driver/Src/stm32g0xx_hal_spi.c ****   hspi->pTxBuffPtr += sizeof(uint16_t);
 6550              		.loc 1 3733 22 view .LVU2020
 6551 0008 DA60     		str	r2, [r3, #12]
3734:Drivers/STM32G0xx_HAL_Driver/Src/stm32g0xx_hal_spi.c ****   hspi->TxXferCount--;
 6552              		.loc 1 3734 3 is_stmt 1 view .LVU2021
3734:Drivers/STM32G0xx_HAL_Driver/Src/stm32g0xx_hal_spi.c ****   hspi->TxXferCount--;
 6553              		.loc 1 3734 7 is_stmt 0 view .LVU2022
 6554 000a 836B     		ldr	r3, [r0, #56]
3734:Drivers/STM32G0xx_HAL_Driver/Src/stm32g0xx_hal_spi.c ****   hspi->TxXferCount--;
 6555              		.loc 1 3734 20 view .LVU2023
 6556 000c 0233     		adds	r3, r3, #2
 6557 000e 8363     		str	r3, [r0, #56]
3735:Drivers/STM32G0xx_HAL_Driver/Src/stm32g0xx_hal_spi.c **** 
 6558              		.loc 1 3735 3 is_stmt 1 view .LVU2024
3735:Drivers/STM32G0xx_HAL_Driver/Src/stm32g0xx_hal_spi.c **** 
ARM GAS  C:\Users\Domagoj\AppData\Local\Temp\ccvehG6g.s 			page 225


 6559              		.loc 1 3735 7 is_stmt 0 view .LVU2025
 6560 0010 C38F     		ldrh	r3, [r0, #62]
3735:Drivers/STM32G0xx_HAL_Driver/Src/stm32g0xx_hal_spi.c **** 
 6561              		.loc 1 3735 20 view .LVU2026
 6562 0012 013B     		subs	r3, r3, #1
 6563 0014 9BB2     		uxth	r3, r3
 6564 0016 C387     		strh	r3, [r0, #62]
3738:Drivers/STM32G0xx_HAL_Driver/Src/stm32g0xx_hal_spi.c ****   {
 6565              		.loc 1 3738 3 is_stmt 1 view .LVU2027
3738:Drivers/STM32G0xx_HAL_Driver/Src/stm32g0xx_hal_spi.c ****   {
 6566              		.loc 1 3738 11 is_stmt 0 view .LVU2028
 6567 0018 C38F     		ldrh	r3, [r0, #62]
3738:Drivers/STM32G0xx_HAL_Driver/Src/stm32g0xx_hal_spi.c ****   {
 6568              		.loc 1 3738 6 view .LVU2029
 6569 001a 002B     		cmp	r3, #0
 6570 001c 08D1     		bne	.L394
3752:Drivers/STM32G0xx_HAL_Driver/Src/stm32g0xx_hal_spi.c **** 
 6571              		.loc 1 3752 5 is_stmt 1 view .LVU2030
 6572 001e 0268     		ldr	r2, [r0]
 6573 0020 5368     		ldr	r3, [r2, #4]
 6574 0022 8021     		movs	r1, #128
 6575 0024 8B43     		bics	r3, r1
 6576 0026 5360     		str	r3, [r2, #4]
3754:Drivers/STM32G0xx_HAL_Driver/Src/stm32g0xx_hal_spi.c ****     {
 6577              		.loc 1 3754 5 view .LVU2031
3754:Drivers/STM32G0xx_HAL_Driver/Src/stm32g0xx_hal_spi.c ****     {
 6578              		.loc 1 3754 13 is_stmt 0 view .LVU2032
 6579 0028 4623     		movs	r3, #70
 6580 002a C35A     		ldrh	r3, [r0, r3]
3754:Drivers/STM32G0xx_HAL_Driver/Src/stm32g0xx_hal_spi.c ****     {
 6581              		.loc 1 3754 8 view .LVU2033
 6582 002c 002B     		cmp	r3, #0
 6583 002e 00D0     		beq	.L396
 6584              	.LVL391:
 6585              	.L394:
3759:Drivers/STM32G0xx_HAL_Driver/Src/stm32g0xx_hal_spi.c **** 
 6586              		.loc 1 3759 1 view .LVU2034
 6587              		@ sp needed
 6588 0030 10BD     		pop	{r4, pc}
 6589              	.LVL392:
 6590              	.L396:
3756:Drivers/STM32G0xx_HAL_Driver/Src/stm32g0xx_hal_spi.c ****     }
 6591              		.loc 1 3756 7 is_stmt 1 view .LVU2035
 6592 0032 FFF7FEFF 		bl	SPI_CloseRxTx_ISR
 6593              	.LVL393:
3759:Drivers/STM32G0xx_HAL_Driver/Src/stm32g0xx_hal_spi.c **** 
 6594              		.loc 1 3759 1 is_stmt 0 view .LVU2036
 6595 0036 FBE7     		b	.L394
 6596              		.cfi_endproc
 6597              	.LFE405:
 6599              		.section	.text.SPI_2linesRxISR_16BIT,"ax",%progbits
 6600              		.align	1
 6601              		.syntax unified
 6602              		.code	16
 6603              		.thumb_func
 6605              	SPI_2linesRxISR_16BIT:
 6606              	.LVL394:
ARM GAS  C:\Users\Domagoj\AppData\Local\Temp\ccvehG6g.s 			page 226


 6607              	.LFB404:
3675:Drivers/STM32G0xx_HAL_Driver/Src/stm32g0xx_hal_spi.c ****   /* Receive data in 16 Bit mode */
 6608              		.loc 1 3675 1 is_stmt 1 view -0
 6609              		.cfi_startproc
 6610              		@ args = 0, pretend = 0, frame = 0
 6611              		@ frame_needed = 0, uses_anonymous_args = 0
3675:Drivers/STM32G0xx_HAL_Driver/Src/stm32g0xx_hal_spi.c ****   /* Receive data in 16 Bit mode */
 6612              		.loc 1 3675 1 is_stmt 0 view .LVU2038
 6613 0000 10B5     		push	{r4, lr}
 6614              	.LCFI50:
 6615              		.cfi_def_cfa_offset 8
 6616              		.cfi_offset 4, -8
 6617              		.cfi_offset 14, -4
3677:Drivers/STM32G0xx_HAL_Driver/Src/stm32g0xx_hal_spi.c ****   hspi->pRxBuffPtr += sizeof(uint16_t);
 6618              		.loc 1 3677 3 is_stmt 1 view .LVU2039
3677:Drivers/STM32G0xx_HAL_Driver/Src/stm32g0xx_hal_spi.c ****   hspi->pRxBuffPtr += sizeof(uint16_t);
 6619              		.loc 1 3677 52 is_stmt 0 view .LVU2040
 6620 0002 0368     		ldr	r3, [r0]
3677:Drivers/STM32G0xx_HAL_Driver/Src/stm32g0xx_hal_spi.c ****   hspi->pRxBuffPtr += sizeof(uint16_t);
 6621              		.loc 1 3677 62 view .LVU2041
 6622 0004 DA68     		ldr	r2, [r3, #12]
3677:Drivers/STM32G0xx_HAL_Driver/Src/stm32g0xx_hal_spi.c ****   hspi->pRxBuffPtr += sizeof(uint16_t);
 6623              		.loc 1 3677 21 view .LVU2042
 6624 0006 036C     		ldr	r3, [r0, #64]
3677:Drivers/STM32G0xx_HAL_Driver/Src/stm32g0xx_hal_spi.c ****   hspi->pRxBuffPtr += sizeof(uint16_t);
 6625              		.loc 1 3677 35 view .LVU2043
 6626 0008 1A80     		strh	r2, [r3]
3678:Drivers/STM32G0xx_HAL_Driver/Src/stm32g0xx_hal_spi.c ****   hspi->RxXferCount--;
 6627              		.loc 1 3678 3 is_stmt 1 view .LVU2044
3678:Drivers/STM32G0xx_HAL_Driver/Src/stm32g0xx_hal_spi.c ****   hspi->RxXferCount--;
 6628              		.loc 1 3678 7 is_stmt 0 view .LVU2045
 6629 000a 036C     		ldr	r3, [r0, #64]
3678:Drivers/STM32G0xx_HAL_Driver/Src/stm32g0xx_hal_spi.c ****   hspi->RxXferCount--;
 6630              		.loc 1 3678 20 view .LVU2046
 6631 000c 0233     		adds	r3, r3, #2
 6632 000e 0364     		str	r3, [r0, #64]
3679:Drivers/STM32G0xx_HAL_Driver/Src/stm32g0xx_hal_spi.c **** 
 6633              		.loc 1 3679 3 is_stmt 1 view .LVU2047
3679:Drivers/STM32G0xx_HAL_Driver/Src/stm32g0xx_hal_spi.c **** 
 6634              		.loc 1 3679 7 is_stmt 0 view .LVU2048
 6635 0010 4622     		movs	r2, #70
 6636 0012 835A     		ldrh	r3, [r0, r2]
3679:Drivers/STM32G0xx_HAL_Driver/Src/stm32g0xx_hal_spi.c **** 
 6637              		.loc 1 3679 20 view .LVU2049
 6638 0014 013B     		subs	r3, r3, #1
 6639 0016 9BB2     		uxth	r3, r3
 6640 0018 8352     		strh	r3, [r0, r2]
3681:Drivers/STM32G0xx_HAL_Driver/Src/stm32g0xx_hal_spi.c ****   {
 6641              		.loc 1 3681 3 is_stmt 1 view .LVU2050
3681:Drivers/STM32G0xx_HAL_Driver/Src/stm32g0xx_hal_spi.c ****   {
 6642              		.loc 1 3681 11 is_stmt 0 view .LVU2051
 6643 001a 835A     		ldrh	r3, [r0, r2]
3681:Drivers/STM32G0xx_HAL_Driver/Src/stm32g0xx_hal_spi.c ****   {
 6644              		.loc 1 3681 6 view .LVU2052
 6645 001c 002B     		cmp	r3, #0
 6646 001e 07D1     		bne	.L397
3692:Drivers/STM32G0xx_HAL_Driver/Src/stm32g0xx_hal_spi.c **** 
ARM GAS  C:\Users\Domagoj\AppData\Local\Temp\ccvehG6g.s 			page 227


 6647              		.loc 1 3692 5 is_stmt 1 view .LVU2053
 6648 0020 0268     		ldr	r2, [r0]
 6649 0022 5368     		ldr	r3, [r2, #4]
 6650 0024 4021     		movs	r1, #64
 6651 0026 8B43     		bics	r3, r1
 6652 0028 5360     		str	r3, [r2, #4]
3694:Drivers/STM32G0xx_HAL_Driver/Src/stm32g0xx_hal_spi.c ****     {
 6653              		.loc 1 3694 5 view .LVU2054
3694:Drivers/STM32G0xx_HAL_Driver/Src/stm32g0xx_hal_spi.c ****     {
 6654              		.loc 1 3694 13 is_stmt 0 view .LVU2055
 6655 002a C38F     		ldrh	r3, [r0, #62]
3694:Drivers/STM32G0xx_HAL_Driver/Src/stm32g0xx_hal_spi.c ****     {
 6656              		.loc 1 3694 8 view .LVU2056
 6657 002c 002B     		cmp	r3, #0
 6658 002e 00D0     		beq	.L399
 6659              	.LVL395:
 6660              	.L397:
3699:Drivers/STM32G0xx_HAL_Driver/Src/stm32g0xx_hal_spi.c **** 
 6661              		.loc 1 3699 1 view .LVU2057
 6662              		@ sp needed
 6663 0030 10BD     		pop	{r4, pc}
 6664              	.LVL396:
 6665              	.L399:
3696:Drivers/STM32G0xx_HAL_Driver/Src/stm32g0xx_hal_spi.c ****     }
 6666              		.loc 1 3696 7 is_stmt 1 view .LVU2058
 6667 0032 FFF7FEFF 		bl	SPI_CloseRxTx_ISR
 6668              	.LVL397:
3699:Drivers/STM32G0xx_HAL_Driver/Src/stm32g0xx_hal_spi.c **** 
 6669              		.loc 1 3699 1 is_stmt 0 view .LVU2059
 6670 0036 FBE7     		b	.L397
 6671              		.cfi_endproc
 6672              	.LFE404:
 6674              		.section	.text.SPI_DMAError,"ax",%progbits
 6675              		.align	1
 6676              		.syntax unified
 6677              		.code	16
 6678              		.thumb_func
 6680              	SPI_DMAError:
 6681              	.LVL398:
 6682              	.LFB398:
3373:Drivers/STM32G0xx_HAL_Driver/Src/stm32g0xx_hal_spi.c ****   SPI_HandleTypeDef *hspi = (SPI_HandleTypeDef *)(((DMA_HandleTypeDef *)hdma)->Parent);
 6683              		.loc 1 3373 1 is_stmt 1 view -0
 6684              		.cfi_startproc
 6685              		@ args = 0, pretend = 0, frame = 0
 6686              		@ frame_needed = 0, uses_anonymous_args = 0
3373:Drivers/STM32G0xx_HAL_Driver/Src/stm32g0xx_hal_spi.c ****   SPI_HandleTypeDef *hspi = (SPI_HandleTypeDef *)(((DMA_HandleTypeDef *)hdma)->Parent);
 6687              		.loc 1 3373 1 is_stmt 0 view .LVU2061
 6688 0000 10B5     		push	{r4, lr}
 6689              	.LCFI51:
 6690              		.cfi_def_cfa_offset 8
 6691              		.cfi_offset 4, -8
 6692              		.cfi_offset 14, -4
3374:Drivers/STM32G0xx_HAL_Driver/Src/stm32g0xx_hal_spi.c **** 
 6693              		.loc 1 3374 3 is_stmt 1 view .LVU2062
3374:Drivers/STM32G0xx_HAL_Driver/Src/stm32g0xx_hal_spi.c **** 
 6694              		.loc 1 3374 22 is_stmt 0 view .LVU2063
 6695 0002 806A     		ldr	r0, [r0, #40]
ARM GAS  C:\Users\Domagoj\AppData\Local\Temp\ccvehG6g.s 			page 228


 6696              	.LVL399:
3377:Drivers/STM32G0xx_HAL_Driver/Src/stm32g0xx_hal_spi.c **** 
 6697              		.loc 1 3377 3 is_stmt 1 view .LVU2064
 6698 0004 0268     		ldr	r2, [r0]
 6699 0006 5368     		ldr	r3, [r2, #4]
 6700 0008 0321     		movs	r1, #3
 6701 000a 8B43     		bics	r3, r1
 6702 000c 5360     		str	r3, [r2, #4]
3379:Drivers/STM32G0xx_HAL_Driver/Src/stm32g0xx_hal_spi.c ****   hspi->State = HAL_SPI_STATE_READY;
 6703              		.loc 1 3379 3 view .LVU2065
 6704 000e 036E     		ldr	r3, [r0, #96]
 6705 0010 1022     		movs	r2, #16
 6706 0012 1343     		orrs	r3, r2
 6707 0014 0366     		str	r3, [r0, #96]
3380:Drivers/STM32G0xx_HAL_Driver/Src/stm32g0xx_hal_spi.c ****   /* Call user error callback */
 6708              		.loc 1 3380 3 view .LVU2066
3380:Drivers/STM32G0xx_HAL_Driver/Src/stm32g0xx_hal_spi.c ****   /* Call user error callback */
 6709              		.loc 1 3380 15 is_stmt 0 view .LVU2067
 6710 0016 5D23     		movs	r3, #93
 6711 0018 0F3A     		subs	r2, r2, #15
 6712 001a C254     		strb	r2, [r0, r3]
3385:Drivers/STM32G0xx_HAL_Driver/Src/stm32g0xx_hal_spi.c **** #endif /* USE_HAL_SPI_REGISTER_CALLBACKS */
 6713              		.loc 1 3385 3 is_stmt 1 view .LVU2068
 6714 001c FFF7FEFF 		bl	HAL_SPI_ErrorCallback
 6715              	.LVL400:
3387:Drivers/STM32G0xx_HAL_Driver/Src/stm32g0xx_hal_spi.c **** 
 6716              		.loc 1 3387 1 is_stmt 0 view .LVU2069
 6717              		@ sp needed
 6718 0020 10BD     		pop	{r4, pc}
 6719              		.cfi_endproc
 6720              	.LFE398:
 6722              		.section	.text.SPI_DMATransmitCplt,"ax",%progbits
 6723              		.align	1
 6724              		.syntax unified
 6725              		.code	16
 6726              		.thumb_func
 6728              	SPI_DMATransmitCplt:
 6729              	.LVL401:
 6730              	.LFB392:
3044:Drivers/STM32G0xx_HAL_Driver/Src/stm32g0xx_hal_spi.c ****   SPI_HandleTypeDef *hspi = (SPI_HandleTypeDef *)(((DMA_HandleTypeDef *)hdma)->Parent);
 6731              		.loc 1 3044 1 is_stmt 1 view -0
 6732              		.cfi_startproc
 6733              		@ args = 0, pretend = 0, frame = 8
 6734              		@ frame_needed = 0, uses_anonymous_args = 0
3044:Drivers/STM32G0xx_HAL_Driver/Src/stm32g0xx_hal_spi.c ****   SPI_HandleTypeDef *hspi = (SPI_HandleTypeDef *)(((DMA_HandleTypeDef *)hdma)->Parent);
 6735              		.loc 1 3044 1 is_stmt 0 view .LVU2071
 6736 0000 30B5     		push	{r4, r5, lr}
 6737              	.LCFI52:
 6738              		.cfi_def_cfa_offset 12
 6739              		.cfi_offset 4, -12
 6740              		.cfi_offset 5, -8
 6741              		.cfi_offset 14, -4
 6742 0002 83B0     		sub	sp, sp, #12
 6743              	.LCFI53:
 6744              		.cfi_def_cfa_offset 24
 6745 0004 0500     		movs	r5, r0
3045:Drivers/STM32G0xx_HAL_Driver/Src/stm32g0xx_hal_spi.c ****   uint32_t tickstart;
ARM GAS  C:\Users\Domagoj\AppData\Local\Temp\ccvehG6g.s 			page 229


 6746              		.loc 1 3045 3 is_stmt 1 view .LVU2072
3045:Drivers/STM32G0xx_HAL_Driver/Src/stm32g0xx_hal_spi.c ****   uint32_t tickstart;
 6747              		.loc 1 3045 22 is_stmt 0 view .LVU2073
 6748 0006 846A     		ldr	r4, [r0, #40]
 6749              	.LVL402:
3046:Drivers/STM32G0xx_HAL_Driver/Src/stm32g0xx_hal_spi.c **** 
 6750              		.loc 1 3046 3 is_stmt 1 view .LVU2074
3049:Drivers/STM32G0xx_HAL_Driver/Src/stm32g0xx_hal_spi.c **** 
 6751              		.loc 1 3049 3 view .LVU2075
3049:Drivers/STM32G0xx_HAL_Driver/Src/stm32g0xx_hal_spi.c **** 
 6752              		.loc 1 3049 15 is_stmt 0 view .LVU2076
 6753 0008 FFF7FEFF 		bl	HAL_GetTick
 6754              	.LVL403:
3049:Drivers/STM32G0xx_HAL_Driver/Src/stm32g0xx_hal_spi.c **** 
 6755              		.loc 1 3049 15 view .LVU2077
 6756 000c 0200     		movs	r2, r0
 6757              	.LVL404:
3052:Drivers/STM32G0xx_HAL_Driver/Src/stm32g0xx_hal_spi.c ****   {
 6758              		.loc 1 3052 3 is_stmt 1 view .LVU2078
3052:Drivers/STM32G0xx_HAL_Driver/Src/stm32g0xx_hal_spi.c ****   {
 6759              		.loc 1 3052 12 is_stmt 0 view .LVU2079
 6760 000e 2B68     		ldr	r3, [r5]
3052:Drivers/STM32G0xx_HAL_Driver/Src/stm32g0xx_hal_spi.c ****   {
 6761              		.loc 1 3052 22 view .LVU2080
 6762 0010 1B68     		ldr	r3, [r3]
3052:Drivers/STM32G0xx_HAL_Driver/Src/stm32g0xx_hal_spi.c ****   {
 6763              		.loc 1 3052 6 view .LVU2081
 6764 0012 9B06     		lsls	r3, r3, #26
 6765 0014 25D4     		bmi	.L402
3055:Drivers/STM32G0xx_HAL_Driver/Src/stm32g0xx_hal_spi.c **** 
 6766              		.loc 1 3055 5 is_stmt 1 view .LVU2082
 6767 0016 2168     		ldr	r1, [r4]
 6768 0018 4B68     		ldr	r3, [r1, #4]
 6769 001a 2020     		movs	r0, #32
 6770              	.LVL405:
3055:Drivers/STM32G0xx_HAL_Driver/Src/stm32g0xx_hal_spi.c **** 
 6771              		.loc 1 3055 5 is_stmt 0 view .LVU2083
 6772 001c 8343     		bics	r3, r0
 6773 001e 4B60     		str	r3, [r1, #4]
3058:Drivers/STM32G0xx_HAL_Driver/Src/stm32g0xx_hal_spi.c **** 
 6774              		.loc 1 3058 5 is_stmt 1 view .LVU2084
 6775 0020 2168     		ldr	r1, [r4]
 6776 0022 4B68     		ldr	r3, [r1, #4]
 6777 0024 1E38     		subs	r0, r0, #30
 6778 0026 8343     		bics	r3, r0
 6779 0028 4B60     		str	r3, [r1, #4]
3061:Drivers/STM32G0xx_HAL_Driver/Src/stm32g0xx_hal_spi.c ****     {
 6780              		.loc 1 3061 5 view .LVU2085
3061:Drivers/STM32G0xx_HAL_Driver/Src/stm32g0xx_hal_spi.c ****     {
 6781              		.loc 1 3061 9 is_stmt 0 view .LVU2086
 6782 002a 6421     		movs	r1, #100
 6783 002c 2000     		movs	r0, r4
 6784 002e FFF7FEFF 		bl	SPI_EndRxTxTransaction
 6785              	.LVL406:
3061:Drivers/STM32G0xx_HAL_Driver/Src/stm32g0xx_hal_spi.c ****     {
 6786              		.loc 1 3061 8 discriminator 1 view .LVU2087
 6787 0032 0028     		cmp	r0, #0
ARM GAS  C:\Users\Domagoj\AppData\Local\Temp\ccvehG6g.s 			page 230


 6788 0034 03D0     		beq	.L403
3063:Drivers/STM32G0xx_HAL_Driver/Src/stm32g0xx_hal_spi.c ****     }
 6789              		.loc 1 3063 7 is_stmt 1 view .LVU2088
 6790 0036 236E     		ldr	r3, [r4, #96]
 6791 0038 2022     		movs	r2, #32
 6792 003a 1343     		orrs	r3, r2
 6793 003c 2366     		str	r3, [r4, #96]
 6794              	.L403:
3067:Drivers/STM32G0xx_HAL_Driver/Src/stm32g0xx_hal_spi.c ****     {
 6795              		.loc 1 3067 5 view .LVU2089
3067:Drivers/STM32G0xx_HAL_Driver/Src/stm32g0xx_hal_spi.c ****     {
 6796              		.loc 1 3067 19 is_stmt 0 view .LVU2090
 6797 003e A368     		ldr	r3, [r4, #8]
3067:Drivers/STM32G0xx_HAL_Driver/Src/stm32g0xx_hal_spi.c ****     {
 6798              		.loc 1 3067 8 view .LVU2091
 6799 0040 002B     		cmp	r3, #0
 6800 0042 06D1     		bne	.L404
3069:Drivers/STM32G0xx_HAL_Driver/Src/stm32g0xx_hal_spi.c ****     }
 6801              		.loc 1 3069 7 is_stmt 1 view .LVU2092
 6802              	.LBB6:
3069:Drivers/STM32G0xx_HAL_Driver/Src/stm32g0xx_hal_spi.c ****     }
 6803              		.loc 1 3069 7 view .LVU2093
 6804 0044 0193     		str	r3, [sp, #4]
3069:Drivers/STM32G0xx_HAL_Driver/Src/stm32g0xx_hal_spi.c ****     }
 6805              		.loc 1 3069 7 view .LVU2094
 6806 0046 2368     		ldr	r3, [r4]
 6807 0048 DA68     		ldr	r2, [r3, #12]
 6808 004a 0192     		str	r2, [sp, #4]
3069:Drivers/STM32G0xx_HAL_Driver/Src/stm32g0xx_hal_spi.c ****     }
 6809              		.loc 1 3069 7 view .LVU2095
 6810 004c 9B68     		ldr	r3, [r3, #8]
 6811 004e 0193     		str	r3, [sp, #4]
3069:Drivers/STM32G0xx_HAL_Driver/Src/stm32g0xx_hal_spi.c ****     }
 6812              		.loc 1 3069 7 view .LVU2096
 6813 0050 019B     		ldr	r3, [sp, #4]
 6814              	.L404:
 6815              	.LBE6:
3069:Drivers/STM32G0xx_HAL_Driver/Src/stm32g0xx_hal_spi.c ****     }
 6816              		.loc 1 3069 7 view .LVU2097
3072:Drivers/STM32G0xx_HAL_Driver/Src/stm32g0xx_hal_spi.c ****     hspi->State = HAL_SPI_STATE_READY;
 6817              		.loc 1 3072 5 view .LVU2098
3072:Drivers/STM32G0xx_HAL_Driver/Src/stm32g0xx_hal_spi.c ****     hspi->State = HAL_SPI_STATE_READY;
 6818              		.loc 1 3072 23 is_stmt 0 view .LVU2099
 6819 0052 0023     		movs	r3, #0
 6820 0054 E387     		strh	r3, [r4, #62]
3073:Drivers/STM32G0xx_HAL_Driver/Src/stm32g0xx_hal_spi.c **** 
 6821              		.loc 1 3073 5 is_stmt 1 view .LVU2100
3073:Drivers/STM32G0xx_HAL_Driver/Src/stm32g0xx_hal_spi.c **** 
 6822              		.loc 1 3073 17 is_stmt 0 view .LVU2101
 6823 0056 5D33     		adds	r3, r3, #93
 6824 0058 0122     		movs	r2, #1
 6825 005a E254     		strb	r2, [r4, r3]
3075:Drivers/STM32G0xx_HAL_Driver/Src/stm32g0xx_hal_spi.c ****     {
 6826              		.loc 1 3075 5 is_stmt 1 view .LVU2102
3075:Drivers/STM32G0xx_HAL_Driver/Src/stm32g0xx_hal_spi.c ****     {
 6827              		.loc 1 3075 13 is_stmt 0 view .LVU2103
 6828 005c 236E     		ldr	r3, [r4, #96]
ARM GAS  C:\Users\Domagoj\AppData\Local\Temp\ccvehG6g.s 			page 231


3075:Drivers/STM32G0xx_HAL_Driver/Src/stm32g0xx_hal_spi.c ****     {
 6829              		.loc 1 3075 8 view .LVU2104
 6830 005e 002B     		cmp	r3, #0
 6831 0060 04D1     		bne	.L407
 6832              	.L402:
3090:Drivers/STM32G0xx_HAL_Driver/Src/stm32g0xx_hal_spi.c **** #endif /* USE_HAL_SPI_REGISTER_CALLBACKS */
 6833              		.loc 1 3090 3 is_stmt 1 view .LVU2105
 6834 0062 2000     		movs	r0, r4
 6835 0064 FFF7FEFF 		bl	HAL_SPI_TxCpltCallback
 6836              	.LVL407:
 6837              	.L401:
3092:Drivers/STM32G0xx_HAL_Driver/Src/stm32g0xx_hal_spi.c **** 
 6838              		.loc 1 3092 1 is_stmt 0 view .LVU2106
 6839 0068 03B0     		add	sp, sp, #12
 6840              		@ sp needed
 6841              	.LVL408:
 6842              	.LVL409:
3092:Drivers/STM32G0xx_HAL_Driver/Src/stm32g0xx_hal_spi.c **** 
 6843              		.loc 1 3092 1 view .LVU2107
 6844 006a 30BD     		pop	{r4, r5, pc}
 6845              	.LVL410:
 6846              	.L407:
3081:Drivers/STM32G0xx_HAL_Driver/Src/stm32g0xx_hal_spi.c **** #endif /* USE_HAL_SPI_REGISTER_CALLBACKS */
 6847              		.loc 1 3081 7 is_stmt 1 view .LVU2108
 6848 006c 2000     		movs	r0, r4
 6849 006e FFF7FEFF 		bl	HAL_SPI_ErrorCallback
 6850              	.LVL411:
3083:Drivers/STM32G0xx_HAL_Driver/Src/stm32g0xx_hal_spi.c ****     }
 6851              		.loc 1 3083 7 view .LVU2109
 6852 0072 F9E7     		b	.L401
 6853              		.cfi_endproc
 6854              	.LFE392:
 6856              		.section	.text.SPI_DMAReceiveCplt,"ax",%progbits
 6857              		.align	1
 6858              		.syntax unified
 6859              		.code	16
 6860              		.thumb_func
 6862              	SPI_DMAReceiveCplt:
 6863              	.LVL412:
 6864              	.LFB393:
3101:Drivers/STM32G0xx_HAL_Driver/Src/stm32g0xx_hal_spi.c ****   SPI_HandleTypeDef *hspi = (SPI_HandleTypeDef *)(((DMA_HandleTypeDef *)hdma)->Parent);
 6865              		.loc 1 3101 1 view -0
 6866              		.cfi_startproc
 6867              		@ args = 0, pretend = 0, frame = 0
 6868              		@ frame_needed = 0, uses_anonymous_args = 0
3101:Drivers/STM32G0xx_HAL_Driver/Src/stm32g0xx_hal_spi.c ****   SPI_HandleTypeDef *hspi = (SPI_HandleTypeDef *)(((DMA_HandleTypeDef *)hdma)->Parent);
 6869              		.loc 1 3101 1 is_stmt 0 view .LVU2111
 6870 0000 70B5     		push	{r4, r5, r6, lr}
 6871              	.LCFI54:
 6872              		.cfi_def_cfa_offset 16
 6873              		.cfi_offset 4, -16
 6874              		.cfi_offset 5, -12
 6875              		.cfi_offset 6, -8
 6876              		.cfi_offset 14, -4
 6877 0002 0500     		movs	r5, r0
3102:Drivers/STM32G0xx_HAL_Driver/Src/stm32g0xx_hal_spi.c ****   uint32_t tickstart;
 6878              		.loc 1 3102 3 is_stmt 1 view .LVU2112
ARM GAS  C:\Users\Domagoj\AppData\Local\Temp\ccvehG6g.s 			page 232


3102:Drivers/STM32G0xx_HAL_Driver/Src/stm32g0xx_hal_spi.c ****   uint32_t tickstart;
 6879              		.loc 1 3102 22 is_stmt 0 view .LVU2113
 6880 0004 846A     		ldr	r4, [r0, #40]
 6881              	.LVL413:
3103:Drivers/STM32G0xx_HAL_Driver/Src/stm32g0xx_hal_spi.c **** #if (USE_SPI_CRC != 0U)
 6882              		.loc 1 3103 3 is_stmt 1 view .LVU2114
3111:Drivers/STM32G0xx_HAL_Driver/Src/stm32g0xx_hal_spi.c **** 
 6883              		.loc 1 3111 3 view .LVU2115
3111:Drivers/STM32G0xx_HAL_Driver/Src/stm32g0xx_hal_spi.c **** 
 6884              		.loc 1 3111 15 is_stmt 0 view .LVU2116
 6885 0006 FFF7FEFF 		bl	HAL_GetTick
 6886              	.LVL414:
3111:Drivers/STM32G0xx_HAL_Driver/Src/stm32g0xx_hal_spi.c **** 
 6887              		.loc 1 3111 15 view .LVU2117
 6888 000a 0200     		movs	r2, r0
 6889              	.LVL415:
3114:Drivers/STM32G0xx_HAL_Driver/Src/stm32g0xx_hal_spi.c ****   {
 6890              		.loc 1 3114 3 is_stmt 1 view .LVU2118
3114:Drivers/STM32G0xx_HAL_Driver/Src/stm32g0xx_hal_spi.c ****   {
 6891              		.loc 1 3114 12 is_stmt 0 view .LVU2119
 6892 000c 2B68     		ldr	r3, [r5]
3114:Drivers/STM32G0xx_HAL_Driver/Src/stm32g0xx_hal_spi.c ****   {
 6893              		.loc 1 3114 22 view .LVU2120
 6894 000e 1B68     		ldr	r3, [r3]
3114:Drivers/STM32G0xx_HAL_Driver/Src/stm32g0xx_hal_spi.c ****   {
 6895              		.loc 1 3114 6 view .LVU2121
 6896 0010 9B06     		lsls	r3, r3, #26
 6897 0012 22D4     		bmi	.L409
3117:Drivers/STM32G0xx_HAL_Driver/Src/stm32g0xx_hal_spi.c **** 
 6898              		.loc 1 3117 5 is_stmt 1 view .LVU2122
 6899 0014 2168     		ldr	r1, [r4]
 6900 0016 4B68     		ldr	r3, [r1, #4]
 6901 0018 2020     		movs	r0, #32
 6902              	.LVL416:
3117:Drivers/STM32G0xx_HAL_Driver/Src/stm32g0xx_hal_spi.c **** 
 6903              		.loc 1 3117 5 is_stmt 0 view .LVU2123
 6904 001a 8343     		bics	r3, r0
 6905 001c 4B60     		str	r3, [r1, #4]
3163:Drivers/STM32G0xx_HAL_Driver/Src/stm32g0xx_hal_spi.c ****     {
 6906              		.loc 1 3163 5 is_stmt 1 view .LVU2124
3163:Drivers/STM32G0xx_HAL_Driver/Src/stm32g0xx_hal_spi.c ****     {
 6907              		.loc 1 3163 20 is_stmt 0 view .LVU2125
 6908 001e A368     		ldr	r3, [r4, #8]
3163:Drivers/STM32G0xx_HAL_Driver/Src/stm32g0xx_hal_spi.c ****     {
 6909              		.loc 1 3163 8 view .LVU2126
 6910 0020 002B     		cmp	r3, #0
 6911 0022 04D1     		bne	.L410
3163:Drivers/STM32G0xx_HAL_Driver/Src/stm32g0xx_hal_spi.c ****     {
 6912              		.loc 1 3163 70 discriminator 1 view .LVU2127
 6913 0024 6168     		ldr	r1, [r4, #4]
3163:Drivers/STM32G0xx_HAL_Driver/Src/stm32g0xx_hal_spi.c ****     {
 6914              		.loc 1 3163 56 discriminator 1 view .LVU2128
 6915 0026 0533     		adds	r3, r3, #5
 6916 0028 FF33     		adds	r3, r3, #255
 6917 002a 9942     		cmp	r1, r3
 6918 002c 19D0     		beq	.L415
 6919              	.L410:
ARM GAS  C:\Users\Domagoj\AppData\Local\Temp\ccvehG6g.s 			page 233


3171:Drivers/STM32G0xx_HAL_Driver/Src/stm32g0xx_hal_spi.c ****     }
 6920              		.loc 1 3171 7 is_stmt 1 view .LVU2129
 6921 002e 2168     		ldr	r1, [r4]
 6922 0030 4B68     		ldr	r3, [r1, #4]
 6923 0032 0120     		movs	r0, #1
 6924 0034 8343     		bics	r3, r0
 6925 0036 4B60     		str	r3, [r1, #4]
 6926              	.L411:
3175:Drivers/STM32G0xx_HAL_Driver/Src/stm32g0xx_hal_spi.c ****     {
 6927              		.loc 1 3175 5 view .LVU2130
3175:Drivers/STM32G0xx_HAL_Driver/Src/stm32g0xx_hal_spi.c ****     {
 6928              		.loc 1 3175 9 is_stmt 0 view .LVU2131
 6929 0038 6421     		movs	r1, #100
 6930 003a 2000     		movs	r0, r4
 6931 003c FFF7FEFF 		bl	SPI_EndRxTransaction
 6932              	.LVL417:
3175:Drivers/STM32G0xx_HAL_Driver/Src/stm32g0xx_hal_spi.c ****     {
 6933              		.loc 1 3175 8 discriminator 1 view .LVU2132
 6934 0040 0028     		cmp	r0, #0
 6935 0042 01D0     		beq	.L412
3177:Drivers/STM32G0xx_HAL_Driver/Src/stm32g0xx_hal_spi.c ****     }
 6936              		.loc 1 3177 7 is_stmt 1 view .LVU2133
3177:Drivers/STM32G0xx_HAL_Driver/Src/stm32g0xx_hal_spi.c ****     }
 6937              		.loc 1 3177 23 is_stmt 0 view .LVU2134
 6938 0044 2023     		movs	r3, #32
 6939 0046 2366     		str	r3, [r4, #96]
 6940              	.L412:
3180:Drivers/STM32G0xx_HAL_Driver/Src/stm32g0xx_hal_spi.c ****     hspi->State = HAL_SPI_STATE_READY;
 6941              		.loc 1 3180 5 is_stmt 1 view .LVU2135
3180:Drivers/STM32G0xx_HAL_Driver/Src/stm32g0xx_hal_spi.c ****     hspi->State = HAL_SPI_STATE_READY;
 6942              		.loc 1 3180 23 is_stmt 0 view .LVU2136
 6943 0048 4623     		movs	r3, #70
 6944 004a 0022     		movs	r2, #0
 6945 004c E252     		strh	r2, [r4, r3]
3181:Drivers/STM32G0xx_HAL_Driver/Src/stm32g0xx_hal_spi.c **** 
 6946              		.loc 1 3181 5 is_stmt 1 view .LVU2137
3181:Drivers/STM32G0xx_HAL_Driver/Src/stm32g0xx_hal_spi.c **** 
 6947              		.loc 1 3181 17 is_stmt 0 view .LVU2138
 6948 004e 1733     		adds	r3, r3, #23
 6949 0050 0132     		adds	r2, r2, #1
 6950 0052 E254     		strb	r2, [r4, r3]
3192:Drivers/STM32G0xx_HAL_Driver/Src/stm32g0xx_hal_spi.c ****     {
 6951              		.loc 1 3192 5 is_stmt 1 view .LVU2139
3192:Drivers/STM32G0xx_HAL_Driver/Src/stm32g0xx_hal_spi.c ****     {
 6952              		.loc 1 3192 13 is_stmt 0 view .LVU2140
 6953 0054 236E     		ldr	r3, [r4, #96]
3192:Drivers/STM32G0xx_HAL_Driver/Src/stm32g0xx_hal_spi.c ****     {
 6954              		.loc 1 3192 8 view .LVU2141
 6955 0056 002B     		cmp	r3, #0
 6956 0058 09D1     		bne	.L416
 6957              	.L409:
3207:Drivers/STM32G0xx_HAL_Driver/Src/stm32g0xx_hal_spi.c **** #endif /* USE_HAL_SPI_REGISTER_CALLBACKS */
 6958              		.loc 1 3207 3 is_stmt 1 view .LVU2142
 6959 005a 2000     		movs	r0, r4
 6960 005c FFF7FEFF 		bl	HAL_SPI_RxCpltCallback
 6961              	.LVL418:
 6962              	.L408:
ARM GAS  C:\Users\Domagoj\AppData\Local\Temp\ccvehG6g.s 			page 234


3209:Drivers/STM32G0xx_HAL_Driver/Src/stm32g0xx_hal_spi.c **** 
 6963              		.loc 1 3209 1 is_stmt 0 view .LVU2143
 6964              		@ sp needed
 6965              	.LVL419:
 6966              	.LVL420:
3209:Drivers/STM32G0xx_HAL_Driver/Src/stm32g0xx_hal_spi.c **** 
 6967              		.loc 1 3209 1 view .LVU2144
 6968 0060 70BD     		pop	{r4, r5, r6, pc}
 6969              	.LVL421:
 6970              	.L415:
3166:Drivers/STM32G0xx_HAL_Driver/Src/stm32g0xx_hal_spi.c ****     }
 6971              		.loc 1 3166 7 is_stmt 1 view .LVU2145
 6972 0062 2168     		ldr	r1, [r4]
 6973 0064 4B68     		ldr	r3, [r1, #4]
 6974 0066 1D38     		subs	r0, r0, #29
 6975 0068 8343     		bics	r3, r0
 6976 006a 4B60     		str	r3, [r1, #4]
 6977 006c E4E7     		b	.L411
 6978              	.LVL422:
 6979              	.L416:
3198:Drivers/STM32G0xx_HAL_Driver/Src/stm32g0xx_hal_spi.c **** #endif /* USE_HAL_SPI_REGISTER_CALLBACKS */
 6980              		.loc 1 3198 7 view .LVU2146
 6981 006e 2000     		movs	r0, r4
 6982 0070 FFF7FEFF 		bl	HAL_SPI_ErrorCallback
 6983              	.LVL423:
3200:Drivers/STM32G0xx_HAL_Driver/Src/stm32g0xx_hal_spi.c ****     }
 6984              		.loc 1 3200 7 view .LVU2147
 6985 0074 F4E7     		b	.L408
 6986              		.cfi_endproc
 6987              	.LFE393:
 6989              		.section	.text.SPI_DMATransmitReceiveCplt,"ax",%progbits
 6990              		.align	1
 6991              		.syntax unified
 6992              		.code	16
 6993              		.thumb_func
 6995              	SPI_DMATransmitReceiveCplt:
 6996              	.LVL424:
 6997              	.LFB394:
3218:Drivers/STM32G0xx_HAL_Driver/Src/stm32g0xx_hal_spi.c ****   SPI_HandleTypeDef *hspi = (SPI_HandleTypeDef *)(((DMA_HandleTypeDef *)hdma)->Parent);
 6998              		.loc 1 3218 1 view -0
 6999              		.cfi_startproc
 7000              		@ args = 0, pretend = 0, frame = 0
 7001              		@ frame_needed = 0, uses_anonymous_args = 0
3218:Drivers/STM32G0xx_HAL_Driver/Src/stm32g0xx_hal_spi.c ****   SPI_HandleTypeDef *hspi = (SPI_HandleTypeDef *)(((DMA_HandleTypeDef *)hdma)->Parent);
 7002              		.loc 1 3218 1 is_stmt 0 view .LVU2149
 7003 0000 70B5     		push	{r4, r5, r6, lr}
 7004              	.LCFI55:
 7005              		.cfi_def_cfa_offset 16
 7006              		.cfi_offset 4, -16
 7007              		.cfi_offset 5, -12
 7008              		.cfi_offset 6, -8
 7009              		.cfi_offset 14, -4
 7010 0002 0500     		movs	r5, r0
3219:Drivers/STM32G0xx_HAL_Driver/Src/stm32g0xx_hal_spi.c ****   uint32_t tickstart;
 7011              		.loc 1 3219 3 is_stmt 1 view .LVU2150
3219:Drivers/STM32G0xx_HAL_Driver/Src/stm32g0xx_hal_spi.c ****   uint32_t tickstart;
 7012              		.loc 1 3219 22 is_stmt 0 view .LVU2151
ARM GAS  C:\Users\Domagoj\AppData\Local\Temp\ccvehG6g.s 			page 235


 7013 0004 846A     		ldr	r4, [r0, #40]
 7014              	.LVL425:
3220:Drivers/STM32G0xx_HAL_Driver/Src/stm32g0xx_hal_spi.c **** #if (USE_SPI_CRC != 0U)
 7015              		.loc 1 3220 3 is_stmt 1 view .LVU2152
3228:Drivers/STM32G0xx_HAL_Driver/Src/stm32g0xx_hal_spi.c **** 
 7016              		.loc 1 3228 3 view .LVU2153
3228:Drivers/STM32G0xx_HAL_Driver/Src/stm32g0xx_hal_spi.c **** 
 7017              		.loc 1 3228 15 is_stmt 0 view .LVU2154
 7018 0006 FFF7FEFF 		bl	HAL_GetTick
 7019              	.LVL426:
3228:Drivers/STM32G0xx_HAL_Driver/Src/stm32g0xx_hal_spi.c **** 
 7020              		.loc 1 3228 15 view .LVU2155
 7021 000a 0200     		movs	r2, r0
 7022              	.LVL427:
3231:Drivers/STM32G0xx_HAL_Driver/Src/stm32g0xx_hal_spi.c ****   {
 7023              		.loc 1 3231 3 is_stmt 1 view .LVU2156
3231:Drivers/STM32G0xx_HAL_Driver/Src/stm32g0xx_hal_spi.c ****   {
 7024              		.loc 1 3231 12 is_stmt 0 view .LVU2157
 7025 000c 2B68     		ldr	r3, [r5]
3231:Drivers/STM32G0xx_HAL_Driver/Src/stm32g0xx_hal_spi.c ****   {
 7026              		.loc 1 3231 22 view .LVU2158
 7027 000e 1B68     		ldr	r3, [r3]
3231:Drivers/STM32G0xx_HAL_Driver/Src/stm32g0xx_hal_spi.c ****   {
 7028              		.loc 1 3231 6 view .LVU2159
 7029 0010 9B06     		lsls	r3, r3, #26
 7030 0012 1DD4     		bmi	.L418
3234:Drivers/STM32G0xx_HAL_Driver/Src/stm32g0xx_hal_spi.c **** 
 7031              		.loc 1 3234 5 is_stmt 1 view .LVU2160
 7032 0014 2168     		ldr	r1, [r4]
 7033 0016 4B68     		ldr	r3, [r1, #4]
 7034 0018 2020     		movs	r0, #32
 7035              	.LVL428:
3234:Drivers/STM32G0xx_HAL_Driver/Src/stm32g0xx_hal_spi.c **** 
 7036              		.loc 1 3234 5 is_stmt 0 view .LVU2161
 7037 001a 8343     		bics	r3, r0
 7038 001c 4B60     		str	r3, [r1, #4]
3272:Drivers/STM32G0xx_HAL_Driver/Src/stm32g0xx_hal_spi.c ****     {
 7039              		.loc 1 3272 5 is_stmt 1 view .LVU2162
3272:Drivers/STM32G0xx_HAL_Driver/Src/stm32g0xx_hal_spi.c ****     {
 7040              		.loc 1 3272 9 is_stmt 0 view .LVU2163
 7041 001e 6421     		movs	r1, #100
 7042 0020 2000     		movs	r0, r4
 7043 0022 FFF7FEFF 		bl	SPI_EndRxTxTransaction
 7044              	.LVL429:
3272:Drivers/STM32G0xx_HAL_Driver/Src/stm32g0xx_hal_spi.c ****     {
 7045              		.loc 1 3272 8 discriminator 1 view .LVU2164
 7046 0026 0028     		cmp	r0, #0
 7047 0028 03D0     		beq	.L419
3274:Drivers/STM32G0xx_HAL_Driver/Src/stm32g0xx_hal_spi.c ****     }
 7048              		.loc 1 3274 7 is_stmt 1 view .LVU2165
 7049 002a 236E     		ldr	r3, [r4, #96]
 7050 002c 2022     		movs	r2, #32
 7051 002e 1343     		orrs	r3, r2
 7052 0030 2366     		str	r3, [r4, #96]
 7053              	.L419:
3278:Drivers/STM32G0xx_HAL_Driver/Src/stm32g0xx_hal_spi.c **** 
 7054              		.loc 1 3278 5 view .LVU2166
ARM GAS  C:\Users\Domagoj\AppData\Local\Temp\ccvehG6g.s 			page 236


 7055 0032 2268     		ldr	r2, [r4]
 7056 0034 5368     		ldr	r3, [r2, #4]
 7057 0036 0321     		movs	r1, #3
 7058 0038 8B43     		bics	r3, r1
 7059 003a 5360     		str	r3, [r2, #4]
3280:Drivers/STM32G0xx_HAL_Driver/Src/stm32g0xx_hal_spi.c ****     hspi->RxXferCount = 0U;
 7060              		.loc 1 3280 5 view .LVU2167
3280:Drivers/STM32G0xx_HAL_Driver/Src/stm32g0xx_hal_spi.c ****     hspi->RxXferCount = 0U;
 7061              		.loc 1 3280 23 is_stmt 0 view .LVU2168
 7062 003c 0023     		movs	r3, #0
 7063 003e E387     		strh	r3, [r4, #62]
3281:Drivers/STM32G0xx_HAL_Driver/Src/stm32g0xx_hal_spi.c ****     hspi->State = HAL_SPI_STATE_READY;
 7064              		.loc 1 3281 5 is_stmt 1 view .LVU2169
3281:Drivers/STM32G0xx_HAL_Driver/Src/stm32g0xx_hal_spi.c ****     hspi->State = HAL_SPI_STATE_READY;
 7065              		.loc 1 3281 23 is_stmt 0 view .LVU2170
 7066 0040 4622     		movs	r2, #70
 7067 0042 A352     		strh	r3, [r4, r2]
3282:Drivers/STM32G0xx_HAL_Driver/Src/stm32g0xx_hal_spi.c **** 
 7068              		.loc 1 3282 5 is_stmt 1 view .LVU2171
3282:Drivers/STM32G0xx_HAL_Driver/Src/stm32g0xx_hal_spi.c **** 
 7069              		.loc 1 3282 17 is_stmt 0 view .LVU2172
 7070 0044 5D33     		adds	r3, r3, #93
 7071 0046 453A     		subs	r2, r2, #69
 7072 0048 E254     		strb	r2, [r4, r3]
3293:Drivers/STM32G0xx_HAL_Driver/Src/stm32g0xx_hal_spi.c ****     {
 7073              		.loc 1 3293 5 is_stmt 1 view .LVU2173
3293:Drivers/STM32G0xx_HAL_Driver/Src/stm32g0xx_hal_spi.c ****     {
 7074              		.loc 1 3293 13 is_stmt 0 view .LVU2174
 7075 004a 236E     		ldr	r3, [r4, #96]
3293:Drivers/STM32G0xx_HAL_Driver/Src/stm32g0xx_hal_spi.c ****     {
 7076              		.loc 1 3293 8 view .LVU2175
 7077 004c 002B     		cmp	r3, #0
 7078 004e 03D1     		bne	.L422
 7079              	.L418:
3308:Drivers/STM32G0xx_HAL_Driver/Src/stm32g0xx_hal_spi.c **** #endif /* USE_HAL_SPI_REGISTER_CALLBACKS */
 7080              		.loc 1 3308 3 is_stmt 1 view .LVU2176
 7081 0050 2000     		movs	r0, r4
 7082 0052 FFF7FEFF 		bl	HAL_SPI_TxRxCpltCallback
 7083              	.LVL430:
 7084              	.L417:
3310:Drivers/STM32G0xx_HAL_Driver/Src/stm32g0xx_hal_spi.c **** 
 7085              		.loc 1 3310 1 is_stmt 0 view .LVU2177
 7086              		@ sp needed
 7087              	.LVL431:
 7088              	.LVL432:
3310:Drivers/STM32G0xx_HAL_Driver/Src/stm32g0xx_hal_spi.c **** 
 7089              		.loc 1 3310 1 view .LVU2178
 7090 0056 70BD     		pop	{r4, r5, r6, pc}
 7091              	.LVL433:
 7092              	.L422:
3299:Drivers/STM32G0xx_HAL_Driver/Src/stm32g0xx_hal_spi.c **** #endif /* USE_HAL_SPI_REGISTER_CALLBACKS */
 7093              		.loc 1 3299 7 is_stmt 1 view .LVU2179
 7094 0058 2000     		movs	r0, r4
 7095 005a FFF7FEFF 		bl	HAL_SPI_ErrorCallback
 7096              	.LVL434:
3301:Drivers/STM32G0xx_HAL_Driver/Src/stm32g0xx_hal_spi.c ****     }
 7097              		.loc 1 3301 7 view .LVU2180
ARM GAS  C:\Users\Domagoj\AppData\Local\Temp\ccvehG6g.s 			page 237


 7098 005e FAE7     		b	.L417
 7099              		.cfi_endproc
 7100              	.LFE394:
 7102              		.section	.text.HAL_SPI_IRQHandler,"ax",%progbits
 7103              		.align	1
 7104              		.global	HAL_SPI_IRQHandler
 7105              		.syntax unified
 7106              		.code	16
 7107              		.thumb_func
 7109              	HAL_SPI_IRQHandler:
 7110              	.LVL435:
 7111              	.LFB381:
2751:Drivers/STM32G0xx_HAL_Driver/Src/stm32g0xx_hal_spi.c ****   uint32_t itsource = hspi->Instance->CR2;
 7112              		.loc 1 2751 1 view -0
 7113              		.cfi_startproc
 7114              		@ args = 0, pretend = 0, frame = 16
 7115              		@ frame_needed = 0, uses_anonymous_args = 0
2751:Drivers/STM32G0xx_HAL_Driver/Src/stm32g0xx_hal_spi.c ****   uint32_t itsource = hspi->Instance->CR2;
 7116              		.loc 1 2751 1 is_stmt 0 view .LVU2182
 7117 0000 F0B5     		push	{r4, r5, r6, r7, lr}
 7118              	.LCFI56:
 7119              		.cfi_def_cfa_offset 20
 7120              		.cfi_offset 4, -20
 7121              		.cfi_offset 5, -16
 7122              		.cfi_offset 6, -12
 7123              		.cfi_offset 7, -8
 7124              		.cfi_offset 14, -4
 7125 0002 85B0     		sub	sp, sp, #20
 7126              	.LCFI57:
 7127              		.cfi_def_cfa_offset 40
 7128 0004 0400     		movs	r4, r0
2752:Drivers/STM32G0xx_HAL_Driver/Src/stm32g0xx_hal_spi.c ****   uint32_t itflag   = hspi->Instance->SR;
 7129              		.loc 1 2752 3 is_stmt 1 view .LVU2183
2752:Drivers/STM32G0xx_HAL_Driver/Src/stm32g0xx_hal_spi.c ****   uint32_t itflag   = hspi->Instance->SR;
 7130              		.loc 1 2752 27 is_stmt 0 view .LVU2184
 7131 0006 0268     		ldr	r2, [r0]
2752:Drivers/STM32G0xx_HAL_Driver/Src/stm32g0xx_hal_spi.c ****   uint32_t itflag   = hspi->Instance->SR;
 7132              		.loc 1 2752 12 view .LVU2185
 7133 0008 5568     		ldr	r5, [r2, #4]
 7134              	.LVL436:
2753:Drivers/STM32G0xx_HAL_Driver/Src/stm32g0xx_hal_spi.c **** 
 7135              		.loc 1 2753 3 is_stmt 1 view .LVU2186
2753:Drivers/STM32G0xx_HAL_Driver/Src/stm32g0xx_hal_spi.c **** 
 7136              		.loc 1 2753 12 is_stmt 0 view .LVU2187
 7137 000a 9368     		ldr	r3, [r2, #8]
 7138              	.LVL437:
2756:Drivers/STM32G0xx_HAL_Driver/Src/stm32g0xx_hal_spi.c ****       (SPI_CHECK_FLAG(itflag, SPI_FLAG_RXNE) != RESET) && (SPI_CHECK_IT_SOURCE(itsource, SPI_IT_RXN
 7139              		.loc 1 2756 3 is_stmt 1 view .LVU2188
2756:Drivers/STM32G0xx_HAL_Driver/Src/stm32g0xx_hal_spi.c ****       (SPI_CHECK_FLAG(itflag, SPI_FLAG_RXNE) != RESET) && (SPI_CHECK_IT_SOURCE(itsource, SPI_IT_RXN
 7140              		.loc 1 2756 8 is_stmt 0 view .LVU2189
 7141 000c 9909     		lsrs	r1, r3, #6
 7142 000e 0120     		movs	r0, #1
 7143              	.LVL438:
2756:Drivers/STM32G0xx_HAL_Driver/Src/stm32g0xx_hal_spi.c ****       (SPI_CHECK_FLAG(itflag, SPI_FLAG_RXNE) != RESET) && (SPI_CHECK_IT_SOURCE(itsource, SPI_IT_RXN
 7144              		.loc 1 2756 8 view .LVU2190
 7145 0010 0600     		movs	r6, r0
 7146 0012 0E40     		ands	r6, r1
ARM GAS  C:\Users\Domagoj\AppData\Local\Temp\ccvehG6g.s 			page 238


2756:Drivers/STM32G0xx_HAL_Driver/Src/stm32g0xx_hal_spi.c ****       (SPI_CHECK_FLAG(itflag, SPI_FLAG_RXNE) != RESET) && (SPI_CHECK_IT_SOURCE(itsource, SPI_IT_RXN
 7147              		.loc 1 2756 6 view .LVU2191
 7148 0014 0842     		tst	r0, r1
 7149 0016 03D1     		bne	.L424
2756:Drivers/STM32G0xx_HAL_Driver/Src/stm32g0xx_hal_spi.c ****       (SPI_CHECK_FLAG(itflag, SPI_FLAG_RXNE) != RESET) && (SPI_CHECK_IT_SOURCE(itsource, SPI_IT_RXN
 7150              		.loc 1 2756 55 discriminator 1 view .LVU2192
 7151 0018 D907     		lsls	r1, r3, #31
 7152 001a 01D5     		bpl	.L424
2757:Drivers/STM32G0xx_HAL_Driver/Src/stm32g0xx_hal_spi.c ****   {
 7153              		.loc 1 2757 56 view .LVU2193
 7154 001c 6906     		lsls	r1, r5, #25
 7155 001e 6AD4     		bmi	.L442
 7156              	.L424:
2764:Drivers/STM32G0xx_HAL_Driver/Src/stm32g0xx_hal_spi.c ****   {
 7157              		.loc 1 2764 3 is_stmt 1 view .LVU2194
2764:Drivers/STM32G0xx_HAL_Driver/Src/stm32g0xx_hal_spi.c ****   {
 7158              		.loc 1 2764 6 is_stmt 0 view .LVU2195
 7159 0020 9907     		lsls	r1, r3, #30
 7160 0022 01D5     		bpl	.L426
2764:Drivers/STM32G0xx_HAL_Driver/Src/stm32g0xx_hal_spi.c ****   {
 7161              		.loc 1 2764 55 discriminator 1 view .LVU2196
 7162 0024 2906     		lsls	r1, r5, #24
 7163 0026 6AD4     		bmi	.L443
 7164              	.L426:
2771:Drivers/STM32G0xx_HAL_Driver/Src/stm32g0xx_hal_spi.c ****        || (SPI_CHECK_FLAG(itflag, SPI_FLAG_FRE) != RESET)) && (SPI_CHECK_IT_SOURCE(itsource, SPI_IT
 7165              		.loc 1 2771 3 is_stmt 1 view .LVU2197
2771:Drivers/STM32G0xx_HAL_Driver/Src/stm32g0xx_hal_spi.c ****        || (SPI_CHECK_FLAG(itflag, SPI_FLAG_FRE) != RESET)) && (SPI_CHECK_IT_SOURCE(itsource, SPI_IT
 7166              		.loc 1 2771 9 is_stmt 0 view .LVU2198
 7167 0028 5909     		lsrs	r1, r3, #5
 7168 002a 0120     		movs	r0, #1
 7169 002c 0700     		movs	r7, r0
 7170 002e 0F40     		ands	r7, r1
2771:Drivers/STM32G0xx_HAL_Driver/Src/stm32g0xx_hal_spi.c ****        || (SPI_CHECK_FLAG(itflag, SPI_FLAG_FRE) != RESET)) && (SPI_CHECK_IT_SOURCE(itsource, SPI_IT
 7171              		.loc 1 2771 6 view .LVU2199
 7172 0030 0842     		tst	r0, r1
 7173 0032 03D1     		bne	.L427
2771:Drivers/STM32G0xx_HAL_Driver/Src/stm32g0xx_hal_spi.c ****        || (SPI_CHECK_FLAG(itflag, SPI_FLAG_FRE) != RESET)) && (SPI_CHECK_IT_SOURCE(itsource, SPI_IT
 7174              		.loc 1 2771 57 discriminator 1 view .LVU2200
 7175 0034 002E     		cmp	r6, #0
 7176 0036 01D1     		bne	.L427
2772:Drivers/STM32G0xx_HAL_Driver/Src/stm32g0xx_hal_spi.c ****   {
 7177              		.loc 1 2772 8 view .LVU2201
 7178 0038 D905     		lsls	r1, r3, #23
 7179 003a 63D5     		bpl	.L423
 7180              	.L427:
2772:Drivers/STM32G0xx_HAL_Driver/Src/stm32g0xx_hal_spi.c ****   {
 7181              		.loc 1 2772 60 discriminator 1 view .LVU2202
 7182 003c A906     		lsls	r1, r5, #26
 7183 003e 61D5     		bpl	.L423
2775:Drivers/STM32G0xx_HAL_Driver/Src/stm32g0xx_hal_spi.c ****     {
 7184              		.loc 1 2775 5 is_stmt 1 view .LVU2203
2775:Drivers/STM32G0xx_HAL_Driver/Src/stm32g0xx_hal_spi.c ****     {
 7185              		.loc 1 2775 8 is_stmt 0 view .LVU2204
 7186 0040 002E     		cmp	r6, #0
 7187 0042 0ED0     		beq	.L428
2777:Drivers/STM32G0xx_HAL_Driver/Src/stm32g0xx_hal_spi.c ****       {
 7188              		.loc 1 2777 7 is_stmt 1 view .LVU2205
ARM GAS  C:\Users\Domagoj\AppData\Local\Temp\ccvehG6g.s 			page 239


2777:Drivers/STM32G0xx_HAL_Driver/Src/stm32g0xx_hal_spi.c ****       {
 7189              		.loc 1 2777 15 is_stmt 0 view .LVU2206
 7190 0044 5D21     		movs	r1, #93
 7191 0046 615C     		ldrb	r1, [r4, r1]
2777:Drivers/STM32G0xx_HAL_Driver/Src/stm32g0xx_hal_spi.c ****       {
 7192              		.loc 1 2777 10 view .LVU2207
 7193 0048 0329     		cmp	r1, #3
 7194 004a 5DD0     		beq	.L429
2779:Drivers/STM32G0xx_HAL_Driver/Src/stm32g0xx_hal_spi.c ****         __HAL_SPI_CLEAR_OVRFLAG(hspi);
 7195              		.loc 1 2779 9 is_stmt 1 view .LVU2208
 7196 004c 216E     		ldr	r1, [r4, #96]
 7197 004e 0420     		movs	r0, #4
 7198 0050 0143     		orrs	r1, r0
 7199 0052 2166     		str	r1, [r4, #96]
2780:Drivers/STM32G0xx_HAL_Driver/Src/stm32g0xx_hal_spi.c ****       }
 7200              		.loc 1 2780 9 view .LVU2209
 7201              	.LBB7:
2780:Drivers/STM32G0xx_HAL_Driver/Src/stm32g0xx_hal_spi.c ****       }
 7202              		.loc 1 2780 9 view .LVU2210
 7203 0054 0021     		movs	r1, #0
 7204 0056 0091     		str	r1, [sp]
2780:Drivers/STM32G0xx_HAL_Driver/Src/stm32g0xx_hal_spi.c ****       }
 7205              		.loc 1 2780 9 view .LVU2211
 7206 0058 D168     		ldr	r1, [r2, #12]
 7207 005a 0091     		str	r1, [sp]
2780:Drivers/STM32G0xx_HAL_Driver/Src/stm32g0xx_hal_spi.c ****       }
 7208              		.loc 1 2780 9 view .LVU2212
 7209 005c 9168     		ldr	r1, [r2, #8]
 7210 005e 0091     		str	r1, [sp]
2780:Drivers/STM32G0xx_HAL_Driver/Src/stm32g0xx_hal_spi.c ****       }
 7211              		.loc 1 2780 9 view .LVU2213
 7212 0060 0099     		ldr	r1, [sp]
 7213              	.LBE7:
2780:Drivers/STM32G0xx_HAL_Driver/Src/stm32g0xx_hal_spi.c ****       }
 7214              		.loc 1 2780 9 view .LVU2214
 7215              	.L428:
2790:Drivers/STM32G0xx_HAL_Driver/Src/stm32g0xx_hal_spi.c ****     {
 7216              		.loc 1 2790 5 view .LVU2215
2790:Drivers/STM32G0xx_HAL_Driver/Src/stm32g0xx_hal_spi.c ****     {
 7217              		.loc 1 2790 8 is_stmt 0 view .LVU2216
 7218 0062 002F     		cmp	r7, #0
 7219 0064 0CD0     		beq	.L430
2792:Drivers/STM32G0xx_HAL_Driver/Src/stm32g0xx_hal_spi.c ****       __HAL_SPI_CLEAR_MODFFLAG(hspi);
 7220              		.loc 1 2792 7 is_stmt 1 view .LVU2217
 7221 0066 216E     		ldr	r1, [r4, #96]
 7222 0068 0120     		movs	r0, #1
 7223 006a 0143     		orrs	r1, r0
 7224 006c 2166     		str	r1, [r4, #96]
2793:Drivers/STM32G0xx_HAL_Driver/Src/stm32g0xx_hal_spi.c ****     }
 7225              		.loc 1 2793 7 view .LVU2218
 7226              	.LBB8:
2793:Drivers/STM32G0xx_HAL_Driver/Src/stm32g0xx_hal_spi.c ****     }
 7227              		.loc 1 2793 7 view .LVU2219
 7228 006e 0021     		movs	r1, #0
 7229 0070 0291     		str	r1, [sp, #8]
2793:Drivers/STM32G0xx_HAL_Driver/Src/stm32g0xx_hal_spi.c ****     }
 7230              		.loc 1 2793 7 view .LVU2220
ARM GAS  C:\Users\Domagoj\AppData\Local\Temp\ccvehG6g.s 			page 240


 7231 0072 9168     		ldr	r1, [r2, #8]
 7232 0074 0291     		str	r1, [sp, #8]
2793:Drivers/STM32G0xx_HAL_Driver/Src/stm32g0xx_hal_spi.c ****     }
 7233              		.loc 1 2793 7 view .LVU2221
 7234 0076 1168     		ldr	r1, [r2]
 7235 0078 3F30     		adds	r0, r0, #63
 7236 007a 8143     		bics	r1, r0
 7237 007c 1160     		str	r1, [r2]
2793:Drivers/STM32G0xx_HAL_Driver/Src/stm32g0xx_hal_spi.c ****     }
 7238              		.loc 1 2793 7 view .LVU2222
 7239 007e 029A     		ldr	r2, [sp, #8]
 7240              	.L430:
2793:Drivers/STM32G0xx_HAL_Driver/Src/stm32g0xx_hal_spi.c ****     }
 7241              		.loc 1 2793 7 is_stmt 0 view .LVU2223
 7242              	.LBE8:
2793:Drivers/STM32G0xx_HAL_Driver/Src/stm32g0xx_hal_spi.c ****     }
 7243              		.loc 1 2793 7 is_stmt 1 view .LVU2224
2797:Drivers/STM32G0xx_HAL_Driver/Src/stm32g0xx_hal_spi.c ****     {
 7244              		.loc 1 2797 5 view .LVU2225
2797:Drivers/STM32G0xx_HAL_Driver/Src/stm32g0xx_hal_spi.c ****     {
 7245              		.loc 1 2797 8 is_stmt 0 view .LVU2226
 7246 0080 DB05     		lsls	r3, r3, #23
 7247 0082 09D5     		bpl	.L431
 7248              	.LVL439:
2799:Drivers/STM32G0xx_HAL_Driver/Src/stm32g0xx_hal_spi.c ****       __HAL_SPI_CLEAR_FREFLAG(hspi);
 7249              		.loc 1 2799 7 is_stmt 1 view .LVU2227
 7250 0084 236E     		ldr	r3, [r4, #96]
 7251 0086 0822     		movs	r2, #8
 7252 0088 1343     		orrs	r3, r2
 7253 008a 2366     		str	r3, [r4, #96]
2800:Drivers/STM32G0xx_HAL_Driver/Src/stm32g0xx_hal_spi.c ****     }
 7254              		.loc 1 2800 7 view .LVU2228
 7255              	.LBB9:
2800:Drivers/STM32G0xx_HAL_Driver/Src/stm32g0xx_hal_spi.c ****     }
 7256              		.loc 1 2800 7 view .LVU2229
 7257 008c 0023     		movs	r3, #0
 7258 008e 0393     		str	r3, [sp, #12]
2800:Drivers/STM32G0xx_HAL_Driver/Src/stm32g0xx_hal_spi.c ****     }
 7259              		.loc 1 2800 7 view .LVU2230
 7260 0090 2368     		ldr	r3, [r4]
 7261 0092 9B68     		ldr	r3, [r3, #8]
 7262 0094 0393     		str	r3, [sp, #12]
2800:Drivers/STM32G0xx_HAL_Driver/Src/stm32g0xx_hal_spi.c ****     }
 7263              		.loc 1 2800 7 view .LVU2231
 7264 0096 039B     		ldr	r3, [sp, #12]
 7265              	.L431:
2800:Drivers/STM32G0xx_HAL_Driver/Src/stm32g0xx_hal_spi.c ****     }
 7266              		.loc 1 2800 7 is_stmt 0 view .LVU2232
 7267              	.LBE9:
2800:Drivers/STM32G0xx_HAL_Driver/Src/stm32g0xx_hal_spi.c ****     }
 7268              		.loc 1 2800 7 is_stmt 1 view .LVU2233
2803:Drivers/STM32G0xx_HAL_Driver/Src/stm32g0xx_hal_spi.c ****     {
 7269              		.loc 1 2803 5 view .LVU2234
2803:Drivers/STM32G0xx_HAL_Driver/Src/stm32g0xx_hal_spi.c ****     {
 7270              		.loc 1 2803 13 is_stmt 0 view .LVU2235
 7271 0098 236E     		ldr	r3, [r4, #96]
2803:Drivers/STM32G0xx_HAL_Driver/Src/stm32g0xx_hal_spi.c ****     {
ARM GAS  C:\Users\Domagoj\AppData\Local\Temp\ccvehG6g.s 			page 241


 7272              		.loc 1 2803 8 view .LVU2236
 7273 009a 002B     		cmp	r3, #0
 7274 009c 32D0     		beq	.L423
2806:Drivers/STM32G0xx_HAL_Driver/Src/stm32g0xx_hal_spi.c **** 
 7275              		.loc 1 2806 7 is_stmt 1 view .LVU2237
 7276 009e 2268     		ldr	r2, [r4]
 7277 00a0 5368     		ldr	r3, [r2, #4]
 7278 00a2 E021     		movs	r1, #224
 7279 00a4 8B43     		bics	r3, r1
 7280 00a6 5360     		str	r3, [r2, #4]
2808:Drivers/STM32G0xx_HAL_Driver/Src/stm32g0xx_hal_spi.c ****       /* Disable the SPI DMA requests if enabled */
 7281              		.loc 1 2808 7 view .LVU2238
2808:Drivers/STM32G0xx_HAL_Driver/Src/stm32g0xx_hal_spi.c ****       /* Disable the SPI DMA requests if enabled */
 7282              		.loc 1 2808 19 is_stmt 0 view .LVU2239
 7283 00a8 5D23     		movs	r3, #93
 7284 00aa 0122     		movs	r2, #1
 7285 00ac E254     		strb	r2, [r4, r3]
2810:Drivers/STM32G0xx_HAL_Driver/Src/stm32g0xx_hal_spi.c ****       {
 7286              		.loc 1 2810 7 is_stmt 1 view .LVU2240
2810:Drivers/STM32G0xx_HAL_Driver/Src/stm32g0xx_hal_spi.c ****       {
 7287              		.loc 1 2810 10 is_stmt 0 view .LVU2241
 7288 00ae AD07     		lsls	r5, r5, #30
 7289 00b0 32D0     		beq	.L433
 7290              	.LVL440:
2812:Drivers/STM32G0xx_HAL_Driver/Src/stm32g0xx_hal_spi.c **** 
 7291              		.loc 1 2812 9 is_stmt 1 view .LVU2242
 7292 00b2 2268     		ldr	r2, [r4]
 7293 00b4 5368     		ldr	r3, [r2, #4]
 7294 00b6 DD39     		subs	r1, r1, #221
 7295 00b8 8B43     		bics	r3, r1
 7296 00ba 5360     		str	r3, [r2, #4]
2815:Drivers/STM32G0xx_HAL_Driver/Src/stm32g0xx_hal_spi.c ****         {
 7297              		.loc 1 2815 9 view .LVU2243
2815:Drivers/STM32G0xx_HAL_Driver/Src/stm32g0xx_hal_spi.c ****         {
 7298              		.loc 1 2815 17 is_stmt 0 view .LVU2244
 7299 00bc A36D     		ldr	r3, [r4, #88]
2815:Drivers/STM32G0xx_HAL_Driver/Src/stm32g0xx_hal_spi.c ****         {
 7300              		.loc 1 2815 12 view .LVU2245
 7301 00be 002B     		cmp	r3, #0
 7302 00c0 0AD0     		beq	.L434
2819:Drivers/STM32G0xx_HAL_Driver/Src/stm32g0xx_hal_spi.c ****           if (HAL_OK != HAL_DMA_Abort_IT(hspi->hdmarx))
 7303              		.loc 1 2819 11 is_stmt 1 view .LVU2246
2819:Drivers/STM32G0xx_HAL_Driver/Src/stm32g0xx_hal_spi.c ****           if (HAL_OK != HAL_DMA_Abort_IT(hspi->hdmarx))
 7304              		.loc 1 2819 43 is_stmt 0 view .LVU2247
 7305 00c2 174A     		ldr	r2, .L444
 7306 00c4 9A63     		str	r2, [r3, #56]
2820:Drivers/STM32G0xx_HAL_Driver/Src/stm32g0xx_hal_spi.c ****           {
 7307              		.loc 1 2820 11 is_stmt 1 view .LVU2248
2820:Drivers/STM32G0xx_HAL_Driver/Src/stm32g0xx_hal_spi.c ****           {
 7308              		.loc 1 2820 25 is_stmt 0 view .LVU2249
 7309 00c6 A06D     		ldr	r0, [r4, #88]
 7310 00c8 FFF7FEFF 		bl	HAL_DMA_Abort_IT
 7311              	.LVL441:
2820:Drivers/STM32G0xx_HAL_Driver/Src/stm32g0xx_hal_spi.c ****           {
 7312              		.loc 1 2820 14 discriminator 1 view .LVU2250
 7313 00cc 0028     		cmp	r0, #0
 7314 00ce 03D0     		beq	.L434
ARM GAS  C:\Users\Domagoj\AppData\Local\Temp\ccvehG6g.s 			page 242


2822:Drivers/STM32G0xx_HAL_Driver/Src/stm32g0xx_hal_spi.c ****           }
 7315              		.loc 1 2822 13 is_stmt 1 view .LVU2251
 7316 00d0 236E     		ldr	r3, [r4, #96]
 7317 00d2 4022     		movs	r2, #64
 7318 00d4 1343     		orrs	r3, r2
 7319 00d6 2366     		str	r3, [r4, #96]
 7320              	.L434:
2826:Drivers/STM32G0xx_HAL_Driver/Src/stm32g0xx_hal_spi.c ****         {
 7321              		.loc 1 2826 9 view .LVU2252
2826:Drivers/STM32G0xx_HAL_Driver/Src/stm32g0xx_hal_spi.c ****         {
 7322              		.loc 1 2826 17 is_stmt 0 view .LVU2253
 7323 00d8 636D     		ldr	r3, [r4, #84]
2826:Drivers/STM32G0xx_HAL_Driver/Src/stm32g0xx_hal_spi.c ****         {
 7324              		.loc 1 2826 12 view .LVU2254
 7325 00da 002B     		cmp	r3, #0
 7326 00dc 12D0     		beq	.L423
2830:Drivers/STM32G0xx_HAL_Driver/Src/stm32g0xx_hal_spi.c ****           if (HAL_OK != HAL_DMA_Abort_IT(hspi->hdmatx))
 7327              		.loc 1 2830 11 is_stmt 1 view .LVU2255
2830:Drivers/STM32G0xx_HAL_Driver/Src/stm32g0xx_hal_spi.c ****           if (HAL_OK != HAL_DMA_Abort_IT(hspi->hdmatx))
 7328              		.loc 1 2830 43 is_stmt 0 view .LVU2256
 7329 00de 104A     		ldr	r2, .L444
 7330 00e0 9A63     		str	r2, [r3, #56]
2831:Drivers/STM32G0xx_HAL_Driver/Src/stm32g0xx_hal_spi.c ****           {
 7331              		.loc 1 2831 11 is_stmt 1 view .LVU2257
2831:Drivers/STM32G0xx_HAL_Driver/Src/stm32g0xx_hal_spi.c ****           {
 7332              		.loc 1 2831 25 is_stmt 0 view .LVU2258
 7333 00e2 606D     		ldr	r0, [r4, #84]
 7334 00e4 FFF7FEFF 		bl	HAL_DMA_Abort_IT
 7335              	.LVL442:
2831:Drivers/STM32G0xx_HAL_Driver/Src/stm32g0xx_hal_spi.c ****           {
 7336              		.loc 1 2831 14 discriminator 1 view .LVU2259
 7337 00e8 0028     		cmp	r0, #0
 7338 00ea 0BD0     		beq	.L423
2833:Drivers/STM32G0xx_HAL_Driver/Src/stm32g0xx_hal_spi.c ****           }
 7339              		.loc 1 2833 13 is_stmt 1 view .LVU2260
 7340 00ec 236E     		ldr	r3, [r4, #96]
 7341 00ee 4022     		movs	r2, #64
 7342 00f0 1343     		orrs	r3, r2
 7343 00f2 2366     		str	r3, [r4, #96]
 7344 00f4 06E0     		b	.L423
 7345              	.LVL443:
 7346              	.L442:
2759:Drivers/STM32G0xx_HAL_Driver/Src/stm32g0xx_hal_spi.c ****     return;
 7347              		.loc 1 2759 5 view .LVU2261
2759:Drivers/STM32G0xx_HAL_Driver/Src/stm32g0xx_hal_spi.c ****     return;
 7348              		.loc 1 2759 9 is_stmt 0 view .LVU2262
 7349 00f6 E36C     		ldr	r3, [r4, #76]
 7350              	.LVL444:
2759:Drivers/STM32G0xx_HAL_Driver/Src/stm32g0xx_hal_spi.c ****     return;
 7351              		.loc 1 2759 5 view .LVU2263
 7352 00f8 2000     		movs	r0, r4
 7353 00fa 9847     		blx	r3
 7354              	.LVL445:
2760:Drivers/STM32G0xx_HAL_Driver/Src/stm32g0xx_hal_spi.c ****   }
 7355              		.loc 1 2760 5 is_stmt 1 view .LVU2264
 7356 00fc 02E0     		b	.L423
 7357              	.LVL446:
ARM GAS  C:\Users\Domagoj\AppData\Local\Temp\ccvehG6g.s 			page 243


 7358              	.L443:
2766:Drivers/STM32G0xx_HAL_Driver/Src/stm32g0xx_hal_spi.c ****     return;
 7359              		.loc 1 2766 5 view .LVU2265
2766:Drivers/STM32G0xx_HAL_Driver/Src/stm32g0xx_hal_spi.c ****     return;
 7360              		.loc 1 2766 9 is_stmt 0 view .LVU2266
 7361 00fe 236D     		ldr	r3, [r4, #80]
 7362              	.LVL447:
2766:Drivers/STM32G0xx_HAL_Driver/Src/stm32g0xx_hal_spi.c ****     return;
 7363              		.loc 1 2766 5 view .LVU2267
 7364 0100 2000     		movs	r0, r4
 7365 0102 9847     		blx	r3
 7366              	.LVL448:
2767:Drivers/STM32G0xx_HAL_Driver/Src/stm32g0xx_hal_spi.c ****   }
 7367              		.loc 1 2767 5 is_stmt 1 view .LVU2268
 7368              	.L423:
2849:Drivers/STM32G0xx_HAL_Driver/Src/stm32g0xx_hal_spi.c **** 
 7369              		.loc 1 2849 1 is_stmt 0 view .LVU2269
 7370 0104 05B0     		add	sp, sp, #20
 7371              		@ sp needed
 7372              	.LVL449:
2849:Drivers/STM32G0xx_HAL_Driver/Src/stm32g0xx_hal_spi.c **** 
 7373              		.loc 1 2849 1 view .LVU2270
 7374 0106 F0BD     		pop	{r4, r5, r6, r7, pc}
 7375              	.LVL450:
 7376              	.L429:
2784:Drivers/STM32G0xx_HAL_Driver/Src/stm32g0xx_hal_spi.c ****         return;
 7377              		.loc 1 2784 9 is_stmt 1 view .LVU2271
 7378              	.LBB10:
2784:Drivers/STM32G0xx_HAL_Driver/Src/stm32g0xx_hal_spi.c ****         return;
 7379              		.loc 1 2784 9 view .LVU2272
 7380 0108 0023     		movs	r3, #0
 7381              	.LVL451:
2784:Drivers/STM32G0xx_HAL_Driver/Src/stm32g0xx_hal_spi.c ****         return;
 7382              		.loc 1 2784 9 is_stmt 0 view .LVU2273
 7383 010a 0193     		str	r3, [sp, #4]
2784:Drivers/STM32G0xx_HAL_Driver/Src/stm32g0xx_hal_spi.c ****         return;
 7384              		.loc 1 2784 9 is_stmt 1 view .LVU2274
 7385 010c D368     		ldr	r3, [r2, #12]
 7386 010e 0193     		str	r3, [sp, #4]
2784:Drivers/STM32G0xx_HAL_Driver/Src/stm32g0xx_hal_spi.c ****         return;
 7387              		.loc 1 2784 9 view .LVU2275
 7388 0110 9368     		ldr	r3, [r2, #8]
 7389 0112 0193     		str	r3, [sp, #4]
2784:Drivers/STM32G0xx_HAL_Driver/Src/stm32g0xx_hal_spi.c ****         return;
 7390              		.loc 1 2784 9 view .LVU2276
 7391 0114 019B     		ldr	r3, [sp, #4]
 7392              	.LBE10:
2784:Drivers/STM32G0xx_HAL_Driver/Src/stm32g0xx_hal_spi.c ****         return;
 7393              		.loc 1 2784 9 view .LVU2277
2785:Drivers/STM32G0xx_HAL_Driver/Src/stm32g0xx_hal_spi.c ****       }
 7394              		.loc 1 2785 9 view .LVU2278
 7395 0116 F5E7     		b	.L423
 7396              	.LVL452:
 7397              	.L433:
2843:Drivers/STM32G0xx_HAL_Driver/Src/stm32g0xx_hal_spi.c **** #endif /* USE_HAL_SPI_REGISTER_CALLBACKS */
 7398              		.loc 1 2843 9 view .LVU2279
 7399 0118 2000     		movs	r0, r4
ARM GAS  C:\Users\Domagoj\AppData\Local\Temp\ccvehG6g.s 			page 244


 7400 011a FFF7FEFF 		bl	HAL_SPI_ErrorCallback
 7401              	.LVL453:
2847:Drivers/STM32G0xx_HAL_Driver/Src/stm32g0xx_hal_spi.c ****   }
 7402              		.loc 1 2847 5 view .LVU2280
 7403 011e F1E7     		b	.L423
 7404              	.L445:
 7405              		.align	2
 7406              	.L444:
 7407 0120 00000000 		.word	SPI_DMAAbortOnError
 7408              		.cfi_endproc
 7409              	.LFE381:
 7411              		.section	.text.SPI_DMAAbortOnError,"ax",%progbits
 7412              		.align	1
 7413              		.syntax unified
 7414              		.code	16
 7415              		.thumb_func
 7417              	SPI_DMAAbortOnError:
 7418              	.LVL454:
 7419              	.LFB399:
3396:Drivers/STM32G0xx_HAL_Driver/Src/stm32g0xx_hal_spi.c ****   SPI_HandleTypeDef *hspi = (SPI_HandleTypeDef *)(((DMA_HandleTypeDef *)hdma)->Parent);
 7420              		.loc 1 3396 1 view -0
 7421              		.cfi_startproc
 7422              		@ args = 0, pretend = 0, frame = 0
 7423              		@ frame_needed = 0, uses_anonymous_args = 0
3396:Drivers/STM32G0xx_HAL_Driver/Src/stm32g0xx_hal_spi.c ****   SPI_HandleTypeDef *hspi = (SPI_HandleTypeDef *)(((DMA_HandleTypeDef *)hdma)->Parent);
 7424              		.loc 1 3396 1 is_stmt 0 view .LVU2282
 7425 0000 10B5     		push	{r4, lr}
 7426              	.LCFI58:
 7427              		.cfi_def_cfa_offset 8
 7428              		.cfi_offset 4, -8
 7429              		.cfi_offset 14, -4
3397:Drivers/STM32G0xx_HAL_Driver/Src/stm32g0xx_hal_spi.c ****   hspi->RxXferCount = 0U;
 7430              		.loc 1 3397 3 is_stmt 1 view .LVU2283
3397:Drivers/STM32G0xx_HAL_Driver/Src/stm32g0xx_hal_spi.c ****   hspi->RxXferCount = 0U;
 7431              		.loc 1 3397 22 is_stmt 0 view .LVU2284
 7432 0002 806A     		ldr	r0, [r0, #40]
 7433              	.LVL455:
3398:Drivers/STM32G0xx_HAL_Driver/Src/stm32g0xx_hal_spi.c ****   hspi->TxXferCount = 0U;
 7434              		.loc 1 3398 3 is_stmt 1 view .LVU2285
3398:Drivers/STM32G0xx_HAL_Driver/Src/stm32g0xx_hal_spi.c ****   hspi->TxXferCount = 0U;
 7435              		.loc 1 3398 21 is_stmt 0 view .LVU2286
 7436 0004 0023     		movs	r3, #0
 7437 0006 4622     		movs	r2, #70
 7438 0008 8352     		strh	r3, [r0, r2]
3399:Drivers/STM32G0xx_HAL_Driver/Src/stm32g0xx_hal_spi.c **** 
 7439              		.loc 1 3399 3 is_stmt 1 view .LVU2287
3399:Drivers/STM32G0xx_HAL_Driver/Src/stm32g0xx_hal_spi.c **** 
 7440              		.loc 1 3399 21 is_stmt 0 view .LVU2288
 7441 000a C387     		strh	r3, [r0, #62]
3405:Drivers/STM32G0xx_HAL_Driver/Src/stm32g0xx_hal_spi.c **** #endif /* USE_HAL_SPI_REGISTER_CALLBACKS */
 7442              		.loc 1 3405 3 is_stmt 1 view .LVU2289
 7443 000c FFF7FEFF 		bl	HAL_SPI_ErrorCallback
 7444              	.LVL456:
3407:Drivers/STM32G0xx_HAL_Driver/Src/stm32g0xx_hal_spi.c **** 
 7445              		.loc 1 3407 1 is_stmt 0 view .LVU2290
 7446              		@ sp needed
 7447 0010 10BD     		pop	{r4, pc}
ARM GAS  C:\Users\Domagoj\AppData\Local\Temp\ccvehG6g.s 			page 245


 7448              		.cfi_endproc
 7449              	.LFE399:
 7451              		.section	.text.HAL_SPI_AbortCpltCallback,"ax",%progbits
 7452              		.align	1
 7453              		.weak	HAL_SPI_AbortCpltCallback
 7454              		.syntax unified
 7455              		.code	16
 7456              		.thumb_func
 7458              	HAL_SPI_AbortCpltCallback:
 7459              	.LVL457:
 7460              	.LFB389:
2972:Drivers/STM32G0xx_HAL_Driver/Src/stm32g0xx_hal_spi.c ****   /* Prevent unused argument(s) compilation warning */
 7461              		.loc 1 2972 1 is_stmt 1 view -0
 7462              		.cfi_startproc
 7463              		@ args = 0, pretend = 0, frame = 0
 7464              		@ frame_needed = 0, uses_anonymous_args = 0
 7465              		@ link register save eliminated.
2974:Drivers/STM32G0xx_HAL_Driver/Src/stm32g0xx_hal_spi.c **** 
 7466              		.loc 1 2974 3 view .LVU2292
2979:Drivers/STM32G0xx_HAL_Driver/Src/stm32g0xx_hal_spi.c **** 
 7467              		.loc 1 2979 1 is_stmt 0 view .LVU2293
 7468              		@ sp needed
 7469 0000 7047     		bx	lr
 7470              		.cfi_endproc
 7471              	.LFE389:
 7473              		.section	.text.HAL_SPI_Abort_IT,"ax",%progbits
 7474              		.align	1
 7475              		.global	HAL_SPI_Abort_IT
 7476              		.syntax unified
 7477              		.code	16
 7478              		.thumb_func
 7480              	HAL_SPI_Abort_IT:
 7481              	.LVL458:
 7482              	.LFB377:
2508:Drivers/STM32G0xx_HAL_Driver/Src/stm32g0xx_hal_spi.c ****   HAL_StatusTypeDef errorcode;
 7483              		.loc 1 2508 1 is_stmt 1 view -0
 7484              		.cfi_startproc
 7485              		@ args = 0, pretend = 0, frame = 16
 7486              		@ frame_needed = 0, uses_anonymous_args = 0
2508:Drivers/STM32G0xx_HAL_Driver/Src/stm32g0xx_hal_spi.c ****   HAL_StatusTypeDef errorcode;
 7487              		.loc 1 2508 1 is_stmt 0 view .LVU2295
 7488 0000 70B5     		push	{r4, r5, r6, lr}
 7489              	.LCFI59:
 7490              		.cfi_def_cfa_offset 16
 7491              		.cfi_offset 4, -16
 7492              		.cfi_offset 5, -12
 7493              		.cfi_offset 6, -8
 7494              		.cfi_offset 14, -4
 7495 0002 84B0     		sub	sp, sp, #16
 7496              	.LCFI60:
 7497              		.cfi_def_cfa_offset 32
 7498 0004 0400     		movs	r4, r0
2509:Drivers/STM32G0xx_HAL_Driver/Src/stm32g0xx_hal_spi.c ****   uint32_t abortcplt ;
 7499              		.loc 1 2509 3 is_stmt 1 view .LVU2296
2510:Drivers/STM32G0xx_HAL_Driver/Src/stm32g0xx_hal_spi.c ****   __IO uint32_t count;
 7500              		.loc 1 2510 3 view .LVU2297
2511:Drivers/STM32G0xx_HAL_Driver/Src/stm32g0xx_hal_spi.c ****   __IO uint32_t resetcount;
ARM GAS  C:\Users\Domagoj\AppData\Local\Temp\ccvehG6g.s 			page 246


 7501              		.loc 1 2511 3 view .LVU2298
2512:Drivers/STM32G0xx_HAL_Driver/Src/stm32g0xx_hal_spi.c **** 
 7502              		.loc 1 2512 3 view .LVU2299
2515:Drivers/STM32G0xx_HAL_Driver/Src/stm32g0xx_hal_spi.c ****   abortcplt = 1U;
 7503              		.loc 1 2515 3 view .LVU2300
 7504              	.LVL459:
2516:Drivers/STM32G0xx_HAL_Driver/Src/stm32g0xx_hal_spi.c ****   resetcount = SPI_DEFAULT_TIMEOUT * (SystemCoreClock / 24U / 1000U);
 7505              		.loc 1 2516 3 view .LVU2301
2517:Drivers/STM32G0xx_HAL_Driver/Src/stm32g0xx_hal_spi.c ****   count = resetcount;
 7506              		.loc 1 2517 3 view .LVU2302
2517:Drivers/STM32G0xx_HAL_Driver/Src/stm32g0xx_hal_spi.c ****   count = resetcount;
 7507              		.loc 1 2517 61 is_stmt 0 view .LVU2303
 7508 0006 4F4B     		ldr	r3, .L476
 7509 0008 1868     		ldr	r0, [r3]
 7510              	.LVL460:
2517:Drivers/STM32G0xx_HAL_Driver/Src/stm32g0xx_hal_spi.c ****   count = resetcount;
 7511              		.loc 1 2517 61 view .LVU2304
 7512 000a 4F49     		ldr	r1, .L476+4
 7513 000c FFF7FEFF 		bl	__aeabi_uidiv
 7514              	.LVL461:
2517:Drivers/STM32G0xx_HAL_Driver/Src/stm32g0xx_hal_spi.c ****   count = resetcount;
 7515              		.loc 1 2517 36 view .LVU2305
 7516 0010 6423     		movs	r3, #100
 7517 0012 4343     		muls	r3, r0
2517:Drivers/STM32G0xx_HAL_Driver/Src/stm32g0xx_hal_spi.c ****   count = resetcount;
 7518              		.loc 1 2517 14 view .LVU2306
 7519 0014 0293     		str	r3, [sp, #8]
2518:Drivers/STM32G0xx_HAL_Driver/Src/stm32g0xx_hal_spi.c **** 
 7520              		.loc 1 2518 3 is_stmt 1 view .LVU2307
2518:Drivers/STM32G0xx_HAL_Driver/Src/stm32g0xx_hal_spi.c **** 
 7521              		.loc 1 2518 9 is_stmt 0 view .LVU2308
 7522 0016 029B     		ldr	r3, [sp, #8]
 7523 0018 0393     		str	r3, [sp, #12]
2521:Drivers/STM32G0xx_HAL_Driver/Src/stm32g0xx_hal_spi.c **** 
 7524              		.loc 1 2521 3 is_stmt 1 view .LVU2309
 7525 001a 2268     		ldr	r2, [r4]
 7526 001c 5368     		ldr	r3, [r2, #4]
 7527 001e 2021     		movs	r1, #32
 7528 0020 8B43     		bics	r3, r1
 7529 0022 5360     		str	r3, [r2, #4]
2524:Drivers/STM32G0xx_HAL_Driver/Src/stm32g0xx_hal_spi.c ****   {
 7530              		.loc 1 2524 3 view .LVU2310
2524:Drivers/STM32G0xx_HAL_Driver/Src/stm32g0xx_hal_spi.c ****   {
 7531              		.loc 1 2524 7 is_stmt 0 view .LVU2311
 7532 0024 2268     		ldr	r2, [r4]
 7533 0026 5368     		ldr	r3, [r2, #4]
2524:Drivers/STM32G0xx_HAL_Driver/Src/stm32g0xx_hal_spi.c ****   {
 7534              		.loc 1 2524 6 view .LVU2312
 7535 0028 1B06     		lsls	r3, r3, #24
 7536 002a 12D5     		bpl	.L449
2526:Drivers/STM32G0xx_HAL_Driver/Src/stm32g0xx_hal_spi.c ****     /* Wait HAL_SPI_STATE_ABORT state */
 7537              		.loc 1 2526 5 is_stmt 1 view .LVU2313
2526:Drivers/STM32G0xx_HAL_Driver/Src/stm32g0xx_hal_spi.c ****     /* Wait HAL_SPI_STATE_ABORT state */
 7538              		.loc 1 2526 17 is_stmt 0 view .LVU2314
 7539 002c 474B     		ldr	r3, .L476+8
 7540 002e 2365     		str	r3, [r4, #80]
 7541              	.L452:
ARM GAS  C:\Users\Domagoj\AppData\Local\Temp\ccvehG6g.s 			page 247


2528:Drivers/STM32G0xx_HAL_Driver/Src/stm32g0xx_hal_spi.c ****     {
 7542              		.loc 1 2528 5 is_stmt 1 view .LVU2315
2530:Drivers/STM32G0xx_HAL_Driver/Src/stm32g0xx_hal_spi.c ****       {
 7543              		.loc 1 2530 7 view .LVU2316
2530:Drivers/STM32G0xx_HAL_Driver/Src/stm32g0xx_hal_spi.c ****       {
 7544              		.loc 1 2530 17 is_stmt 0 view .LVU2317
 7545 0030 039B     		ldr	r3, [sp, #12]
2530:Drivers/STM32G0xx_HAL_Driver/Src/stm32g0xx_hal_spi.c ****       {
 7546              		.loc 1 2530 10 view .LVU2318
 7547 0032 002B     		cmp	r3, #0
 7548 0034 07D0     		beq	.L473
2535:Drivers/STM32G0xx_HAL_Driver/Src/stm32g0xx_hal_spi.c ****     } while (hspi->State != HAL_SPI_STATE_ABORT);
 7549              		.loc 1 2535 7 is_stmt 1 view .LVU2319
2535:Drivers/STM32G0xx_HAL_Driver/Src/stm32g0xx_hal_spi.c ****     } while (hspi->State != HAL_SPI_STATE_ABORT);
 7550              		.loc 1 2535 12 is_stmt 0 view .LVU2320
 7551 0036 039B     		ldr	r3, [sp, #12]
 7552 0038 013B     		subs	r3, r3, #1
 7553 003a 0393     		str	r3, [sp, #12]
2536:Drivers/STM32G0xx_HAL_Driver/Src/stm32g0xx_hal_spi.c ****     /* Reset Timeout Counter */
 7554              		.loc 1 2536 26 is_stmt 1 view .LVU2321
2536:Drivers/STM32G0xx_HAL_Driver/Src/stm32g0xx_hal_spi.c ****     /* Reset Timeout Counter */
 7555              		.loc 1 2536 18 is_stmt 0 view .LVU2322
 7556 003c 5D23     		movs	r3, #93
 7557 003e E35C     		ldrb	r3, [r4, r3]
2536:Drivers/STM32G0xx_HAL_Driver/Src/stm32g0xx_hal_spi.c ****     /* Reset Timeout Counter */
 7558              		.loc 1 2536 26 view .LVU2323
 7559 0040 072B     		cmp	r3, #7
 7560 0042 F5D1     		bne	.L452
 7561 0044 03E0     		b	.L451
 7562              	.L473:
2532:Drivers/STM32G0xx_HAL_Driver/Src/stm32g0xx_hal_spi.c ****         break;
 7563              		.loc 1 2532 9 is_stmt 1 view .LVU2324
 7564 0046 236E     		ldr	r3, [r4, #96]
 7565 0048 4021     		movs	r1, #64
 7566 004a 0B43     		orrs	r3, r1
 7567 004c 2366     		str	r3, [r4, #96]
2533:Drivers/STM32G0xx_HAL_Driver/Src/stm32g0xx_hal_spi.c ****       }
 7568              		.loc 1 2533 9 view .LVU2325
 7569              	.L451:
2538:Drivers/STM32G0xx_HAL_Driver/Src/stm32g0xx_hal_spi.c ****   }
 7570              		.loc 1 2538 5 view .LVU2326
2538:Drivers/STM32G0xx_HAL_Driver/Src/stm32g0xx_hal_spi.c ****   }
 7571              		.loc 1 2538 11 is_stmt 0 view .LVU2327
 7572 004e 029B     		ldr	r3, [sp, #8]
 7573 0050 0393     		str	r3, [sp, #12]
 7574              	.L449:
2541:Drivers/STM32G0xx_HAL_Driver/Src/stm32g0xx_hal_spi.c ****   {
 7575              		.loc 1 2541 3 is_stmt 1 view .LVU2328
2541:Drivers/STM32G0xx_HAL_Driver/Src/stm32g0xx_hal_spi.c ****   {
 7576              		.loc 1 2541 7 is_stmt 0 view .LVU2329
 7577 0052 5368     		ldr	r3, [r2, #4]
2541:Drivers/STM32G0xx_HAL_Driver/Src/stm32g0xx_hal_spi.c ****   {
 7578              		.loc 1 2541 6 view .LVU2330
 7579 0054 5B06     		lsls	r3, r3, #25
 7580 0056 12D5     		bpl	.L453
2543:Drivers/STM32G0xx_HAL_Driver/Src/stm32g0xx_hal_spi.c ****     /* Wait HAL_SPI_STATE_ABORT state */
 7581              		.loc 1 2543 5 is_stmt 1 view .LVU2331
ARM GAS  C:\Users\Domagoj\AppData\Local\Temp\ccvehG6g.s 			page 248


2543:Drivers/STM32G0xx_HAL_Driver/Src/stm32g0xx_hal_spi.c ****     /* Wait HAL_SPI_STATE_ABORT state */
 7582              		.loc 1 2543 17 is_stmt 0 view .LVU2332
 7583 0058 3D4B     		ldr	r3, .L476+12
 7584 005a E364     		str	r3, [r4, #76]
 7585              	.L456:
2545:Drivers/STM32G0xx_HAL_Driver/Src/stm32g0xx_hal_spi.c ****     {
 7586              		.loc 1 2545 5 is_stmt 1 view .LVU2333
2547:Drivers/STM32G0xx_HAL_Driver/Src/stm32g0xx_hal_spi.c ****       {
 7587              		.loc 1 2547 7 view .LVU2334
2547:Drivers/STM32G0xx_HAL_Driver/Src/stm32g0xx_hal_spi.c ****       {
 7588              		.loc 1 2547 17 is_stmt 0 view .LVU2335
 7589 005c 039B     		ldr	r3, [sp, #12]
2547:Drivers/STM32G0xx_HAL_Driver/Src/stm32g0xx_hal_spi.c ****       {
 7590              		.loc 1 2547 10 view .LVU2336
 7591 005e 002B     		cmp	r3, #0
 7592 0060 07D0     		beq	.L474
2552:Drivers/STM32G0xx_HAL_Driver/Src/stm32g0xx_hal_spi.c ****     } while (hspi->State != HAL_SPI_STATE_ABORT);
 7593              		.loc 1 2552 7 is_stmt 1 view .LVU2337
2552:Drivers/STM32G0xx_HAL_Driver/Src/stm32g0xx_hal_spi.c ****     } while (hspi->State != HAL_SPI_STATE_ABORT);
 7594              		.loc 1 2552 12 is_stmt 0 view .LVU2338
 7595 0062 039B     		ldr	r3, [sp, #12]
 7596 0064 013B     		subs	r3, r3, #1
 7597 0066 0393     		str	r3, [sp, #12]
2553:Drivers/STM32G0xx_HAL_Driver/Src/stm32g0xx_hal_spi.c ****     /* Reset Timeout Counter */
 7598              		.loc 1 2553 26 is_stmt 1 view .LVU2339
2553:Drivers/STM32G0xx_HAL_Driver/Src/stm32g0xx_hal_spi.c ****     /* Reset Timeout Counter */
 7599              		.loc 1 2553 18 is_stmt 0 view .LVU2340
 7600 0068 5D23     		movs	r3, #93
 7601 006a E35C     		ldrb	r3, [r4, r3]
2553:Drivers/STM32G0xx_HAL_Driver/Src/stm32g0xx_hal_spi.c ****     /* Reset Timeout Counter */
 7602              		.loc 1 2553 26 view .LVU2341
 7603 006c 072B     		cmp	r3, #7
 7604 006e F5D1     		bne	.L456
 7605 0070 03E0     		b	.L455
 7606              	.L474:
2549:Drivers/STM32G0xx_HAL_Driver/Src/stm32g0xx_hal_spi.c ****         break;
 7607              		.loc 1 2549 9 is_stmt 1 view .LVU2342
 7608 0072 236E     		ldr	r3, [r4, #96]
 7609 0074 4021     		movs	r1, #64
 7610 0076 0B43     		orrs	r3, r1
 7611 0078 2366     		str	r3, [r4, #96]
2550:Drivers/STM32G0xx_HAL_Driver/Src/stm32g0xx_hal_spi.c ****       }
 7612              		.loc 1 2550 9 view .LVU2343
 7613              	.L455:
2555:Drivers/STM32G0xx_HAL_Driver/Src/stm32g0xx_hal_spi.c ****   }
 7614              		.loc 1 2555 5 view .LVU2344
2555:Drivers/STM32G0xx_HAL_Driver/Src/stm32g0xx_hal_spi.c ****   }
 7615              		.loc 1 2555 11 is_stmt 0 view .LVU2345
 7616 007a 029B     		ldr	r3, [sp, #8]
 7617 007c 0393     		str	r3, [sp, #12]
 7618              	.L453:
2561:Drivers/STM32G0xx_HAL_Driver/Src/stm32g0xx_hal_spi.c ****   {
 7619              		.loc 1 2561 3 is_stmt 1 view .LVU2346
2561:Drivers/STM32G0xx_HAL_Driver/Src/stm32g0xx_hal_spi.c ****   {
 7620              		.loc 1 2561 11 is_stmt 0 view .LVU2347
 7621 007e 636D     		ldr	r3, [r4, #84]
2561:Drivers/STM32G0xx_HAL_Driver/Src/stm32g0xx_hal_spi.c ****   {
ARM GAS  C:\Users\Domagoj\AppData\Local\Temp\ccvehG6g.s 			page 249


 7622              		.loc 1 2561 6 view .LVU2348
 7623 0080 002B     		cmp	r3, #0
 7624 0082 04D0     		beq	.L457
2565:Drivers/STM32G0xx_HAL_Driver/Src/stm32g0xx_hal_spi.c ****     {
 7625              		.loc 1 2565 5 is_stmt 1 view .LVU2349
2565:Drivers/STM32G0xx_HAL_Driver/Src/stm32g0xx_hal_spi.c ****     {
 7626              		.loc 1 2565 9 is_stmt 0 view .LVU2350
 7627 0084 5268     		ldr	r2, [r2, #4]
2565:Drivers/STM32G0xx_HAL_Driver/Src/stm32g0xx_hal_spi.c ****     {
 7628              		.loc 1 2565 8 view .LVU2351
 7629 0086 9207     		lsls	r2, r2, #30
 7630 0088 1CD5     		bpl	.L458
2567:Drivers/STM32G0xx_HAL_Driver/Src/stm32g0xx_hal_spi.c ****     }
 7631              		.loc 1 2567 7 is_stmt 1 view .LVU2352
2567:Drivers/STM32G0xx_HAL_Driver/Src/stm32g0xx_hal_spi.c ****     }
 7632              		.loc 1 2567 39 is_stmt 0 view .LVU2353
 7633 008a 324A     		ldr	r2, .L476+16
 7634 008c 9A63     		str	r2, [r3, #56]
 7635              	.L457:
2575:Drivers/STM32G0xx_HAL_Driver/Src/stm32g0xx_hal_spi.c ****   {
 7636              		.loc 1 2575 3 is_stmt 1 view .LVU2354
2575:Drivers/STM32G0xx_HAL_Driver/Src/stm32g0xx_hal_spi.c ****   {
 7637              		.loc 1 2575 11 is_stmt 0 view .LVU2355
 7638 008e A36D     		ldr	r3, [r4, #88]
2575:Drivers/STM32G0xx_HAL_Driver/Src/stm32g0xx_hal_spi.c ****   {
 7639              		.loc 1 2575 6 view .LVU2356
 7640 0090 002B     		cmp	r3, #0
 7641 0092 05D0     		beq	.L459
2579:Drivers/STM32G0xx_HAL_Driver/Src/stm32g0xx_hal_spi.c ****     {
 7642              		.loc 1 2579 5 is_stmt 1 view .LVU2357
2579:Drivers/STM32G0xx_HAL_Driver/Src/stm32g0xx_hal_spi.c ****     {
 7643              		.loc 1 2579 9 is_stmt 0 view .LVU2358
 7644 0094 2268     		ldr	r2, [r4]
 7645 0096 5268     		ldr	r2, [r2, #4]
2579:Drivers/STM32G0xx_HAL_Driver/Src/stm32g0xx_hal_spi.c ****     {
 7646              		.loc 1 2579 8 view .LVU2359
 7647 0098 D207     		lsls	r2, r2, #31
 7648 009a 16D5     		bpl	.L460
2581:Drivers/STM32G0xx_HAL_Driver/Src/stm32g0xx_hal_spi.c ****     }
 7649              		.loc 1 2581 7 is_stmt 1 view .LVU2360
2581:Drivers/STM32G0xx_HAL_Driver/Src/stm32g0xx_hal_spi.c ****     }
 7650              		.loc 1 2581 39 is_stmt 0 view .LVU2361
 7651 009c 2E4A     		ldr	r2, .L476+20
 7652 009e 9A63     		str	r2, [r3, #56]
 7653              	.L459:
2590:Drivers/STM32G0xx_HAL_Driver/Src/stm32g0xx_hal_spi.c ****   {
 7654              		.loc 1 2590 3 is_stmt 1 view .LVU2362
2590:Drivers/STM32G0xx_HAL_Driver/Src/stm32g0xx_hal_spi.c ****   {
 7655              		.loc 1 2590 7 is_stmt 0 view .LVU2363
 7656 00a0 2368     		ldr	r3, [r4]
 7657 00a2 5B68     		ldr	r3, [r3, #4]
2590:Drivers/STM32G0xx_HAL_Driver/Src/stm32g0xx_hal_spi.c ****   {
 7658              		.loc 1 2590 6 view .LVU2364
 7659 00a4 9B07     		lsls	r3, r3, #30
 7660 00a6 13D5     		bpl	.L465
2593:Drivers/STM32G0xx_HAL_Driver/Src/stm32g0xx_hal_spi.c ****     {
 7661              		.loc 1 2593 5 is_stmt 1 view .LVU2365
ARM GAS  C:\Users\Domagoj\AppData\Local\Temp\ccvehG6g.s 			page 250


2593:Drivers/STM32G0xx_HAL_Driver/Src/stm32g0xx_hal_spi.c ****     {
 7662              		.loc 1 2593 13 is_stmt 0 view .LVU2366
 7663 00a8 606D     		ldr	r0, [r4, #84]
2593:Drivers/STM32G0xx_HAL_Driver/Src/stm32g0xx_hal_spi.c ****     {
 7664              		.loc 1 2593 8 view .LVU2367
 7665 00aa 0028     		cmp	r0, #0
 7666 00ac 27D0     		beq	.L466
2596:Drivers/STM32G0xx_HAL_Driver/Src/stm32g0xx_hal_spi.c ****       {
 7667              		.loc 1 2596 7 is_stmt 1 view .LVU2368
2596:Drivers/STM32G0xx_HAL_Driver/Src/stm32g0xx_hal_spi.c ****       {
 7668              		.loc 1 2596 11 is_stmt 0 view .LVU2369
 7669 00ae FFF7FEFF 		bl	HAL_DMA_Abort_IT
 7670              	.LVL462:
2596:Drivers/STM32G0xx_HAL_Driver/Src/stm32g0xx_hal_spi.c ****       {
 7671              		.loc 1 2596 10 discriminator 1 view .LVU2370
 7672 00b2 0028     		cmp	r0, #0
 7673 00b4 25D0     		beq	.L467
2598:Drivers/STM32G0xx_HAL_Driver/Src/stm32g0xx_hal_spi.c ****         hspi->ErrorCode = HAL_SPI_ERROR_ABORT;
 7674              		.loc 1 2598 9 is_stmt 1 view .LVU2371
2598:Drivers/STM32G0xx_HAL_Driver/Src/stm32g0xx_hal_spi.c ****         hspi->ErrorCode = HAL_SPI_ERROR_ABORT;
 7675              		.loc 1 2598 13 is_stmt 0 view .LVU2372
 7676 00b6 636D     		ldr	r3, [r4, #84]
2598:Drivers/STM32G0xx_HAL_Driver/Src/stm32g0xx_hal_spi.c ****         hspi->ErrorCode = HAL_SPI_ERROR_ABORT;
 7677              		.loc 1 2598 41 view .LVU2373
 7678 00b8 0022     		movs	r2, #0
 7679 00ba 9A63     		str	r2, [r3, #56]
2599:Drivers/STM32G0xx_HAL_Driver/Src/stm32g0xx_hal_spi.c ****       }
 7680              		.loc 1 2599 9 is_stmt 1 view .LVU2374
2599:Drivers/STM32G0xx_HAL_Driver/Src/stm32g0xx_hal_spi.c ****       }
 7681              		.loc 1 2599 25 is_stmt 0 view .LVU2375
 7682 00bc 4023     		movs	r3, #64
 7683 00be 2366     		str	r3, [r4, #96]
2516:Drivers/STM32G0xx_HAL_Driver/Src/stm32g0xx_hal_spi.c ****   resetcount = SPI_DEFAULT_TIMEOUT * (SystemCoreClock / 24U / 1000U);
 7684              		.loc 1 2516 13 view .LVU2376
 7685 00c0 0126     		movs	r6, #1
 7686 00c2 06E0     		b	.L461
 7687              	.L458:
2571:Drivers/STM32G0xx_HAL_Driver/Src/stm32g0xx_hal_spi.c ****     }
 7688              		.loc 1 2571 7 is_stmt 1 view .LVU2377
2571:Drivers/STM32G0xx_HAL_Driver/Src/stm32g0xx_hal_spi.c ****     }
 7689              		.loc 1 2571 39 is_stmt 0 view .LVU2378
 7690 00c4 0022     		movs	r2, #0
 7691 00c6 9A63     		str	r2, [r3, #56]
 7692 00c8 E1E7     		b	.L457
 7693              	.L460:
2585:Drivers/STM32G0xx_HAL_Driver/Src/stm32g0xx_hal_spi.c ****     }
 7694              		.loc 1 2585 7 is_stmt 1 view .LVU2379
2585:Drivers/STM32G0xx_HAL_Driver/Src/stm32g0xx_hal_spi.c ****     }
 7695              		.loc 1 2585 39 is_stmt 0 view .LVU2380
 7696 00ca 0022     		movs	r2, #0
 7697 00cc 9A63     		str	r2, [r3, #56]
 7698 00ce E7E7     		b	.L459
 7699              	.L465:
2516:Drivers/STM32G0xx_HAL_Driver/Src/stm32g0xx_hal_spi.c ****   resetcount = SPI_DEFAULT_TIMEOUT * (SystemCoreClock / 24U / 1000U);
 7700              		.loc 1 2516 13 view .LVU2381
 7701 00d0 0126     		movs	r6, #1
 7702              	.L461:
ARM GAS  C:\Users\Domagoj\AppData\Local\Temp\ccvehG6g.s 			page 251


 7703              	.LVL463:
2608:Drivers/STM32G0xx_HAL_Driver/Src/stm32g0xx_hal_spi.c ****   {
 7704              		.loc 1 2608 3 is_stmt 1 view .LVU2382
2608:Drivers/STM32G0xx_HAL_Driver/Src/stm32g0xx_hal_spi.c ****   {
 7705              		.loc 1 2608 7 is_stmt 0 view .LVU2383
 7706 00d2 2368     		ldr	r3, [r4]
 7707 00d4 5B68     		ldr	r3, [r3, #4]
2608:Drivers/STM32G0xx_HAL_Driver/Src/stm32g0xx_hal_spi.c ****   {
 7708              		.loc 1 2608 6 view .LVU2384
 7709 00d6 DB07     		lsls	r3, r3, #31
 7710 00d8 0BD5     		bpl	.L462
2611:Drivers/STM32G0xx_HAL_Driver/Src/stm32g0xx_hal_spi.c ****     {
 7711              		.loc 1 2611 5 is_stmt 1 view .LVU2385
2611:Drivers/STM32G0xx_HAL_Driver/Src/stm32g0xx_hal_spi.c ****     {
 7712              		.loc 1 2611 13 is_stmt 0 view .LVU2386
 7713 00da A06D     		ldr	r0, [r4, #88]
2611:Drivers/STM32G0xx_HAL_Driver/Src/stm32g0xx_hal_spi.c ****     {
 7714              		.loc 1 2611 8 view .LVU2387
 7715 00dc 0028     		cmp	r0, #0
 7716 00de 08D0     		beq	.L462
2614:Drivers/STM32G0xx_HAL_Driver/Src/stm32g0xx_hal_spi.c ****       {
 7717              		.loc 1 2614 7 is_stmt 1 view .LVU2388
2614:Drivers/STM32G0xx_HAL_Driver/Src/stm32g0xx_hal_spi.c ****       {
 7718              		.loc 1 2614 11 is_stmt 0 view .LVU2389
 7719 00e0 FFF7FEFF 		bl	HAL_DMA_Abort_IT
 7720              	.LVL464:
 7721 00e4 051E     		subs	r5, r0, #0
2614:Drivers/STM32G0xx_HAL_Driver/Src/stm32g0xx_hal_spi.c ****       {
 7722              		.loc 1 2614 10 discriminator 1 view .LVU2390
 7723 00e6 07D0     		beq	.L463
2616:Drivers/STM32G0xx_HAL_Driver/Src/stm32g0xx_hal_spi.c ****         hspi->ErrorCode = HAL_SPI_ERROR_ABORT;
 7724              		.loc 1 2616 9 is_stmt 1 view .LVU2391
2616:Drivers/STM32G0xx_HAL_Driver/Src/stm32g0xx_hal_spi.c ****         hspi->ErrorCode = HAL_SPI_ERROR_ABORT;
 7725              		.loc 1 2616 13 is_stmt 0 view .LVU2392
 7726 00e8 A36D     		ldr	r3, [r4, #88]
2616:Drivers/STM32G0xx_HAL_Driver/Src/stm32g0xx_hal_spi.c ****         hspi->ErrorCode = HAL_SPI_ERROR_ABORT;
 7727              		.loc 1 2616 41 view .LVU2393
 7728 00ea 0022     		movs	r2, #0
 7729 00ec 9A63     		str	r2, [r3, #56]
2617:Drivers/STM32G0xx_HAL_Driver/Src/stm32g0xx_hal_spi.c ****       }
 7730              		.loc 1 2617 9 is_stmt 1 view .LVU2394
2617:Drivers/STM32G0xx_HAL_Driver/Src/stm32g0xx_hal_spi.c ****       }
 7731              		.loc 1 2617 25 is_stmt 0 view .LVU2395
 7732 00ee 4023     		movs	r3, #64
 7733 00f0 2366     		str	r3, [r4, #96]
 7734              	.L462:
2626:Drivers/STM32G0xx_HAL_Driver/Src/stm32g0xx_hal_spi.c ****   {
 7735              		.loc 1 2626 3 is_stmt 1 view .LVU2396
2626:Drivers/STM32G0xx_HAL_Driver/Src/stm32g0xx_hal_spi.c ****   {
 7736              		.loc 1 2626 6 is_stmt 0 view .LVU2397
 7737 00f2 012E     		cmp	r6, #1
 7738 00f4 07D0     		beq	.L475
2515:Drivers/STM32G0xx_HAL_Driver/Src/stm32g0xx_hal_spi.c ****   abortcplt = 1U;
 7739              		.loc 1 2515 13 view .LVU2398
 7740 00f6 0025     		movs	r5, #0
 7741              	.LVL465:
 7742              	.L463:
ARM GAS  C:\Users\Domagoj\AppData\Local\Temp\ccvehG6g.s 			page 252


2659:Drivers/STM32G0xx_HAL_Driver/Src/stm32g0xx_hal_spi.c **** }
 7743              		.loc 1 2659 3 is_stmt 1 view .LVU2399
2660:Drivers/STM32G0xx_HAL_Driver/Src/stm32g0xx_hal_spi.c **** 
 7744              		.loc 1 2660 1 is_stmt 0 view .LVU2400
 7745 00f8 2800     		movs	r0, r5
 7746 00fa 04B0     		add	sp, sp, #16
 7747              		@ sp needed
 7748              	.LVL466:
 7749              	.LVL467:
2660:Drivers/STM32G0xx_HAL_Driver/Src/stm32g0xx_hal_spi.c **** 
 7750              		.loc 1 2660 1 view .LVU2401
 7751 00fc 70BD     		pop	{r4, r5, r6, pc}
 7752              	.LVL468:
 7753              	.L466:
2516:Drivers/STM32G0xx_HAL_Driver/Src/stm32g0xx_hal_spi.c ****   resetcount = SPI_DEFAULT_TIMEOUT * (SystemCoreClock / 24U / 1000U);
 7754              		.loc 1 2516 13 view .LVU2402
 7755 00fe 0126     		movs	r6, #1
 7756 0100 E7E7     		b	.L461
 7757              	.L467:
2603:Drivers/STM32G0xx_HAL_Driver/Src/stm32g0xx_hal_spi.c ****       }
 7758              		.loc 1 2603 19 view .LVU2403
 7759 0102 0026     		movs	r6, #0
 7760 0104 E5E7     		b	.L461
 7761              	.LVL469:
 7762              	.L475:
2629:Drivers/STM32G0xx_HAL_Driver/Src/stm32g0xx_hal_spi.c ****     hspi->TxXferCount = 0U;
 7763              		.loc 1 2629 5 is_stmt 1 view .LVU2404
2629:Drivers/STM32G0xx_HAL_Driver/Src/stm32g0xx_hal_spi.c ****     hspi->TxXferCount = 0U;
 7764              		.loc 1 2629 23 is_stmt 0 view .LVU2405
 7765 0106 0023     		movs	r3, #0
 7766 0108 4622     		movs	r2, #70
 7767 010a A352     		strh	r3, [r4, r2]
2630:Drivers/STM32G0xx_HAL_Driver/Src/stm32g0xx_hal_spi.c **** 
 7768              		.loc 1 2630 5 is_stmt 1 view .LVU2406
2630:Drivers/STM32G0xx_HAL_Driver/Src/stm32g0xx_hal_spi.c **** 
 7769              		.loc 1 2630 23 is_stmt 0 view .LVU2407
 7770 010c E387     		strh	r3, [r4, #62]
2633:Drivers/STM32G0xx_HAL_Driver/Src/stm32g0xx_hal_spi.c ****     {
 7771              		.loc 1 2633 5 is_stmt 1 view .LVU2408
2633:Drivers/STM32G0xx_HAL_Driver/Src/stm32g0xx_hal_spi.c ****     {
 7772              		.loc 1 2633 13 is_stmt 0 view .LVU2409
 7773 010e 236E     		ldr	r3, [r4, #96]
2633:Drivers/STM32G0xx_HAL_Driver/Src/stm32g0xx_hal_spi.c ****     {
 7774              		.loc 1 2633 8 view .LVU2410
 7775 0110 402B     		cmp	r3, #64
 7776 0112 15D0     		beq	.L469
2641:Drivers/STM32G0xx_HAL_Driver/Src/stm32g0xx_hal_spi.c ****     }
 7777              		.loc 1 2641 7 is_stmt 1 view .LVU2411
2641:Drivers/STM32G0xx_HAL_Driver/Src/stm32g0xx_hal_spi.c ****     }
 7778              		.loc 1 2641 23 is_stmt 0 view .LVU2412
 7779 0114 0023     		movs	r3, #0
 7780 0116 2366     		str	r3, [r4, #96]
2515:Drivers/STM32G0xx_HAL_Driver/Src/stm32g0xx_hal_spi.c ****   abortcplt = 1U;
 7781              		.loc 1 2515 13 view .LVU2413
 7782 0118 0025     		movs	r5, #0
 7783              	.L464:
 7784              	.LVL470:
ARM GAS  C:\Users\Domagoj\AppData\Local\Temp\ccvehG6g.s 			page 253


2645:Drivers/STM32G0xx_HAL_Driver/Src/stm32g0xx_hal_spi.c ****     __HAL_SPI_CLEAR_FREFLAG(hspi);
 7785              		.loc 1 2645 5 is_stmt 1 view .LVU2414
 7786              	.LBB11:
2645:Drivers/STM32G0xx_HAL_Driver/Src/stm32g0xx_hal_spi.c ****     __HAL_SPI_CLEAR_FREFLAG(hspi);
 7787              		.loc 1 2645 5 view .LVU2415
 7788 011a 0022     		movs	r2, #0
 7789 011c 0092     		str	r2, [sp]
2645:Drivers/STM32G0xx_HAL_Driver/Src/stm32g0xx_hal_spi.c ****     __HAL_SPI_CLEAR_FREFLAG(hspi);
 7790              		.loc 1 2645 5 view .LVU2416
 7791 011e 2368     		ldr	r3, [r4]
 7792 0120 D968     		ldr	r1, [r3, #12]
 7793 0122 0091     		str	r1, [sp]
2645:Drivers/STM32G0xx_HAL_Driver/Src/stm32g0xx_hal_spi.c ****     __HAL_SPI_CLEAR_FREFLAG(hspi);
 7794              		.loc 1 2645 5 view .LVU2417
 7795 0124 9968     		ldr	r1, [r3, #8]
 7796 0126 0091     		str	r1, [sp]
2645:Drivers/STM32G0xx_HAL_Driver/Src/stm32g0xx_hal_spi.c ****     __HAL_SPI_CLEAR_FREFLAG(hspi);
 7797              		.loc 1 2645 5 view .LVU2418
 7798 0128 0099     		ldr	r1, [sp]
 7799              	.LBE11:
2645:Drivers/STM32G0xx_HAL_Driver/Src/stm32g0xx_hal_spi.c ****     __HAL_SPI_CLEAR_FREFLAG(hspi);
 7800              		.loc 1 2645 5 view .LVU2419
2646:Drivers/STM32G0xx_HAL_Driver/Src/stm32g0xx_hal_spi.c **** 
 7801              		.loc 1 2646 5 view .LVU2420
 7802              	.LBB12:
2646:Drivers/STM32G0xx_HAL_Driver/Src/stm32g0xx_hal_spi.c **** 
 7803              		.loc 1 2646 5 view .LVU2421
 7804 012a 0192     		str	r2, [sp, #4]
2646:Drivers/STM32G0xx_HAL_Driver/Src/stm32g0xx_hal_spi.c **** 
 7805              		.loc 1 2646 5 view .LVU2422
 7806 012c 9B68     		ldr	r3, [r3, #8]
 7807 012e 0193     		str	r3, [sp, #4]
2646:Drivers/STM32G0xx_HAL_Driver/Src/stm32g0xx_hal_spi.c **** 
 7808              		.loc 1 2646 5 view .LVU2423
 7809 0130 019B     		ldr	r3, [sp, #4]
 7810              	.LBE12:
2646:Drivers/STM32G0xx_HAL_Driver/Src/stm32g0xx_hal_spi.c **** 
 7811              		.loc 1 2646 5 view .LVU2424
2649:Drivers/STM32G0xx_HAL_Driver/Src/stm32g0xx_hal_spi.c **** 
 7812              		.loc 1 2649 5 view .LVU2425
2649:Drivers/STM32G0xx_HAL_Driver/Src/stm32g0xx_hal_spi.c **** 
 7813              		.loc 1 2649 17 is_stmt 0 view .LVU2426
 7814 0132 5D23     		movs	r3, #93
 7815 0134 0132     		adds	r2, r2, #1
 7816 0136 E254     		strb	r2, [r4, r3]
2655:Drivers/STM32G0xx_HAL_Driver/Src/stm32g0xx_hal_spi.c **** #endif /* USE_HAL_SPI_REGISTER_CALLBACKS */
 7817              		.loc 1 2655 5 is_stmt 1 view .LVU2427
 7818 0138 2000     		movs	r0, r4
 7819 013a FFF7FEFF 		bl	HAL_SPI_AbortCpltCallback
 7820              	.LVL471:
 7821 013e DBE7     		b	.L463
 7822              	.LVL472:
 7823              	.L469:
2636:Drivers/STM32G0xx_HAL_Driver/Src/stm32g0xx_hal_spi.c ****     }
 7824              		.loc 1 2636 17 is_stmt 0 view .LVU2428
 7825 0140 0125     		movs	r5, #1
 7826 0142 EAE7     		b	.L464
ARM GAS  C:\Users\Domagoj\AppData\Local\Temp\ccvehG6g.s 			page 254


 7827              	.L477:
 7828              		.align	2
 7829              	.L476:
 7830 0144 00000000 		.word	SystemCoreClock
 7831 0148 C05D0000 		.word	24000
 7832 014c 00000000 		.word	SPI_AbortTx_ISR
 7833 0150 00000000 		.word	SPI_AbortRx_ISR
 7834 0154 00000000 		.word	SPI_DMATxAbortCallback
 7835 0158 00000000 		.word	SPI_DMARxAbortCallback
 7836              		.cfi_endproc
 7837              	.LFE377:
 7839              		.section	.text.SPI_DMARxAbortCallback,"ax",%progbits
 7840              		.align	1
 7841              		.syntax unified
 7842              		.code	16
 7843              		.thumb_func
 7845              	SPI_DMARxAbortCallback:
 7846              	.LVL473:
 7847              	.LFB401:
3485:Drivers/STM32G0xx_HAL_Driver/Src/stm32g0xx_hal_spi.c ****   SPI_HandleTypeDef *hspi = (SPI_HandleTypeDef *)(((DMA_HandleTypeDef *)hdma)->Parent);
 7848              		.loc 1 3485 1 is_stmt 1 view -0
 7849              		.cfi_startproc
 7850              		@ args = 0, pretend = 0, frame = 8
 7851              		@ frame_needed = 0, uses_anonymous_args = 0
3485:Drivers/STM32G0xx_HAL_Driver/Src/stm32g0xx_hal_spi.c ****   SPI_HandleTypeDef *hspi = (SPI_HandleTypeDef *)(((DMA_HandleTypeDef *)hdma)->Parent);
 7852              		.loc 1 3485 1 is_stmt 0 view .LVU2430
 7853 0000 10B5     		push	{r4, lr}
 7854              	.LCFI61:
 7855              		.cfi_def_cfa_offset 8
 7856              		.cfi_offset 4, -8
 7857              		.cfi_offset 14, -4
 7858 0002 84B0     		sub	sp, sp, #16
 7859              	.LCFI62:
 7860              		.cfi_def_cfa_offset 24
3486:Drivers/STM32G0xx_HAL_Driver/Src/stm32g0xx_hal_spi.c **** 
 7861              		.loc 1 3486 3 is_stmt 1 view .LVU2431
3486:Drivers/STM32G0xx_HAL_Driver/Src/stm32g0xx_hal_spi.c **** 
 7862              		.loc 1 3486 22 is_stmt 0 view .LVU2432
 7863 0004 846A     		ldr	r4, [r0, #40]
 7864              	.LVL474:
3489:Drivers/STM32G0xx_HAL_Driver/Src/stm32g0xx_hal_spi.c **** 
 7865              		.loc 1 3489 3 is_stmt 1 view .LVU2433
 7866 0006 2268     		ldr	r2, [r4]
 7867 0008 1368     		ldr	r3, [r2]
 7868 000a 4021     		movs	r1, #64
 7869 000c 8B43     		bics	r3, r1
 7870 000e 1360     		str	r3, [r2]
3491:Drivers/STM32G0xx_HAL_Driver/Src/stm32g0xx_hal_spi.c **** 
 7871              		.loc 1 3491 3 view .LVU2434
3491:Drivers/STM32G0xx_HAL_Driver/Src/stm32g0xx_hal_spi.c **** 
 7872              		.loc 1 3491 7 is_stmt 0 view .LVU2435
 7873 0010 A36D     		ldr	r3, [r4, #88]
3491:Drivers/STM32G0xx_HAL_Driver/Src/stm32g0xx_hal_spi.c **** 
 7874              		.loc 1 3491 35 view .LVU2436
 7875 0012 0022     		movs	r2, #0
 7876 0014 9A63     		str	r2, [r3, #56]
3494:Drivers/STM32G0xx_HAL_Driver/Src/stm32g0xx_hal_spi.c **** 
ARM GAS  C:\Users\Domagoj\AppData\Local\Temp\ccvehG6g.s 			page 255


 7877              		.loc 1 3494 3 is_stmt 1 view .LVU2437
 7878 0016 2268     		ldr	r2, [r4]
 7879 0018 5368     		ldr	r3, [r2, #4]
 7880 001a 3F39     		subs	r1, r1, #63
 7881 001c 8B43     		bics	r3, r1
 7882 001e 5360     		str	r3, [r2, #4]
3497:Drivers/STM32G0xx_HAL_Driver/Src/stm32g0xx_hal_spi.c ****   {
 7883              		.loc 1 3497 3 view .LVU2438
3497:Drivers/STM32G0xx_HAL_Driver/Src/stm32g0xx_hal_spi.c ****   {
 7884              		.loc 1 3497 7 is_stmt 0 view .LVU2439
 7885 0020 FFF7FEFF 		bl	HAL_GetTick
 7886              	.LVL475:
3497:Drivers/STM32G0xx_HAL_Driver/Src/stm32g0xx_hal_spi.c ****   {
 7887              		.loc 1 3497 7 discriminator 1 view .LVU2440
 7888 0024 0090     		str	r0, [sp]
 7889 0026 6423     		movs	r3, #100
 7890 0028 0022     		movs	r2, #0
 7891 002a 8021     		movs	r1, #128
 7892 002c 2000     		movs	r0, r4
 7893 002e FFF7FEFF 		bl	SPI_WaitFlagStateUntilTimeout
 7894              	.LVL476:
3497:Drivers/STM32G0xx_HAL_Driver/Src/stm32g0xx_hal_spi.c ****   {
 7895              		.loc 1 3497 6 discriminator 2 view .LVU2441
 7896 0032 0028     		cmp	r0, #0
 7897 0034 01D0     		beq	.L479
3499:Drivers/STM32G0xx_HAL_Driver/Src/stm32g0xx_hal_spi.c ****   }
 7898              		.loc 1 3499 5 is_stmt 1 view .LVU2442
3499:Drivers/STM32G0xx_HAL_Driver/Src/stm32g0xx_hal_spi.c ****   }
 7899              		.loc 1 3499 21 is_stmt 0 view .LVU2443
 7900 0036 4023     		movs	r3, #64
 7901 0038 2366     		str	r3, [r4, #96]
 7902              	.L479:
3503:Drivers/STM32G0xx_HAL_Driver/Src/stm32g0xx_hal_spi.c ****                                     HAL_GetTick()) != HAL_OK)
 7903              		.loc 1 3503 3 is_stmt 1 view .LVU2444
3503:Drivers/STM32G0xx_HAL_Driver/Src/stm32g0xx_hal_spi.c ****                                     HAL_GetTick()) != HAL_OK)
 7904              		.loc 1 3503 7 is_stmt 0 view .LVU2445
 7905 003a FFF7FEFF 		bl	HAL_GetTick
 7906              	.LVL477:
3503:Drivers/STM32G0xx_HAL_Driver/Src/stm32g0xx_hal_spi.c ****                                     HAL_GetTick()) != HAL_OK)
 7907              		.loc 1 3503 7 discriminator 1 view .LVU2446
 7908 003e C021     		movs	r1, #192
 7909 0040 0090     		str	r0, [sp]
 7910 0042 6423     		movs	r3, #100
 7911 0044 0022     		movs	r2, #0
 7912 0046 C900     		lsls	r1, r1, #3
 7913 0048 2000     		movs	r0, r4
 7914 004a FFF7FEFF 		bl	SPI_WaitFifoStateUntilTimeout
 7915              	.LVL478:
3503:Drivers/STM32G0xx_HAL_Driver/Src/stm32g0xx_hal_spi.c ****                                     HAL_GetTick()) != HAL_OK)
 7916              		.loc 1 3503 6 discriminator 2 view .LVU2447
 7917 004e 0028     		cmp	r0, #0
 7918 0050 01D0     		beq	.L480
3506:Drivers/STM32G0xx_HAL_Driver/Src/stm32g0xx_hal_spi.c ****   }
 7919              		.loc 1 3506 5 is_stmt 1 view .LVU2448
3506:Drivers/STM32G0xx_HAL_Driver/Src/stm32g0xx_hal_spi.c ****   }
 7920              		.loc 1 3506 21 is_stmt 0 view .LVU2449
 7921 0052 4023     		movs	r3, #64
ARM GAS  C:\Users\Domagoj\AppData\Local\Temp\ccvehG6g.s 			page 256


 7922 0054 2366     		str	r3, [r4, #96]
 7923              	.L480:
3510:Drivers/STM32G0xx_HAL_Driver/Src/stm32g0xx_hal_spi.c ****   {
 7924              		.loc 1 3510 3 is_stmt 1 view .LVU2450
3510:Drivers/STM32G0xx_HAL_Driver/Src/stm32g0xx_hal_spi.c ****   {
 7925              		.loc 1 3510 11 is_stmt 0 view .LVU2451
 7926 0056 636D     		ldr	r3, [r4, #84]
3510:Drivers/STM32G0xx_HAL_Driver/Src/stm32g0xx_hal_spi.c ****   {
 7927              		.loc 1 3510 6 view .LVU2452
 7928 0058 002B     		cmp	r3, #0
 7929 005a 02D0     		beq	.L481
3512:Drivers/STM32G0xx_HAL_Driver/Src/stm32g0xx_hal_spi.c ****     {
 7930              		.loc 1 3512 5 is_stmt 1 view .LVU2453
3512:Drivers/STM32G0xx_HAL_Driver/Src/stm32g0xx_hal_spi.c ****     {
 7931              		.loc 1 3512 21 is_stmt 0 view .LVU2454
 7932 005c 9B6B     		ldr	r3, [r3, #56]
3512:Drivers/STM32G0xx_HAL_Driver/Src/stm32g0xx_hal_spi.c ****     {
 7933              		.loc 1 3512 8 view .LVU2455
 7934 005e 002B     		cmp	r3, #0
 7935 0060 1AD1     		bne	.L478
 7936              	.L481:
3519:Drivers/STM32G0xx_HAL_Driver/Src/stm32g0xx_hal_spi.c ****   hspi->TxXferCount = 0U;
 7937              		.loc 1 3519 3 is_stmt 1 view .LVU2456
3519:Drivers/STM32G0xx_HAL_Driver/Src/stm32g0xx_hal_spi.c ****   hspi->TxXferCount = 0U;
 7938              		.loc 1 3519 21 is_stmt 0 view .LVU2457
 7939 0062 0023     		movs	r3, #0
 7940 0064 4622     		movs	r2, #70
 7941 0066 A352     		strh	r3, [r4, r2]
3520:Drivers/STM32G0xx_HAL_Driver/Src/stm32g0xx_hal_spi.c **** 
 7942              		.loc 1 3520 3 is_stmt 1 view .LVU2458
3520:Drivers/STM32G0xx_HAL_Driver/Src/stm32g0xx_hal_spi.c **** 
 7943              		.loc 1 3520 21 is_stmt 0 view .LVU2459
 7944 0068 E387     		strh	r3, [r4, #62]
3523:Drivers/STM32G0xx_HAL_Driver/Src/stm32g0xx_hal_spi.c ****   {
 7945              		.loc 1 3523 3 is_stmt 1 view .LVU2460
3523:Drivers/STM32G0xx_HAL_Driver/Src/stm32g0xx_hal_spi.c ****   {
 7946              		.loc 1 3523 11 is_stmt 0 view .LVU2461
 7947 006a 236E     		ldr	r3, [r4, #96]
3523:Drivers/STM32G0xx_HAL_Driver/Src/stm32g0xx_hal_spi.c ****   {
 7948              		.loc 1 3523 6 view .LVU2462
 7949 006c 402B     		cmp	r3, #64
 7950 006e 01D0     		beq	.L483
3526:Drivers/STM32G0xx_HAL_Driver/Src/stm32g0xx_hal_spi.c ****   }
 7951              		.loc 1 3526 5 is_stmt 1 view .LVU2463
3526:Drivers/STM32G0xx_HAL_Driver/Src/stm32g0xx_hal_spi.c ****   }
 7952              		.loc 1 3526 21 is_stmt 0 view .LVU2464
 7953 0070 0023     		movs	r3, #0
 7954 0072 2366     		str	r3, [r4, #96]
 7955              	.L483:
3530:Drivers/STM32G0xx_HAL_Driver/Src/stm32g0xx_hal_spi.c ****   __HAL_SPI_CLEAR_FREFLAG(hspi);
 7956              		.loc 1 3530 3 is_stmt 1 view .LVU2465
 7957              	.LBB13:
3530:Drivers/STM32G0xx_HAL_Driver/Src/stm32g0xx_hal_spi.c ****   __HAL_SPI_CLEAR_FREFLAG(hspi);
 7958              		.loc 1 3530 3 view .LVU2466
 7959 0074 0022     		movs	r2, #0
 7960 0076 0292     		str	r2, [sp, #8]
3530:Drivers/STM32G0xx_HAL_Driver/Src/stm32g0xx_hal_spi.c ****   __HAL_SPI_CLEAR_FREFLAG(hspi);
ARM GAS  C:\Users\Domagoj\AppData\Local\Temp\ccvehG6g.s 			page 257


 7961              		.loc 1 3530 3 view .LVU2467
 7962 0078 2368     		ldr	r3, [r4]
 7963 007a D968     		ldr	r1, [r3, #12]
 7964 007c 0291     		str	r1, [sp, #8]
3530:Drivers/STM32G0xx_HAL_Driver/Src/stm32g0xx_hal_spi.c ****   __HAL_SPI_CLEAR_FREFLAG(hspi);
 7965              		.loc 1 3530 3 view .LVU2468
 7966 007e 9968     		ldr	r1, [r3, #8]
 7967 0080 0291     		str	r1, [sp, #8]
3530:Drivers/STM32G0xx_HAL_Driver/Src/stm32g0xx_hal_spi.c ****   __HAL_SPI_CLEAR_FREFLAG(hspi);
 7968              		.loc 1 3530 3 view .LVU2469
 7969 0082 0299     		ldr	r1, [sp, #8]
 7970              	.LBE13:
3530:Drivers/STM32G0xx_HAL_Driver/Src/stm32g0xx_hal_spi.c ****   __HAL_SPI_CLEAR_FREFLAG(hspi);
 7971              		.loc 1 3530 3 view .LVU2470
3531:Drivers/STM32G0xx_HAL_Driver/Src/stm32g0xx_hal_spi.c **** 
 7972              		.loc 1 3531 3 view .LVU2471
 7973              	.LBB14:
3531:Drivers/STM32G0xx_HAL_Driver/Src/stm32g0xx_hal_spi.c **** 
 7974              		.loc 1 3531 3 view .LVU2472
 7975 0084 0392     		str	r2, [sp, #12]
3531:Drivers/STM32G0xx_HAL_Driver/Src/stm32g0xx_hal_spi.c **** 
 7976              		.loc 1 3531 3 view .LVU2473
 7977 0086 9B68     		ldr	r3, [r3, #8]
 7978 0088 0393     		str	r3, [sp, #12]
3531:Drivers/STM32G0xx_HAL_Driver/Src/stm32g0xx_hal_spi.c **** 
 7979              		.loc 1 3531 3 view .LVU2474
 7980 008a 039B     		ldr	r3, [sp, #12]
 7981              	.LBE14:
3531:Drivers/STM32G0xx_HAL_Driver/Src/stm32g0xx_hal_spi.c **** 
 7982              		.loc 1 3531 3 view .LVU2475
3534:Drivers/STM32G0xx_HAL_Driver/Src/stm32g0xx_hal_spi.c **** 
 7983              		.loc 1 3534 3 view .LVU2476
3534:Drivers/STM32G0xx_HAL_Driver/Src/stm32g0xx_hal_spi.c **** 
 7984              		.loc 1 3534 16 is_stmt 0 view .LVU2477
 7985 008c 5D23     		movs	r3, #93
 7986 008e 0132     		adds	r2, r2, #1
 7987 0090 E254     		strb	r2, [r4, r3]
3540:Drivers/STM32G0xx_HAL_Driver/Src/stm32g0xx_hal_spi.c **** #endif /* USE_HAL_SPI_REGISTER_CALLBACKS */
 7988              		.loc 1 3540 3 is_stmt 1 view .LVU2478
 7989 0092 2000     		movs	r0, r4
 7990 0094 FFF7FEFF 		bl	HAL_SPI_AbortCpltCallback
 7991              	.LVL479:
 7992              	.L478:
3542:Drivers/STM32G0xx_HAL_Driver/Src/stm32g0xx_hal_spi.c **** 
 7993              		.loc 1 3542 1 is_stmt 0 view .LVU2479
 7994 0098 04B0     		add	sp, sp, #16
 7995              		@ sp needed
 7996              	.LVL480:
3542:Drivers/STM32G0xx_HAL_Driver/Src/stm32g0xx_hal_spi.c **** 
 7997              		.loc 1 3542 1 view .LVU2480
 7998 009a 10BD     		pop	{r4, pc}
 7999              		.cfi_endproc
 8000              	.LFE401:
 8002              		.section	.text.SPI_DMATxAbortCallback,"ax",%progbits
 8003              		.align	1
 8004              		.syntax unified
 8005              		.code	16
ARM GAS  C:\Users\Domagoj\AppData\Local\Temp\ccvehG6g.s 			page 258


 8006              		.thumb_func
 8008              	SPI_DMATxAbortCallback:
 8009              	.LVL481:
 8010              	.LFB400:
3418:Drivers/STM32G0xx_HAL_Driver/Src/stm32g0xx_hal_spi.c ****   SPI_HandleTypeDef *hspi = (SPI_HandleTypeDef *)(((DMA_HandleTypeDef *)hdma)->Parent);
 8011              		.loc 1 3418 1 is_stmt 1 view -0
 8012              		.cfi_startproc
 8013              		@ args = 0, pretend = 0, frame = 8
 8014              		@ frame_needed = 0, uses_anonymous_args = 0
3418:Drivers/STM32G0xx_HAL_Driver/Src/stm32g0xx_hal_spi.c ****   SPI_HandleTypeDef *hspi = (SPI_HandleTypeDef *)(((DMA_HandleTypeDef *)hdma)->Parent);
 8015              		.loc 1 3418 1 is_stmt 0 view .LVU2482
 8016 0000 10B5     		push	{r4, lr}
 8017              	.LCFI63:
 8018              		.cfi_def_cfa_offset 8
 8019              		.cfi_offset 4, -8
 8020              		.cfi_offset 14, -4
 8021 0002 84B0     		sub	sp, sp, #16
 8022              	.LCFI64:
 8023              		.cfi_def_cfa_offset 24
3419:Drivers/STM32G0xx_HAL_Driver/Src/stm32g0xx_hal_spi.c **** 
 8024              		.loc 1 3419 3 is_stmt 1 view .LVU2483
3419:Drivers/STM32G0xx_HAL_Driver/Src/stm32g0xx_hal_spi.c **** 
 8025              		.loc 1 3419 22 is_stmt 0 view .LVU2484
 8026 0004 846A     		ldr	r4, [r0, #40]
 8027              	.LVL482:
3421:Drivers/STM32G0xx_HAL_Driver/Src/stm32g0xx_hal_spi.c **** 
 8028              		.loc 1 3421 3 is_stmt 1 view .LVU2485
3421:Drivers/STM32G0xx_HAL_Driver/Src/stm32g0xx_hal_spi.c **** 
 8029              		.loc 1 3421 7 is_stmt 0 view .LVU2486
 8030 0006 636D     		ldr	r3, [r4, #84]
3421:Drivers/STM32G0xx_HAL_Driver/Src/stm32g0xx_hal_spi.c **** 
 8031              		.loc 1 3421 35 view .LVU2487
 8032 0008 0022     		movs	r2, #0
 8033 000a 9A63     		str	r2, [r3, #56]
3424:Drivers/STM32G0xx_HAL_Driver/Src/stm32g0xx_hal_spi.c **** 
 8034              		.loc 1 3424 3 is_stmt 1 view .LVU2488
 8035 000c 2268     		ldr	r2, [r4]
 8036 000e 5368     		ldr	r3, [r2, #4]
 8037 0010 0221     		movs	r1, #2
 8038 0012 8B43     		bics	r3, r1
 8039 0014 5360     		str	r3, [r2, #4]
3426:Drivers/STM32G0xx_HAL_Driver/Src/stm32g0xx_hal_spi.c ****   {
 8040              		.loc 1 3426 3 view .LVU2489
3426:Drivers/STM32G0xx_HAL_Driver/Src/stm32g0xx_hal_spi.c ****   {
 8041              		.loc 1 3426 7 is_stmt 0 view .LVU2490
 8042 0016 FFF7FEFF 		bl	HAL_GetTick
 8043              	.LVL483:
3426:Drivers/STM32G0xx_HAL_Driver/Src/stm32g0xx_hal_spi.c ****   {
 8044              		.loc 1 3426 7 view .LVU2491
 8045 001a 0200     		movs	r2, r0
3426:Drivers/STM32G0xx_HAL_Driver/Src/stm32g0xx_hal_spi.c ****   {
 8046              		.loc 1 3426 7 discriminator 1 view .LVU2492
 8047 001c 6421     		movs	r1, #100
 8048 001e 2000     		movs	r0, r4
 8049 0020 FFF7FEFF 		bl	SPI_EndRxTxTransaction
 8050              	.LVL484:
3426:Drivers/STM32G0xx_HAL_Driver/Src/stm32g0xx_hal_spi.c ****   {
ARM GAS  C:\Users\Domagoj\AppData\Local\Temp\ccvehG6g.s 			page 259


 8051              		.loc 1 3426 6 discriminator 2 view .LVU2493
 8052 0024 0028     		cmp	r0, #0
 8053 0026 01D0     		beq	.L485
3428:Drivers/STM32G0xx_HAL_Driver/Src/stm32g0xx_hal_spi.c ****   }
 8054              		.loc 1 3428 5 is_stmt 1 view .LVU2494
3428:Drivers/STM32G0xx_HAL_Driver/Src/stm32g0xx_hal_spi.c ****   }
 8055              		.loc 1 3428 21 is_stmt 0 view .LVU2495
 8056 0028 4023     		movs	r3, #64
 8057 002a 2366     		str	r3, [r4, #96]
 8058              	.L485:
3432:Drivers/STM32G0xx_HAL_Driver/Src/stm32g0xx_hal_spi.c **** 
 8059              		.loc 1 3432 3 is_stmt 1 view .LVU2496
 8060 002c 2268     		ldr	r2, [r4]
 8061 002e 1368     		ldr	r3, [r2]
 8062 0030 4021     		movs	r1, #64
 8063 0032 8B43     		bics	r3, r1
 8064 0034 1360     		str	r3, [r2]
3435:Drivers/STM32G0xx_HAL_Driver/Src/stm32g0xx_hal_spi.c ****                                     HAL_GetTick()) != HAL_OK)
 8065              		.loc 1 3435 3 view .LVU2497
3435:Drivers/STM32G0xx_HAL_Driver/Src/stm32g0xx_hal_spi.c ****                                     HAL_GetTick()) != HAL_OK)
 8066              		.loc 1 3435 7 is_stmt 0 view .LVU2498
 8067 0036 FFF7FEFF 		bl	HAL_GetTick
 8068              	.LVL485:
3435:Drivers/STM32G0xx_HAL_Driver/Src/stm32g0xx_hal_spi.c ****                                     HAL_GetTick()) != HAL_OK)
 8069              		.loc 1 3435 7 discriminator 1 view .LVU2499
 8070 003a C021     		movs	r1, #192
 8071 003c 0090     		str	r0, [sp]
 8072 003e 6423     		movs	r3, #100
 8073 0040 0022     		movs	r2, #0
 8074 0042 C900     		lsls	r1, r1, #3
 8075 0044 2000     		movs	r0, r4
 8076 0046 FFF7FEFF 		bl	SPI_WaitFifoStateUntilTimeout
 8077              	.LVL486:
3435:Drivers/STM32G0xx_HAL_Driver/Src/stm32g0xx_hal_spi.c ****                                     HAL_GetTick()) != HAL_OK)
 8078              		.loc 1 3435 6 discriminator 2 view .LVU2500
 8079 004a 0028     		cmp	r0, #0
 8080 004c 01D0     		beq	.L486
3438:Drivers/STM32G0xx_HAL_Driver/Src/stm32g0xx_hal_spi.c ****   }
 8081              		.loc 1 3438 5 is_stmt 1 view .LVU2501
3438:Drivers/STM32G0xx_HAL_Driver/Src/stm32g0xx_hal_spi.c ****   }
 8082              		.loc 1 3438 21 is_stmt 0 view .LVU2502
 8083 004e 4023     		movs	r3, #64
 8084 0050 2366     		str	r3, [r4, #96]
 8085              	.L486:
3442:Drivers/STM32G0xx_HAL_Driver/Src/stm32g0xx_hal_spi.c ****   {
 8086              		.loc 1 3442 3 is_stmt 1 view .LVU2503
3442:Drivers/STM32G0xx_HAL_Driver/Src/stm32g0xx_hal_spi.c ****   {
 8087              		.loc 1 3442 11 is_stmt 0 view .LVU2504
 8088 0052 A36D     		ldr	r3, [r4, #88]
3442:Drivers/STM32G0xx_HAL_Driver/Src/stm32g0xx_hal_spi.c ****   {
 8089              		.loc 1 3442 6 view .LVU2505
 8090 0054 002B     		cmp	r3, #0
 8091 0056 02D0     		beq	.L487
3444:Drivers/STM32G0xx_HAL_Driver/Src/stm32g0xx_hal_spi.c ****     {
 8092              		.loc 1 3444 5 is_stmt 1 view .LVU2506
3444:Drivers/STM32G0xx_HAL_Driver/Src/stm32g0xx_hal_spi.c ****     {
 8093              		.loc 1 3444 21 is_stmt 0 view .LVU2507
ARM GAS  C:\Users\Domagoj\AppData\Local\Temp\ccvehG6g.s 			page 260


 8094 0058 9B6B     		ldr	r3, [r3, #56]
3444:Drivers/STM32G0xx_HAL_Driver/Src/stm32g0xx_hal_spi.c ****     {
 8095              		.loc 1 3444 8 view .LVU2508
 8096 005a 002B     		cmp	r3, #0
 8097 005c 1AD1     		bne	.L484
 8098              	.L487:
3451:Drivers/STM32G0xx_HAL_Driver/Src/stm32g0xx_hal_spi.c ****   hspi->TxXferCount = 0U;
 8099              		.loc 1 3451 3 is_stmt 1 view .LVU2509
3451:Drivers/STM32G0xx_HAL_Driver/Src/stm32g0xx_hal_spi.c ****   hspi->TxXferCount = 0U;
 8100              		.loc 1 3451 21 is_stmt 0 view .LVU2510
 8101 005e 0023     		movs	r3, #0
 8102 0060 4622     		movs	r2, #70
 8103 0062 A352     		strh	r3, [r4, r2]
3452:Drivers/STM32G0xx_HAL_Driver/Src/stm32g0xx_hal_spi.c **** 
 8104              		.loc 1 3452 3 is_stmt 1 view .LVU2511
3452:Drivers/STM32G0xx_HAL_Driver/Src/stm32g0xx_hal_spi.c **** 
 8105              		.loc 1 3452 21 is_stmt 0 view .LVU2512
 8106 0064 E387     		strh	r3, [r4, #62]
3455:Drivers/STM32G0xx_HAL_Driver/Src/stm32g0xx_hal_spi.c ****   {
 8107              		.loc 1 3455 3 is_stmt 1 view .LVU2513
3455:Drivers/STM32G0xx_HAL_Driver/Src/stm32g0xx_hal_spi.c ****   {
 8108              		.loc 1 3455 11 is_stmt 0 view .LVU2514
 8109 0066 236E     		ldr	r3, [r4, #96]
3455:Drivers/STM32G0xx_HAL_Driver/Src/stm32g0xx_hal_spi.c ****   {
 8110              		.loc 1 3455 6 view .LVU2515
 8111 0068 402B     		cmp	r3, #64
 8112 006a 01D0     		beq	.L489
3458:Drivers/STM32G0xx_HAL_Driver/Src/stm32g0xx_hal_spi.c ****   }
 8113              		.loc 1 3458 5 is_stmt 1 view .LVU2516
3458:Drivers/STM32G0xx_HAL_Driver/Src/stm32g0xx_hal_spi.c ****   }
 8114              		.loc 1 3458 21 is_stmt 0 view .LVU2517
 8115 006c 0023     		movs	r3, #0
 8116 006e 2366     		str	r3, [r4, #96]
 8117              	.L489:
3462:Drivers/STM32G0xx_HAL_Driver/Src/stm32g0xx_hal_spi.c ****   __HAL_SPI_CLEAR_FREFLAG(hspi);
 8118              		.loc 1 3462 3 is_stmt 1 view .LVU2518
 8119              	.LBB15:
3462:Drivers/STM32G0xx_HAL_Driver/Src/stm32g0xx_hal_spi.c ****   __HAL_SPI_CLEAR_FREFLAG(hspi);
 8120              		.loc 1 3462 3 view .LVU2519
 8121 0070 0022     		movs	r2, #0
 8122 0072 0292     		str	r2, [sp, #8]
3462:Drivers/STM32G0xx_HAL_Driver/Src/stm32g0xx_hal_spi.c ****   __HAL_SPI_CLEAR_FREFLAG(hspi);
 8123              		.loc 1 3462 3 view .LVU2520
 8124 0074 2368     		ldr	r3, [r4]
 8125 0076 D968     		ldr	r1, [r3, #12]
 8126 0078 0291     		str	r1, [sp, #8]
3462:Drivers/STM32G0xx_HAL_Driver/Src/stm32g0xx_hal_spi.c ****   __HAL_SPI_CLEAR_FREFLAG(hspi);
 8127              		.loc 1 3462 3 view .LVU2521
 8128 007a 9968     		ldr	r1, [r3, #8]
 8129 007c 0291     		str	r1, [sp, #8]
3462:Drivers/STM32G0xx_HAL_Driver/Src/stm32g0xx_hal_spi.c ****   __HAL_SPI_CLEAR_FREFLAG(hspi);
 8130              		.loc 1 3462 3 view .LVU2522
 8131 007e 0299     		ldr	r1, [sp, #8]
 8132              	.LBE15:
3462:Drivers/STM32G0xx_HAL_Driver/Src/stm32g0xx_hal_spi.c ****   __HAL_SPI_CLEAR_FREFLAG(hspi);
 8133              		.loc 1 3462 3 view .LVU2523
3463:Drivers/STM32G0xx_HAL_Driver/Src/stm32g0xx_hal_spi.c **** 
ARM GAS  C:\Users\Domagoj\AppData\Local\Temp\ccvehG6g.s 			page 261


 8134              		.loc 1 3463 3 view .LVU2524
 8135              	.LBB16:
3463:Drivers/STM32G0xx_HAL_Driver/Src/stm32g0xx_hal_spi.c **** 
 8136              		.loc 1 3463 3 view .LVU2525
 8137 0080 0392     		str	r2, [sp, #12]
3463:Drivers/STM32G0xx_HAL_Driver/Src/stm32g0xx_hal_spi.c **** 
 8138              		.loc 1 3463 3 view .LVU2526
 8139 0082 9B68     		ldr	r3, [r3, #8]
 8140 0084 0393     		str	r3, [sp, #12]
3463:Drivers/STM32G0xx_HAL_Driver/Src/stm32g0xx_hal_spi.c **** 
 8141              		.loc 1 3463 3 view .LVU2527
 8142 0086 039B     		ldr	r3, [sp, #12]
 8143              	.LBE16:
3463:Drivers/STM32G0xx_HAL_Driver/Src/stm32g0xx_hal_spi.c **** 
 8144              		.loc 1 3463 3 view .LVU2528
3466:Drivers/STM32G0xx_HAL_Driver/Src/stm32g0xx_hal_spi.c **** 
 8145              		.loc 1 3466 3 view .LVU2529
3466:Drivers/STM32G0xx_HAL_Driver/Src/stm32g0xx_hal_spi.c **** 
 8146              		.loc 1 3466 16 is_stmt 0 view .LVU2530
 8147 0088 5D23     		movs	r3, #93
 8148 008a 0132     		adds	r2, r2, #1
 8149 008c E254     		strb	r2, [r4, r3]
3472:Drivers/STM32G0xx_HAL_Driver/Src/stm32g0xx_hal_spi.c **** #endif /* USE_HAL_SPI_REGISTER_CALLBACKS */
 8150              		.loc 1 3472 3 is_stmt 1 view .LVU2531
 8151 008e 2000     		movs	r0, r4
 8152 0090 FFF7FEFF 		bl	HAL_SPI_AbortCpltCallback
 8153              	.LVL487:
 8154              	.L484:
3474:Drivers/STM32G0xx_HAL_Driver/Src/stm32g0xx_hal_spi.c **** 
 8155              		.loc 1 3474 1 is_stmt 0 view .LVU2532
 8156 0094 04B0     		add	sp, sp, #16
 8157              		@ sp needed
 8158              	.LVL488:
3474:Drivers/STM32G0xx_HAL_Driver/Src/stm32g0xx_hal_spi.c **** 
 8159              		.loc 1 3474 1 view .LVU2533
 8160 0096 10BD     		pop	{r4, pc}
 8161              		.cfi_endproc
 8162              	.LFE400:
 8164              		.section	.text.HAL_SPI_GetState,"ax",%progbits
 8165              		.align	1
 8166              		.global	HAL_SPI_GetState
 8167              		.syntax unified
 8168              		.code	16
 8169              		.thumb_func
 8171              	HAL_SPI_GetState:
 8172              	.LVL489:
 8173              	.LFB390:
3007:Drivers/STM32G0xx_HAL_Driver/Src/stm32g0xx_hal_spi.c ****   /* Return SPI handle state */
 8174              		.loc 1 3007 1 is_stmt 1 view -0
 8175              		.cfi_startproc
 8176              		@ args = 0, pretend = 0, frame = 0
 8177              		@ frame_needed = 0, uses_anonymous_args = 0
 8178              		@ link register save eliminated.
3009:Drivers/STM32G0xx_HAL_Driver/Src/stm32g0xx_hal_spi.c **** }
 8179              		.loc 1 3009 3 view .LVU2535
3009:Drivers/STM32G0xx_HAL_Driver/Src/stm32g0xx_hal_spi.c **** }
 8180              		.loc 1 3009 14 is_stmt 0 view .LVU2536
ARM GAS  C:\Users\Domagoj\AppData\Local\Temp\ccvehG6g.s 			page 262


 8181 0000 5D23     		movs	r3, #93
 8182 0002 C05C     		ldrb	r0, [r0, r3]
 8183              	.LVL490:
3009:Drivers/STM32G0xx_HAL_Driver/Src/stm32g0xx_hal_spi.c **** }
 8184              		.loc 1 3009 14 view .LVU2537
 8185 0004 C0B2     		uxtb	r0, r0
3010:Drivers/STM32G0xx_HAL_Driver/Src/stm32g0xx_hal_spi.c **** 
 8186              		.loc 1 3010 1 view .LVU2538
 8187              		@ sp needed
 8188 0006 7047     		bx	lr
 8189              		.cfi_endproc
 8190              	.LFE390:
 8192              		.section	.text.HAL_SPI_GetError,"ax",%progbits
 8193              		.align	1
 8194              		.global	HAL_SPI_GetError
 8195              		.syntax unified
 8196              		.code	16
 8197              		.thumb_func
 8199              	HAL_SPI_GetError:
 8200              	.LVL491:
 8201              	.LFB391:
3019:Drivers/STM32G0xx_HAL_Driver/Src/stm32g0xx_hal_spi.c ****   /* Return SPI ErrorCode */
 8202              		.loc 1 3019 1 is_stmt 1 view -0
 8203              		.cfi_startproc
 8204              		@ args = 0, pretend = 0, frame = 0
 8205              		@ frame_needed = 0, uses_anonymous_args = 0
 8206              		@ link register save eliminated.
3021:Drivers/STM32G0xx_HAL_Driver/Src/stm32g0xx_hal_spi.c **** }
 8207              		.loc 1 3021 3 view .LVU2540
3021:Drivers/STM32G0xx_HAL_Driver/Src/stm32g0xx_hal_spi.c **** }
 8208              		.loc 1 3021 14 is_stmt 0 view .LVU2541
 8209 0000 006E     		ldr	r0, [r0, #96]
 8210              	.LVL492:
3022:Drivers/STM32G0xx_HAL_Driver/Src/stm32g0xx_hal_spi.c **** 
 8211              		.loc 1 3022 1 view .LVU2542
 8212              		@ sp needed
 8213 0002 7047     		bx	lr
 8214              		.cfi_endproc
 8215              	.LFE391:
 8217              		.text
 8218              	.Letext0:
 8219              		.file 2 "C:\\ST\\STM32CubeIDE_2.2.0\\STM32CubeIDE\\plugins\\com.st.stm32cube.ide.mcu.externaltools
 8220              		.file 3 "C:\\ST\\STM32CubeIDE_2.2.0\\STM32CubeIDE\\plugins\\com.st.stm32cube.ide.mcu.externaltools
 8221              		.file 4 "Drivers/CMSIS/Device/ST/STM32G0xx/Include/stm32g0b1xx.h"
 8222              		.file 5 "Drivers/CMSIS/Device/ST/STM32G0xx/Include/stm32g0xx.h"
 8223              		.file 6 "Drivers/STM32G0xx_HAL_Driver/Inc/stm32g0xx_hal_def.h"
 8224              		.file 7 "Drivers/STM32G0xx_HAL_Driver/Inc/stm32g0xx_hal_dma.h"
 8225              		.file 8 "Drivers/STM32G0xx_HAL_Driver/Inc/stm32g0xx_hal_spi.h"
 8226              		.file 9 "Drivers/STM32G0xx_HAL_Driver/Inc/stm32g0xx_ll_dma.h"
 8227              		.file 10 "Drivers/CMSIS/Device/ST/STM32G0xx/Include/system_stm32g0xx.h"
 8228              		.file 11 "Drivers/STM32G0xx_HAL_Driver/Inc/stm32g0xx_hal.h"
ARM GAS  C:\Users\Domagoj\AppData\Local\Temp\ccvehG6g.s 			page 263


DEFINED SYMBOLS
                            *ABS*:00000000 stm32g0xx_hal_spi.c
C:\Users\Domagoj\AppData\Local\Temp\ccvehG6g.s:19     .text.SPI_WaitFlagStateUntilTimeout:00000000 $t
C:\Users\Domagoj\AppData\Local\Temp\ccvehG6g.s:24     .text.SPI_WaitFlagStateUntilTimeout:00000000 SPI_WaitFlagStateUntilTimeout
C:\Users\Domagoj\AppData\Local\Temp\ccvehG6g.s:240    .text.SPI_WaitFlagStateUntilTimeout:000000d8 $d
C:\Users\Domagoj\AppData\Local\Temp\ccvehG6g.s:246    .text.SPI_WaitFifoStateUntilTimeout:00000000 $t
C:\Users\Domagoj\AppData\Local\Temp\ccvehG6g.s:251    .text.SPI_WaitFifoStateUntilTimeout:00000000 SPI_WaitFifoStateUntilTimeout
C:\Users\Domagoj\AppData\Local\Temp\ccvehG6g.s:516    .text.SPI_WaitFifoStateUntilTimeout:00000104 $d
C:\Users\Domagoj\AppData\Local\Temp\ccvehG6g.s:522    .text.SPI_EndRxTxTransaction:00000000 $t
C:\Users\Domagoj\AppData\Local\Temp\ccvehG6g.s:527    .text.SPI_EndRxTxTransaction:00000000 SPI_EndRxTxTransaction
C:\Users\Domagoj\AppData\Local\Temp\ccvehG6g.s:631    .text.SPI_EndRxTransaction:00000000 $t
C:\Users\Domagoj\AppData\Local\Temp\ccvehG6g.s:636    .text.SPI_EndRxTransaction:00000000 SPI_EndRxTransaction
C:\Users\Domagoj\AppData\Local\Temp\ccvehG6g.s:774    .text.SPI_AbortRx_ISR:00000000 $t
C:\Users\Domagoj\AppData\Local\Temp\ccvehG6g.s:779    .text.SPI_AbortRx_ISR:00000000 SPI_AbortRx_ISR
C:\Users\Domagoj\AppData\Local\Temp\ccvehG6g.s:905    .text.SPI_AbortRx_ISR:00000088 $d
C:\Users\Domagoj\AppData\Local\Temp\ccvehG6g.s:911    .text.SPI_AbortTx_ISR:00000000 $t
C:\Users\Domagoj\AppData\Local\Temp\ccvehG6g.s:916    .text.SPI_AbortTx_ISR:00000000 SPI_AbortTx_ISR
C:\Users\Domagoj\AppData\Local\Temp\ccvehG6g.s:1120   .text.SPI_AbortTx_ISR:000000e8 $d
C:\Users\Domagoj\AppData\Local\Temp\ccvehG6g.s:1126   .text.HAL_SPI_MspInit:00000000 $t
C:\Users\Domagoj\AppData\Local\Temp\ccvehG6g.s:1132   .text.HAL_SPI_MspInit:00000000 HAL_SPI_MspInit
C:\Users\Domagoj\AppData\Local\Temp\ccvehG6g.s:1148   .text.HAL_SPI_Init:00000000 $t
C:\Users\Domagoj\AppData\Local\Temp\ccvehG6g.s:1154   .text.HAL_SPI_Init:00000000 HAL_SPI_Init
C:\Users\Domagoj\AppData\Local\Temp\ccvehG6g.s:1381   .text.HAL_SPI_Init:00000100 $d
C:\Users\Domagoj\AppData\Local\Temp\ccvehG6g.s:1386   .text.HAL_SPI_MspDeInit:00000000 $t
C:\Users\Domagoj\AppData\Local\Temp\ccvehG6g.s:1392   .text.HAL_SPI_MspDeInit:00000000 HAL_SPI_MspDeInit
C:\Users\Domagoj\AppData\Local\Temp\ccvehG6g.s:1408   .text.HAL_SPI_DeInit:00000000 $t
C:\Users\Domagoj\AppData\Local\Temp\ccvehG6g.s:1414   .text.HAL_SPI_DeInit:00000000 HAL_SPI_DeInit
C:\Users\Domagoj\AppData\Local\Temp\ccvehG6g.s:1480   .text.HAL_SPI_Transmit:00000000 $t
C:\Users\Domagoj\AppData\Local\Temp\ccvehG6g.s:1486   .text.HAL_SPI_Transmit:00000000 HAL_SPI_Transmit
C:\Users\Domagoj\AppData\Local\Temp\ccvehG6g.s:1943   .text.HAL_SPI_TransmitReceive:00000000 $t
C:\Users\Domagoj\AppData\Local\Temp\ccvehG6g.s:1949   .text.HAL_SPI_TransmitReceive:00000000 HAL_SPI_TransmitReceive
C:\Users\Domagoj\AppData\Local\Temp\ccvehG6g.s:2605   .text.HAL_SPI_TransmitReceive:00000264 $d
C:\Users\Domagoj\AppData\Local\Temp\ccvehG6g.s:2610   .text.HAL_SPI_Receive:00000000 $t
C:\Users\Domagoj\AppData\Local\Temp\ccvehG6g.s:2616   .text.HAL_SPI_Receive:00000000 HAL_SPI_Receive
C:\Users\Domagoj\AppData\Local\Temp\ccvehG6g.s:3041   .text.HAL_SPI_Receive:000001b4 $d
C:\Users\Domagoj\AppData\Local\Temp\ccvehG6g.s:3047   .text.HAL_SPI_Transmit_IT:00000000 $t
C:\Users\Domagoj\AppData\Local\Temp\ccvehG6g.s:3053   .text.HAL_SPI_Transmit_IT:00000000 HAL_SPI_Transmit_IT
C:\Users\Domagoj\AppData\Local\Temp\ccvehG6g.s:3241   .text.HAL_SPI_Transmit_IT:000000a8 $d
C:\Users\Domagoj\AppData\Local\Temp\ccvehG6g.s:5948   .text.SPI_TxISR_16BIT:00000000 SPI_TxISR_16BIT
C:\Users\Domagoj\AppData\Local\Temp\ccvehG6g.s:5886   .text.SPI_TxISR_8BIT:00000000 SPI_TxISR_8BIT
C:\Users\Domagoj\AppData\Local\Temp\ccvehG6g.s:3247   .text.HAL_SPI_TransmitReceive_IT:00000000 $t
C:\Users\Domagoj\AppData\Local\Temp\ccvehG6g.s:3253   .text.HAL_SPI_TransmitReceive_IT:00000000 HAL_SPI_TransmitReceive_IT
C:\Users\Domagoj\AppData\Local\Temp\ccvehG6g.s:3514   .text.HAL_SPI_TransmitReceive_IT:000000dc $d
C:\Users\Domagoj\AppData\Local\Temp\ccvehG6g.s:6605   .text.SPI_2linesRxISR_16BIT:00000000 SPI_2linesRxISR_16BIT
C:\Users\Domagoj\AppData\Local\Temp\ccvehG6g.s:6530   .text.SPI_2linesTxISR_16BIT:00000000 SPI_2linesTxISR_16BIT
C:\Users\Domagoj\AppData\Local\Temp\ccvehG6g.s:6395   .text.SPI_2linesRxISR_8BIT:00000000 SPI_2linesRxISR_8BIT
C:\Users\Domagoj\AppData\Local\Temp\ccvehG6g.s:6320   .text.SPI_2linesTxISR_8BIT:00000000 SPI_2linesTxISR_8BIT
C:\Users\Domagoj\AppData\Local\Temp\ccvehG6g.s:3523   .text.HAL_SPI_Receive_IT:00000000 $t
C:\Users\Domagoj\AppData\Local\Temp\ccvehG6g.s:3529   .text.HAL_SPI_Receive_IT:00000000 HAL_SPI_Receive_IT
C:\Users\Domagoj\AppData\Local\Temp\ccvehG6g.s:3744   .text.HAL_SPI_Receive_IT:000000d8 $d
C:\Users\Domagoj\AppData\Local\Temp\ccvehG6g.s:6151   .text.SPI_RxISR_16BIT:00000000 SPI_RxISR_16BIT
C:\Users\Domagoj\AppData\Local\Temp\ccvehG6g.s:6088   .text.SPI_RxISR_8BIT:00000000 SPI_RxISR_8BIT
C:\Users\Domagoj\AppData\Local\Temp\ccvehG6g.s:3752   .text.HAL_SPI_Transmit_DMA:00000000 $t
C:\Users\Domagoj\AppData\Local\Temp\ccvehG6g.s:3758   .text.HAL_SPI_Transmit_DMA:00000000 HAL_SPI_Transmit_DMA
C:\Users\Domagoj\AppData\Local\Temp\ccvehG6g.s:4050   .text.HAL_SPI_Transmit_DMA:0000012c $d
C:\Users\Domagoj\AppData\Local\Temp\ccvehG6g.s:5615   .text.SPI_DMAHalfTransmitCplt:00000000 SPI_DMAHalfTransmitCplt
C:\Users\Domagoj\AppData\Local\Temp\ccvehG6g.s:6728   .text.SPI_DMATransmitCplt:00000000 SPI_DMATransmitCplt
ARM GAS  C:\Users\Domagoj\AppData\Local\Temp\ccvehG6g.s 			page 264


C:\Users\Domagoj\AppData\Local\Temp\ccvehG6g.s:6680   .text.SPI_DMAError:00000000 SPI_DMAError
C:\Users\Domagoj\AppData\Local\Temp\ccvehG6g.s:4058   .text.HAL_SPI_TransmitReceive_DMA:00000000 $t
C:\Users\Domagoj\AppData\Local\Temp\ccvehG6g.s:4064   .text.HAL_SPI_TransmitReceive_DMA:00000000 HAL_SPI_TransmitReceive_DMA
C:\Users\Domagoj\AppData\Local\Temp\ccvehG6g.s:4547   .text.HAL_SPI_TransmitReceive_DMA:00000200 $d
C:\Users\Domagoj\AppData\Local\Temp\ccvehG6g.s:5723   .text.SPI_DMAHalfTransmitReceiveCplt:00000000 SPI_DMAHalfTransmitReceiveCplt
C:\Users\Domagoj\AppData\Local\Temp\ccvehG6g.s:6995   .text.SPI_DMATransmitReceiveCplt:00000000 SPI_DMATransmitReceiveCplt
C:\Users\Domagoj\AppData\Local\Temp\ccvehG6g.s:5669   .text.SPI_DMAHalfReceiveCplt:00000000 SPI_DMAHalfReceiveCplt
C:\Users\Domagoj\AppData\Local\Temp\ccvehG6g.s:6862   .text.SPI_DMAReceiveCplt:00000000 SPI_DMAReceiveCplt
C:\Users\Domagoj\AppData\Local\Temp\ccvehG6g.s:4560   .text.HAL_SPI_Receive_DMA:00000000 $t
C:\Users\Domagoj\AppData\Local\Temp\ccvehG6g.s:4566   .text.HAL_SPI_Receive_DMA:00000000 HAL_SPI_Receive_DMA
C:\Users\Domagoj\AppData\Local\Temp\ccvehG6g.s:4909   .text.HAL_SPI_Receive_DMA:00000174 $d
C:\Users\Domagoj\AppData\Local\Temp\ccvehG6g.s:4919   .text.HAL_SPI_Abort:00000000 $t
C:\Users\Domagoj\AppData\Local\Temp\ccvehG6g.s:4925   .text.HAL_SPI_Abort:00000000 HAL_SPI_Abort
C:\Users\Domagoj\AppData\Local\Temp\ccvehG6g.s:5293   .text.HAL_SPI_Abort:00000188 $d
C:\Users\Domagoj\AppData\Local\Temp\ccvehG6g.s:5301   .text.HAL_SPI_DMAPause:00000000 $t
C:\Users\Domagoj\AppData\Local\Temp\ccvehG6g.s:5307   .text.HAL_SPI_DMAPause:00000000 HAL_SPI_DMAPause
C:\Users\Domagoj\AppData\Local\Temp\ccvehG6g.s:5361   .text.HAL_SPI_DMAResume:00000000 $t
C:\Users\Domagoj\AppData\Local\Temp\ccvehG6g.s:5367   .text.HAL_SPI_DMAResume:00000000 HAL_SPI_DMAResume
C:\Users\Domagoj\AppData\Local\Temp\ccvehG6g.s:5421   .text.HAL_SPI_DMAStop:00000000 $t
C:\Users\Domagoj\AppData\Local\Temp\ccvehG6g.s:5427   .text.HAL_SPI_DMAStop:00000000 HAL_SPI_DMAStop
C:\Users\Domagoj\AppData\Local\Temp\ccvehG6g.s:5522   .text.HAL_SPI_TxCpltCallback:00000000 $t
C:\Users\Domagoj\AppData\Local\Temp\ccvehG6g.s:5528   .text.HAL_SPI_TxCpltCallback:00000000 HAL_SPI_TxCpltCallback
C:\Users\Domagoj\AppData\Local\Temp\ccvehG6g.s:5544   .text.HAL_SPI_RxCpltCallback:00000000 $t
C:\Users\Domagoj\AppData\Local\Temp\ccvehG6g.s:5550   .text.HAL_SPI_RxCpltCallback:00000000 HAL_SPI_RxCpltCallback
C:\Users\Domagoj\AppData\Local\Temp\ccvehG6g.s:5566   .text.HAL_SPI_TxRxCpltCallback:00000000 $t
C:\Users\Domagoj\AppData\Local\Temp\ccvehG6g.s:5572   .text.HAL_SPI_TxRxCpltCallback:00000000 HAL_SPI_TxRxCpltCallback
C:\Users\Domagoj\AppData\Local\Temp\ccvehG6g.s:5588   .text.HAL_SPI_TxHalfCpltCallback:00000000 $t
C:\Users\Domagoj\AppData\Local\Temp\ccvehG6g.s:5594   .text.HAL_SPI_TxHalfCpltCallback:00000000 HAL_SPI_TxHalfCpltCallback
C:\Users\Domagoj\AppData\Local\Temp\ccvehG6g.s:5610   .text.SPI_DMAHalfTransmitCplt:00000000 $t
C:\Users\Domagoj\AppData\Local\Temp\ccvehG6g.s:5642   .text.HAL_SPI_RxHalfCpltCallback:00000000 $t
C:\Users\Domagoj\AppData\Local\Temp\ccvehG6g.s:5648   .text.HAL_SPI_RxHalfCpltCallback:00000000 HAL_SPI_RxHalfCpltCallback
C:\Users\Domagoj\AppData\Local\Temp\ccvehG6g.s:5664   .text.SPI_DMAHalfReceiveCplt:00000000 $t
C:\Users\Domagoj\AppData\Local\Temp\ccvehG6g.s:5696   .text.HAL_SPI_TxRxHalfCpltCallback:00000000 $t
C:\Users\Domagoj\AppData\Local\Temp\ccvehG6g.s:5702   .text.HAL_SPI_TxRxHalfCpltCallback:00000000 HAL_SPI_TxRxHalfCpltCallback
C:\Users\Domagoj\AppData\Local\Temp\ccvehG6g.s:5718   .text.SPI_DMAHalfTransmitReceiveCplt:00000000 $t
C:\Users\Domagoj\AppData\Local\Temp\ccvehG6g.s:5750   .text.HAL_SPI_ErrorCallback:00000000 $t
C:\Users\Domagoj\AppData\Local\Temp\ccvehG6g.s:5756   .text.HAL_SPI_ErrorCallback:00000000 HAL_SPI_ErrorCallback
C:\Users\Domagoj\AppData\Local\Temp\ccvehG6g.s:5772   .text.SPI_CloseTx_ISR:00000000 $t
C:\Users\Domagoj\AppData\Local\Temp\ccvehG6g.s:5777   .text.SPI_CloseTx_ISR:00000000 SPI_CloseTx_ISR
C:\Users\Domagoj\AppData\Local\Temp\ccvehG6g.s:5881   .text.SPI_TxISR_8BIT:00000000 $t
C:\Users\Domagoj\AppData\Local\Temp\ccvehG6g.s:5943   .text.SPI_TxISR_16BIT:00000000 $t
C:\Users\Domagoj\AppData\Local\Temp\ccvehG6g.s:6005   .text.SPI_CloseRx_ISR:00000000 $t
C:\Users\Domagoj\AppData\Local\Temp\ccvehG6g.s:6010   .text.SPI_CloseRx_ISR:00000000 SPI_CloseRx_ISR
C:\Users\Domagoj\AppData\Local\Temp\ccvehG6g.s:6083   .text.SPI_RxISR_8BIT:00000000 $t
C:\Users\Domagoj\AppData\Local\Temp\ccvehG6g.s:6146   .text.SPI_RxISR_16BIT:00000000 $t
C:\Users\Domagoj\AppData\Local\Temp\ccvehG6g.s:6209   .text.SPI_CloseRxTx_ISR:00000000 $t
C:\Users\Domagoj\AppData\Local\Temp\ccvehG6g.s:6214   .text.SPI_CloseRxTx_ISR:00000000 SPI_CloseRxTx_ISR
C:\Users\Domagoj\AppData\Local\Temp\ccvehG6g.s:6315   .text.SPI_2linesTxISR_8BIT:00000000 $t
C:\Users\Domagoj\AppData\Local\Temp\ccvehG6g.s:6390   .text.SPI_2linesRxISR_8BIT:00000000 $t
C:\Users\Domagoj\AppData\Local\Temp\ccvehG6g.s:6525   .text.SPI_2linesTxISR_16BIT:00000000 $t
C:\Users\Domagoj\AppData\Local\Temp\ccvehG6g.s:6600   .text.SPI_2linesRxISR_16BIT:00000000 $t
C:\Users\Domagoj\AppData\Local\Temp\ccvehG6g.s:6675   .text.SPI_DMAError:00000000 $t
C:\Users\Domagoj\AppData\Local\Temp\ccvehG6g.s:6723   .text.SPI_DMATransmitCplt:00000000 $t
C:\Users\Domagoj\AppData\Local\Temp\ccvehG6g.s:6857   .text.SPI_DMAReceiveCplt:00000000 $t
C:\Users\Domagoj\AppData\Local\Temp\ccvehG6g.s:6990   .text.SPI_DMATransmitReceiveCplt:00000000 $t
C:\Users\Domagoj\AppData\Local\Temp\ccvehG6g.s:7103   .text.HAL_SPI_IRQHandler:00000000 $t
C:\Users\Domagoj\AppData\Local\Temp\ccvehG6g.s:7109   .text.HAL_SPI_IRQHandler:00000000 HAL_SPI_IRQHandler
ARM GAS  C:\Users\Domagoj\AppData\Local\Temp\ccvehG6g.s 			page 265


C:\Users\Domagoj\AppData\Local\Temp\ccvehG6g.s:7407   .text.HAL_SPI_IRQHandler:00000120 $d
C:\Users\Domagoj\AppData\Local\Temp\ccvehG6g.s:7417   .text.SPI_DMAAbortOnError:00000000 SPI_DMAAbortOnError
C:\Users\Domagoj\AppData\Local\Temp\ccvehG6g.s:7412   .text.SPI_DMAAbortOnError:00000000 $t
C:\Users\Domagoj\AppData\Local\Temp\ccvehG6g.s:7452   .text.HAL_SPI_AbortCpltCallback:00000000 $t
C:\Users\Domagoj\AppData\Local\Temp\ccvehG6g.s:7458   .text.HAL_SPI_AbortCpltCallback:00000000 HAL_SPI_AbortCpltCallback
C:\Users\Domagoj\AppData\Local\Temp\ccvehG6g.s:7474   .text.HAL_SPI_Abort_IT:00000000 $t
C:\Users\Domagoj\AppData\Local\Temp\ccvehG6g.s:7480   .text.HAL_SPI_Abort_IT:00000000 HAL_SPI_Abort_IT
C:\Users\Domagoj\AppData\Local\Temp\ccvehG6g.s:7830   .text.HAL_SPI_Abort_IT:00000144 $d
C:\Users\Domagoj\AppData\Local\Temp\ccvehG6g.s:8008   .text.SPI_DMATxAbortCallback:00000000 SPI_DMATxAbortCallback
C:\Users\Domagoj\AppData\Local\Temp\ccvehG6g.s:7845   .text.SPI_DMARxAbortCallback:00000000 SPI_DMARxAbortCallback
C:\Users\Domagoj\AppData\Local\Temp\ccvehG6g.s:7840   .text.SPI_DMARxAbortCallback:00000000 $t
C:\Users\Domagoj\AppData\Local\Temp\ccvehG6g.s:8003   .text.SPI_DMATxAbortCallback:00000000 $t
C:\Users\Domagoj\AppData\Local\Temp\ccvehG6g.s:8165   .text.HAL_SPI_GetState:00000000 $t
C:\Users\Domagoj\AppData\Local\Temp\ccvehG6g.s:8171   .text.HAL_SPI_GetState:00000000 HAL_SPI_GetState
C:\Users\Domagoj\AppData\Local\Temp\ccvehG6g.s:8193   .text.HAL_SPI_GetError:00000000 $t
C:\Users\Domagoj\AppData\Local\Temp\ccvehG6g.s:8199   .text.HAL_SPI_GetError:00000000 HAL_SPI_GetError

UNDEFINED SYMBOLS
HAL_GetTick
SystemCoreClock
__aeabi_uidiv
HAL_DMA_Start_IT
HAL_DMA_Abort
HAL_DMA_Abort_IT
