ARM GAS  C:\Users\Domagoj\AppData\Local\Temp\cccolMwP.s 			page 1


   1              		.cpu cortex-m0plus
   2              		.arch armv6s-m
   3              		.fpu softvfp
   4              		.eabi_attribute 20, 1
   5              		.eabi_attribute 21, 1
   6              		.eabi_attribute 23, 3
   7              		.eabi_attribute 24, 1
   8              		.eabi_attribute 25, 1
   9              		.eabi_attribute 26, 1
  10              		.eabi_attribute 30, 1
  11              		.eabi_attribute 34, 0
  12              		.eabi_attribute 18, 4
  13              		.file	"stm32g0xx_hal_dma.c"
  14              		.text
  15              	.Ltext0:
  16              		.cfi_sections	.debug_frame
  17              		.file 1 "Drivers/STM32G0xx_HAL_Driver/Src/stm32g0xx_hal_dma.c"
  18              		.section	.text.DMA_SetConfig,"ax",%progbits
  19              		.align	1
  20              		.syntax unified
  21              		.code	16
  22              		.thumb_func
  24              	DMA_SetConfig:
  25              	.LVL0:
  26              	.LFB375:
   1:Drivers/STM32G0xx_HAL_Driver/Src/stm32g0xx_hal_dma.c **** /**
   2:Drivers/STM32G0xx_HAL_Driver/Src/stm32g0xx_hal_dma.c ****   ******************************************************************************
   3:Drivers/STM32G0xx_HAL_Driver/Src/stm32g0xx_hal_dma.c ****   * @file    stm32g0xx_hal_dma.c
   4:Drivers/STM32G0xx_HAL_Driver/Src/stm32g0xx_hal_dma.c ****   * @author  MCD Application Team
   5:Drivers/STM32G0xx_HAL_Driver/Src/stm32g0xx_hal_dma.c ****   * @brief   DMA HAL module driver.
   6:Drivers/STM32G0xx_HAL_Driver/Src/stm32g0xx_hal_dma.c ****   *          This file provides firmware functions to manage the following
   7:Drivers/STM32G0xx_HAL_Driver/Src/stm32g0xx_hal_dma.c ****   *          functionalities of the Direct Memory Access (DMA) peripheral:
   8:Drivers/STM32G0xx_HAL_Driver/Src/stm32g0xx_hal_dma.c ****   *           + Initialization and de-initialization functions
   9:Drivers/STM32G0xx_HAL_Driver/Src/stm32g0xx_hal_dma.c ****   *           + IO operation functions
  10:Drivers/STM32G0xx_HAL_Driver/Src/stm32g0xx_hal_dma.c ****   *           + Peripheral State and errors functions
  11:Drivers/STM32G0xx_HAL_Driver/Src/stm32g0xx_hal_dma.c ****   *
  12:Drivers/STM32G0xx_HAL_Driver/Src/stm32g0xx_hal_dma.c ****   ******************************************************************************
  13:Drivers/STM32G0xx_HAL_Driver/Src/stm32g0xx_hal_dma.c ****   * @attention
  14:Drivers/STM32G0xx_HAL_Driver/Src/stm32g0xx_hal_dma.c ****   *
  15:Drivers/STM32G0xx_HAL_Driver/Src/stm32g0xx_hal_dma.c ****   * Copyright (c) 2018 STMicroelectronics.
  16:Drivers/STM32G0xx_HAL_Driver/Src/stm32g0xx_hal_dma.c ****   * All rights reserved.
  17:Drivers/STM32G0xx_HAL_Driver/Src/stm32g0xx_hal_dma.c ****   *
  18:Drivers/STM32G0xx_HAL_Driver/Src/stm32g0xx_hal_dma.c ****   * This software is licensed under terms that can be found in the LICENSE file
  19:Drivers/STM32G0xx_HAL_Driver/Src/stm32g0xx_hal_dma.c ****   * in the root directory of this software component.
  20:Drivers/STM32G0xx_HAL_Driver/Src/stm32g0xx_hal_dma.c ****   * If no LICENSE file comes with this software, it is provided AS-IS.
  21:Drivers/STM32G0xx_HAL_Driver/Src/stm32g0xx_hal_dma.c ****   *
  22:Drivers/STM32G0xx_HAL_Driver/Src/stm32g0xx_hal_dma.c ****   ******************************************************************************
  23:Drivers/STM32G0xx_HAL_Driver/Src/stm32g0xx_hal_dma.c ****   @verbatim
  24:Drivers/STM32G0xx_HAL_Driver/Src/stm32g0xx_hal_dma.c ****   ==============================================================================
  25:Drivers/STM32G0xx_HAL_Driver/Src/stm32g0xx_hal_dma.c ****                         ##### How to use this driver #####
  26:Drivers/STM32G0xx_HAL_Driver/Src/stm32g0xx_hal_dma.c ****   ==============================================================================
  27:Drivers/STM32G0xx_HAL_Driver/Src/stm32g0xx_hal_dma.c ****   [..]
  28:Drivers/STM32G0xx_HAL_Driver/Src/stm32g0xx_hal_dma.c ****    (#) Enable and configure the peripheral to be connected to the DMA Channel
  29:Drivers/STM32G0xx_HAL_Driver/Src/stm32g0xx_hal_dma.c ****        (except for internal SRAM / FLASH memories: no initialization is
  30:Drivers/STM32G0xx_HAL_Driver/Src/stm32g0xx_hal_dma.c ****        necessary). Please refer to the Reference manual for connection between peripherals
  31:Drivers/STM32G0xx_HAL_Driver/Src/stm32g0xx_hal_dma.c ****        and DMA requests.
  32:Drivers/STM32G0xx_HAL_Driver/Src/stm32g0xx_hal_dma.c **** 
ARM GAS  C:\Users\Domagoj\AppData\Local\Temp\cccolMwP.s 			page 2


  33:Drivers/STM32G0xx_HAL_Driver/Src/stm32g0xx_hal_dma.c ****    (#) For a given Channel, program the required configuration through the following parameters:
  34:Drivers/STM32G0xx_HAL_Driver/Src/stm32g0xx_hal_dma.c ****        Channel request, Transfer Direction, Source and Destination data formats,
  35:Drivers/STM32G0xx_HAL_Driver/Src/stm32g0xx_hal_dma.c ****        Circular or Normal mode, Channel Priority level, Source and Destination Increment mode
  36:Drivers/STM32G0xx_HAL_Driver/Src/stm32g0xx_hal_dma.c ****        using HAL_DMA_Init() function.
  37:Drivers/STM32G0xx_HAL_Driver/Src/stm32g0xx_hal_dma.c **** 
  38:Drivers/STM32G0xx_HAL_Driver/Src/stm32g0xx_hal_dma.c ****        Prior to HAL_DMA_Init the peripheral clock shall be enabled for both DMA & DMAMUX
  39:Drivers/STM32G0xx_HAL_Driver/Src/stm32g0xx_hal_dma.c ****        thanks to:
  40:Drivers/STM32G0xx_HAL_Driver/Src/stm32g0xx_hal_dma.c ****       (##) DMA1 or DMA2: __HAL_RCC_DMA1_CLK_ENABLE() or  __HAL_RCC_DMA2_CLK_ENABLE();
  41:Drivers/STM32G0xx_HAL_Driver/Src/stm32g0xx_hal_dma.c **** 
  42:Drivers/STM32G0xx_HAL_Driver/Src/stm32g0xx_hal_dma.c ****    (#) Use HAL_DMA_GetState() function to return the DMA state and HAL_DMA_GetError() in case of er
  43:Drivers/STM32G0xx_HAL_Driver/Src/stm32g0xx_hal_dma.c ****        detection.
  44:Drivers/STM32G0xx_HAL_Driver/Src/stm32g0xx_hal_dma.c **** 
  45:Drivers/STM32G0xx_HAL_Driver/Src/stm32g0xx_hal_dma.c ****    (#) Use HAL_DMA_Abort() function to abort the current transfer
  46:Drivers/STM32G0xx_HAL_Driver/Src/stm32g0xx_hal_dma.c **** 
  47:Drivers/STM32G0xx_HAL_Driver/Src/stm32g0xx_hal_dma.c ****      -@-   In Memory-to-Memory transfer mode, Circular mode is not allowed.
  48:Drivers/STM32G0xx_HAL_Driver/Src/stm32g0xx_hal_dma.c **** 
  49:Drivers/STM32G0xx_HAL_Driver/Src/stm32g0xx_hal_dma.c ****      *** Polling mode IO operation ***
  50:Drivers/STM32G0xx_HAL_Driver/Src/stm32g0xx_hal_dma.c ****      =================================
  51:Drivers/STM32G0xx_HAL_Driver/Src/stm32g0xx_hal_dma.c ****      [..]
  52:Drivers/STM32G0xx_HAL_Driver/Src/stm32g0xx_hal_dma.c ****        (+) Use HAL_DMA_Start() to start DMA transfer after the configuration of Source
  53:Drivers/STM32G0xx_HAL_Driver/Src/stm32g0xx_hal_dma.c ****            address and destination address and the Length of data to be transferred
  54:Drivers/STM32G0xx_HAL_Driver/Src/stm32g0xx_hal_dma.c ****        (+) Use HAL_DMA_PollForTransfer() to poll for the end of current transfer, in this
  55:Drivers/STM32G0xx_HAL_Driver/Src/stm32g0xx_hal_dma.c ****            case a fixed Timeout can be configured by User depending from his application.
  56:Drivers/STM32G0xx_HAL_Driver/Src/stm32g0xx_hal_dma.c **** 
  57:Drivers/STM32G0xx_HAL_Driver/Src/stm32g0xx_hal_dma.c ****      *** Interrupt mode IO operation ***
  58:Drivers/STM32G0xx_HAL_Driver/Src/stm32g0xx_hal_dma.c ****      ===================================
  59:Drivers/STM32G0xx_HAL_Driver/Src/stm32g0xx_hal_dma.c ****      [..]
  60:Drivers/STM32G0xx_HAL_Driver/Src/stm32g0xx_hal_dma.c ****        (+) Configure the DMA interrupt priority using HAL_NVIC_SetPriority()
  61:Drivers/STM32G0xx_HAL_Driver/Src/stm32g0xx_hal_dma.c ****        (+) Enable the DMA IRQ handler using HAL_NVIC_EnableIRQ()
  62:Drivers/STM32G0xx_HAL_Driver/Src/stm32g0xx_hal_dma.c ****        (+) Use HAL_DMA_Start_IT() to start DMA transfer after the configuration of
  63:Drivers/STM32G0xx_HAL_Driver/Src/stm32g0xx_hal_dma.c ****            Source address and destination address and the Length of data to be transferred.
  64:Drivers/STM32G0xx_HAL_Driver/Src/stm32g0xx_hal_dma.c ****            In this case the DMA interrupt is configured
  65:Drivers/STM32G0xx_HAL_Driver/Src/stm32g0xx_hal_dma.c ****        (+) Use HAL_DMA_IRQHandler() called under DMA_IRQHandler() Interrupt subroutine
  66:Drivers/STM32G0xx_HAL_Driver/Src/stm32g0xx_hal_dma.c ****        (+) At the end of data transfer HAL_DMA_IRQHandler() function is executed and user can
  67:Drivers/STM32G0xx_HAL_Driver/Src/stm32g0xx_hal_dma.c ****               add his own function to register callbacks with HAL_DMA_RegisterCallback().
  68:Drivers/STM32G0xx_HAL_Driver/Src/stm32g0xx_hal_dma.c **** 
  69:Drivers/STM32G0xx_HAL_Driver/Src/stm32g0xx_hal_dma.c ****      *** DMA HAL driver macros list ***
  70:Drivers/STM32G0xx_HAL_Driver/Src/stm32g0xx_hal_dma.c ****      =============================================
  71:Drivers/STM32G0xx_HAL_Driver/Src/stm32g0xx_hal_dma.c ****      [..]
  72:Drivers/STM32G0xx_HAL_Driver/Src/stm32g0xx_hal_dma.c ****        Below the list of macros in DMA HAL driver.
  73:Drivers/STM32G0xx_HAL_Driver/Src/stm32g0xx_hal_dma.c **** 
  74:Drivers/STM32G0xx_HAL_Driver/Src/stm32g0xx_hal_dma.c ****        (+) __HAL_DMA_ENABLE: Enable the specified DMA Channel.
  75:Drivers/STM32G0xx_HAL_Driver/Src/stm32g0xx_hal_dma.c ****        (+) __HAL_DMA_DISABLE: Disable the specified DMA Channel.
  76:Drivers/STM32G0xx_HAL_Driver/Src/stm32g0xx_hal_dma.c ****        (+) __HAL_DMA_GET_FLAG: Get the DMA Channel pending flags.
  77:Drivers/STM32G0xx_HAL_Driver/Src/stm32g0xx_hal_dma.c ****        (+) __HAL_DMA_CLEAR_FLAG: Clear the DMA Channel pending flags.
  78:Drivers/STM32G0xx_HAL_Driver/Src/stm32g0xx_hal_dma.c ****        (+) __HAL_DMA_ENABLE_IT: Enable the specified DMA Channel interrupts.
  79:Drivers/STM32G0xx_HAL_Driver/Src/stm32g0xx_hal_dma.c ****        (+) __HAL_DMA_DISABLE_IT: Disable the specified DMA Channel interrupts.
  80:Drivers/STM32G0xx_HAL_Driver/Src/stm32g0xx_hal_dma.c ****        (+) __HAL_DMA_GET_IT_SOURCE: Check whether the specified DMA Channel interrupt is enabled or
  81:Drivers/STM32G0xx_HAL_Driver/Src/stm32g0xx_hal_dma.c **** 
  82:Drivers/STM32G0xx_HAL_Driver/Src/stm32g0xx_hal_dma.c ****      [..]
  83:Drivers/STM32G0xx_HAL_Driver/Src/stm32g0xx_hal_dma.c ****       (@) You can refer to the DMA HAL driver header file for more useful macros
  84:Drivers/STM32G0xx_HAL_Driver/Src/stm32g0xx_hal_dma.c **** 
  85:Drivers/STM32G0xx_HAL_Driver/Src/stm32g0xx_hal_dma.c ****   @endverbatim
  86:Drivers/STM32G0xx_HAL_Driver/Src/stm32g0xx_hal_dma.c ****   ******************************************************************************
  87:Drivers/STM32G0xx_HAL_Driver/Src/stm32g0xx_hal_dma.c ****   */
  88:Drivers/STM32G0xx_HAL_Driver/Src/stm32g0xx_hal_dma.c **** 
  89:Drivers/STM32G0xx_HAL_Driver/Src/stm32g0xx_hal_dma.c **** /* Includes ------------------------------------------------------------------*/
ARM GAS  C:\Users\Domagoj\AppData\Local\Temp\cccolMwP.s 			page 3


  90:Drivers/STM32G0xx_HAL_Driver/Src/stm32g0xx_hal_dma.c **** #include "stm32g0xx_hal.h"
  91:Drivers/STM32G0xx_HAL_Driver/Src/stm32g0xx_hal_dma.c **** 
  92:Drivers/STM32G0xx_HAL_Driver/Src/stm32g0xx_hal_dma.c **** /** @addtogroup STM32G0xx_HAL_Driver
  93:Drivers/STM32G0xx_HAL_Driver/Src/stm32g0xx_hal_dma.c ****   * @{
  94:Drivers/STM32G0xx_HAL_Driver/Src/stm32g0xx_hal_dma.c ****   */
  95:Drivers/STM32G0xx_HAL_Driver/Src/stm32g0xx_hal_dma.c **** 
  96:Drivers/STM32G0xx_HAL_Driver/Src/stm32g0xx_hal_dma.c **** /** @defgroup DMA DMA
  97:Drivers/STM32G0xx_HAL_Driver/Src/stm32g0xx_hal_dma.c ****   * @brief DMA HAL module driver
  98:Drivers/STM32G0xx_HAL_Driver/Src/stm32g0xx_hal_dma.c ****   * @{
  99:Drivers/STM32G0xx_HAL_Driver/Src/stm32g0xx_hal_dma.c ****   */
 100:Drivers/STM32G0xx_HAL_Driver/Src/stm32g0xx_hal_dma.c **** 
 101:Drivers/STM32G0xx_HAL_Driver/Src/stm32g0xx_hal_dma.c **** #ifdef HAL_DMA_MODULE_ENABLED
 102:Drivers/STM32G0xx_HAL_Driver/Src/stm32g0xx_hal_dma.c **** 
 103:Drivers/STM32G0xx_HAL_Driver/Src/stm32g0xx_hal_dma.c **** /* Private typedef -----------------------------------------------------------*/
 104:Drivers/STM32G0xx_HAL_Driver/Src/stm32g0xx_hal_dma.c **** /* Private define ------------------------------------------------------------*/
 105:Drivers/STM32G0xx_HAL_Driver/Src/stm32g0xx_hal_dma.c **** /* Private macro -------------------------------------------------------------*/
 106:Drivers/STM32G0xx_HAL_Driver/Src/stm32g0xx_hal_dma.c **** /* Private variables ---------------------------------------------------------*/
 107:Drivers/STM32G0xx_HAL_Driver/Src/stm32g0xx_hal_dma.c **** /* Private function prototypes -----------------------------------------------*/
 108:Drivers/STM32G0xx_HAL_Driver/Src/stm32g0xx_hal_dma.c **** 
 109:Drivers/STM32G0xx_HAL_Driver/Src/stm32g0xx_hal_dma.c **** /** @defgroup DMA_Private_Functions DMA Private Functions
 110:Drivers/STM32G0xx_HAL_Driver/Src/stm32g0xx_hal_dma.c ****   * @{
 111:Drivers/STM32G0xx_HAL_Driver/Src/stm32g0xx_hal_dma.c ****   */
 112:Drivers/STM32G0xx_HAL_Driver/Src/stm32g0xx_hal_dma.c **** static void DMA_SetConfig(DMA_HandleTypeDef *hdma, uint32_t SrcAddress, uint32_t DstAddress, uint32
 113:Drivers/STM32G0xx_HAL_Driver/Src/stm32g0xx_hal_dma.c **** static void DMA_CalcDMAMUXChannelBaseAndMask(DMA_HandleTypeDef *hdma);
 114:Drivers/STM32G0xx_HAL_Driver/Src/stm32g0xx_hal_dma.c **** static void DMA_CalcDMAMUXRequestGenBaseAndMask(DMA_HandleTypeDef *hdma);
 115:Drivers/STM32G0xx_HAL_Driver/Src/stm32g0xx_hal_dma.c **** 
 116:Drivers/STM32G0xx_HAL_Driver/Src/stm32g0xx_hal_dma.c **** /**
 117:Drivers/STM32G0xx_HAL_Driver/Src/stm32g0xx_hal_dma.c ****   * @}
 118:Drivers/STM32G0xx_HAL_Driver/Src/stm32g0xx_hal_dma.c ****   */
 119:Drivers/STM32G0xx_HAL_Driver/Src/stm32g0xx_hal_dma.c **** 
 120:Drivers/STM32G0xx_HAL_Driver/Src/stm32g0xx_hal_dma.c **** /* Exported functions ---------------------------------------------------------*/
 121:Drivers/STM32G0xx_HAL_Driver/Src/stm32g0xx_hal_dma.c **** 
 122:Drivers/STM32G0xx_HAL_Driver/Src/stm32g0xx_hal_dma.c **** /** @defgroup DMA_Exported_Functions DMA Exported Functions
 123:Drivers/STM32G0xx_HAL_Driver/Src/stm32g0xx_hal_dma.c ****   * @{
 124:Drivers/STM32G0xx_HAL_Driver/Src/stm32g0xx_hal_dma.c ****   */
 125:Drivers/STM32G0xx_HAL_Driver/Src/stm32g0xx_hal_dma.c **** 
 126:Drivers/STM32G0xx_HAL_Driver/Src/stm32g0xx_hal_dma.c **** /** @defgroup DMA_Exported_Functions_Group1 Initialization and de-initialization functions
 127:Drivers/STM32G0xx_HAL_Driver/Src/stm32g0xx_hal_dma.c ****   *  @brief   Initialization and de-initialization functions
 128:Drivers/STM32G0xx_HAL_Driver/Src/stm32g0xx_hal_dma.c ****   *
 129:Drivers/STM32G0xx_HAL_Driver/Src/stm32g0xx_hal_dma.c **** @verbatim
 130:Drivers/STM32G0xx_HAL_Driver/Src/stm32g0xx_hal_dma.c ****  ===============================================================================
 131:Drivers/STM32G0xx_HAL_Driver/Src/stm32g0xx_hal_dma.c ****              ##### Initialization and de-initialization functions  #####
 132:Drivers/STM32G0xx_HAL_Driver/Src/stm32g0xx_hal_dma.c ****  ===============================================================================
 133:Drivers/STM32G0xx_HAL_Driver/Src/stm32g0xx_hal_dma.c ****     [..]
 134:Drivers/STM32G0xx_HAL_Driver/Src/stm32g0xx_hal_dma.c ****     This section provides functions allowing to initialize the DMA Channel source
 135:Drivers/STM32G0xx_HAL_Driver/Src/stm32g0xx_hal_dma.c ****     and destination addresses, incrementation and data sizes, transfer direction,
 136:Drivers/STM32G0xx_HAL_Driver/Src/stm32g0xx_hal_dma.c ****     circular/normal mode selection, memory-to-memory mode selection and Channel priority value.
 137:Drivers/STM32G0xx_HAL_Driver/Src/stm32g0xx_hal_dma.c ****     [..]
 138:Drivers/STM32G0xx_HAL_Driver/Src/stm32g0xx_hal_dma.c ****     The HAL_DMA_Init() function follows the DMA configuration procedures as described in
 139:Drivers/STM32G0xx_HAL_Driver/Src/stm32g0xx_hal_dma.c ****     reference manual.
 140:Drivers/STM32G0xx_HAL_Driver/Src/stm32g0xx_hal_dma.c **** 
 141:Drivers/STM32G0xx_HAL_Driver/Src/stm32g0xx_hal_dma.c **** @endverbatim
 142:Drivers/STM32G0xx_HAL_Driver/Src/stm32g0xx_hal_dma.c ****   * @{
 143:Drivers/STM32G0xx_HAL_Driver/Src/stm32g0xx_hal_dma.c ****   */
 144:Drivers/STM32G0xx_HAL_Driver/Src/stm32g0xx_hal_dma.c **** 
 145:Drivers/STM32G0xx_HAL_Driver/Src/stm32g0xx_hal_dma.c **** /**
 146:Drivers/STM32G0xx_HAL_Driver/Src/stm32g0xx_hal_dma.c ****   * @brief Initialize the DMA according to the specified
ARM GAS  C:\Users\Domagoj\AppData\Local\Temp\cccolMwP.s 			page 4


 147:Drivers/STM32G0xx_HAL_Driver/Src/stm32g0xx_hal_dma.c ****   *        parameters in the DMA_InitTypeDef and initialize the associated handle.
 148:Drivers/STM32G0xx_HAL_Driver/Src/stm32g0xx_hal_dma.c ****   * @param hdma Pointer to a DMA_HandleTypeDef structure that contains
 149:Drivers/STM32G0xx_HAL_Driver/Src/stm32g0xx_hal_dma.c ****   *             the configuration information for the specified DMA Channel.
 150:Drivers/STM32G0xx_HAL_Driver/Src/stm32g0xx_hal_dma.c ****   * @retval HAL status
 151:Drivers/STM32G0xx_HAL_Driver/Src/stm32g0xx_hal_dma.c ****   */
 152:Drivers/STM32G0xx_HAL_Driver/Src/stm32g0xx_hal_dma.c **** HAL_StatusTypeDef HAL_DMA_Init(DMA_HandleTypeDef *hdma)
 153:Drivers/STM32G0xx_HAL_Driver/Src/stm32g0xx_hal_dma.c **** {
 154:Drivers/STM32G0xx_HAL_Driver/Src/stm32g0xx_hal_dma.c ****   /* Check the DMA handle allocation */
 155:Drivers/STM32G0xx_HAL_Driver/Src/stm32g0xx_hal_dma.c ****   if (hdma == NULL)
 156:Drivers/STM32G0xx_HAL_Driver/Src/stm32g0xx_hal_dma.c ****   {
 157:Drivers/STM32G0xx_HAL_Driver/Src/stm32g0xx_hal_dma.c ****     return HAL_ERROR;
 158:Drivers/STM32G0xx_HAL_Driver/Src/stm32g0xx_hal_dma.c ****   }
 159:Drivers/STM32G0xx_HAL_Driver/Src/stm32g0xx_hal_dma.c **** 
 160:Drivers/STM32G0xx_HAL_Driver/Src/stm32g0xx_hal_dma.c ****   /* Check the parameters */
 161:Drivers/STM32G0xx_HAL_Driver/Src/stm32g0xx_hal_dma.c ****   assert_param(IS_DMA_ALL_INSTANCE(hdma->Instance));
 162:Drivers/STM32G0xx_HAL_Driver/Src/stm32g0xx_hal_dma.c ****   assert_param(IS_DMA_DIRECTION(hdma->Init.Direction));
 163:Drivers/STM32G0xx_HAL_Driver/Src/stm32g0xx_hal_dma.c ****   assert_param(IS_DMA_PERIPHERAL_INC_STATE(hdma->Init.PeriphInc));
 164:Drivers/STM32G0xx_HAL_Driver/Src/stm32g0xx_hal_dma.c ****   assert_param(IS_DMA_MEMORY_INC_STATE(hdma->Init.MemInc));
 165:Drivers/STM32G0xx_HAL_Driver/Src/stm32g0xx_hal_dma.c ****   assert_param(IS_DMA_PERIPHERAL_DATA_SIZE(hdma->Init.PeriphDataAlignment));
 166:Drivers/STM32G0xx_HAL_Driver/Src/stm32g0xx_hal_dma.c ****   assert_param(IS_DMA_MEMORY_DATA_SIZE(hdma->Init.MemDataAlignment));
 167:Drivers/STM32G0xx_HAL_Driver/Src/stm32g0xx_hal_dma.c ****   assert_param(IS_DMA_MODE(hdma->Init.Mode));
 168:Drivers/STM32G0xx_HAL_Driver/Src/stm32g0xx_hal_dma.c ****   assert_param(IS_DMA_PRIORITY(hdma->Init.Priority));
 169:Drivers/STM32G0xx_HAL_Driver/Src/stm32g0xx_hal_dma.c **** 
 170:Drivers/STM32G0xx_HAL_Driver/Src/stm32g0xx_hal_dma.c ****   assert_param(IS_DMA_ALL_REQUEST(hdma->Init.Request));
 171:Drivers/STM32G0xx_HAL_Driver/Src/stm32g0xx_hal_dma.c **** 
 172:Drivers/STM32G0xx_HAL_Driver/Src/stm32g0xx_hal_dma.c ****   /* Compute the channel index */
 173:Drivers/STM32G0xx_HAL_Driver/Src/stm32g0xx_hal_dma.c **** #if defined(DMA2)
 174:Drivers/STM32G0xx_HAL_Driver/Src/stm32g0xx_hal_dma.c ****   if ((uint32_t)(hdma->Instance) < (uint32_t)(DMA2_Channel1))
 175:Drivers/STM32G0xx_HAL_Driver/Src/stm32g0xx_hal_dma.c ****   {
 176:Drivers/STM32G0xx_HAL_Driver/Src/stm32g0xx_hal_dma.c ****     /* DMA1 */
 177:Drivers/STM32G0xx_HAL_Driver/Src/stm32g0xx_hal_dma.c ****     hdma->ChannelIndex = (((uint32_t)hdma->Instance - (uint32_t)DMA1_Channel1) / ((uint32_t)DMA1_Ch
 178:Drivers/STM32G0xx_HAL_Driver/Src/stm32g0xx_hal_dma.c ****     hdma->DmaBaseAddress = DMA1;
 179:Drivers/STM32G0xx_HAL_Driver/Src/stm32g0xx_hal_dma.c ****   }
 180:Drivers/STM32G0xx_HAL_Driver/Src/stm32g0xx_hal_dma.c ****   else
 181:Drivers/STM32G0xx_HAL_Driver/Src/stm32g0xx_hal_dma.c ****   {
 182:Drivers/STM32G0xx_HAL_Driver/Src/stm32g0xx_hal_dma.c ****     /* DMA2 */
 183:Drivers/STM32G0xx_HAL_Driver/Src/stm32g0xx_hal_dma.c ****     hdma->ChannelIndex = (((uint32_t)hdma->Instance - (uint32_t)DMA2_Channel1) / ((uint32_t)DMA2_Ch
 184:Drivers/STM32G0xx_HAL_Driver/Src/stm32g0xx_hal_dma.c ****     hdma->DmaBaseAddress = DMA2;
 185:Drivers/STM32G0xx_HAL_Driver/Src/stm32g0xx_hal_dma.c ****   }
 186:Drivers/STM32G0xx_HAL_Driver/Src/stm32g0xx_hal_dma.c **** #else
 187:Drivers/STM32G0xx_HAL_Driver/Src/stm32g0xx_hal_dma.c ****   hdma->ChannelIndex = (((uint32_t)hdma->Instance - (uint32_t)DMA1_Channel1) / ((uint32_t)DMA1_Chan
 188:Drivers/STM32G0xx_HAL_Driver/Src/stm32g0xx_hal_dma.c **** #endif /* DMA2 */
 189:Drivers/STM32G0xx_HAL_Driver/Src/stm32g0xx_hal_dma.c **** 
 190:Drivers/STM32G0xx_HAL_Driver/Src/stm32g0xx_hal_dma.c ****   /* Change DMA peripheral state */
 191:Drivers/STM32G0xx_HAL_Driver/Src/stm32g0xx_hal_dma.c ****   hdma->State = HAL_DMA_STATE_BUSY;
 192:Drivers/STM32G0xx_HAL_Driver/Src/stm32g0xx_hal_dma.c **** 
 193:Drivers/STM32G0xx_HAL_Driver/Src/stm32g0xx_hal_dma.c ****   /* Clear PL, MSIZE, PSIZE, MINC, PINC, CIRC, DIR and MEM2MEM bits */
 194:Drivers/STM32G0xx_HAL_Driver/Src/stm32g0xx_hal_dma.c ****   CLEAR_BIT(hdma->Instance->CCR, (DMA_CCR_PL    | DMA_CCR_MSIZE  | DMA_CCR_PSIZE  | \
 195:Drivers/STM32G0xx_HAL_Driver/Src/stm32g0xx_hal_dma.c ****                                   DMA_CCR_MINC  | DMA_CCR_PINC   | DMA_CCR_CIRC   | \
 196:Drivers/STM32G0xx_HAL_Driver/Src/stm32g0xx_hal_dma.c ****                                   DMA_CCR_DIR   | DMA_CCR_MEM2MEM));
 197:Drivers/STM32G0xx_HAL_Driver/Src/stm32g0xx_hal_dma.c **** 
 198:Drivers/STM32G0xx_HAL_Driver/Src/stm32g0xx_hal_dma.c ****   /* Set the DMA Channel configuration */
 199:Drivers/STM32G0xx_HAL_Driver/Src/stm32g0xx_hal_dma.c ****   SET_BIT(hdma->Instance->CCR, (hdma->Init.Direction           |                               \
 200:Drivers/STM32G0xx_HAL_Driver/Src/stm32g0xx_hal_dma.c ****                                 hdma->Init.PeriphInc           | hdma->Init.MemInc           | \
 201:Drivers/STM32G0xx_HAL_Driver/Src/stm32g0xx_hal_dma.c ****                                 hdma->Init.PeriphDataAlignment | hdma->Init.MemDataAlignment | \
 202:Drivers/STM32G0xx_HAL_Driver/Src/stm32g0xx_hal_dma.c ****                                 hdma->Init.Mode                | hdma->Init.Priority));
 203:Drivers/STM32G0xx_HAL_Driver/Src/stm32g0xx_hal_dma.c **** 
ARM GAS  C:\Users\Domagoj\AppData\Local\Temp\cccolMwP.s 			page 5


 204:Drivers/STM32G0xx_HAL_Driver/Src/stm32g0xx_hal_dma.c ****   /* Initialize parameters for DMAMUX channel :
 205:Drivers/STM32G0xx_HAL_Driver/Src/stm32g0xx_hal_dma.c ****      DMAmuxChannel, DMAmuxChannelStatus and DMAmuxChannelStatusMask
 206:Drivers/STM32G0xx_HAL_Driver/Src/stm32g0xx_hal_dma.c ****   */
 207:Drivers/STM32G0xx_HAL_Driver/Src/stm32g0xx_hal_dma.c ****   DMA_CalcDMAMUXChannelBaseAndMask(hdma);
 208:Drivers/STM32G0xx_HAL_Driver/Src/stm32g0xx_hal_dma.c **** 
 209:Drivers/STM32G0xx_HAL_Driver/Src/stm32g0xx_hal_dma.c ****   if (hdma->Init.Direction == DMA_MEMORY_TO_MEMORY)
 210:Drivers/STM32G0xx_HAL_Driver/Src/stm32g0xx_hal_dma.c ****   {
 211:Drivers/STM32G0xx_HAL_Driver/Src/stm32g0xx_hal_dma.c ****     /* if memory to memory force the request to 0*/
 212:Drivers/STM32G0xx_HAL_Driver/Src/stm32g0xx_hal_dma.c ****     hdma->Init.Request = DMA_REQUEST_MEM2MEM;
 213:Drivers/STM32G0xx_HAL_Driver/Src/stm32g0xx_hal_dma.c ****   }
 214:Drivers/STM32G0xx_HAL_Driver/Src/stm32g0xx_hal_dma.c **** 
 215:Drivers/STM32G0xx_HAL_Driver/Src/stm32g0xx_hal_dma.c ****   /* Set peripheral request  to DMAMUX channel */
 216:Drivers/STM32G0xx_HAL_Driver/Src/stm32g0xx_hal_dma.c ****   hdma->DMAmuxChannel->CCR = (hdma->Init.Request & DMAMUX_CxCR_DMAREQ_ID);
 217:Drivers/STM32G0xx_HAL_Driver/Src/stm32g0xx_hal_dma.c **** 
 218:Drivers/STM32G0xx_HAL_Driver/Src/stm32g0xx_hal_dma.c ****   /* Clear the DMAMUX synchro overrun flag */
 219:Drivers/STM32G0xx_HAL_Driver/Src/stm32g0xx_hal_dma.c ****   hdma->DMAmuxChannelStatus->CFR = hdma->DMAmuxChannelStatusMask;
 220:Drivers/STM32G0xx_HAL_Driver/Src/stm32g0xx_hal_dma.c **** 
 221:Drivers/STM32G0xx_HAL_Driver/Src/stm32g0xx_hal_dma.c ****   if (((hdma->Init.Request >  0UL) && (hdma->Init.Request <= DMA_REQUEST_GENERATOR3)))
 222:Drivers/STM32G0xx_HAL_Driver/Src/stm32g0xx_hal_dma.c ****   {
 223:Drivers/STM32G0xx_HAL_Driver/Src/stm32g0xx_hal_dma.c ****     /* Initialize parameters for DMAMUX request generator :
 224:Drivers/STM32G0xx_HAL_Driver/Src/stm32g0xx_hal_dma.c ****        DMAmuxRequestGen, DMAmuxRequestGenStatus and DMAmuxRequestGenStatusMask
 225:Drivers/STM32G0xx_HAL_Driver/Src/stm32g0xx_hal_dma.c ****     */
 226:Drivers/STM32G0xx_HAL_Driver/Src/stm32g0xx_hal_dma.c ****     DMA_CalcDMAMUXRequestGenBaseAndMask(hdma);
 227:Drivers/STM32G0xx_HAL_Driver/Src/stm32g0xx_hal_dma.c **** 
 228:Drivers/STM32G0xx_HAL_Driver/Src/stm32g0xx_hal_dma.c ****     /* Reset the DMAMUX request generator register*/
 229:Drivers/STM32G0xx_HAL_Driver/Src/stm32g0xx_hal_dma.c ****     hdma->DMAmuxRequestGen->RGCR = 0U;
 230:Drivers/STM32G0xx_HAL_Driver/Src/stm32g0xx_hal_dma.c **** 
 231:Drivers/STM32G0xx_HAL_Driver/Src/stm32g0xx_hal_dma.c ****     /* Clear the DMAMUX request generator overrun flag */
 232:Drivers/STM32G0xx_HAL_Driver/Src/stm32g0xx_hal_dma.c ****     hdma->DMAmuxRequestGenStatus->RGCFR = hdma->DMAmuxRequestGenStatusMask;
 233:Drivers/STM32G0xx_HAL_Driver/Src/stm32g0xx_hal_dma.c ****   }
 234:Drivers/STM32G0xx_HAL_Driver/Src/stm32g0xx_hal_dma.c ****   else
 235:Drivers/STM32G0xx_HAL_Driver/Src/stm32g0xx_hal_dma.c ****   {
 236:Drivers/STM32G0xx_HAL_Driver/Src/stm32g0xx_hal_dma.c ****     hdma->DMAmuxRequestGen = 0U;
 237:Drivers/STM32G0xx_HAL_Driver/Src/stm32g0xx_hal_dma.c ****     hdma->DMAmuxRequestGenStatus = 0U;
 238:Drivers/STM32G0xx_HAL_Driver/Src/stm32g0xx_hal_dma.c ****     hdma->DMAmuxRequestGenStatusMask = 0U;
 239:Drivers/STM32G0xx_HAL_Driver/Src/stm32g0xx_hal_dma.c ****   }
 240:Drivers/STM32G0xx_HAL_Driver/Src/stm32g0xx_hal_dma.c **** 
 241:Drivers/STM32G0xx_HAL_Driver/Src/stm32g0xx_hal_dma.c ****   /* Initialize the error code */
 242:Drivers/STM32G0xx_HAL_Driver/Src/stm32g0xx_hal_dma.c ****   hdma->ErrorCode = HAL_DMA_ERROR_NONE;
 243:Drivers/STM32G0xx_HAL_Driver/Src/stm32g0xx_hal_dma.c **** 
 244:Drivers/STM32G0xx_HAL_Driver/Src/stm32g0xx_hal_dma.c ****   /* Initialize the DMA state*/
 245:Drivers/STM32G0xx_HAL_Driver/Src/stm32g0xx_hal_dma.c ****   hdma->State = HAL_DMA_STATE_READY;
 246:Drivers/STM32G0xx_HAL_Driver/Src/stm32g0xx_hal_dma.c **** 
 247:Drivers/STM32G0xx_HAL_Driver/Src/stm32g0xx_hal_dma.c ****   /* Release Lock */
 248:Drivers/STM32G0xx_HAL_Driver/Src/stm32g0xx_hal_dma.c ****   __HAL_UNLOCK(hdma);
 249:Drivers/STM32G0xx_HAL_Driver/Src/stm32g0xx_hal_dma.c **** 
 250:Drivers/STM32G0xx_HAL_Driver/Src/stm32g0xx_hal_dma.c ****   return HAL_OK;
 251:Drivers/STM32G0xx_HAL_Driver/Src/stm32g0xx_hal_dma.c **** }
 252:Drivers/STM32G0xx_HAL_Driver/Src/stm32g0xx_hal_dma.c **** 
 253:Drivers/STM32G0xx_HAL_Driver/Src/stm32g0xx_hal_dma.c **** /**
 254:Drivers/STM32G0xx_HAL_Driver/Src/stm32g0xx_hal_dma.c ****   * @brief DeInitialize the DMA peripheral.
 255:Drivers/STM32G0xx_HAL_Driver/Src/stm32g0xx_hal_dma.c ****   * @param hdma Pointer to a DMA_HandleTypeDef structure that contains
 256:Drivers/STM32G0xx_HAL_Driver/Src/stm32g0xx_hal_dma.c ****   *             the configuration information for the specified DMA Channel.
 257:Drivers/STM32G0xx_HAL_Driver/Src/stm32g0xx_hal_dma.c ****   * @retval HAL status
 258:Drivers/STM32G0xx_HAL_Driver/Src/stm32g0xx_hal_dma.c ****   */
 259:Drivers/STM32G0xx_HAL_Driver/Src/stm32g0xx_hal_dma.c **** HAL_StatusTypeDef HAL_DMA_DeInit(DMA_HandleTypeDef *hdma)
 260:Drivers/STM32G0xx_HAL_Driver/Src/stm32g0xx_hal_dma.c **** {
ARM GAS  C:\Users\Domagoj\AppData\Local\Temp\cccolMwP.s 			page 6


 261:Drivers/STM32G0xx_HAL_Driver/Src/stm32g0xx_hal_dma.c ****   /* Check the DMA handle allocation */
 262:Drivers/STM32G0xx_HAL_Driver/Src/stm32g0xx_hal_dma.c ****   if (NULL == hdma)
 263:Drivers/STM32G0xx_HAL_Driver/Src/stm32g0xx_hal_dma.c ****   {
 264:Drivers/STM32G0xx_HAL_Driver/Src/stm32g0xx_hal_dma.c ****     return HAL_ERROR;
 265:Drivers/STM32G0xx_HAL_Driver/Src/stm32g0xx_hal_dma.c ****   }
 266:Drivers/STM32G0xx_HAL_Driver/Src/stm32g0xx_hal_dma.c **** 
 267:Drivers/STM32G0xx_HAL_Driver/Src/stm32g0xx_hal_dma.c ****   /* Check the parameters */
 268:Drivers/STM32G0xx_HAL_Driver/Src/stm32g0xx_hal_dma.c ****   assert_param(IS_DMA_ALL_INSTANCE(hdma->Instance));
 269:Drivers/STM32G0xx_HAL_Driver/Src/stm32g0xx_hal_dma.c **** 
 270:Drivers/STM32G0xx_HAL_Driver/Src/stm32g0xx_hal_dma.c ****   /* Disable the selected DMA Channelx */
 271:Drivers/STM32G0xx_HAL_Driver/Src/stm32g0xx_hal_dma.c ****   __HAL_DMA_DISABLE(hdma);
 272:Drivers/STM32G0xx_HAL_Driver/Src/stm32g0xx_hal_dma.c **** 
 273:Drivers/STM32G0xx_HAL_Driver/Src/stm32g0xx_hal_dma.c ****   /* Compute the channel index */
 274:Drivers/STM32G0xx_HAL_Driver/Src/stm32g0xx_hal_dma.c **** #if defined(DMA2)
 275:Drivers/STM32G0xx_HAL_Driver/Src/stm32g0xx_hal_dma.c ****   if ((uint32_t)(hdma->Instance) < (uint32_t)(DMA2_Channel1))
 276:Drivers/STM32G0xx_HAL_Driver/Src/stm32g0xx_hal_dma.c ****   {
 277:Drivers/STM32G0xx_HAL_Driver/Src/stm32g0xx_hal_dma.c ****     /* DMA1 */
 278:Drivers/STM32G0xx_HAL_Driver/Src/stm32g0xx_hal_dma.c ****     hdma->ChannelIndex = (((uint32_t)hdma->Instance - (uint32_t)DMA1_Channel1) / ((uint32_t)DMA1_Ch
 279:Drivers/STM32G0xx_HAL_Driver/Src/stm32g0xx_hal_dma.c ****     hdma->DmaBaseAddress = DMA1;
 280:Drivers/STM32G0xx_HAL_Driver/Src/stm32g0xx_hal_dma.c ****   }
 281:Drivers/STM32G0xx_HAL_Driver/Src/stm32g0xx_hal_dma.c ****   else
 282:Drivers/STM32G0xx_HAL_Driver/Src/stm32g0xx_hal_dma.c ****   {
 283:Drivers/STM32G0xx_HAL_Driver/Src/stm32g0xx_hal_dma.c ****     /* DMA2 */
 284:Drivers/STM32G0xx_HAL_Driver/Src/stm32g0xx_hal_dma.c ****     hdma->ChannelIndex = (((uint32_t)hdma->Instance - (uint32_t)DMA2_Channel1) / ((uint32_t)DMA2_Ch
 285:Drivers/STM32G0xx_HAL_Driver/Src/stm32g0xx_hal_dma.c ****     hdma->DmaBaseAddress = DMA2;
 286:Drivers/STM32G0xx_HAL_Driver/Src/stm32g0xx_hal_dma.c ****   }
 287:Drivers/STM32G0xx_HAL_Driver/Src/stm32g0xx_hal_dma.c **** #else
 288:Drivers/STM32G0xx_HAL_Driver/Src/stm32g0xx_hal_dma.c ****   hdma->ChannelIndex = (((uint32_t)hdma->Instance - (uint32_t)DMA1_Channel1) / ((uint32_t)DMA1_Chan
 289:Drivers/STM32G0xx_HAL_Driver/Src/stm32g0xx_hal_dma.c **** #endif /* DMA2 */
 290:Drivers/STM32G0xx_HAL_Driver/Src/stm32g0xx_hal_dma.c **** 
 291:Drivers/STM32G0xx_HAL_Driver/Src/stm32g0xx_hal_dma.c ****   /* Reset DMA Channel control register */
 292:Drivers/STM32G0xx_HAL_Driver/Src/stm32g0xx_hal_dma.c ****   hdma->Instance->CCR = 0U;
 293:Drivers/STM32G0xx_HAL_Driver/Src/stm32g0xx_hal_dma.c **** 
 294:Drivers/STM32G0xx_HAL_Driver/Src/stm32g0xx_hal_dma.c ****   /* Clear all flags */
 295:Drivers/STM32G0xx_HAL_Driver/Src/stm32g0xx_hal_dma.c **** #if defined(DMA2)
 296:Drivers/STM32G0xx_HAL_Driver/Src/stm32g0xx_hal_dma.c ****   hdma->DmaBaseAddress->IFCR = (DMA_ISR_GIF1 << (hdma->ChannelIndex & 0x1CU));
 297:Drivers/STM32G0xx_HAL_Driver/Src/stm32g0xx_hal_dma.c **** #else
 298:Drivers/STM32G0xx_HAL_Driver/Src/stm32g0xx_hal_dma.c ****   __HAL_DMA_CLEAR_FLAG(hdma, (DMA_FLAG_GI1 << (hdma->ChannelIndex & 0x1CU)));
 299:Drivers/STM32G0xx_HAL_Driver/Src/stm32g0xx_hal_dma.c **** #endif /* DMA2 */
 300:Drivers/STM32G0xx_HAL_Driver/Src/stm32g0xx_hal_dma.c **** 
 301:Drivers/STM32G0xx_HAL_Driver/Src/stm32g0xx_hal_dma.c ****   /* Initialize parameters for DMAMUX channel :
 302:Drivers/STM32G0xx_HAL_Driver/Src/stm32g0xx_hal_dma.c ****      DMAmuxChannel, DMAmuxChannelStatus and DMAmuxChannelStatusMask */
 303:Drivers/STM32G0xx_HAL_Driver/Src/stm32g0xx_hal_dma.c **** 
 304:Drivers/STM32G0xx_HAL_Driver/Src/stm32g0xx_hal_dma.c ****   DMA_CalcDMAMUXChannelBaseAndMask(hdma);
 305:Drivers/STM32G0xx_HAL_Driver/Src/stm32g0xx_hal_dma.c **** 
 306:Drivers/STM32G0xx_HAL_Driver/Src/stm32g0xx_hal_dma.c ****   /* Reset the DMAMUX channel that corresponds to the DMA channel */
 307:Drivers/STM32G0xx_HAL_Driver/Src/stm32g0xx_hal_dma.c ****   hdma->DMAmuxChannel->CCR = 0U;
 308:Drivers/STM32G0xx_HAL_Driver/Src/stm32g0xx_hal_dma.c **** 
 309:Drivers/STM32G0xx_HAL_Driver/Src/stm32g0xx_hal_dma.c ****   /* Clear the DMAMUX synchro overrun flag */
 310:Drivers/STM32G0xx_HAL_Driver/Src/stm32g0xx_hal_dma.c ****   hdma->DMAmuxChannelStatus->CFR = hdma->DMAmuxChannelStatusMask;
 311:Drivers/STM32G0xx_HAL_Driver/Src/stm32g0xx_hal_dma.c **** 
 312:Drivers/STM32G0xx_HAL_Driver/Src/stm32g0xx_hal_dma.c ****   /* Reset Request generator parameters if any */
 313:Drivers/STM32G0xx_HAL_Driver/Src/stm32g0xx_hal_dma.c ****   if (((hdma->Init.Request >  0UL) && (hdma->Init.Request <= DMA_REQUEST_GENERATOR3)))
 314:Drivers/STM32G0xx_HAL_Driver/Src/stm32g0xx_hal_dma.c ****   {
 315:Drivers/STM32G0xx_HAL_Driver/Src/stm32g0xx_hal_dma.c ****     /* Initialize parameters for DMAMUX request generator :
 316:Drivers/STM32G0xx_HAL_Driver/Src/stm32g0xx_hal_dma.c ****        DMAmuxRequestGen, DMAmuxRequestGenStatus and DMAmuxRequestGenStatusMask
 317:Drivers/STM32G0xx_HAL_Driver/Src/stm32g0xx_hal_dma.c ****     */
ARM GAS  C:\Users\Domagoj\AppData\Local\Temp\cccolMwP.s 			page 7


 318:Drivers/STM32G0xx_HAL_Driver/Src/stm32g0xx_hal_dma.c ****     DMA_CalcDMAMUXRequestGenBaseAndMask(hdma);
 319:Drivers/STM32G0xx_HAL_Driver/Src/stm32g0xx_hal_dma.c **** 
 320:Drivers/STM32G0xx_HAL_Driver/Src/stm32g0xx_hal_dma.c ****     /* Reset the DMAMUX request generator register*/
 321:Drivers/STM32G0xx_HAL_Driver/Src/stm32g0xx_hal_dma.c ****     hdma->DMAmuxRequestGen->RGCR = 0U;
 322:Drivers/STM32G0xx_HAL_Driver/Src/stm32g0xx_hal_dma.c **** 
 323:Drivers/STM32G0xx_HAL_Driver/Src/stm32g0xx_hal_dma.c ****     /* Clear the DMAMUX request generator overrun flag */
 324:Drivers/STM32G0xx_HAL_Driver/Src/stm32g0xx_hal_dma.c ****     hdma->DMAmuxRequestGenStatus->RGCFR = hdma->DMAmuxRequestGenStatusMask;
 325:Drivers/STM32G0xx_HAL_Driver/Src/stm32g0xx_hal_dma.c ****   }
 326:Drivers/STM32G0xx_HAL_Driver/Src/stm32g0xx_hal_dma.c **** 
 327:Drivers/STM32G0xx_HAL_Driver/Src/stm32g0xx_hal_dma.c ****   hdma->DMAmuxRequestGen = 0U;
 328:Drivers/STM32G0xx_HAL_Driver/Src/stm32g0xx_hal_dma.c ****   hdma->DMAmuxRequestGenStatus = 0U;
 329:Drivers/STM32G0xx_HAL_Driver/Src/stm32g0xx_hal_dma.c ****   hdma->DMAmuxRequestGenStatusMask = 0U;
 330:Drivers/STM32G0xx_HAL_Driver/Src/stm32g0xx_hal_dma.c **** 
 331:Drivers/STM32G0xx_HAL_Driver/Src/stm32g0xx_hal_dma.c ****   /* Clean callbacks */
 332:Drivers/STM32G0xx_HAL_Driver/Src/stm32g0xx_hal_dma.c ****   hdma->XferCpltCallback = NULL;
 333:Drivers/STM32G0xx_HAL_Driver/Src/stm32g0xx_hal_dma.c ****   hdma->XferHalfCpltCallback = NULL;
 334:Drivers/STM32G0xx_HAL_Driver/Src/stm32g0xx_hal_dma.c ****   hdma->XferErrorCallback = NULL;
 335:Drivers/STM32G0xx_HAL_Driver/Src/stm32g0xx_hal_dma.c ****   hdma->XferAbortCallback = NULL;
 336:Drivers/STM32G0xx_HAL_Driver/Src/stm32g0xx_hal_dma.c **** 
 337:Drivers/STM32G0xx_HAL_Driver/Src/stm32g0xx_hal_dma.c ****   /* Initialize the error code */
 338:Drivers/STM32G0xx_HAL_Driver/Src/stm32g0xx_hal_dma.c ****   hdma->ErrorCode = HAL_DMA_ERROR_NONE;
 339:Drivers/STM32G0xx_HAL_Driver/Src/stm32g0xx_hal_dma.c **** 
 340:Drivers/STM32G0xx_HAL_Driver/Src/stm32g0xx_hal_dma.c ****   /* Initialize the DMA state */
 341:Drivers/STM32G0xx_HAL_Driver/Src/stm32g0xx_hal_dma.c ****   hdma->State = HAL_DMA_STATE_RESET;
 342:Drivers/STM32G0xx_HAL_Driver/Src/stm32g0xx_hal_dma.c **** 
 343:Drivers/STM32G0xx_HAL_Driver/Src/stm32g0xx_hal_dma.c ****   /* Release Lock */
 344:Drivers/STM32G0xx_HAL_Driver/Src/stm32g0xx_hal_dma.c ****   __HAL_UNLOCK(hdma);
 345:Drivers/STM32G0xx_HAL_Driver/Src/stm32g0xx_hal_dma.c **** 
 346:Drivers/STM32G0xx_HAL_Driver/Src/stm32g0xx_hal_dma.c ****   return HAL_OK;
 347:Drivers/STM32G0xx_HAL_Driver/Src/stm32g0xx_hal_dma.c **** }
 348:Drivers/STM32G0xx_HAL_Driver/Src/stm32g0xx_hal_dma.c **** 
 349:Drivers/STM32G0xx_HAL_Driver/Src/stm32g0xx_hal_dma.c **** /**
 350:Drivers/STM32G0xx_HAL_Driver/Src/stm32g0xx_hal_dma.c ****   * @}
 351:Drivers/STM32G0xx_HAL_Driver/Src/stm32g0xx_hal_dma.c ****   */
 352:Drivers/STM32G0xx_HAL_Driver/Src/stm32g0xx_hal_dma.c **** 
 353:Drivers/STM32G0xx_HAL_Driver/Src/stm32g0xx_hal_dma.c **** /** @defgroup DMA_Exported_Functions_Group2 Input and Output operation functions
 354:Drivers/STM32G0xx_HAL_Driver/Src/stm32g0xx_hal_dma.c ****   *  @brief   Input and Output operation functions
 355:Drivers/STM32G0xx_HAL_Driver/Src/stm32g0xx_hal_dma.c ****   *
 356:Drivers/STM32G0xx_HAL_Driver/Src/stm32g0xx_hal_dma.c **** @verbatim
 357:Drivers/STM32G0xx_HAL_Driver/Src/stm32g0xx_hal_dma.c ****  ===============================================================================
 358:Drivers/STM32G0xx_HAL_Driver/Src/stm32g0xx_hal_dma.c ****                       #####  IO operation functions  #####
 359:Drivers/STM32G0xx_HAL_Driver/Src/stm32g0xx_hal_dma.c ****  ===============================================================================
 360:Drivers/STM32G0xx_HAL_Driver/Src/stm32g0xx_hal_dma.c ****     [..]  This section provides functions allowing to:
 361:Drivers/STM32G0xx_HAL_Driver/Src/stm32g0xx_hal_dma.c ****       (+) Configure the source, destination address and data length and Start DMA transfer
 362:Drivers/STM32G0xx_HAL_Driver/Src/stm32g0xx_hal_dma.c ****       (+) Configure the source, destination address and data length and
 363:Drivers/STM32G0xx_HAL_Driver/Src/stm32g0xx_hal_dma.c ****           Start DMA transfer with interrupt
 364:Drivers/STM32G0xx_HAL_Driver/Src/stm32g0xx_hal_dma.c ****       (+) Abort DMA transfer
 365:Drivers/STM32G0xx_HAL_Driver/Src/stm32g0xx_hal_dma.c ****       (+) Poll for transfer complete
 366:Drivers/STM32G0xx_HAL_Driver/Src/stm32g0xx_hal_dma.c ****       (+) Handle DMA interrupt request
 367:Drivers/STM32G0xx_HAL_Driver/Src/stm32g0xx_hal_dma.c ****       (+) Register and Unregister DMA callbacks
 368:Drivers/STM32G0xx_HAL_Driver/Src/stm32g0xx_hal_dma.c **** 
 369:Drivers/STM32G0xx_HAL_Driver/Src/stm32g0xx_hal_dma.c **** @endverbatim
 370:Drivers/STM32G0xx_HAL_Driver/Src/stm32g0xx_hal_dma.c ****   * @{
 371:Drivers/STM32G0xx_HAL_Driver/Src/stm32g0xx_hal_dma.c ****   */
 372:Drivers/STM32G0xx_HAL_Driver/Src/stm32g0xx_hal_dma.c **** 
 373:Drivers/STM32G0xx_HAL_Driver/Src/stm32g0xx_hal_dma.c **** /**
 374:Drivers/STM32G0xx_HAL_Driver/Src/stm32g0xx_hal_dma.c ****   * @brief Start the DMA Transfer.
ARM GAS  C:\Users\Domagoj\AppData\Local\Temp\cccolMwP.s 			page 8


 375:Drivers/STM32G0xx_HAL_Driver/Src/stm32g0xx_hal_dma.c ****   * @param hdma Pointer to a DMA_HandleTypeDef structure that contains
 376:Drivers/STM32G0xx_HAL_Driver/Src/stm32g0xx_hal_dma.c ****   *             the configuration information for the specified DMA Channel.
 377:Drivers/STM32G0xx_HAL_Driver/Src/stm32g0xx_hal_dma.c ****   * @param SrcAddress The source memory Buffer address
 378:Drivers/STM32G0xx_HAL_Driver/Src/stm32g0xx_hal_dma.c ****   * @param DstAddress The destination memory Buffer address
 379:Drivers/STM32G0xx_HAL_Driver/Src/stm32g0xx_hal_dma.c ****   * @param DataLength The length of data to be transferred from source to destination
 380:Drivers/STM32G0xx_HAL_Driver/Src/stm32g0xx_hal_dma.c ****   * @retval HAL status
 381:Drivers/STM32G0xx_HAL_Driver/Src/stm32g0xx_hal_dma.c ****   */
 382:Drivers/STM32G0xx_HAL_Driver/Src/stm32g0xx_hal_dma.c **** HAL_StatusTypeDef HAL_DMA_Start(DMA_HandleTypeDef *hdma, uint32_t SrcAddress, uint32_t DstAddress, 
 383:Drivers/STM32G0xx_HAL_Driver/Src/stm32g0xx_hal_dma.c **** {
 384:Drivers/STM32G0xx_HAL_Driver/Src/stm32g0xx_hal_dma.c ****   HAL_StatusTypeDef status = HAL_OK;
 385:Drivers/STM32G0xx_HAL_Driver/Src/stm32g0xx_hal_dma.c **** 
 386:Drivers/STM32G0xx_HAL_Driver/Src/stm32g0xx_hal_dma.c ****   /* Check the parameters */
 387:Drivers/STM32G0xx_HAL_Driver/Src/stm32g0xx_hal_dma.c ****   assert_param(IS_DMA_BUFFER_SIZE(DataLength));
 388:Drivers/STM32G0xx_HAL_Driver/Src/stm32g0xx_hal_dma.c **** 
 389:Drivers/STM32G0xx_HAL_Driver/Src/stm32g0xx_hal_dma.c ****   /* Process locked */
 390:Drivers/STM32G0xx_HAL_Driver/Src/stm32g0xx_hal_dma.c ****   __HAL_LOCK(hdma);
 391:Drivers/STM32G0xx_HAL_Driver/Src/stm32g0xx_hal_dma.c **** 
 392:Drivers/STM32G0xx_HAL_Driver/Src/stm32g0xx_hal_dma.c ****   if (hdma->State == HAL_DMA_STATE_READY)
 393:Drivers/STM32G0xx_HAL_Driver/Src/stm32g0xx_hal_dma.c ****   {
 394:Drivers/STM32G0xx_HAL_Driver/Src/stm32g0xx_hal_dma.c ****     /* Change DMA peripheral state */
 395:Drivers/STM32G0xx_HAL_Driver/Src/stm32g0xx_hal_dma.c ****     hdma->State = HAL_DMA_STATE_BUSY;
 396:Drivers/STM32G0xx_HAL_Driver/Src/stm32g0xx_hal_dma.c **** 
 397:Drivers/STM32G0xx_HAL_Driver/Src/stm32g0xx_hal_dma.c ****     /* Initialize the error code */
 398:Drivers/STM32G0xx_HAL_Driver/Src/stm32g0xx_hal_dma.c ****     hdma->ErrorCode = HAL_DMA_ERROR_NONE;
 399:Drivers/STM32G0xx_HAL_Driver/Src/stm32g0xx_hal_dma.c **** 
 400:Drivers/STM32G0xx_HAL_Driver/Src/stm32g0xx_hal_dma.c ****     /* Disable the peripheral */
 401:Drivers/STM32G0xx_HAL_Driver/Src/stm32g0xx_hal_dma.c ****     __HAL_DMA_DISABLE(hdma);
 402:Drivers/STM32G0xx_HAL_Driver/Src/stm32g0xx_hal_dma.c **** 
 403:Drivers/STM32G0xx_HAL_Driver/Src/stm32g0xx_hal_dma.c ****     /* Configure the source, destination address and the data length & clear flags*/
 404:Drivers/STM32G0xx_HAL_Driver/Src/stm32g0xx_hal_dma.c ****     DMA_SetConfig(hdma, SrcAddress, DstAddress, DataLength);
 405:Drivers/STM32G0xx_HAL_Driver/Src/stm32g0xx_hal_dma.c **** 
 406:Drivers/STM32G0xx_HAL_Driver/Src/stm32g0xx_hal_dma.c ****     /* Enable the Peripheral */
 407:Drivers/STM32G0xx_HAL_Driver/Src/stm32g0xx_hal_dma.c ****     __HAL_DMA_ENABLE(hdma);
 408:Drivers/STM32G0xx_HAL_Driver/Src/stm32g0xx_hal_dma.c ****   }
 409:Drivers/STM32G0xx_HAL_Driver/Src/stm32g0xx_hal_dma.c ****   else
 410:Drivers/STM32G0xx_HAL_Driver/Src/stm32g0xx_hal_dma.c ****   {
 411:Drivers/STM32G0xx_HAL_Driver/Src/stm32g0xx_hal_dma.c ****     /* Change the error code */
 412:Drivers/STM32G0xx_HAL_Driver/Src/stm32g0xx_hal_dma.c ****     hdma->ErrorCode = HAL_DMA_ERROR_BUSY;
 413:Drivers/STM32G0xx_HAL_Driver/Src/stm32g0xx_hal_dma.c **** 
 414:Drivers/STM32G0xx_HAL_Driver/Src/stm32g0xx_hal_dma.c ****     /* Process Unlocked */
 415:Drivers/STM32G0xx_HAL_Driver/Src/stm32g0xx_hal_dma.c ****     __HAL_UNLOCK(hdma);
 416:Drivers/STM32G0xx_HAL_Driver/Src/stm32g0xx_hal_dma.c **** 
 417:Drivers/STM32G0xx_HAL_Driver/Src/stm32g0xx_hal_dma.c ****     /* Return error status */
 418:Drivers/STM32G0xx_HAL_Driver/Src/stm32g0xx_hal_dma.c ****     status = HAL_ERROR;
 419:Drivers/STM32G0xx_HAL_Driver/Src/stm32g0xx_hal_dma.c ****   }
 420:Drivers/STM32G0xx_HAL_Driver/Src/stm32g0xx_hal_dma.c **** 
 421:Drivers/STM32G0xx_HAL_Driver/Src/stm32g0xx_hal_dma.c ****   return status;
 422:Drivers/STM32G0xx_HAL_Driver/Src/stm32g0xx_hal_dma.c **** }
 423:Drivers/STM32G0xx_HAL_Driver/Src/stm32g0xx_hal_dma.c **** 
 424:Drivers/STM32G0xx_HAL_Driver/Src/stm32g0xx_hal_dma.c **** /**
 425:Drivers/STM32G0xx_HAL_Driver/Src/stm32g0xx_hal_dma.c ****   * @brief Start the DMA Transfer with interrupt enabled.
 426:Drivers/STM32G0xx_HAL_Driver/Src/stm32g0xx_hal_dma.c ****   * @param hdma Pointer to a DMA_HandleTypeDef structure that contains
 427:Drivers/STM32G0xx_HAL_Driver/Src/stm32g0xx_hal_dma.c ****   *             the configuration information for the specified DMA Channel.
 428:Drivers/STM32G0xx_HAL_Driver/Src/stm32g0xx_hal_dma.c ****   * @param SrcAddress The source memory Buffer address
 429:Drivers/STM32G0xx_HAL_Driver/Src/stm32g0xx_hal_dma.c ****   * @param DstAddress The destination memory Buffer address
 430:Drivers/STM32G0xx_HAL_Driver/Src/stm32g0xx_hal_dma.c ****   * @param DataLength The length of data to be transferred from source to destination
 431:Drivers/STM32G0xx_HAL_Driver/Src/stm32g0xx_hal_dma.c ****   * @retval HAL status
ARM GAS  C:\Users\Domagoj\AppData\Local\Temp\cccolMwP.s 			page 9


 432:Drivers/STM32G0xx_HAL_Driver/Src/stm32g0xx_hal_dma.c ****   */
 433:Drivers/STM32G0xx_HAL_Driver/Src/stm32g0xx_hal_dma.c **** HAL_StatusTypeDef HAL_DMA_Start_IT(DMA_HandleTypeDef *hdma, uint32_t SrcAddress, uint32_t DstAddres
 434:Drivers/STM32G0xx_HAL_Driver/Src/stm32g0xx_hal_dma.c ****                                    uint32_t DataLength)
 435:Drivers/STM32G0xx_HAL_Driver/Src/stm32g0xx_hal_dma.c **** {
 436:Drivers/STM32G0xx_HAL_Driver/Src/stm32g0xx_hal_dma.c ****   HAL_StatusTypeDef status = HAL_OK;
 437:Drivers/STM32G0xx_HAL_Driver/Src/stm32g0xx_hal_dma.c **** 
 438:Drivers/STM32G0xx_HAL_Driver/Src/stm32g0xx_hal_dma.c ****   /* Check the parameters */
 439:Drivers/STM32G0xx_HAL_Driver/Src/stm32g0xx_hal_dma.c ****   assert_param(IS_DMA_BUFFER_SIZE(DataLength));
 440:Drivers/STM32G0xx_HAL_Driver/Src/stm32g0xx_hal_dma.c **** 
 441:Drivers/STM32G0xx_HAL_Driver/Src/stm32g0xx_hal_dma.c ****   /* Process locked */
 442:Drivers/STM32G0xx_HAL_Driver/Src/stm32g0xx_hal_dma.c ****   __HAL_LOCK(hdma);
 443:Drivers/STM32G0xx_HAL_Driver/Src/stm32g0xx_hal_dma.c **** 
 444:Drivers/STM32G0xx_HAL_Driver/Src/stm32g0xx_hal_dma.c ****   if (hdma->State == HAL_DMA_STATE_READY)
 445:Drivers/STM32G0xx_HAL_Driver/Src/stm32g0xx_hal_dma.c ****   {
 446:Drivers/STM32G0xx_HAL_Driver/Src/stm32g0xx_hal_dma.c ****     /* Change DMA peripheral state */
 447:Drivers/STM32G0xx_HAL_Driver/Src/stm32g0xx_hal_dma.c ****     hdma->State = HAL_DMA_STATE_BUSY;
 448:Drivers/STM32G0xx_HAL_Driver/Src/stm32g0xx_hal_dma.c ****     hdma->ErrorCode = HAL_DMA_ERROR_NONE;
 449:Drivers/STM32G0xx_HAL_Driver/Src/stm32g0xx_hal_dma.c **** 
 450:Drivers/STM32G0xx_HAL_Driver/Src/stm32g0xx_hal_dma.c ****     /* Disable the peripheral */
 451:Drivers/STM32G0xx_HAL_Driver/Src/stm32g0xx_hal_dma.c ****     __HAL_DMA_DISABLE(hdma);
 452:Drivers/STM32G0xx_HAL_Driver/Src/stm32g0xx_hal_dma.c **** 
 453:Drivers/STM32G0xx_HAL_Driver/Src/stm32g0xx_hal_dma.c ****     /* Configure the source, destination address and the data length & clear flags*/
 454:Drivers/STM32G0xx_HAL_Driver/Src/stm32g0xx_hal_dma.c ****     DMA_SetConfig(hdma, SrcAddress, DstAddress, DataLength);
 455:Drivers/STM32G0xx_HAL_Driver/Src/stm32g0xx_hal_dma.c **** 
 456:Drivers/STM32G0xx_HAL_Driver/Src/stm32g0xx_hal_dma.c ****     /* Enable the transfer complete interrupt */
 457:Drivers/STM32G0xx_HAL_Driver/Src/stm32g0xx_hal_dma.c ****     /* Enable the transfer Error interrupt */
 458:Drivers/STM32G0xx_HAL_Driver/Src/stm32g0xx_hal_dma.c ****     if (NULL != hdma->XferHalfCpltCallback)
 459:Drivers/STM32G0xx_HAL_Driver/Src/stm32g0xx_hal_dma.c ****     {
 460:Drivers/STM32G0xx_HAL_Driver/Src/stm32g0xx_hal_dma.c ****       /* Enable the Half transfer complete interrupt as well */
 461:Drivers/STM32G0xx_HAL_Driver/Src/stm32g0xx_hal_dma.c ****       __HAL_DMA_ENABLE_IT(hdma, (DMA_IT_TC | DMA_IT_HT | DMA_IT_TE));
 462:Drivers/STM32G0xx_HAL_Driver/Src/stm32g0xx_hal_dma.c ****     }
 463:Drivers/STM32G0xx_HAL_Driver/Src/stm32g0xx_hal_dma.c ****     else
 464:Drivers/STM32G0xx_HAL_Driver/Src/stm32g0xx_hal_dma.c ****     {
 465:Drivers/STM32G0xx_HAL_Driver/Src/stm32g0xx_hal_dma.c ****       __HAL_DMA_DISABLE_IT(hdma, DMA_IT_HT);
 466:Drivers/STM32G0xx_HAL_Driver/Src/stm32g0xx_hal_dma.c ****       __HAL_DMA_ENABLE_IT(hdma, (DMA_IT_TC | DMA_IT_TE));
 467:Drivers/STM32G0xx_HAL_Driver/Src/stm32g0xx_hal_dma.c ****     }
 468:Drivers/STM32G0xx_HAL_Driver/Src/stm32g0xx_hal_dma.c **** 
 469:Drivers/STM32G0xx_HAL_Driver/Src/stm32g0xx_hal_dma.c ****     /* Check if DMAMUX Synchronization is enabled*/
 470:Drivers/STM32G0xx_HAL_Driver/Src/stm32g0xx_hal_dma.c ****     if ((hdma->DMAmuxChannel->CCR & DMAMUX_CxCR_SE) != 0U)
 471:Drivers/STM32G0xx_HAL_Driver/Src/stm32g0xx_hal_dma.c ****     {
 472:Drivers/STM32G0xx_HAL_Driver/Src/stm32g0xx_hal_dma.c ****       /* Enable DMAMUX sync overrun IT*/
 473:Drivers/STM32G0xx_HAL_Driver/Src/stm32g0xx_hal_dma.c ****       hdma->DMAmuxChannel->CCR |= DMAMUX_CxCR_SOIE;
 474:Drivers/STM32G0xx_HAL_Driver/Src/stm32g0xx_hal_dma.c ****     }
 475:Drivers/STM32G0xx_HAL_Driver/Src/stm32g0xx_hal_dma.c **** 
 476:Drivers/STM32G0xx_HAL_Driver/Src/stm32g0xx_hal_dma.c ****     if (hdma->DMAmuxRequestGen != 0U)
 477:Drivers/STM32G0xx_HAL_Driver/Src/stm32g0xx_hal_dma.c ****     {
 478:Drivers/STM32G0xx_HAL_Driver/Src/stm32g0xx_hal_dma.c ****       /* if using DMAMUX request generator, enable the DMAMUX request generator overrun IT*/
 479:Drivers/STM32G0xx_HAL_Driver/Src/stm32g0xx_hal_dma.c ****       /* enable the request gen overrun IT*/
 480:Drivers/STM32G0xx_HAL_Driver/Src/stm32g0xx_hal_dma.c ****       hdma->DMAmuxRequestGen->RGCR |= DMAMUX_RGxCR_OIE;
 481:Drivers/STM32G0xx_HAL_Driver/Src/stm32g0xx_hal_dma.c ****     }
 482:Drivers/STM32G0xx_HAL_Driver/Src/stm32g0xx_hal_dma.c **** 
 483:Drivers/STM32G0xx_HAL_Driver/Src/stm32g0xx_hal_dma.c ****     /* Enable the Peripheral */
 484:Drivers/STM32G0xx_HAL_Driver/Src/stm32g0xx_hal_dma.c ****     __HAL_DMA_ENABLE(hdma);
 485:Drivers/STM32G0xx_HAL_Driver/Src/stm32g0xx_hal_dma.c ****   }
 486:Drivers/STM32G0xx_HAL_Driver/Src/stm32g0xx_hal_dma.c ****   else
 487:Drivers/STM32G0xx_HAL_Driver/Src/stm32g0xx_hal_dma.c ****   {
 488:Drivers/STM32G0xx_HAL_Driver/Src/stm32g0xx_hal_dma.c ****     /* Change the error code */
ARM GAS  C:\Users\Domagoj\AppData\Local\Temp\cccolMwP.s 			page 10


 489:Drivers/STM32G0xx_HAL_Driver/Src/stm32g0xx_hal_dma.c ****     hdma->ErrorCode = HAL_DMA_ERROR_BUSY;
 490:Drivers/STM32G0xx_HAL_Driver/Src/stm32g0xx_hal_dma.c **** 
 491:Drivers/STM32G0xx_HAL_Driver/Src/stm32g0xx_hal_dma.c ****     /* Process Unlocked */
 492:Drivers/STM32G0xx_HAL_Driver/Src/stm32g0xx_hal_dma.c ****     __HAL_UNLOCK(hdma);
 493:Drivers/STM32G0xx_HAL_Driver/Src/stm32g0xx_hal_dma.c **** 
 494:Drivers/STM32G0xx_HAL_Driver/Src/stm32g0xx_hal_dma.c ****     /* Return error status */
 495:Drivers/STM32G0xx_HAL_Driver/Src/stm32g0xx_hal_dma.c ****     status = HAL_ERROR;
 496:Drivers/STM32G0xx_HAL_Driver/Src/stm32g0xx_hal_dma.c ****   }
 497:Drivers/STM32G0xx_HAL_Driver/Src/stm32g0xx_hal_dma.c **** 
 498:Drivers/STM32G0xx_HAL_Driver/Src/stm32g0xx_hal_dma.c ****   return status;
 499:Drivers/STM32G0xx_HAL_Driver/Src/stm32g0xx_hal_dma.c **** }
 500:Drivers/STM32G0xx_HAL_Driver/Src/stm32g0xx_hal_dma.c **** 
 501:Drivers/STM32G0xx_HAL_Driver/Src/stm32g0xx_hal_dma.c **** /**
 502:Drivers/STM32G0xx_HAL_Driver/Src/stm32g0xx_hal_dma.c ****   * @brief Abort the DMA Transfer.
 503:Drivers/STM32G0xx_HAL_Driver/Src/stm32g0xx_hal_dma.c ****   * @param hdma Pointer to a DMA_HandleTypeDef structure that contains
 504:Drivers/STM32G0xx_HAL_Driver/Src/stm32g0xx_hal_dma.c ****   *             the configuration information for the specified DMA Channel.
 505:Drivers/STM32G0xx_HAL_Driver/Src/stm32g0xx_hal_dma.c ****   * @retval HAL status
 506:Drivers/STM32G0xx_HAL_Driver/Src/stm32g0xx_hal_dma.c ****   */
 507:Drivers/STM32G0xx_HAL_Driver/Src/stm32g0xx_hal_dma.c **** HAL_StatusTypeDef HAL_DMA_Abort(DMA_HandleTypeDef *hdma)
 508:Drivers/STM32G0xx_HAL_Driver/Src/stm32g0xx_hal_dma.c **** {
 509:Drivers/STM32G0xx_HAL_Driver/Src/stm32g0xx_hal_dma.c ****   /* Check the DMA peripheral handle */
 510:Drivers/STM32G0xx_HAL_Driver/Src/stm32g0xx_hal_dma.c ****   if (NULL == hdma)
 511:Drivers/STM32G0xx_HAL_Driver/Src/stm32g0xx_hal_dma.c ****   {
 512:Drivers/STM32G0xx_HAL_Driver/Src/stm32g0xx_hal_dma.c ****     return HAL_ERROR;
 513:Drivers/STM32G0xx_HAL_Driver/Src/stm32g0xx_hal_dma.c ****   }
 514:Drivers/STM32G0xx_HAL_Driver/Src/stm32g0xx_hal_dma.c **** 
 515:Drivers/STM32G0xx_HAL_Driver/Src/stm32g0xx_hal_dma.c ****   /* Check the DMA peripheral state */
 516:Drivers/STM32G0xx_HAL_Driver/Src/stm32g0xx_hal_dma.c ****   if (hdma->State != HAL_DMA_STATE_BUSY)
 517:Drivers/STM32G0xx_HAL_Driver/Src/stm32g0xx_hal_dma.c ****   {
 518:Drivers/STM32G0xx_HAL_Driver/Src/stm32g0xx_hal_dma.c ****     hdma->ErrorCode = HAL_DMA_ERROR_NO_XFER;
 519:Drivers/STM32G0xx_HAL_Driver/Src/stm32g0xx_hal_dma.c **** 
 520:Drivers/STM32G0xx_HAL_Driver/Src/stm32g0xx_hal_dma.c ****     /* Process Unlocked */
 521:Drivers/STM32G0xx_HAL_Driver/Src/stm32g0xx_hal_dma.c ****     __HAL_UNLOCK(hdma);
 522:Drivers/STM32G0xx_HAL_Driver/Src/stm32g0xx_hal_dma.c **** 
 523:Drivers/STM32G0xx_HAL_Driver/Src/stm32g0xx_hal_dma.c ****     return HAL_ERROR;
 524:Drivers/STM32G0xx_HAL_Driver/Src/stm32g0xx_hal_dma.c ****   }
 525:Drivers/STM32G0xx_HAL_Driver/Src/stm32g0xx_hal_dma.c ****   else
 526:Drivers/STM32G0xx_HAL_Driver/Src/stm32g0xx_hal_dma.c ****   {
 527:Drivers/STM32G0xx_HAL_Driver/Src/stm32g0xx_hal_dma.c ****     /* Disable the channel */
 528:Drivers/STM32G0xx_HAL_Driver/Src/stm32g0xx_hal_dma.c ****     __HAL_DMA_DISABLE(hdma);
 529:Drivers/STM32G0xx_HAL_Driver/Src/stm32g0xx_hal_dma.c **** 
 530:Drivers/STM32G0xx_HAL_Driver/Src/stm32g0xx_hal_dma.c ****     /* Disable DMA IT */
 531:Drivers/STM32G0xx_HAL_Driver/Src/stm32g0xx_hal_dma.c ****     __HAL_DMA_DISABLE_IT(hdma, (DMA_IT_TC | DMA_IT_HT | DMA_IT_TE));
 532:Drivers/STM32G0xx_HAL_Driver/Src/stm32g0xx_hal_dma.c **** 
 533:Drivers/STM32G0xx_HAL_Driver/Src/stm32g0xx_hal_dma.c ****     /* disable the DMAMUX sync overrun IT*/
 534:Drivers/STM32G0xx_HAL_Driver/Src/stm32g0xx_hal_dma.c ****     hdma->DMAmuxChannel->CCR &= ~DMAMUX_CxCR_SOIE;
 535:Drivers/STM32G0xx_HAL_Driver/Src/stm32g0xx_hal_dma.c **** 
 536:Drivers/STM32G0xx_HAL_Driver/Src/stm32g0xx_hal_dma.c ****     /* Clear all flags */
 537:Drivers/STM32G0xx_HAL_Driver/Src/stm32g0xx_hal_dma.c **** #if defined(DMA2)
 538:Drivers/STM32G0xx_HAL_Driver/Src/stm32g0xx_hal_dma.c ****     hdma->DmaBaseAddress->IFCR = (DMA_ISR_GIF1 << (hdma->ChannelIndex & 0x1CU));
 539:Drivers/STM32G0xx_HAL_Driver/Src/stm32g0xx_hal_dma.c **** #else
 540:Drivers/STM32G0xx_HAL_Driver/Src/stm32g0xx_hal_dma.c ****     __HAL_DMA_CLEAR_FLAG(hdma, ((DMA_FLAG_GI1) << (hdma->ChannelIndex  & 0x1CU)));
 541:Drivers/STM32G0xx_HAL_Driver/Src/stm32g0xx_hal_dma.c **** #endif /* DMA2 */
 542:Drivers/STM32G0xx_HAL_Driver/Src/stm32g0xx_hal_dma.c **** 
 543:Drivers/STM32G0xx_HAL_Driver/Src/stm32g0xx_hal_dma.c ****     /* Clear the DMAMUX synchro overrun flag */
 544:Drivers/STM32G0xx_HAL_Driver/Src/stm32g0xx_hal_dma.c ****     hdma->DMAmuxChannelStatus->CFR = hdma->DMAmuxChannelStatusMask;
 545:Drivers/STM32G0xx_HAL_Driver/Src/stm32g0xx_hal_dma.c **** 
ARM GAS  C:\Users\Domagoj\AppData\Local\Temp\cccolMwP.s 			page 11


 546:Drivers/STM32G0xx_HAL_Driver/Src/stm32g0xx_hal_dma.c ****     if (hdma->DMAmuxRequestGen != 0U)
 547:Drivers/STM32G0xx_HAL_Driver/Src/stm32g0xx_hal_dma.c ****     {
 548:Drivers/STM32G0xx_HAL_Driver/Src/stm32g0xx_hal_dma.c ****       /* if using DMAMUX request generator, disable the DMAMUX request generator overrun IT*/
 549:Drivers/STM32G0xx_HAL_Driver/Src/stm32g0xx_hal_dma.c ****       /* disable the request gen overrun IT*/
 550:Drivers/STM32G0xx_HAL_Driver/Src/stm32g0xx_hal_dma.c ****       hdma->DMAmuxRequestGen->RGCR &= ~DMAMUX_RGxCR_OIE;
 551:Drivers/STM32G0xx_HAL_Driver/Src/stm32g0xx_hal_dma.c **** 
 552:Drivers/STM32G0xx_HAL_Driver/Src/stm32g0xx_hal_dma.c ****       /* Clear the DMAMUX request generator overrun flag */
 553:Drivers/STM32G0xx_HAL_Driver/Src/stm32g0xx_hal_dma.c ****       hdma->DMAmuxRequestGenStatus->RGCFR = hdma->DMAmuxRequestGenStatusMask;
 554:Drivers/STM32G0xx_HAL_Driver/Src/stm32g0xx_hal_dma.c ****     }
 555:Drivers/STM32G0xx_HAL_Driver/Src/stm32g0xx_hal_dma.c **** 
 556:Drivers/STM32G0xx_HAL_Driver/Src/stm32g0xx_hal_dma.c ****     /* Change the DMA state */
 557:Drivers/STM32G0xx_HAL_Driver/Src/stm32g0xx_hal_dma.c ****     hdma->State = HAL_DMA_STATE_READY;
 558:Drivers/STM32G0xx_HAL_Driver/Src/stm32g0xx_hal_dma.c **** 
 559:Drivers/STM32G0xx_HAL_Driver/Src/stm32g0xx_hal_dma.c ****     /* Process Unlocked */
 560:Drivers/STM32G0xx_HAL_Driver/Src/stm32g0xx_hal_dma.c ****     __HAL_UNLOCK(hdma);
 561:Drivers/STM32G0xx_HAL_Driver/Src/stm32g0xx_hal_dma.c ****   }
 562:Drivers/STM32G0xx_HAL_Driver/Src/stm32g0xx_hal_dma.c **** 
 563:Drivers/STM32G0xx_HAL_Driver/Src/stm32g0xx_hal_dma.c ****   return HAL_OK;
 564:Drivers/STM32G0xx_HAL_Driver/Src/stm32g0xx_hal_dma.c **** }
 565:Drivers/STM32G0xx_HAL_Driver/Src/stm32g0xx_hal_dma.c **** 
 566:Drivers/STM32G0xx_HAL_Driver/Src/stm32g0xx_hal_dma.c **** /**
 567:Drivers/STM32G0xx_HAL_Driver/Src/stm32g0xx_hal_dma.c ****   * @brief Aborts the DMA Transfer in Interrupt mode.
 568:Drivers/STM32G0xx_HAL_Driver/Src/stm32g0xx_hal_dma.c ****   * @param hdma Pointer to a DMA_HandleTypeDef structure that contains
 569:Drivers/STM32G0xx_HAL_Driver/Src/stm32g0xx_hal_dma.c ****   *             the configuration information for the specified DMA Channel.
 570:Drivers/STM32G0xx_HAL_Driver/Src/stm32g0xx_hal_dma.c ****   * @retval HAL status
 571:Drivers/STM32G0xx_HAL_Driver/Src/stm32g0xx_hal_dma.c ****   */
 572:Drivers/STM32G0xx_HAL_Driver/Src/stm32g0xx_hal_dma.c **** HAL_StatusTypeDef HAL_DMA_Abort_IT(DMA_HandleTypeDef *hdma)
 573:Drivers/STM32G0xx_HAL_Driver/Src/stm32g0xx_hal_dma.c **** {
 574:Drivers/STM32G0xx_HAL_Driver/Src/stm32g0xx_hal_dma.c ****   HAL_StatusTypeDef status = HAL_OK;
 575:Drivers/STM32G0xx_HAL_Driver/Src/stm32g0xx_hal_dma.c **** 
 576:Drivers/STM32G0xx_HAL_Driver/Src/stm32g0xx_hal_dma.c ****   if (hdma->State != HAL_DMA_STATE_BUSY)
 577:Drivers/STM32G0xx_HAL_Driver/Src/stm32g0xx_hal_dma.c ****   {
 578:Drivers/STM32G0xx_HAL_Driver/Src/stm32g0xx_hal_dma.c ****     /* no transfer ongoing */
 579:Drivers/STM32G0xx_HAL_Driver/Src/stm32g0xx_hal_dma.c ****     hdma->ErrorCode = HAL_DMA_ERROR_NO_XFER;
 580:Drivers/STM32G0xx_HAL_Driver/Src/stm32g0xx_hal_dma.c **** 
 581:Drivers/STM32G0xx_HAL_Driver/Src/stm32g0xx_hal_dma.c ****     status = HAL_ERROR;
 582:Drivers/STM32G0xx_HAL_Driver/Src/stm32g0xx_hal_dma.c ****   }
 583:Drivers/STM32G0xx_HAL_Driver/Src/stm32g0xx_hal_dma.c ****   else
 584:Drivers/STM32G0xx_HAL_Driver/Src/stm32g0xx_hal_dma.c ****   {
 585:Drivers/STM32G0xx_HAL_Driver/Src/stm32g0xx_hal_dma.c ****     /* Disable the channel */
 586:Drivers/STM32G0xx_HAL_Driver/Src/stm32g0xx_hal_dma.c ****     __HAL_DMA_DISABLE(hdma);
 587:Drivers/STM32G0xx_HAL_Driver/Src/stm32g0xx_hal_dma.c **** 
 588:Drivers/STM32G0xx_HAL_Driver/Src/stm32g0xx_hal_dma.c ****     /* Disable DMA IT */
 589:Drivers/STM32G0xx_HAL_Driver/Src/stm32g0xx_hal_dma.c ****     __HAL_DMA_DISABLE_IT(hdma, (DMA_IT_TC | DMA_IT_HT | DMA_IT_TE));
 590:Drivers/STM32G0xx_HAL_Driver/Src/stm32g0xx_hal_dma.c **** 
 591:Drivers/STM32G0xx_HAL_Driver/Src/stm32g0xx_hal_dma.c ****     /* disable the DMAMUX sync overrun IT*/
 592:Drivers/STM32G0xx_HAL_Driver/Src/stm32g0xx_hal_dma.c ****     hdma->DMAmuxChannel->CCR &= ~DMAMUX_CxCR_SOIE;
 593:Drivers/STM32G0xx_HAL_Driver/Src/stm32g0xx_hal_dma.c **** 
 594:Drivers/STM32G0xx_HAL_Driver/Src/stm32g0xx_hal_dma.c ****     /* Clear all flags */
 595:Drivers/STM32G0xx_HAL_Driver/Src/stm32g0xx_hal_dma.c **** #if defined(DMA2)
 596:Drivers/STM32G0xx_HAL_Driver/Src/stm32g0xx_hal_dma.c ****     hdma->DmaBaseAddress->IFCR = (DMA_ISR_GIF1 << (hdma->ChannelIndex & 0x1CU));
 597:Drivers/STM32G0xx_HAL_Driver/Src/stm32g0xx_hal_dma.c **** #else
 598:Drivers/STM32G0xx_HAL_Driver/Src/stm32g0xx_hal_dma.c ****     __HAL_DMA_CLEAR_FLAG(hdma, ((DMA_FLAG_GI1) << (hdma->ChannelIndex & 0x1CU)));
 599:Drivers/STM32G0xx_HAL_Driver/Src/stm32g0xx_hal_dma.c **** #endif /* DMA2 */
 600:Drivers/STM32G0xx_HAL_Driver/Src/stm32g0xx_hal_dma.c **** 
 601:Drivers/STM32G0xx_HAL_Driver/Src/stm32g0xx_hal_dma.c ****     /* Clear the DMAMUX synchro overrun flag */
 602:Drivers/STM32G0xx_HAL_Driver/Src/stm32g0xx_hal_dma.c ****     hdma->DMAmuxChannelStatus->CFR = hdma->DMAmuxChannelStatusMask;
ARM GAS  C:\Users\Domagoj\AppData\Local\Temp\cccolMwP.s 			page 12


 603:Drivers/STM32G0xx_HAL_Driver/Src/stm32g0xx_hal_dma.c **** 
 604:Drivers/STM32G0xx_HAL_Driver/Src/stm32g0xx_hal_dma.c ****     if (hdma->DMAmuxRequestGen != 0U)
 605:Drivers/STM32G0xx_HAL_Driver/Src/stm32g0xx_hal_dma.c ****     {
 606:Drivers/STM32G0xx_HAL_Driver/Src/stm32g0xx_hal_dma.c ****       /* if using DMAMUX request generator, disable the DMAMUX request generator overrun IT*/
 607:Drivers/STM32G0xx_HAL_Driver/Src/stm32g0xx_hal_dma.c ****       /* disable the request gen overrun IT*/
 608:Drivers/STM32G0xx_HAL_Driver/Src/stm32g0xx_hal_dma.c ****       hdma->DMAmuxRequestGen->RGCR &= ~DMAMUX_RGxCR_OIE;
 609:Drivers/STM32G0xx_HAL_Driver/Src/stm32g0xx_hal_dma.c **** 
 610:Drivers/STM32G0xx_HAL_Driver/Src/stm32g0xx_hal_dma.c ****       /* Clear the DMAMUX request generator overrun flag */
 611:Drivers/STM32G0xx_HAL_Driver/Src/stm32g0xx_hal_dma.c ****       hdma->DMAmuxRequestGenStatus->RGCFR = hdma->DMAmuxRequestGenStatusMask;
 612:Drivers/STM32G0xx_HAL_Driver/Src/stm32g0xx_hal_dma.c ****     }
 613:Drivers/STM32G0xx_HAL_Driver/Src/stm32g0xx_hal_dma.c **** 
 614:Drivers/STM32G0xx_HAL_Driver/Src/stm32g0xx_hal_dma.c ****     /* Change the DMA state */
 615:Drivers/STM32G0xx_HAL_Driver/Src/stm32g0xx_hal_dma.c ****     hdma->State = HAL_DMA_STATE_READY;
 616:Drivers/STM32G0xx_HAL_Driver/Src/stm32g0xx_hal_dma.c **** 
 617:Drivers/STM32G0xx_HAL_Driver/Src/stm32g0xx_hal_dma.c ****     /* Process Unlocked */
 618:Drivers/STM32G0xx_HAL_Driver/Src/stm32g0xx_hal_dma.c ****     __HAL_UNLOCK(hdma);
 619:Drivers/STM32G0xx_HAL_Driver/Src/stm32g0xx_hal_dma.c **** 
 620:Drivers/STM32G0xx_HAL_Driver/Src/stm32g0xx_hal_dma.c ****     /* Call User Abort callback */
 621:Drivers/STM32G0xx_HAL_Driver/Src/stm32g0xx_hal_dma.c ****     if (hdma->XferAbortCallback != NULL)
 622:Drivers/STM32G0xx_HAL_Driver/Src/stm32g0xx_hal_dma.c ****     {
 623:Drivers/STM32G0xx_HAL_Driver/Src/stm32g0xx_hal_dma.c ****       hdma->XferAbortCallback(hdma);
 624:Drivers/STM32G0xx_HAL_Driver/Src/stm32g0xx_hal_dma.c ****     }
 625:Drivers/STM32G0xx_HAL_Driver/Src/stm32g0xx_hal_dma.c ****   }
 626:Drivers/STM32G0xx_HAL_Driver/Src/stm32g0xx_hal_dma.c ****   return status;
 627:Drivers/STM32G0xx_HAL_Driver/Src/stm32g0xx_hal_dma.c **** }
 628:Drivers/STM32G0xx_HAL_Driver/Src/stm32g0xx_hal_dma.c **** 
 629:Drivers/STM32G0xx_HAL_Driver/Src/stm32g0xx_hal_dma.c **** /**
 630:Drivers/STM32G0xx_HAL_Driver/Src/stm32g0xx_hal_dma.c ****   * @brief Polling for transfer complete.
 631:Drivers/STM32G0xx_HAL_Driver/Src/stm32g0xx_hal_dma.c ****   * @param hdma Pointer to a DMA_HandleTypeDef structure that contains
 632:Drivers/STM32G0xx_HAL_Driver/Src/stm32g0xx_hal_dma.c ****   *             the configuration information for the specified DMA Channel.
 633:Drivers/STM32G0xx_HAL_Driver/Src/stm32g0xx_hal_dma.c ****   * @param CompleteLevel Specifies the DMA level complete.
 634:Drivers/STM32G0xx_HAL_Driver/Src/stm32g0xx_hal_dma.c ****   * @param Timeout Timeout duration.
 635:Drivers/STM32G0xx_HAL_Driver/Src/stm32g0xx_hal_dma.c ****   * @retval HAL status
 636:Drivers/STM32G0xx_HAL_Driver/Src/stm32g0xx_hal_dma.c ****   */
 637:Drivers/STM32G0xx_HAL_Driver/Src/stm32g0xx_hal_dma.c **** HAL_StatusTypeDef HAL_DMA_PollForTransfer(DMA_HandleTypeDef *hdma, HAL_DMA_LevelCompleteTypeDef Com
 638:Drivers/STM32G0xx_HAL_Driver/Src/stm32g0xx_hal_dma.c ****                                           uint32_t Timeout)
 639:Drivers/STM32G0xx_HAL_Driver/Src/stm32g0xx_hal_dma.c **** {
 640:Drivers/STM32G0xx_HAL_Driver/Src/stm32g0xx_hal_dma.c ****   uint32_t temp;
 641:Drivers/STM32G0xx_HAL_Driver/Src/stm32g0xx_hal_dma.c ****   uint32_t tickstart;
 642:Drivers/STM32G0xx_HAL_Driver/Src/stm32g0xx_hal_dma.c **** 
 643:Drivers/STM32G0xx_HAL_Driver/Src/stm32g0xx_hal_dma.c ****   if (hdma->State != HAL_DMA_STATE_BUSY)
 644:Drivers/STM32G0xx_HAL_Driver/Src/stm32g0xx_hal_dma.c ****   {
 645:Drivers/STM32G0xx_HAL_Driver/Src/stm32g0xx_hal_dma.c ****     /* no transfer ongoing */
 646:Drivers/STM32G0xx_HAL_Driver/Src/stm32g0xx_hal_dma.c ****     hdma->ErrorCode = HAL_DMA_ERROR_NO_XFER;
 647:Drivers/STM32G0xx_HAL_Driver/Src/stm32g0xx_hal_dma.c ****     __HAL_UNLOCK(hdma);
 648:Drivers/STM32G0xx_HAL_Driver/Src/stm32g0xx_hal_dma.c ****     return HAL_ERROR;
 649:Drivers/STM32G0xx_HAL_Driver/Src/stm32g0xx_hal_dma.c ****   }
 650:Drivers/STM32G0xx_HAL_Driver/Src/stm32g0xx_hal_dma.c **** 
 651:Drivers/STM32G0xx_HAL_Driver/Src/stm32g0xx_hal_dma.c ****   /* Polling mode not supported in circular mode */
 652:Drivers/STM32G0xx_HAL_Driver/Src/stm32g0xx_hal_dma.c ****   if ((hdma->Instance->CCR & DMA_CCR_CIRC) != 0U)
 653:Drivers/STM32G0xx_HAL_Driver/Src/stm32g0xx_hal_dma.c ****   {
 654:Drivers/STM32G0xx_HAL_Driver/Src/stm32g0xx_hal_dma.c ****     hdma->ErrorCode = HAL_DMA_ERROR_NOT_SUPPORTED;
 655:Drivers/STM32G0xx_HAL_Driver/Src/stm32g0xx_hal_dma.c ****     return HAL_ERROR;
 656:Drivers/STM32G0xx_HAL_Driver/Src/stm32g0xx_hal_dma.c ****   }
 657:Drivers/STM32G0xx_HAL_Driver/Src/stm32g0xx_hal_dma.c **** 
 658:Drivers/STM32G0xx_HAL_Driver/Src/stm32g0xx_hal_dma.c ****   /* Get the level transfer complete flag */
 659:Drivers/STM32G0xx_HAL_Driver/Src/stm32g0xx_hal_dma.c ****   if (HAL_DMA_FULL_TRANSFER == CompleteLevel)
ARM GAS  C:\Users\Domagoj\AppData\Local\Temp\cccolMwP.s 			page 13


 660:Drivers/STM32G0xx_HAL_Driver/Src/stm32g0xx_hal_dma.c ****   {
 661:Drivers/STM32G0xx_HAL_Driver/Src/stm32g0xx_hal_dma.c ****     /* Transfer Complete flag */
 662:Drivers/STM32G0xx_HAL_Driver/Src/stm32g0xx_hal_dma.c ****     temp = DMA_FLAG_TC1 << (hdma->ChannelIndex & 0x1CU);
 663:Drivers/STM32G0xx_HAL_Driver/Src/stm32g0xx_hal_dma.c ****   }
 664:Drivers/STM32G0xx_HAL_Driver/Src/stm32g0xx_hal_dma.c ****   else
 665:Drivers/STM32G0xx_HAL_Driver/Src/stm32g0xx_hal_dma.c ****   {
 666:Drivers/STM32G0xx_HAL_Driver/Src/stm32g0xx_hal_dma.c ****     /* Half Transfer Complete flag */
 667:Drivers/STM32G0xx_HAL_Driver/Src/stm32g0xx_hal_dma.c ****     temp = DMA_FLAG_HT1 << (hdma->ChannelIndex & 0x1CU);
 668:Drivers/STM32G0xx_HAL_Driver/Src/stm32g0xx_hal_dma.c ****   }
 669:Drivers/STM32G0xx_HAL_Driver/Src/stm32g0xx_hal_dma.c **** 
 670:Drivers/STM32G0xx_HAL_Driver/Src/stm32g0xx_hal_dma.c ****   /* Get tick */
 671:Drivers/STM32G0xx_HAL_Driver/Src/stm32g0xx_hal_dma.c ****   tickstart = HAL_GetTick();
 672:Drivers/STM32G0xx_HAL_Driver/Src/stm32g0xx_hal_dma.c **** 
 673:Drivers/STM32G0xx_HAL_Driver/Src/stm32g0xx_hal_dma.c **** #if defined(DMA2)
 674:Drivers/STM32G0xx_HAL_Driver/Src/stm32g0xx_hal_dma.c ****   while ((hdma->DmaBaseAddress->ISR & temp) == 0U)
 675:Drivers/STM32G0xx_HAL_Driver/Src/stm32g0xx_hal_dma.c ****   {
 676:Drivers/STM32G0xx_HAL_Driver/Src/stm32g0xx_hal_dma.c ****     if ((hdma->DmaBaseAddress->ISR & (DMA_FLAG_TE1 << (hdma->ChannelIndex & 0x1CU))) != 0U)
 677:Drivers/STM32G0xx_HAL_Driver/Src/stm32g0xx_hal_dma.c ****     {
 678:Drivers/STM32G0xx_HAL_Driver/Src/stm32g0xx_hal_dma.c ****       /* When a DMA transfer error occurs */
 679:Drivers/STM32G0xx_HAL_Driver/Src/stm32g0xx_hal_dma.c ****       /* A hardware clear of its EN bits is performed */
 680:Drivers/STM32G0xx_HAL_Driver/Src/stm32g0xx_hal_dma.c ****       /* Clear all flags */
 681:Drivers/STM32G0xx_HAL_Driver/Src/stm32g0xx_hal_dma.c ****       hdma->DmaBaseAddress->IFCR = (DMA_ISR_GIF1 << (hdma->ChannelIndex & 0x1CU));
 682:Drivers/STM32G0xx_HAL_Driver/Src/stm32g0xx_hal_dma.c **** 
 683:Drivers/STM32G0xx_HAL_Driver/Src/stm32g0xx_hal_dma.c ****       /* Update error code */
 684:Drivers/STM32G0xx_HAL_Driver/Src/stm32g0xx_hal_dma.c ****       hdma->ErrorCode = HAL_DMA_ERROR_TE;
 685:Drivers/STM32G0xx_HAL_Driver/Src/stm32g0xx_hal_dma.c **** 
 686:Drivers/STM32G0xx_HAL_Driver/Src/stm32g0xx_hal_dma.c ****       /* Change the DMA state */
 687:Drivers/STM32G0xx_HAL_Driver/Src/stm32g0xx_hal_dma.c ****       hdma->State = HAL_DMA_STATE_READY;
 688:Drivers/STM32G0xx_HAL_Driver/Src/stm32g0xx_hal_dma.c **** 
 689:Drivers/STM32G0xx_HAL_Driver/Src/stm32g0xx_hal_dma.c ****       /* Process Unlocked */
 690:Drivers/STM32G0xx_HAL_Driver/Src/stm32g0xx_hal_dma.c ****       __HAL_UNLOCK(hdma);
 691:Drivers/STM32G0xx_HAL_Driver/Src/stm32g0xx_hal_dma.c **** 
 692:Drivers/STM32G0xx_HAL_Driver/Src/stm32g0xx_hal_dma.c ****       return HAL_ERROR;
 693:Drivers/STM32G0xx_HAL_Driver/Src/stm32g0xx_hal_dma.c ****     }
 694:Drivers/STM32G0xx_HAL_Driver/Src/stm32g0xx_hal_dma.c **** #else
 695:Drivers/STM32G0xx_HAL_Driver/Src/stm32g0xx_hal_dma.c ****   while (0U == __HAL_DMA_GET_FLAG(hdma, temp))
 696:Drivers/STM32G0xx_HAL_Driver/Src/stm32g0xx_hal_dma.c ****   {
 697:Drivers/STM32G0xx_HAL_Driver/Src/stm32g0xx_hal_dma.c ****     if (0U != __HAL_DMA_GET_FLAG(hdma, (DMA_FLAG_TE1 << (hdma->ChannelIndex & 0x1CU))))
 698:Drivers/STM32G0xx_HAL_Driver/Src/stm32g0xx_hal_dma.c ****     {
 699:Drivers/STM32G0xx_HAL_Driver/Src/stm32g0xx_hal_dma.c ****       /* When a DMA transfer error occurs */
 700:Drivers/STM32G0xx_HAL_Driver/Src/stm32g0xx_hal_dma.c ****       /* A hardware clear of its EN bits is performed */
 701:Drivers/STM32G0xx_HAL_Driver/Src/stm32g0xx_hal_dma.c ****       /* Clear all flags */
 702:Drivers/STM32G0xx_HAL_Driver/Src/stm32g0xx_hal_dma.c ****       __HAL_DMA_CLEAR_FLAG(hdma, ((DMA_FLAG_GI1) << (hdma->ChannelIndex & 0x1CU)));
 703:Drivers/STM32G0xx_HAL_Driver/Src/stm32g0xx_hal_dma.c **** 
 704:Drivers/STM32G0xx_HAL_Driver/Src/stm32g0xx_hal_dma.c ****       /* Update error code */
 705:Drivers/STM32G0xx_HAL_Driver/Src/stm32g0xx_hal_dma.c ****       hdma->ErrorCode = HAL_DMA_ERROR_TE;
 706:Drivers/STM32G0xx_HAL_Driver/Src/stm32g0xx_hal_dma.c **** 
 707:Drivers/STM32G0xx_HAL_Driver/Src/stm32g0xx_hal_dma.c ****       /* Change the DMA state */
 708:Drivers/STM32G0xx_HAL_Driver/Src/stm32g0xx_hal_dma.c ****       hdma->State = HAL_DMA_STATE_READY;
 709:Drivers/STM32G0xx_HAL_Driver/Src/stm32g0xx_hal_dma.c **** 
 710:Drivers/STM32G0xx_HAL_Driver/Src/stm32g0xx_hal_dma.c ****       /* Process Unlocked */
 711:Drivers/STM32G0xx_HAL_Driver/Src/stm32g0xx_hal_dma.c ****       __HAL_UNLOCK(hdma);
 712:Drivers/STM32G0xx_HAL_Driver/Src/stm32g0xx_hal_dma.c **** 
 713:Drivers/STM32G0xx_HAL_Driver/Src/stm32g0xx_hal_dma.c ****       return HAL_ERROR;
 714:Drivers/STM32G0xx_HAL_Driver/Src/stm32g0xx_hal_dma.c ****     }
 715:Drivers/STM32G0xx_HAL_Driver/Src/stm32g0xx_hal_dma.c **** #endif /* DMA2 */
 716:Drivers/STM32G0xx_HAL_Driver/Src/stm32g0xx_hal_dma.c ****     /* Check for the Timeout */
ARM GAS  C:\Users\Domagoj\AppData\Local\Temp\cccolMwP.s 			page 14


 717:Drivers/STM32G0xx_HAL_Driver/Src/stm32g0xx_hal_dma.c ****     if (Timeout != HAL_MAX_DELAY)
 718:Drivers/STM32G0xx_HAL_Driver/Src/stm32g0xx_hal_dma.c ****     {
 719:Drivers/STM32G0xx_HAL_Driver/Src/stm32g0xx_hal_dma.c ****       if (((HAL_GetTick() - tickstart) > Timeout) || (Timeout == 0U))
 720:Drivers/STM32G0xx_HAL_Driver/Src/stm32g0xx_hal_dma.c ****       {
 721:Drivers/STM32G0xx_HAL_Driver/Src/stm32g0xx_hal_dma.c ****         /* Update error code */
 722:Drivers/STM32G0xx_HAL_Driver/Src/stm32g0xx_hal_dma.c ****         hdma->ErrorCode = HAL_DMA_ERROR_TIMEOUT;
 723:Drivers/STM32G0xx_HAL_Driver/Src/stm32g0xx_hal_dma.c **** 
 724:Drivers/STM32G0xx_HAL_Driver/Src/stm32g0xx_hal_dma.c ****         /* Change the DMA state */
 725:Drivers/STM32G0xx_HAL_Driver/Src/stm32g0xx_hal_dma.c ****         hdma->State = HAL_DMA_STATE_READY;
 726:Drivers/STM32G0xx_HAL_Driver/Src/stm32g0xx_hal_dma.c **** 
 727:Drivers/STM32G0xx_HAL_Driver/Src/stm32g0xx_hal_dma.c ****         /* Process Unlocked */
 728:Drivers/STM32G0xx_HAL_Driver/Src/stm32g0xx_hal_dma.c ****         __HAL_UNLOCK(hdma);
 729:Drivers/STM32G0xx_HAL_Driver/Src/stm32g0xx_hal_dma.c **** 
 730:Drivers/STM32G0xx_HAL_Driver/Src/stm32g0xx_hal_dma.c ****         return HAL_ERROR;
 731:Drivers/STM32G0xx_HAL_Driver/Src/stm32g0xx_hal_dma.c ****       }
 732:Drivers/STM32G0xx_HAL_Driver/Src/stm32g0xx_hal_dma.c ****     }
 733:Drivers/STM32G0xx_HAL_Driver/Src/stm32g0xx_hal_dma.c ****   }
 734:Drivers/STM32G0xx_HAL_Driver/Src/stm32g0xx_hal_dma.c **** 
 735:Drivers/STM32G0xx_HAL_Driver/Src/stm32g0xx_hal_dma.c ****   /*Check for DMAMUX Request generator (if used) overrun status */
 736:Drivers/STM32G0xx_HAL_Driver/Src/stm32g0xx_hal_dma.c ****   if (hdma->DMAmuxRequestGen != 0U)
 737:Drivers/STM32G0xx_HAL_Driver/Src/stm32g0xx_hal_dma.c ****   {
 738:Drivers/STM32G0xx_HAL_Driver/Src/stm32g0xx_hal_dma.c ****     /* if using DMAMUX request generator Check for DMAMUX request generator overrun */
 739:Drivers/STM32G0xx_HAL_Driver/Src/stm32g0xx_hal_dma.c ****     if ((hdma->DMAmuxRequestGenStatus->RGSR & hdma->DMAmuxRequestGenStatusMask) != 0U)
 740:Drivers/STM32G0xx_HAL_Driver/Src/stm32g0xx_hal_dma.c ****     {
 741:Drivers/STM32G0xx_HAL_Driver/Src/stm32g0xx_hal_dma.c ****       /* Disable the request gen overrun interrupt */
 742:Drivers/STM32G0xx_HAL_Driver/Src/stm32g0xx_hal_dma.c ****       hdma->DMAmuxRequestGen->RGCR |= DMAMUX_RGxCR_OIE;
 743:Drivers/STM32G0xx_HAL_Driver/Src/stm32g0xx_hal_dma.c **** 
 744:Drivers/STM32G0xx_HAL_Driver/Src/stm32g0xx_hal_dma.c ****       /* Clear the DMAMUX request generator overrun flag */
 745:Drivers/STM32G0xx_HAL_Driver/Src/stm32g0xx_hal_dma.c ****       hdma->DMAmuxRequestGenStatus->RGCFR = hdma->DMAmuxRequestGenStatusMask;
 746:Drivers/STM32G0xx_HAL_Driver/Src/stm32g0xx_hal_dma.c **** 
 747:Drivers/STM32G0xx_HAL_Driver/Src/stm32g0xx_hal_dma.c ****       /* Update error code */
 748:Drivers/STM32G0xx_HAL_Driver/Src/stm32g0xx_hal_dma.c ****       hdma->ErrorCode |= HAL_DMA_ERROR_REQGEN;
 749:Drivers/STM32G0xx_HAL_Driver/Src/stm32g0xx_hal_dma.c ****     }
 750:Drivers/STM32G0xx_HAL_Driver/Src/stm32g0xx_hal_dma.c ****   }
 751:Drivers/STM32G0xx_HAL_Driver/Src/stm32g0xx_hal_dma.c **** 
 752:Drivers/STM32G0xx_HAL_Driver/Src/stm32g0xx_hal_dma.c ****   /* Check for DMAMUX Synchronization overrun */
 753:Drivers/STM32G0xx_HAL_Driver/Src/stm32g0xx_hal_dma.c ****   if ((hdma->DMAmuxChannelStatus->CSR & hdma->DMAmuxChannelStatusMask) != 0U)
 754:Drivers/STM32G0xx_HAL_Driver/Src/stm32g0xx_hal_dma.c ****   {
 755:Drivers/STM32G0xx_HAL_Driver/Src/stm32g0xx_hal_dma.c ****     /* Clear the DMAMUX synchro overrun flag */
 756:Drivers/STM32G0xx_HAL_Driver/Src/stm32g0xx_hal_dma.c ****     hdma->DMAmuxChannelStatus->CFR = hdma->DMAmuxChannelStatusMask;
 757:Drivers/STM32G0xx_HAL_Driver/Src/stm32g0xx_hal_dma.c **** 
 758:Drivers/STM32G0xx_HAL_Driver/Src/stm32g0xx_hal_dma.c ****     /* Update error code */
 759:Drivers/STM32G0xx_HAL_Driver/Src/stm32g0xx_hal_dma.c ****     hdma->ErrorCode |= HAL_DMA_ERROR_SYNC;
 760:Drivers/STM32G0xx_HAL_Driver/Src/stm32g0xx_hal_dma.c ****   }
 761:Drivers/STM32G0xx_HAL_Driver/Src/stm32g0xx_hal_dma.c **** 
 762:Drivers/STM32G0xx_HAL_Driver/Src/stm32g0xx_hal_dma.c ****   if (HAL_DMA_FULL_TRANSFER == CompleteLevel)
 763:Drivers/STM32G0xx_HAL_Driver/Src/stm32g0xx_hal_dma.c ****   {
 764:Drivers/STM32G0xx_HAL_Driver/Src/stm32g0xx_hal_dma.c ****     /* Clear the transfer complete flag */
 765:Drivers/STM32G0xx_HAL_Driver/Src/stm32g0xx_hal_dma.c **** #if defined(DMA2)
 766:Drivers/STM32G0xx_HAL_Driver/Src/stm32g0xx_hal_dma.c ****     hdma->DmaBaseAddress->IFCR = (DMA_FLAG_TC1 << (hdma->ChannelIndex & 0x1CU));
 767:Drivers/STM32G0xx_HAL_Driver/Src/stm32g0xx_hal_dma.c **** #else
 768:Drivers/STM32G0xx_HAL_Driver/Src/stm32g0xx_hal_dma.c ****     __HAL_DMA_CLEAR_FLAG(hdma, (DMA_FLAG_TC1 << (hdma->ChannelIndex & 0x1CU)));
 769:Drivers/STM32G0xx_HAL_Driver/Src/stm32g0xx_hal_dma.c **** #endif /* DMA2 */
 770:Drivers/STM32G0xx_HAL_Driver/Src/stm32g0xx_hal_dma.c **** 
 771:Drivers/STM32G0xx_HAL_Driver/Src/stm32g0xx_hal_dma.c ****     /* Process unlocked */
 772:Drivers/STM32G0xx_HAL_Driver/Src/stm32g0xx_hal_dma.c ****     __HAL_UNLOCK(hdma);
 773:Drivers/STM32G0xx_HAL_Driver/Src/stm32g0xx_hal_dma.c **** 
ARM GAS  C:\Users\Domagoj\AppData\Local\Temp\cccolMwP.s 			page 15


 774:Drivers/STM32G0xx_HAL_Driver/Src/stm32g0xx_hal_dma.c ****     /* The selected Channelx EN bit is cleared (DMA is disabled and
 775:Drivers/STM32G0xx_HAL_Driver/Src/stm32g0xx_hal_dma.c ****     all transfers are complete) */
 776:Drivers/STM32G0xx_HAL_Driver/Src/stm32g0xx_hal_dma.c ****     hdma->State = HAL_DMA_STATE_READY;
 777:Drivers/STM32G0xx_HAL_Driver/Src/stm32g0xx_hal_dma.c ****   }
 778:Drivers/STM32G0xx_HAL_Driver/Src/stm32g0xx_hal_dma.c ****   else
 779:Drivers/STM32G0xx_HAL_Driver/Src/stm32g0xx_hal_dma.c ****   {
 780:Drivers/STM32G0xx_HAL_Driver/Src/stm32g0xx_hal_dma.c ****     /* Clear the half transfer complete flag */
 781:Drivers/STM32G0xx_HAL_Driver/Src/stm32g0xx_hal_dma.c **** #if defined(DMA2)
 782:Drivers/STM32G0xx_HAL_Driver/Src/stm32g0xx_hal_dma.c ****     hdma->DmaBaseAddress->IFCR = (DMA_FLAG_HT1 << (hdma->ChannelIndex & 0x1CU));
 783:Drivers/STM32G0xx_HAL_Driver/Src/stm32g0xx_hal_dma.c **** #else
 784:Drivers/STM32G0xx_HAL_Driver/Src/stm32g0xx_hal_dma.c ****     __HAL_DMA_CLEAR_FLAG(hdma, (DMA_FLAG_HT1 << (hdma->ChannelIndex & 0x1CU)));
 785:Drivers/STM32G0xx_HAL_Driver/Src/stm32g0xx_hal_dma.c **** #endif /* DMA2 */
 786:Drivers/STM32G0xx_HAL_Driver/Src/stm32g0xx_hal_dma.c ****   }
 787:Drivers/STM32G0xx_HAL_Driver/Src/stm32g0xx_hal_dma.c **** 
 788:Drivers/STM32G0xx_HAL_Driver/Src/stm32g0xx_hal_dma.c ****   return HAL_OK;
 789:Drivers/STM32G0xx_HAL_Driver/Src/stm32g0xx_hal_dma.c **** }
 790:Drivers/STM32G0xx_HAL_Driver/Src/stm32g0xx_hal_dma.c **** 
 791:Drivers/STM32G0xx_HAL_Driver/Src/stm32g0xx_hal_dma.c **** /**
 792:Drivers/STM32G0xx_HAL_Driver/Src/stm32g0xx_hal_dma.c ****   * @brief Handle DMA interrupt request.
 793:Drivers/STM32G0xx_HAL_Driver/Src/stm32g0xx_hal_dma.c ****   * @param hdma Pointer to a DMA_HandleTypeDef structure that contains
 794:Drivers/STM32G0xx_HAL_Driver/Src/stm32g0xx_hal_dma.c ****   *             the configuration information for the specified DMA Channel.
 795:Drivers/STM32G0xx_HAL_Driver/Src/stm32g0xx_hal_dma.c ****   * @retval None
 796:Drivers/STM32G0xx_HAL_Driver/Src/stm32g0xx_hal_dma.c ****   */
 797:Drivers/STM32G0xx_HAL_Driver/Src/stm32g0xx_hal_dma.c **** void HAL_DMA_IRQHandler(DMA_HandleTypeDef *hdma)
 798:Drivers/STM32G0xx_HAL_Driver/Src/stm32g0xx_hal_dma.c **** {
 799:Drivers/STM32G0xx_HAL_Driver/Src/stm32g0xx_hal_dma.c **** #if defined(DMA2)
 800:Drivers/STM32G0xx_HAL_Driver/Src/stm32g0xx_hal_dma.c ****   uint32_t flag_it = hdma->DmaBaseAddress->ISR;
 801:Drivers/STM32G0xx_HAL_Driver/Src/stm32g0xx_hal_dma.c **** #else
 802:Drivers/STM32G0xx_HAL_Driver/Src/stm32g0xx_hal_dma.c ****   uint32_t flag_it = DMA1->ISR;
 803:Drivers/STM32G0xx_HAL_Driver/Src/stm32g0xx_hal_dma.c **** #endif /* DMA2 */
 804:Drivers/STM32G0xx_HAL_Driver/Src/stm32g0xx_hal_dma.c ****   uint32_t source_it = hdma->Instance->CCR;
 805:Drivers/STM32G0xx_HAL_Driver/Src/stm32g0xx_hal_dma.c **** 
 806:Drivers/STM32G0xx_HAL_Driver/Src/stm32g0xx_hal_dma.c ****   /* Half Transfer Complete Interrupt management ******************************/
 807:Drivers/STM32G0xx_HAL_Driver/Src/stm32g0xx_hal_dma.c ****   if (((flag_it & (DMA_FLAG_HT1 << (hdma->ChannelIndex & 0x1CU))) != 0U) && ((source_it & DMA_IT_HT
 808:Drivers/STM32G0xx_HAL_Driver/Src/stm32g0xx_hal_dma.c ****   {
 809:Drivers/STM32G0xx_HAL_Driver/Src/stm32g0xx_hal_dma.c ****     /* Disable the half transfer interrupt if the DMA mode is not CIRCULAR */
 810:Drivers/STM32G0xx_HAL_Driver/Src/stm32g0xx_hal_dma.c ****     if ((hdma->Instance->CCR & DMA_CCR_CIRC) == 0U)
 811:Drivers/STM32G0xx_HAL_Driver/Src/stm32g0xx_hal_dma.c ****     {
 812:Drivers/STM32G0xx_HAL_Driver/Src/stm32g0xx_hal_dma.c ****       /* Disable the half transfer interrupt */
 813:Drivers/STM32G0xx_HAL_Driver/Src/stm32g0xx_hal_dma.c ****       __HAL_DMA_DISABLE_IT(hdma, DMA_IT_HT);
 814:Drivers/STM32G0xx_HAL_Driver/Src/stm32g0xx_hal_dma.c ****     }
 815:Drivers/STM32G0xx_HAL_Driver/Src/stm32g0xx_hal_dma.c ****     /* Clear the half transfer complete flag */
 816:Drivers/STM32G0xx_HAL_Driver/Src/stm32g0xx_hal_dma.c **** #if defined(DMA2)
 817:Drivers/STM32G0xx_HAL_Driver/Src/stm32g0xx_hal_dma.c ****     hdma->DmaBaseAddress->IFCR = DMA_ISR_HTIF1 << (hdma->ChannelIndex & 0x1CU);
 818:Drivers/STM32G0xx_HAL_Driver/Src/stm32g0xx_hal_dma.c **** #else
 819:Drivers/STM32G0xx_HAL_Driver/Src/stm32g0xx_hal_dma.c ****     __HAL_DMA_CLEAR_FLAG(hdma, (DMA_FLAG_HT1 << (hdma->ChannelIndex & 0x1CU)));
 820:Drivers/STM32G0xx_HAL_Driver/Src/stm32g0xx_hal_dma.c **** #endif /* DMA2 */
 821:Drivers/STM32G0xx_HAL_Driver/Src/stm32g0xx_hal_dma.c **** 
 822:Drivers/STM32G0xx_HAL_Driver/Src/stm32g0xx_hal_dma.c ****     /* DMA peripheral state is not updated in Half Transfer */
 823:Drivers/STM32G0xx_HAL_Driver/Src/stm32g0xx_hal_dma.c ****     /* but in Transfer Complete case */
 824:Drivers/STM32G0xx_HAL_Driver/Src/stm32g0xx_hal_dma.c **** 
 825:Drivers/STM32G0xx_HAL_Driver/Src/stm32g0xx_hal_dma.c ****     if (hdma->XferHalfCpltCallback != NULL)
 826:Drivers/STM32G0xx_HAL_Driver/Src/stm32g0xx_hal_dma.c ****     {
 827:Drivers/STM32G0xx_HAL_Driver/Src/stm32g0xx_hal_dma.c ****       /* Half transfer callback */
 828:Drivers/STM32G0xx_HAL_Driver/Src/stm32g0xx_hal_dma.c ****       hdma->XferHalfCpltCallback(hdma);
 829:Drivers/STM32G0xx_HAL_Driver/Src/stm32g0xx_hal_dma.c ****     }
 830:Drivers/STM32G0xx_HAL_Driver/Src/stm32g0xx_hal_dma.c ****   }
ARM GAS  C:\Users\Domagoj\AppData\Local\Temp\cccolMwP.s 			page 16


 831:Drivers/STM32G0xx_HAL_Driver/Src/stm32g0xx_hal_dma.c **** 
 832:Drivers/STM32G0xx_HAL_Driver/Src/stm32g0xx_hal_dma.c ****   /* Transfer Complete Interrupt management ***********************************/
 833:Drivers/STM32G0xx_HAL_Driver/Src/stm32g0xx_hal_dma.c ****   else if ((0U != (flag_it & (DMA_FLAG_TC1 << (hdma->ChannelIndex & 0x1CU)))) && (0U != (source_it 
 834:Drivers/STM32G0xx_HAL_Driver/Src/stm32g0xx_hal_dma.c ****   {
 835:Drivers/STM32G0xx_HAL_Driver/Src/stm32g0xx_hal_dma.c ****     if ((hdma->Instance->CCR & DMA_CCR_CIRC) == 0U)
 836:Drivers/STM32G0xx_HAL_Driver/Src/stm32g0xx_hal_dma.c ****     {
 837:Drivers/STM32G0xx_HAL_Driver/Src/stm32g0xx_hal_dma.c ****       /* Disable the transfer complete and error interrupt */
 838:Drivers/STM32G0xx_HAL_Driver/Src/stm32g0xx_hal_dma.c ****       __HAL_DMA_DISABLE_IT(hdma, DMA_IT_TE | DMA_IT_TC);
 839:Drivers/STM32G0xx_HAL_Driver/Src/stm32g0xx_hal_dma.c **** 
 840:Drivers/STM32G0xx_HAL_Driver/Src/stm32g0xx_hal_dma.c ****       /* Change the DMA state */
 841:Drivers/STM32G0xx_HAL_Driver/Src/stm32g0xx_hal_dma.c ****       hdma->State = HAL_DMA_STATE_READY;
 842:Drivers/STM32G0xx_HAL_Driver/Src/stm32g0xx_hal_dma.c ****     }
 843:Drivers/STM32G0xx_HAL_Driver/Src/stm32g0xx_hal_dma.c ****     /* Clear the transfer complete flag */
 844:Drivers/STM32G0xx_HAL_Driver/Src/stm32g0xx_hal_dma.c ****     __HAL_DMA_CLEAR_FLAG(hdma, (DMA_FLAG_TC1 << (hdma->ChannelIndex & 0x1CU)));
 845:Drivers/STM32G0xx_HAL_Driver/Src/stm32g0xx_hal_dma.c **** 
 846:Drivers/STM32G0xx_HAL_Driver/Src/stm32g0xx_hal_dma.c ****     /* Process Unlocked */
 847:Drivers/STM32G0xx_HAL_Driver/Src/stm32g0xx_hal_dma.c ****     __HAL_UNLOCK(hdma);
 848:Drivers/STM32G0xx_HAL_Driver/Src/stm32g0xx_hal_dma.c **** 
 849:Drivers/STM32G0xx_HAL_Driver/Src/stm32g0xx_hal_dma.c ****     if (hdma->XferCpltCallback != NULL)
 850:Drivers/STM32G0xx_HAL_Driver/Src/stm32g0xx_hal_dma.c ****     {
 851:Drivers/STM32G0xx_HAL_Driver/Src/stm32g0xx_hal_dma.c ****       /* Transfer complete callback */
 852:Drivers/STM32G0xx_HAL_Driver/Src/stm32g0xx_hal_dma.c ****       hdma->XferCpltCallback(hdma);
 853:Drivers/STM32G0xx_HAL_Driver/Src/stm32g0xx_hal_dma.c ****     }
 854:Drivers/STM32G0xx_HAL_Driver/Src/stm32g0xx_hal_dma.c ****   }
 855:Drivers/STM32G0xx_HAL_Driver/Src/stm32g0xx_hal_dma.c **** 
 856:Drivers/STM32G0xx_HAL_Driver/Src/stm32g0xx_hal_dma.c ****   /* Transfer Error Interrupt management **************************************/
 857:Drivers/STM32G0xx_HAL_Driver/Src/stm32g0xx_hal_dma.c ****   else if (((flag_it & (DMA_FLAG_TE1 << (hdma->ChannelIndex & 0x1CU))) != 0U) && ((source_it & DMA_
 858:Drivers/STM32G0xx_HAL_Driver/Src/stm32g0xx_hal_dma.c ****   {
 859:Drivers/STM32G0xx_HAL_Driver/Src/stm32g0xx_hal_dma.c ****     /* When a DMA transfer error occurs */
 860:Drivers/STM32G0xx_HAL_Driver/Src/stm32g0xx_hal_dma.c ****     /* A hardware clear of its EN bits is performed */
 861:Drivers/STM32G0xx_HAL_Driver/Src/stm32g0xx_hal_dma.c ****     /* Disable ALL DMA IT */
 862:Drivers/STM32G0xx_HAL_Driver/Src/stm32g0xx_hal_dma.c ****     __HAL_DMA_DISABLE_IT(hdma, (DMA_IT_TC | DMA_IT_HT | DMA_IT_TE));
 863:Drivers/STM32G0xx_HAL_Driver/Src/stm32g0xx_hal_dma.c **** 
 864:Drivers/STM32G0xx_HAL_Driver/Src/stm32g0xx_hal_dma.c ****     /* Clear all flags */
 865:Drivers/STM32G0xx_HAL_Driver/Src/stm32g0xx_hal_dma.c **** #if defined(DMA2)
 866:Drivers/STM32G0xx_HAL_Driver/Src/stm32g0xx_hal_dma.c ****     hdma->DmaBaseAddress->IFCR = (DMA_ISR_GIF1 << (hdma->ChannelIndex & 0x1CU));
 867:Drivers/STM32G0xx_HAL_Driver/Src/stm32g0xx_hal_dma.c **** #else
 868:Drivers/STM32G0xx_HAL_Driver/Src/stm32g0xx_hal_dma.c ****     __HAL_DMA_CLEAR_FLAG(hdma, (DMA_FLAG_GI1 << (hdma->ChannelIndex & 0x1CU)));
 869:Drivers/STM32G0xx_HAL_Driver/Src/stm32g0xx_hal_dma.c **** #endif /* DMA2 */
 870:Drivers/STM32G0xx_HAL_Driver/Src/stm32g0xx_hal_dma.c **** 
 871:Drivers/STM32G0xx_HAL_Driver/Src/stm32g0xx_hal_dma.c ****     /* Update error code */
 872:Drivers/STM32G0xx_HAL_Driver/Src/stm32g0xx_hal_dma.c ****     hdma->ErrorCode = HAL_DMA_ERROR_TE;
 873:Drivers/STM32G0xx_HAL_Driver/Src/stm32g0xx_hal_dma.c **** 
 874:Drivers/STM32G0xx_HAL_Driver/Src/stm32g0xx_hal_dma.c ****     /* Change the DMA state */
 875:Drivers/STM32G0xx_HAL_Driver/Src/stm32g0xx_hal_dma.c ****     hdma->State = HAL_DMA_STATE_READY;
 876:Drivers/STM32G0xx_HAL_Driver/Src/stm32g0xx_hal_dma.c **** 
 877:Drivers/STM32G0xx_HAL_Driver/Src/stm32g0xx_hal_dma.c ****     /* Process Unlocked */
 878:Drivers/STM32G0xx_HAL_Driver/Src/stm32g0xx_hal_dma.c ****     __HAL_UNLOCK(hdma);
 879:Drivers/STM32G0xx_HAL_Driver/Src/stm32g0xx_hal_dma.c **** 
 880:Drivers/STM32G0xx_HAL_Driver/Src/stm32g0xx_hal_dma.c ****     if (hdma->XferErrorCallback != NULL)
 881:Drivers/STM32G0xx_HAL_Driver/Src/stm32g0xx_hal_dma.c ****     {
 882:Drivers/STM32G0xx_HAL_Driver/Src/stm32g0xx_hal_dma.c ****       /* Transfer error callback */
 883:Drivers/STM32G0xx_HAL_Driver/Src/stm32g0xx_hal_dma.c ****       hdma->XferErrorCallback(hdma);
 884:Drivers/STM32G0xx_HAL_Driver/Src/stm32g0xx_hal_dma.c ****     }
 885:Drivers/STM32G0xx_HAL_Driver/Src/stm32g0xx_hal_dma.c ****   }
 886:Drivers/STM32G0xx_HAL_Driver/Src/stm32g0xx_hal_dma.c ****   else
 887:Drivers/STM32G0xx_HAL_Driver/Src/stm32g0xx_hal_dma.c ****   {
ARM GAS  C:\Users\Domagoj\AppData\Local\Temp\cccolMwP.s 			page 17


 888:Drivers/STM32G0xx_HAL_Driver/Src/stm32g0xx_hal_dma.c ****     /* Nothing To Do */
 889:Drivers/STM32G0xx_HAL_Driver/Src/stm32g0xx_hal_dma.c ****   }
 890:Drivers/STM32G0xx_HAL_Driver/Src/stm32g0xx_hal_dma.c ****   return;
 891:Drivers/STM32G0xx_HAL_Driver/Src/stm32g0xx_hal_dma.c **** }
 892:Drivers/STM32G0xx_HAL_Driver/Src/stm32g0xx_hal_dma.c **** 
 893:Drivers/STM32G0xx_HAL_Driver/Src/stm32g0xx_hal_dma.c **** /**
 894:Drivers/STM32G0xx_HAL_Driver/Src/stm32g0xx_hal_dma.c ****   * @brief Register callbacks
 895:Drivers/STM32G0xx_HAL_Driver/Src/stm32g0xx_hal_dma.c ****   * @param hdma Pointer to a DMA_HandleTypeDef structure that contains
 896:Drivers/STM32G0xx_HAL_Driver/Src/stm32g0xx_hal_dma.c ****   *             the configuration information for the specified DMA Channel.
 897:Drivers/STM32G0xx_HAL_Driver/Src/stm32g0xx_hal_dma.c ****   * @param CallbackID User Callback identifier
 898:Drivers/STM32G0xx_HAL_Driver/Src/stm32g0xx_hal_dma.c ****   *                   a HAL_DMA_CallbackIDTypeDef ENUM as parameter.
 899:Drivers/STM32G0xx_HAL_Driver/Src/stm32g0xx_hal_dma.c ****   * @param pCallback Pointer to private callback function which has pointer to
 900:Drivers/STM32G0xx_HAL_Driver/Src/stm32g0xx_hal_dma.c ****   *                  a DMA_HandleTypeDef structure as parameter.
 901:Drivers/STM32G0xx_HAL_Driver/Src/stm32g0xx_hal_dma.c ****   * @retval HAL status
 902:Drivers/STM32G0xx_HAL_Driver/Src/stm32g0xx_hal_dma.c ****   */
 903:Drivers/STM32G0xx_HAL_Driver/Src/stm32g0xx_hal_dma.c **** HAL_StatusTypeDef HAL_DMA_RegisterCallback(DMA_HandleTypeDef *hdma, HAL_DMA_CallbackIDTypeDef Callb
 904:Drivers/STM32G0xx_HAL_Driver/Src/stm32g0xx_hal_dma.c **** {
 905:Drivers/STM32G0xx_HAL_Driver/Src/stm32g0xx_hal_dma.c ****   HAL_StatusTypeDef status = HAL_OK;
 906:Drivers/STM32G0xx_HAL_Driver/Src/stm32g0xx_hal_dma.c **** 
 907:Drivers/STM32G0xx_HAL_Driver/Src/stm32g0xx_hal_dma.c ****   /* Process locked */
 908:Drivers/STM32G0xx_HAL_Driver/Src/stm32g0xx_hal_dma.c ****   __HAL_LOCK(hdma);
 909:Drivers/STM32G0xx_HAL_Driver/Src/stm32g0xx_hal_dma.c **** 
 910:Drivers/STM32G0xx_HAL_Driver/Src/stm32g0xx_hal_dma.c ****   if (hdma->State == HAL_DMA_STATE_READY)
 911:Drivers/STM32G0xx_HAL_Driver/Src/stm32g0xx_hal_dma.c ****   {
 912:Drivers/STM32G0xx_HAL_Driver/Src/stm32g0xx_hal_dma.c ****     switch (CallbackID)
 913:Drivers/STM32G0xx_HAL_Driver/Src/stm32g0xx_hal_dma.c ****     {
 914:Drivers/STM32G0xx_HAL_Driver/Src/stm32g0xx_hal_dma.c ****       case  HAL_DMA_XFER_CPLT_CB_ID:
 915:Drivers/STM32G0xx_HAL_Driver/Src/stm32g0xx_hal_dma.c ****         hdma->XferCpltCallback = pCallback;
 916:Drivers/STM32G0xx_HAL_Driver/Src/stm32g0xx_hal_dma.c ****         break;
 917:Drivers/STM32G0xx_HAL_Driver/Src/stm32g0xx_hal_dma.c **** 
 918:Drivers/STM32G0xx_HAL_Driver/Src/stm32g0xx_hal_dma.c ****       case  HAL_DMA_XFER_HALFCPLT_CB_ID:
 919:Drivers/STM32G0xx_HAL_Driver/Src/stm32g0xx_hal_dma.c ****         hdma->XferHalfCpltCallback = pCallback;
 920:Drivers/STM32G0xx_HAL_Driver/Src/stm32g0xx_hal_dma.c ****         break;
 921:Drivers/STM32G0xx_HAL_Driver/Src/stm32g0xx_hal_dma.c **** 
 922:Drivers/STM32G0xx_HAL_Driver/Src/stm32g0xx_hal_dma.c ****       case  HAL_DMA_XFER_ERROR_CB_ID:
 923:Drivers/STM32G0xx_HAL_Driver/Src/stm32g0xx_hal_dma.c ****         hdma->XferErrorCallback = pCallback;
 924:Drivers/STM32G0xx_HAL_Driver/Src/stm32g0xx_hal_dma.c ****         break;
 925:Drivers/STM32G0xx_HAL_Driver/Src/stm32g0xx_hal_dma.c **** 
 926:Drivers/STM32G0xx_HAL_Driver/Src/stm32g0xx_hal_dma.c ****       case  HAL_DMA_XFER_ABORT_CB_ID:
 927:Drivers/STM32G0xx_HAL_Driver/Src/stm32g0xx_hal_dma.c ****         hdma->XferAbortCallback = pCallback;
 928:Drivers/STM32G0xx_HAL_Driver/Src/stm32g0xx_hal_dma.c ****         break;
 929:Drivers/STM32G0xx_HAL_Driver/Src/stm32g0xx_hal_dma.c **** 
 930:Drivers/STM32G0xx_HAL_Driver/Src/stm32g0xx_hal_dma.c ****       default:
 931:Drivers/STM32G0xx_HAL_Driver/Src/stm32g0xx_hal_dma.c ****         status = HAL_ERROR;
 932:Drivers/STM32G0xx_HAL_Driver/Src/stm32g0xx_hal_dma.c ****         break;
 933:Drivers/STM32G0xx_HAL_Driver/Src/stm32g0xx_hal_dma.c ****     }
 934:Drivers/STM32G0xx_HAL_Driver/Src/stm32g0xx_hal_dma.c ****   }
 935:Drivers/STM32G0xx_HAL_Driver/Src/stm32g0xx_hal_dma.c ****   else
 936:Drivers/STM32G0xx_HAL_Driver/Src/stm32g0xx_hal_dma.c ****   {
 937:Drivers/STM32G0xx_HAL_Driver/Src/stm32g0xx_hal_dma.c ****     status = HAL_ERROR;
 938:Drivers/STM32G0xx_HAL_Driver/Src/stm32g0xx_hal_dma.c ****   }
 939:Drivers/STM32G0xx_HAL_Driver/Src/stm32g0xx_hal_dma.c **** 
 940:Drivers/STM32G0xx_HAL_Driver/Src/stm32g0xx_hal_dma.c ****   /* Release Lock */
 941:Drivers/STM32G0xx_HAL_Driver/Src/stm32g0xx_hal_dma.c ****   __HAL_UNLOCK(hdma);
 942:Drivers/STM32G0xx_HAL_Driver/Src/stm32g0xx_hal_dma.c **** 
 943:Drivers/STM32G0xx_HAL_Driver/Src/stm32g0xx_hal_dma.c ****   return status;
 944:Drivers/STM32G0xx_HAL_Driver/Src/stm32g0xx_hal_dma.c **** }
ARM GAS  C:\Users\Domagoj\AppData\Local\Temp\cccolMwP.s 			page 18


 945:Drivers/STM32G0xx_HAL_Driver/Src/stm32g0xx_hal_dma.c **** 
 946:Drivers/STM32G0xx_HAL_Driver/Src/stm32g0xx_hal_dma.c **** /**
 947:Drivers/STM32G0xx_HAL_Driver/Src/stm32g0xx_hal_dma.c ****   * @brief UnRegister callbacks
 948:Drivers/STM32G0xx_HAL_Driver/Src/stm32g0xx_hal_dma.c ****   * @param hdma Pointer to a DMA_HandleTypeDef structure that contains
 949:Drivers/STM32G0xx_HAL_Driver/Src/stm32g0xx_hal_dma.c ****   *             the configuration information for the specified DMA Channel.
 950:Drivers/STM32G0xx_HAL_Driver/Src/stm32g0xx_hal_dma.c ****   * @param CallbackID User Callback identifier
 951:Drivers/STM32G0xx_HAL_Driver/Src/stm32g0xx_hal_dma.c ****   *                   a HAL_DMA_CallbackIDTypeDef ENUM as parameter.
 952:Drivers/STM32G0xx_HAL_Driver/Src/stm32g0xx_hal_dma.c ****   * @retval HAL status
 953:Drivers/STM32G0xx_HAL_Driver/Src/stm32g0xx_hal_dma.c ****   */
 954:Drivers/STM32G0xx_HAL_Driver/Src/stm32g0xx_hal_dma.c **** HAL_StatusTypeDef HAL_DMA_UnRegisterCallback(DMA_HandleTypeDef *hdma, HAL_DMA_CallbackIDTypeDef Cal
 955:Drivers/STM32G0xx_HAL_Driver/Src/stm32g0xx_hal_dma.c **** {
 956:Drivers/STM32G0xx_HAL_Driver/Src/stm32g0xx_hal_dma.c ****   HAL_StatusTypeDef status = HAL_OK;
 957:Drivers/STM32G0xx_HAL_Driver/Src/stm32g0xx_hal_dma.c **** 
 958:Drivers/STM32G0xx_HAL_Driver/Src/stm32g0xx_hal_dma.c ****   /* Process locked */
 959:Drivers/STM32G0xx_HAL_Driver/Src/stm32g0xx_hal_dma.c ****   __HAL_LOCK(hdma);
 960:Drivers/STM32G0xx_HAL_Driver/Src/stm32g0xx_hal_dma.c **** 
 961:Drivers/STM32G0xx_HAL_Driver/Src/stm32g0xx_hal_dma.c ****   if (hdma->State == HAL_DMA_STATE_READY)
 962:Drivers/STM32G0xx_HAL_Driver/Src/stm32g0xx_hal_dma.c ****   {
 963:Drivers/STM32G0xx_HAL_Driver/Src/stm32g0xx_hal_dma.c ****     switch (CallbackID)
 964:Drivers/STM32G0xx_HAL_Driver/Src/stm32g0xx_hal_dma.c ****     {
 965:Drivers/STM32G0xx_HAL_Driver/Src/stm32g0xx_hal_dma.c ****       case  HAL_DMA_XFER_CPLT_CB_ID:
 966:Drivers/STM32G0xx_HAL_Driver/Src/stm32g0xx_hal_dma.c ****         hdma->XferCpltCallback = NULL;
 967:Drivers/STM32G0xx_HAL_Driver/Src/stm32g0xx_hal_dma.c ****         break;
 968:Drivers/STM32G0xx_HAL_Driver/Src/stm32g0xx_hal_dma.c **** 
 969:Drivers/STM32G0xx_HAL_Driver/Src/stm32g0xx_hal_dma.c ****       case  HAL_DMA_XFER_HALFCPLT_CB_ID:
 970:Drivers/STM32G0xx_HAL_Driver/Src/stm32g0xx_hal_dma.c ****         hdma->XferHalfCpltCallback = NULL;
 971:Drivers/STM32G0xx_HAL_Driver/Src/stm32g0xx_hal_dma.c ****         break;
 972:Drivers/STM32G0xx_HAL_Driver/Src/stm32g0xx_hal_dma.c **** 
 973:Drivers/STM32G0xx_HAL_Driver/Src/stm32g0xx_hal_dma.c ****       case  HAL_DMA_XFER_ERROR_CB_ID:
 974:Drivers/STM32G0xx_HAL_Driver/Src/stm32g0xx_hal_dma.c ****         hdma->XferErrorCallback = NULL;
 975:Drivers/STM32G0xx_HAL_Driver/Src/stm32g0xx_hal_dma.c ****         break;
 976:Drivers/STM32G0xx_HAL_Driver/Src/stm32g0xx_hal_dma.c **** 
 977:Drivers/STM32G0xx_HAL_Driver/Src/stm32g0xx_hal_dma.c ****       case  HAL_DMA_XFER_ABORT_CB_ID:
 978:Drivers/STM32G0xx_HAL_Driver/Src/stm32g0xx_hal_dma.c ****         hdma->XferAbortCallback = NULL;
 979:Drivers/STM32G0xx_HAL_Driver/Src/stm32g0xx_hal_dma.c ****         break;
 980:Drivers/STM32G0xx_HAL_Driver/Src/stm32g0xx_hal_dma.c **** 
 981:Drivers/STM32G0xx_HAL_Driver/Src/stm32g0xx_hal_dma.c ****       case   HAL_DMA_XFER_ALL_CB_ID:
 982:Drivers/STM32G0xx_HAL_Driver/Src/stm32g0xx_hal_dma.c ****         hdma->XferCpltCallback = NULL;
 983:Drivers/STM32G0xx_HAL_Driver/Src/stm32g0xx_hal_dma.c ****         hdma->XferHalfCpltCallback = NULL;
 984:Drivers/STM32G0xx_HAL_Driver/Src/stm32g0xx_hal_dma.c ****         hdma->XferErrorCallback = NULL;
 985:Drivers/STM32G0xx_HAL_Driver/Src/stm32g0xx_hal_dma.c ****         hdma->XferAbortCallback = NULL;
 986:Drivers/STM32G0xx_HAL_Driver/Src/stm32g0xx_hal_dma.c ****         break;
 987:Drivers/STM32G0xx_HAL_Driver/Src/stm32g0xx_hal_dma.c **** 
 988:Drivers/STM32G0xx_HAL_Driver/Src/stm32g0xx_hal_dma.c ****       default:
 989:Drivers/STM32G0xx_HAL_Driver/Src/stm32g0xx_hal_dma.c ****         status = HAL_ERROR;
 990:Drivers/STM32G0xx_HAL_Driver/Src/stm32g0xx_hal_dma.c ****         break;
 991:Drivers/STM32G0xx_HAL_Driver/Src/stm32g0xx_hal_dma.c ****     }
 992:Drivers/STM32G0xx_HAL_Driver/Src/stm32g0xx_hal_dma.c ****   }
 993:Drivers/STM32G0xx_HAL_Driver/Src/stm32g0xx_hal_dma.c ****   else
 994:Drivers/STM32G0xx_HAL_Driver/Src/stm32g0xx_hal_dma.c ****   {
 995:Drivers/STM32G0xx_HAL_Driver/Src/stm32g0xx_hal_dma.c ****     status = HAL_ERROR;
 996:Drivers/STM32G0xx_HAL_Driver/Src/stm32g0xx_hal_dma.c ****   }
 997:Drivers/STM32G0xx_HAL_Driver/Src/stm32g0xx_hal_dma.c **** 
 998:Drivers/STM32G0xx_HAL_Driver/Src/stm32g0xx_hal_dma.c ****   /* Release Lock */
 999:Drivers/STM32G0xx_HAL_Driver/Src/stm32g0xx_hal_dma.c ****   __HAL_UNLOCK(hdma);
1000:Drivers/STM32G0xx_HAL_Driver/Src/stm32g0xx_hal_dma.c **** 
1001:Drivers/STM32G0xx_HAL_Driver/Src/stm32g0xx_hal_dma.c ****   return status;
ARM GAS  C:\Users\Domagoj\AppData\Local\Temp\cccolMwP.s 			page 19


1002:Drivers/STM32G0xx_HAL_Driver/Src/stm32g0xx_hal_dma.c **** }
1003:Drivers/STM32G0xx_HAL_Driver/Src/stm32g0xx_hal_dma.c **** 
1004:Drivers/STM32G0xx_HAL_Driver/Src/stm32g0xx_hal_dma.c **** /**
1005:Drivers/STM32G0xx_HAL_Driver/Src/stm32g0xx_hal_dma.c ****   * @}
1006:Drivers/STM32G0xx_HAL_Driver/Src/stm32g0xx_hal_dma.c ****   */
1007:Drivers/STM32G0xx_HAL_Driver/Src/stm32g0xx_hal_dma.c **** 
1008:Drivers/STM32G0xx_HAL_Driver/Src/stm32g0xx_hal_dma.c **** 
1009:Drivers/STM32G0xx_HAL_Driver/Src/stm32g0xx_hal_dma.c **** /** @defgroup DMA_Exported_Functions_Group3 Peripheral State and Errors functions
1010:Drivers/STM32G0xx_HAL_Driver/Src/stm32g0xx_hal_dma.c ****   *  @brief    Peripheral State and Errors functions
1011:Drivers/STM32G0xx_HAL_Driver/Src/stm32g0xx_hal_dma.c ****   *
1012:Drivers/STM32G0xx_HAL_Driver/Src/stm32g0xx_hal_dma.c **** @verbatim
1013:Drivers/STM32G0xx_HAL_Driver/Src/stm32g0xx_hal_dma.c ****  ===============================================================================
1014:Drivers/STM32G0xx_HAL_Driver/Src/stm32g0xx_hal_dma.c ****             ##### Peripheral State and Errors functions #####
1015:Drivers/STM32G0xx_HAL_Driver/Src/stm32g0xx_hal_dma.c ****  ===============================================================================
1016:Drivers/STM32G0xx_HAL_Driver/Src/stm32g0xx_hal_dma.c ****     [..]
1017:Drivers/STM32G0xx_HAL_Driver/Src/stm32g0xx_hal_dma.c ****     This subsection provides functions allowing to
1018:Drivers/STM32G0xx_HAL_Driver/Src/stm32g0xx_hal_dma.c ****       (+) Check the DMA state
1019:Drivers/STM32G0xx_HAL_Driver/Src/stm32g0xx_hal_dma.c ****       (+) Get error code
1020:Drivers/STM32G0xx_HAL_Driver/Src/stm32g0xx_hal_dma.c **** 
1021:Drivers/STM32G0xx_HAL_Driver/Src/stm32g0xx_hal_dma.c **** @endverbatim
1022:Drivers/STM32G0xx_HAL_Driver/Src/stm32g0xx_hal_dma.c ****   * @{
1023:Drivers/STM32G0xx_HAL_Driver/Src/stm32g0xx_hal_dma.c ****   */
1024:Drivers/STM32G0xx_HAL_Driver/Src/stm32g0xx_hal_dma.c **** 
1025:Drivers/STM32G0xx_HAL_Driver/Src/stm32g0xx_hal_dma.c **** /**
1026:Drivers/STM32G0xx_HAL_Driver/Src/stm32g0xx_hal_dma.c ****   * @brief Return the DMA handle state.
1027:Drivers/STM32G0xx_HAL_Driver/Src/stm32g0xx_hal_dma.c ****   * @param hdma Pointer to a DMA_HandleTypeDef structure that contains
1028:Drivers/STM32G0xx_HAL_Driver/Src/stm32g0xx_hal_dma.c ****   *             the configuration information for the specified DMA Channel.
1029:Drivers/STM32G0xx_HAL_Driver/Src/stm32g0xx_hal_dma.c ****   * @retval HAL state
1030:Drivers/STM32G0xx_HAL_Driver/Src/stm32g0xx_hal_dma.c ****   */
1031:Drivers/STM32G0xx_HAL_Driver/Src/stm32g0xx_hal_dma.c **** HAL_DMA_StateTypeDef HAL_DMA_GetState(DMA_HandleTypeDef *hdma)
1032:Drivers/STM32G0xx_HAL_Driver/Src/stm32g0xx_hal_dma.c **** {
1033:Drivers/STM32G0xx_HAL_Driver/Src/stm32g0xx_hal_dma.c ****   /* Return DMA handle state */
1034:Drivers/STM32G0xx_HAL_Driver/Src/stm32g0xx_hal_dma.c ****   return hdma->State;
1035:Drivers/STM32G0xx_HAL_Driver/Src/stm32g0xx_hal_dma.c **** }
1036:Drivers/STM32G0xx_HAL_Driver/Src/stm32g0xx_hal_dma.c **** 
1037:Drivers/STM32G0xx_HAL_Driver/Src/stm32g0xx_hal_dma.c **** /**
1038:Drivers/STM32G0xx_HAL_Driver/Src/stm32g0xx_hal_dma.c ****   * @brief Return the DMA error code.
1039:Drivers/STM32G0xx_HAL_Driver/Src/stm32g0xx_hal_dma.c ****   * @param hdma Pointer to a DMA_HandleTypeDef structure that contains
1040:Drivers/STM32G0xx_HAL_Driver/Src/stm32g0xx_hal_dma.c ****   *             the configuration information for the specified DMA Channel.
1041:Drivers/STM32G0xx_HAL_Driver/Src/stm32g0xx_hal_dma.c ****   * @retval DMA Error Code
1042:Drivers/STM32G0xx_HAL_Driver/Src/stm32g0xx_hal_dma.c ****   */
1043:Drivers/STM32G0xx_HAL_Driver/Src/stm32g0xx_hal_dma.c **** uint32_t HAL_DMA_GetError(DMA_HandleTypeDef *hdma)
1044:Drivers/STM32G0xx_HAL_Driver/Src/stm32g0xx_hal_dma.c **** {
1045:Drivers/STM32G0xx_HAL_Driver/Src/stm32g0xx_hal_dma.c ****   /* Return the DMA error code */
1046:Drivers/STM32G0xx_HAL_Driver/Src/stm32g0xx_hal_dma.c ****   return hdma->ErrorCode;
1047:Drivers/STM32G0xx_HAL_Driver/Src/stm32g0xx_hal_dma.c **** }
1048:Drivers/STM32G0xx_HAL_Driver/Src/stm32g0xx_hal_dma.c **** 
1049:Drivers/STM32G0xx_HAL_Driver/Src/stm32g0xx_hal_dma.c **** /**
1050:Drivers/STM32G0xx_HAL_Driver/Src/stm32g0xx_hal_dma.c ****   * @}
1051:Drivers/STM32G0xx_HAL_Driver/Src/stm32g0xx_hal_dma.c ****   */
1052:Drivers/STM32G0xx_HAL_Driver/Src/stm32g0xx_hal_dma.c **** 
1053:Drivers/STM32G0xx_HAL_Driver/Src/stm32g0xx_hal_dma.c **** /**
1054:Drivers/STM32G0xx_HAL_Driver/Src/stm32g0xx_hal_dma.c ****   * @}
1055:Drivers/STM32G0xx_HAL_Driver/Src/stm32g0xx_hal_dma.c ****   */
1056:Drivers/STM32G0xx_HAL_Driver/Src/stm32g0xx_hal_dma.c **** 
1057:Drivers/STM32G0xx_HAL_Driver/Src/stm32g0xx_hal_dma.c **** /** @addtogroup DMA_Private_Functions
1058:Drivers/STM32G0xx_HAL_Driver/Src/stm32g0xx_hal_dma.c ****   * @{
ARM GAS  C:\Users\Domagoj\AppData\Local\Temp\cccolMwP.s 			page 20


1059:Drivers/STM32G0xx_HAL_Driver/Src/stm32g0xx_hal_dma.c ****   */
1060:Drivers/STM32G0xx_HAL_Driver/Src/stm32g0xx_hal_dma.c **** 
1061:Drivers/STM32G0xx_HAL_Driver/Src/stm32g0xx_hal_dma.c **** /**
1062:Drivers/STM32G0xx_HAL_Driver/Src/stm32g0xx_hal_dma.c ****   * @brief Sets the DMA Transfer parameter.
1063:Drivers/STM32G0xx_HAL_Driver/Src/stm32g0xx_hal_dma.c ****   * @param hdma Pointer to a DMA_HandleTypeDef structure that contains
1064:Drivers/STM32G0xx_HAL_Driver/Src/stm32g0xx_hal_dma.c ****   *             the configuration information for the specified DMA Channel.
1065:Drivers/STM32G0xx_HAL_Driver/Src/stm32g0xx_hal_dma.c ****   * @param SrcAddress The source memory Buffer address
1066:Drivers/STM32G0xx_HAL_Driver/Src/stm32g0xx_hal_dma.c ****   * @param DstAddress The destination memory Buffer address
1067:Drivers/STM32G0xx_HAL_Driver/Src/stm32g0xx_hal_dma.c ****   * @param DataLength The length of data to be transferred from source to destination
1068:Drivers/STM32G0xx_HAL_Driver/Src/stm32g0xx_hal_dma.c ****   * @retval HAL status
1069:Drivers/STM32G0xx_HAL_Driver/Src/stm32g0xx_hal_dma.c ****   */
1070:Drivers/STM32G0xx_HAL_Driver/Src/stm32g0xx_hal_dma.c **** static void DMA_SetConfig(DMA_HandleTypeDef *hdma, uint32_t SrcAddress, uint32_t DstAddress, uint32
1071:Drivers/STM32G0xx_HAL_Driver/Src/stm32g0xx_hal_dma.c **** {
  27              		.loc 1 1071 1 view -0
  28              		.cfi_startproc
  29              		@ args = 0, pretend = 0, frame = 0
  30              		@ frame_needed = 0, uses_anonymous_args = 0
  31              		.loc 1 1071 1 is_stmt 0 view .LVU1
  32 0000 70B5     		push	{r4, r5, r6, lr}
  33              	.LCFI0:
  34              		.cfi_def_cfa_offset 16
  35              		.cfi_offset 4, -16
  36              		.cfi_offset 5, -12
  37              		.cfi_offset 6, -8
  38              		.cfi_offset 14, -4
1072:Drivers/STM32G0xx_HAL_Driver/Src/stm32g0xx_hal_dma.c ****   /* Clear the DMAMUX synchro overrun flag */
1073:Drivers/STM32G0xx_HAL_Driver/Src/stm32g0xx_hal_dma.c ****   hdma->DMAmuxChannelStatus->CFR = hdma->DMAmuxChannelStatusMask;
  39              		.loc 1 1073 3 is_stmt 1 view .LVU2
  40              		.loc 1 1073 7 is_stmt 0 view .LVU3
  41 0002 C46C     		ldr	r4, [r0, #76]
  42              		.loc 1 1073 40 view .LVU4
  43 0004 056D     		ldr	r5, [r0, #80]
  44              		.loc 1 1073 34 view .LVU5
  45 0006 6560     		str	r5, [r4, #4]
1074:Drivers/STM32G0xx_HAL_Driver/Src/stm32g0xx_hal_dma.c **** 
1075:Drivers/STM32G0xx_HAL_Driver/Src/stm32g0xx_hal_dma.c ****   if (hdma->DMAmuxRequestGen != 0U)
  46              		.loc 1 1075 3 is_stmt 1 view .LVU6
  47              		.loc 1 1075 11 is_stmt 0 view .LVU7
  48 0008 446D     		ldr	r4, [r0, #84]
  49              		.loc 1 1075 6 view .LVU8
  50 000a 002C     		cmp	r4, #0
  51 000c 02D0     		beq	.L2
1076:Drivers/STM32G0xx_HAL_Driver/Src/stm32g0xx_hal_dma.c ****   {
1077:Drivers/STM32G0xx_HAL_Driver/Src/stm32g0xx_hal_dma.c ****     /* Clear the DMAMUX request generator overrun flag */
1078:Drivers/STM32G0xx_HAL_Driver/Src/stm32g0xx_hal_dma.c ****     hdma->DMAmuxRequestGenStatus->RGCFR = hdma->DMAmuxRequestGenStatusMask;
  52              		.loc 1 1078 5 is_stmt 1 view .LVU9
  53              		.loc 1 1078 9 is_stmt 0 view .LVU10
  54 000e 846D     		ldr	r4, [r0, #88]
  55              		.loc 1 1078 47 view .LVU11
  56 0010 C56D     		ldr	r5, [r0, #92]
  57              		.loc 1 1078 41 view .LVU12
  58 0012 6560     		str	r5, [r4, #4]
  59              	.L2:
1079:Drivers/STM32G0xx_HAL_Driver/Src/stm32g0xx_hal_dma.c ****   }
1080:Drivers/STM32G0xx_HAL_Driver/Src/stm32g0xx_hal_dma.c **** 
1081:Drivers/STM32G0xx_HAL_Driver/Src/stm32g0xx_hal_dma.c ****   /* Clear all flags */
1082:Drivers/STM32G0xx_HAL_Driver/Src/stm32g0xx_hal_dma.c **** #if defined(DMA2)
ARM GAS  C:\Users\Domagoj\AppData\Local\Temp\cccolMwP.s 			page 21


1083:Drivers/STM32G0xx_HAL_Driver/Src/stm32g0xx_hal_dma.c ****   hdma->DmaBaseAddress->IFCR = (DMA_ISR_GIF1 << (hdma->ChannelIndex & 0x1CU));
  60              		.loc 1 1083 3 is_stmt 1 view .LVU13
  61              		.loc 1 1083 54 is_stmt 0 view .LVU14
  62 0014 446C     		ldr	r4, [r0, #68]
  63              		.loc 1 1083 69 view .LVU15
  64 0016 1C25     		movs	r5, #28
  65 0018 2540     		ands	r5, r4
  66              		.loc 1 1083 7 view .LVU16
  67 001a 066C     		ldr	r6, [r0, #64]
  68              		.loc 1 1083 46 view .LVU17
  69 001c 0124     		movs	r4, #1
  70 001e AC40     		lsls	r4, r4, r5
  71              		.loc 1 1083 30 view .LVU18
  72 0020 7460     		str	r4, [r6, #4]
1084:Drivers/STM32G0xx_HAL_Driver/Src/stm32g0xx_hal_dma.c **** #else
1085:Drivers/STM32G0xx_HAL_Driver/Src/stm32g0xx_hal_dma.c ****   __HAL_DMA_CLEAR_FLAG(hdma, (DMA_FLAG_GI1 << (hdma->ChannelIndex & 0x1CU)));
1086:Drivers/STM32G0xx_HAL_Driver/Src/stm32g0xx_hal_dma.c **** #endif /* DMA2 */
1087:Drivers/STM32G0xx_HAL_Driver/Src/stm32g0xx_hal_dma.c **** 
1088:Drivers/STM32G0xx_HAL_Driver/Src/stm32g0xx_hal_dma.c ****   /* Configure DMA Channel data length */
1089:Drivers/STM32G0xx_HAL_Driver/Src/stm32g0xx_hal_dma.c ****   hdma->Instance->CNDTR = DataLength;
  73              		.loc 1 1089 3 is_stmt 1 view .LVU19
  74              		.loc 1 1089 7 is_stmt 0 view .LVU20
  75 0022 0468     		ldr	r4, [r0]
  76              		.loc 1 1089 25 view .LVU21
  77 0024 6360     		str	r3, [r4, #4]
1090:Drivers/STM32G0xx_HAL_Driver/Src/stm32g0xx_hal_dma.c **** 
1091:Drivers/STM32G0xx_HAL_Driver/Src/stm32g0xx_hal_dma.c ****   /* Memory to Peripheral */
1092:Drivers/STM32G0xx_HAL_Driver/Src/stm32g0xx_hal_dma.c ****   if ((hdma->Init.Direction) == DMA_MEMORY_TO_PERIPH)
  78              		.loc 1 1092 3 is_stmt 1 view .LVU22
  79              		.loc 1 1092 18 is_stmt 0 view .LVU23
  80 0026 8368     		ldr	r3, [r0, #8]
  81              	.LVL1:
  82              		.loc 1 1092 6 view .LVU24
  83 0028 102B     		cmp	r3, #16
  84 002a 04D0     		beq	.L5
1093:Drivers/STM32G0xx_HAL_Driver/Src/stm32g0xx_hal_dma.c ****   {
1094:Drivers/STM32G0xx_HAL_Driver/Src/stm32g0xx_hal_dma.c ****     /* Configure DMA Channel destination address */
1095:Drivers/STM32G0xx_HAL_Driver/Src/stm32g0xx_hal_dma.c ****     hdma->Instance->CPAR = DstAddress;
1096:Drivers/STM32G0xx_HAL_Driver/Src/stm32g0xx_hal_dma.c **** 
1097:Drivers/STM32G0xx_HAL_Driver/Src/stm32g0xx_hal_dma.c ****     /* Configure DMA Channel source address */
1098:Drivers/STM32G0xx_HAL_Driver/Src/stm32g0xx_hal_dma.c ****     hdma->Instance->CMAR = SrcAddress;
1099:Drivers/STM32G0xx_HAL_Driver/Src/stm32g0xx_hal_dma.c ****   }
1100:Drivers/STM32G0xx_HAL_Driver/Src/stm32g0xx_hal_dma.c ****   /* Peripheral to Memory */
1101:Drivers/STM32G0xx_HAL_Driver/Src/stm32g0xx_hal_dma.c ****   else
1102:Drivers/STM32G0xx_HAL_Driver/Src/stm32g0xx_hal_dma.c ****   {
1103:Drivers/STM32G0xx_HAL_Driver/Src/stm32g0xx_hal_dma.c ****     /* Configure DMA Channel source address */
1104:Drivers/STM32G0xx_HAL_Driver/Src/stm32g0xx_hal_dma.c ****     hdma->Instance->CPAR = SrcAddress;
  85              		.loc 1 1104 5 is_stmt 1 view .LVU25
  86              		.loc 1 1104 9 is_stmt 0 view .LVU26
  87 002c 0368     		ldr	r3, [r0]
  88              		.loc 1 1104 26 view .LVU27
  89 002e 9960     		str	r1, [r3, #8]
  90              	.LVL2:
1105:Drivers/STM32G0xx_HAL_Driver/Src/stm32g0xx_hal_dma.c **** 
1106:Drivers/STM32G0xx_HAL_Driver/Src/stm32g0xx_hal_dma.c ****     /* Configure DMA Channel destination address */
1107:Drivers/STM32G0xx_HAL_Driver/Src/stm32g0xx_hal_dma.c ****     hdma->Instance->CMAR = DstAddress;
  91              		.loc 1 1107 5 is_stmt 1 view .LVU28
ARM GAS  C:\Users\Domagoj\AppData\Local\Temp\cccolMwP.s 			page 22


  92              		.loc 1 1107 9 is_stmt 0 view .LVU29
  93 0030 0368     		ldr	r3, [r0]
  94              		.loc 1 1107 26 view .LVU30
  95 0032 DA60     		str	r2, [r3, #12]
  96              	.L1:
1108:Drivers/STM32G0xx_HAL_Driver/Src/stm32g0xx_hal_dma.c ****   }
1109:Drivers/STM32G0xx_HAL_Driver/Src/stm32g0xx_hal_dma.c **** }
  97              		.loc 1 1109 1 view .LVU31
  98              		@ sp needed
  99 0034 70BD     		pop	{r4, r5, r6, pc}
 100              	.LVL3:
 101              	.L5:
1095:Drivers/STM32G0xx_HAL_Driver/Src/stm32g0xx_hal_dma.c **** 
 102              		.loc 1 1095 5 is_stmt 1 view .LVU32
1095:Drivers/STM32G0xx_HAL_Driver/Src/stm32g0xx_hal_dma.c **** 
 103              		.loc 1 1095 9 is_stmt 0 view .LVU33
 104 0036 0368     		ldr	r3, [r0]
1095:Drivers/STM32G0xx_HAL_Driver/Src/stm32g0xx_hal_dma.c **** 
 105              		.loc 1 1095 26 view .LVU34
 106 0038 9A60     		str	r2, [r3, #8]
 107              	.LVL4:
1098:Drivers/STM32G0xx_HAL_Driver/Src/stm32g0xx_hal_dma.c ****   }
 108              		.loc 1 1098 5 is_stmt 1 view .LVU35
1098:Drivers/STM32G0xx_HAL_Driver/Src/stm32g0xx_hal_dma.c ****   }
 109              		.loc 1 1098 9 is_stmt 0 view .LVU36
 110 003a 0368     		ldr	r3, [r0]
1098:Drivers/STM32G0xx_HAL_Driver/Src/stm32g0xx_hal_dma.c ****   }
 111              		.loc 1 1098 26 view .LVU37
 112 003c D960     		str	r1, [r3, #12]
 113 003e F9E7     		b	.L1
 114              		.cfi_endproc
 115              	.LFE375:
 117              		.section	.text.DMA_CalcDMAMUXChannelBaseAndMask,"ax",%progbits
 118              		.align	1
 119              		.syntax unified
 120              		.code	16
 121              		.thumb_func
 123              	DMA_CalcDMAMUXChannelBaseAndMask:
 124              	.LVL5:
 125              	.LFB376:
1110:Drivers/STM32G0xx_HAL_Driver/Src/stm32g0xx_hal_dma.c **** 
1111:Drivers/STM32G0xx_HAL_Driver/Src/stm32g0xx_hal_dma.c **** /**
1112:Drivers/STM32G0xx_HAL_Driver/Src/stm32g0xx_hal_dma.c ****   * @brief Updates the DMA handle with the DMAMUX  channel and status mask depending on channel num
1113:Drivers/STM32G0xx_HAL_Driver/Src/stm32g0xx_hal_dma.c ****   * @param hdma Pointer to a DMA_HandleTypeDef structure that contains
1114:Drivers/STM32G0xx_HAL_Driver/Src/stm32g0xx_hal_dma.c ****   *             the configuration information for the specified DMA Channel.
1115:Drivers/STM32G0xx_HAL_Driver/Src/stm32g0xx_hal_dma.c ****   * @retval None
1116:Drivers/STM32G0xx_HAL_Driver/Src/stm32g0xx_hal_dma.c ****   */
1117:Drivers/STM32G0xx_HAL_Driver/Src/stm32g0xx_hal_dma.c **** static void DMA_CalcDMAMUXChannelBaseAndMask(DMA_HandleTypeDef *hdma)
1118:Drivers/STM32G0xx_HAL_Driver/Src/stm32g0xx_hal_dma.c **** {
 126              		.loc 1 1118 1 is_stmt 1 view -0
 127              		.cfi_startproc
 128              		@ args = 0, pretend = 0, frame = 0
 129              		@ frame_needed = 0, uses_anonymous_args = 0
 130              		.loc 1 1118 1 is_stmt 0 view .LVU39
 131 0000 10B5     		push	{r4, lr}
 132              	.LCFI1:
 133              		.cfi_def_cfa_offset 8
ARM GAS  C:\Users\Domagoj\AppData\Local\Temp\cccolMwP.s 			page 23


 134              		.cfi_offset 4, -8
 135              		.cfi_offset 14, -4
 136 0002 0400     		movs	r4, r0
1119:Drivers/STM32G0xx_HAL_Driver/Src/stm32g0xx_hal_dma.c ****   uint32_t channel_number;
 137              		.loc 1 1119 3 is_stmt 1 view .LVU40
1120:Drivers/STM32G0xx_HAL_Driver/Src/stm32g0xx_hal_dma.c **** 
1121:Drivers/STM32G0xx_HAL_Driver/Src/stm32g0xx_hal_dma.c **** #if defined(DMA2)
1122:Drivers/STM32G0xx_HAL_Driver/Src/stm32g0xx_hal_dma.c ****   /* check if instance is not outside the DMA channel range */
1123:Drivers/STM32G0xx_HAL_Driver/Src/stm32g0xx_hal_dma.c ****   if ((uint32_t)hdma->Instance < (uint32_t)DMA2_Channel1)
 138              		.loc 1 1123 3 view .LVU41
 139              		.loc 1 1123 21 is_stmt 0 view .LVU42
 140 0004 0268     		ldr	r2, [r0]
 141              		.loc 1 1123 6 view .LVU43
 142 0006 144B     		ldr	r3, .L9
 143 0008 9A42     		cmp	r2, r3
 144 000a 15D8     		bhi	.L7
1124:Drivers/STM32G0xx_HAL_Driver/Src/stm32g0xx_hal_dma.c ****   {
1125:Drivers/STM32G0xx_HAL_Driver/Src/stm32g0xx_hal_dma.c ****     /* DMA1 */
1126:Drivers/STM32G0xx_HAL_Driver/Src/stm32g0xx_hal_dma.c ****     /* Associate a DMA Channel to a DMAMUX channel */
1127:Drivers/STM32G0xx_HAL_Driver/Src/stm32g0xx_hal_dma.c ****     hdma->DMAmuxChannel = (DMAMUX1_Channel0 + (hdma->ChannelIndex >> 2U));
 145              		.loc 1 1127 5 is_stmt 1 view .LVU44
 146              		.loc 1 1127 52 is_stmt 0 view .LVU45
 147 000c 436C     		ldr	r3, [r0, #68]
 148              		.loc 1 1127 67 view .LVU46
 149 000e 9B08     		lsrs	r3, r3, #2
 150              		.loc 1 1127 45 view .LVU47
 151 0010 9B00     		lsls	r3, r3, #2
 152 0012 1249     		ldr	r1, .L9+4
 153 0014 8C46     		mov	ip, r1
 154 0016 6344     		add	r3, r3, ip
 155              		.loc 1 1127 25 view .LVU48
 156 0018 8364     		str	r3, [r0, #72]
1128:Drivers/STM32G0xx_HAL_Driver/Src/stm32g0xx_hal_dma.c **** 
1129:Drivers/STM32G0xx_HAL_Driver/Src/stm32g0xx_hal_dma.c ****     /* Prepare channel_number used for DMAmuxChannelStatusMask computation */
1130:Drivers/STM32G0xx_HAL_Driver/Src/stm32g0xx_hal_dma.c ****     channel_number = (((uint32_t)hdma->Instance & 0xFFU) - 8U) / 20U;
 157              		.loc 1 1130 5 is_stmt 1 view .LVU49
 158              		.loc 1 1130 49 is_stmt 0 view .LVU50
 159 001a FF20     		movs	r0, #255
 160              	.LVL6:
 161              		.loc 1 1130 49 view .LVU51
 162 001c 1040     		ands	r0, r2
 163              		.loc 1 1130 58 view .LVU52
 164 001e 0838     		subs	r0, r0, #8
 165              		.loc 1 1130 20 view .LVU53
 166 0020 1421     		movs	r1, #20
 167 0022 FFF7FEFF 		bl	__aeabi_uidiv
 168              	.LVL7:
 169 0026 0300     		movs	r3, r0
 170              	.LVL8:
 171              	.L8:
1131:Drivers/STM32G0xx_HAL_Driver/Src/stm32g0xx_hal_dma.c ****   }
1132:Drivers/STM32G0xx_HAL_Driver/Src/stm32g0xx_hal_dma.c ****   else
1133:Drivers/STM32G0xx_HAL_Driver/Src/stm32g0xx_hal_dma.c ****   {
1134:Drivers/STM32G0xx_HAL_Driver/Src/stm32g0xx_hal_dma.c ****     /* DMA2 */
1135:Drivers/STM32G0xx_HAL_Driver/Src/stm32g0xx_hal_dma.c ****     /* Associate a DMA Channel to a DMAMUX channel */
1136:Drivers/STM32G0xx_HAL_Driver/Src/stm32g0xx_hal_dma.c ****     hdma->DMAmuxChannel = (DMAMUX1_Channel7 + (hdma->ChannelIndex >> 2U));
1137:Drivers/STM32G0xx_HAL_Driver/Src/stm32g0xx_hal_dma.c **** 
ARM GAS  C:\Users\Domagoj\AppData\Local\Temp\cccolMwP.s 			page 24


1138:Drivers/STM32G0xx_HAL_Driver/Src/stm32g0xx_hal_dma.c ****     /* Prepare channel_number used for DMAmuxChannelStatusMask computation */
1139:Drivers/STM32G0xx_HAL_Driver/Src/stm32g0xx_hal_dma.c ****     channel_number = (((((uint32_t)hdma->Instance & 0xFFU) - 8U) / 20U) + 7U);
1140:Drivers/STM32G0xx_HAL_Driver/Src/stm32g0xx_hal_dma.c ****   }
1141:Drivers/STM32G0xx_HAL_Driver/Src/stm32g0xx_hal_dma.c **** #else
1142:Drivers/STM32G0xx_HAL_Driver/Src/stm32g0xx_hal_dma.c ****   /* Associate a DMA Channel to a DMAMUX channel */
1143:Drivers/STM32G0xx_HAL_Driver/Src/stm32g0xx_hal_dma.c ****   hdma->DMAmuxChannel = (DMAMUX_Channel_TypeDef *)(uint32_t)((uint32_t)DMAMUX1_Channel0 + ((hdma->C
1144:Drivers/STM32G0xx_HAL_Driver/Src/stm32g0xx_hal_dma.c **** 
1145:Drivers/STM32G0xx_HAL_Driver/Src/stm32g0xx_hal_dma.c ****   /* Prepare channel_number used for DMAmuxChannelStatusMask computation */
1146:Drivers/STM32G0xx_HAL_Driver/Src/stm32g0xx_hal_dma.c ****   channel_number = (((uint32_t)hdma->Instance & 0xFFU) - 8U) / 20U;
1147:Drivers/STM32G0xx_HAL_Driver/Src/stm32g0xx_hal_dma.c **** #endif /* DMA2 */
1148:Drivers/STM32G0xx_HAL_Driver/Src/stm32g0xx_hal_dma.c **** 
1149:Drivers/STM32G0xx_HAL_Driver/Src/stm32g0xx_hal_dma.c ****   /* Initialize the field DMAmuxChannelStatus to DMAMUX1_ChannelStatus base */
1150:Drivers/STM32G0xx_HAL_Driver/Src/stm32g0xx_hal_dma.c ****   hdma->DMAmuxChannelStatus = DMAMUX1_ChannelStatus;
 172              		.loc 1 1150 3 is_stmt 1 view .LVU54
 173              		.loc 1 1150 29 is_stmt 0 view .LVU55
 174 0028 0D4A     		ldr	r2, .L9+8
 175 002a E264     		str	r2, [r4, #76]
1151:Drivers/STM32G0xx_HAL_Driver/Src/stm32g0xx_hal_dma.c **** 
1152:Drivers/STM32G0xx_HAL_Driver/Src/stm32g0xx_hal_dma.c ****   /* Initialize the field DMAmuxChannelStatusMask with the corresponding index of the DMAMUX channe
1153:Drivers/STM32G0xx_HAL_Driver/Src/stm32g0xx_hal_dma.c ****   hdma->DMAmuxChannelStatusMask = 1UL << (channel_number & 0x1FU);
 176              		.loc 1 1153 3 is_stmt 1 view .LVU56
 177              		.loc 1 1153 58 is_stmt 0 view .LVU57
 178 002c 1F20     		movs	r0, #31
 179 002e 1840     		ands	r0, r3
 180              		.loc 1 1153 39 view .LVU58
 181 0030 0123     		movs	r3, #1
 182              	.LVL9:
 183              		.loc 1 1153 39 view .LVU59
 184 0032 8340     		lsls	r3, r3, r0
 185              		.loc 1 1153 33 view .LVU60
 186 0034 2365     		str	r3, [r4, #80]
1154:Drivers/STM32G0xx_HAL_Driver/Src/stm32g0xx_hal_dma.c **** }
 187              		.loc 1 1154 1 view .LVU61
 188              		@ sp needed
 189              	.LVL10:
 190              		.loc 1 1154 1 view .LVU62
 191 0036 10BD     		pop	{r4, pc}
 192              	.LVL11:
 193              	.L7:
1136:Drivers/STM32G0xx_HAL_Driver/Src/stm32g0xx_hal_dma.c **** 
 194              		.loc 1 1136 5 is_stmt 1 view .LVU63
1136:Drivers/STM32G0xx_HAL_Driver/Src/stm32g0xx_hal_dma.c **** 
 195              		.loc 1 1136 52 is_stmt 0 view .LVU64
 196 0038 436C     		ldr	r3, [r0, #68]
1136:Drivers/STM32G0xx_HAL_Driver/Src/stm32g0xx_hal_dma.c **** 
 197              		.loc 1 1136 67 view .LVU65
 198 003a 9B08     		lsrs	r3, r3, #2
1136:Drivers/STM32G0xx_HAL_Driver/Src/stm32g0xx_hal_dma.c **** 
 199              		.loc 1 1136 45 view .LVU66
 200 003c 9B00     		lsls	r3, r3, #2
 201 003e 0949     		ldr	r1, .L9+12
 202 0040 8C46     		mov	ip, r1
 203 0042 6344     		add	r3, r3, ip
1136:Drivers/STM32G0xx_HAL_Driver/Src/stm32g0xx_hal_dma.c **** 
 204              		.loc 1 1136 25 view .LVU67
 205 0044 8364     		str	r3, [r0, #72]
1139:Drivers/STM32G0xx_HAL_Driver/Src/stm32g0xx_hal_dma.c ****   }
ARM GAS  C:\Users\Domagoj\AppData\Local\Temp\cccolMwP.s 			page 25


 206              		.loc 1 1139 5 is_stmt 1 view .LVU68
1139:Drivers/STM32G0xx_HAL_Driver/Src/stm32g0xx_hal_dma.c ****   }
 207              		.loc 1 1139 51 is_stmt 0 view .LVU69
 208 0046 FF20     		movs	r0, #255
 209              	.LVL12:
1139:Drivers/STM32G0xx_HAL_Driver/Src/stm32g0xx_hal_dma.c ****   }
 210              		.loc 1 1139 51 view .LVU70
 211 0048 1040     		ands	r0, r2
1139:Drivers/STM32G0xx_HAL_Driver/Src/stm32g0xx_hal_dma.c ****   }
 212              		.loc 1 1139 60 view .LVU71
 213 004a 0838     		subs	r0, r0, #8
1139:Drivers/STM32G0xx_HAL_Driver/Src/stm32g0xx_hal_dma.c ****   }
 214              		.loc 1 1139 66 view .LVU72
 215 004c 1421     		movs	r1, #20
 216 004e FFF7FEFF 		bl	__aeabi_uidiv
 217              	.LVL13:
1139:Drivers/STM32G0xx_HAL_Driver/Src/stm32g0xx_hal_dma.c ****   }
 218              		.loc 1 1139 20 view .LVU73
 219 0052 C31D     		adds	r3, r0, #7
 220 0054 E8E7     		b	.L8
 221              	.L10:
 222 0056 C046     		.align	2
 223              	.L9:
 224 0058 07040240 		.word	1073873927
 225 005c 00080240 		.word	1073874944
 226 0060 80080240 		.word	1073875072
 227 0064 1C080240 		.word	1073874972
 228              		.cfi_endproc
 229              	.LFE376:
 231              		.section	.text.DMA_CalcDMAMUXRequestGenBaseAndMask,"ax",%progbits
 232              		.align	1
 233              		.syntax unified
 234              		.code	16
 235              		.thumb_func
 237              	DMA_CalcDMAMUXRequestGenBaseAndMask:
 238              	.LVL14:
 239              	.LFB377:
1155:Drivers/STM32G0xx_HAL_Driver/Src/stm32g0xx_hal_dma.c **** 
1156:Drivers/STM32G0xx_HAL_Driver/Src/stm32g0xx_hal_dma.c **** /**
1157:Drivers/STM32G0xx_HAL_Driver/Src/stm32g0xx_hal_dma.c ****   * @brief Updates the DMA handle with the DMAMUX  request generator params
1158:Drivers/STM32G0xx_HAL_Driver/Src/stm32g0xx_hal_dma.c ****   * @param hdma Pointer to a DMA_HandleTypeDef structure that contains
1159:Drivers/STM32G0xx_HAL_Driver/Src/stm32g0xx_hal_dma.c ****   *             the configuration information for the specified DMA Channel.
1160:Drivers/STM32G0xx_HAL_Driver/Src/stm32g0xx_hal_dma.c ****   * @retval None
1161:Drivers/STM32G0xx_HAL_Driver/Src/stm32g0xx_hal_dma.c ****   */
1162:Drivers/STM32G0xx_HAL_Driver/Src/stm32g0xx_hal_dma.c **** 
1163:Drivers/STM32G0xx_HAL_Driver/Src/stm32g0xx_hal_dma.c **** static void DMA_CalcDMAMUXRequestGenBaseAndMask(DMA_HandleTypeDef *hdma)
1164:Drivers/STM32G0xx_HAL_Driver/Src/stm32g0xx_hal_dma.c **** {
 240              		.loc 1 1164 1 is_stmt 1 view -0
 241              		.cfi_startproc
 242              		@ args = 0, pretend = 0, frame = 0
 243              		@ frame_needed = 0, uses_anonymous_args = 0
 244              		@ link register save eliminated.
1165:Drivers/STM32G0xx_HAL_Driver/Src/stm32g0xx_hal_dma.c ****   uint32_t request =  hdma->Init.Request & DMAMUX_CxCR_DMAREQ_ID;
 245              		.loc 1 1165 3 view .LVU75
 246              		.loc 1 1165 33 is_stmt 0 view .LVU76
 247 0000 4268     		ldr	r2, [r0, #4]
 248              		.loc 1 1165 12 view .LVU77
ARM GAS  C:\Users\Domagoj\AppData\Local\Temp\cccolMwP.s 			page 26


 249 0002 7F23     		movs	r3, #127
 250 0004 1340     		ands	r3, r2
 251              	.LVL15:
1166:Drivers/STM32G0xx_HAL_Driver/Src/stm32g0xx_hal_dma.c **** 
1167:Drivers/STM32G0xx_HAL_Driver/Src/stm32g0xx_hal_dma.c ****   /* DMA Channels are connected to DMAMUX1 request generator blocks*/
1168:Drivers/STM32G0xx_HAL_Driver/Src/stm32g0xx_hal_dma.c ****   hdma->DMAmuxRequestGen = (DMAMUX_RequestGen_TypeDef *)((uint32_t)(((uint32_t)DMAMUX1_RequestGener
 252              		.loc 1 1168 3 is_stmt 1 view .LVU78
 253              		.loc 1 1168 58 is_stmt 0 view .LVU79
 254 0006 064A     		ldr	r2, .L12
 255 0008 9A18     		adds	r2, r3, r2
 256 000a 9200     		lsls	r2, r2, #2
 257              		.loc 1 1168 26 view .LVU80
 258 000c 4265     		str	r2, [r0, #84]
1169:Drivers/STM32G0xx_HAL_Driver/Src/stm32g0xx_hal_dma.c **** 
1170:Drivers/STM32G0xx_HAL_Driver/Src/stm32g0xx_hal_dma.c ****   hdma->DMAmuxRequestGenStatus = DMAMUX1_RequestGenStatus;
 259              		.loc 1 1170 3 is_stmt 1 view .LVU81
 260              		.loc 1 1170 32 is_stmt 0 view .LVU82
 261 000e 054A     		ldr	r2, .L12+4
 262 0010 8265     		str	r2, [r0, #88]
1171:Drivers/STM32G0xx_HAL_Driver/Src/stm32g0xx_hal_dma.c **** 
1172:Drivers/STM32G0xx_HAL_Driver/Src/stm32g0xx_hal_dma.c ****   /* here "Request" is either DMA_REQUEST_GENERATOR0 to DMA_REQUEST_GENERATOR3, i.e. <= 4*/
1173:Drivers/STM32G0xx_HAL_Driver/Src/stm32g0xx_hal_dma.c ****   hdma->DMAmuxRequestGenStatusMask = 1UL << ((request - 1U) & 0x3U);
 263              		.loc 1 1173 3 is_stmt 1 view .LVU83
 264              		.loc 1 1173 55 is_stmt 0 view .LVU84
 265 0012 013B     		subs	r3, r3, #1
 266              	.LVL16:
 267              		.loc 1 1173 61 view .LVU85
 268 0014 0322     		movs	r2, #3
 269 0016 1A40     		ands	r2, r3
 270              		.loc 1 1173 42 view .LVU86
 271 0018 0123     		movs	r3, #1
 272              	.LVL17:
 273              		.loc 1 1173 42 view .LVU87
 274 001a 9340     		lsls	r3, r3, r2
 275              		.loc 1 1173 36 view .LVU88
 276 001c C365     		str	r3, [r0, #92]
1174:Drivers/STM32G0xx_HAL_Driver/Src/stm32g0xx_hal_dma.c **** }
 277              		.loc 1 1174 1 view .LVU89
 278              		@ sp needed
 279 001e 7047     		bx	lr
 280              	.L13:
 281              		.align	2
 282              	.L12:
 283 0020 3F820010 		.word	268468799
 284 0024 40090240 		.word	1073875264
 285              		.cfi_endproc
 286              	.LFE377:
 288              		.section	.text.HAL_DMA_Init,"ax",%progbits
 289              		.align	1
 290              		.global	HAL_DMA_Init
 291              		.syntax unified
 292              		.code	16
 293              		.thumb_func
 295              	HAL_DMA_Init:
 296              	.LVL18:
 297              	.LFB363:
 153:Drivers/STM32G0xx_HAL_Driver/Src/stm32g0xx_hal_dma.c ****   /* Check the DMA handle allocation */
ARM GAS  C:\Users\Domagoj\AppData\Local\Temp\cccolMwP.s 			page 27


 298              		.loc 1 153 1 is_stmt 1 view -0
 299              		.cfi_startproc
 300              		@ args = 0, pretend = 0, frame = 0
 301              		@ frame_needed = 0, uses_anonymous_args = 0
 153:Drivers/STM32G0xx_HAL_Driver/Src/stm32g0xx_hal_dma.c ****   /* Check the DMA handle allocation */
 302              		.loc 1 153 1 is_stmt 0 view .LVU91
 303 0000 70B5     		push	{r4, r5, r6, lr}
 304              	.LCFI2:
 305              		.cfi_def_cfa_offset 16
 306              		.cfi_offset 4, -16
 307              		.cfi_offset 5, -12
 308              		.cfi_offset 6, -8
 309              		.cfi_offset 14, -4
 310 0002 041E     		subs	r4, r0, #0
 155:Drivers/STM32G0xx_HAL_Driver/Src/stm32g0xx_hal_dma.c ****   {
 311              		.loc 1 155 3 is_stmt 1 view .LVU92
 155:Drivers/STM32G0xx_HAL_Driver/Src/stm32g0xx_hal_dma.c ****   {
 312              		.loc 1 155 6 is_stmt 0 view .LVU93
 313 0004 5CD0     		beq	.L21
 161:Drivers/STM32G0xx_HAL_Driver/Src/stm32g0xx_hal_dma.c ****   assert_param(IS_DMA_DIRECTION(hdma->Init.Direction));
 314              		.loc 1 161 3 is_stmt 1 view .LVU94
 162:Drivers/STM32G0xx_HAL_Driver/Src/stm32g0xx_hal_dma.c ****   assert_param(IS_DMA_PERIPHERAL_INC_STATE(hdma->Init.PeriphInc));
 315              		.loc 1 162 3 view .LVU95
 163:Drivers/STM32G0xx_HAL_Driver/Src/stm32g0xx_hal_dma.c ****   assert_param(IS_DMA_MEMORY_INC_STATE(hdma->Init.MemInc));
 316              		.loc 1 163 3 view .LVU96
 164:Drivers/STM32G0xx_HAL_Driver/Src/stm32g0xx_hal_dma.c ****   assert_param(IS_DMA_PERIPHERAL_DATA_SIZE(hdma->Init.PeriphDataAlignment));
 317              		.loc 1 164 3 view .LVU97
 165:Drivers/STM32G0xx_HAL_Driver/Src/stm32g0xx_hal_dma.c ****   assert_param(IS_DMA_MEMORY_DATA_SIZE(hdma->Init.MemDataAlignment));
 318              		.loc 1 165 3 view .LVU98
 166:Drivers/STM32G0xx_HAL_Driver/Src/stm32g0xx_hal_dma.c ****   assert_param(IS_DMA_MODE(hdma->Init.Mode));
 319              		.loc 1 166 3 view .LVU99
 167:Drivers/STM32G0xx_HAL_Driver/Src/stm32g0xx_hal_dma.c ****   assert_param(IS_DMA_PRIORITY(hdma->Init.Priority));
 320              		.loc 1 167 3 view .LVU100
 168:Drivers/STM32G0xx_HAL_Driver/Src/stm32g0xx_hal_dma.c **** 
 321              		.loc 1 168 3 view .LVU101
 170:Drivers/STM32G0xx_HAL_Driver/Src/stm32g0xx_hal_dma.c **** 
 322              		.loc 1 170 3 view .LVU102
 174:Drivers/STM32G0xx_HAL_Driver/Src/stm32g0xx_hal_dma.c ****   {
 323              		.loc 1 174 3 view .LVU103
 174:Drivers/STM32G0xx_HAL_Driver/Src/stm32g0xx_hal_dma.c ****   {
 324              		.loc 1 174 22 is_stmt 0 view .LVU104
 325 0006 0568     		ldr	r5, [r0]
 174:Drivers/STM32G0xx_HAL_Driver/Src/stm32g0xx_hal_dma.c ****   {
 326              		.loc 1 174 6 view .LVU105
 327 0008 2E4B     		ldr	r3, .L24
 328 000a 9D42     		cmp	r5, r3
 329 000c 41D8     		bhi	.L16
 177:Drivers/STM32G0xx_HAL_Driver/Src/stm32g0xx_hal_dma.c ****     hdma->DmaBaseAddress = DMA1;
 330              		.loc 1 177 5 is_stmt 1 view .LVU106
 177:Drivers/STM32G0xx_HAL_Driver/Src/stm32g0xx_hal_dma.c ****     hdma->DmaBaseAddress = DMA1;
 331              		.loc 1 177 80 is_stmt 0 view .LVU107
 332 000e 1421     		movs	r1, #20
 333 0010 2D4B     		ldr	r3, .L24+4
 334 0012 E818     		adds	r0, r5, r3
 335              	.LVL19:
 177:Drivers/STM32G0xx_HAL_Driver/Src/stm32g0xx_hal_dma.c ****     hdma->DmaBaseAddress = DMA1;
 336              		.loc 1 177 80 view .LVU108
ARM GAS  C:\Users\Domagoj\AppData\Local\Temp\cccolMwP.s 			page 28


 337 0014 FFF7FEFF 		bl	__aeabi_uidiv
 338              	.LVL20:
 177:Drivers/STM32G0xx_HAL_Driver/Src/stm32g0xx_hal_dma.c ****     hdma->DmaBaseAddress = DMA1;
 339              		.loc 1 177 135 view .LVU109
 340 0018 8000     		lsls	r0, r0, #2
 177:Drivers/STM32G0xx_HAL_Driver/Src/stm32g0xx_hal_dma.c ****     hdma->DmaBaseAddress = DMA1;
 341              		.loc 1 177 24 view .LVU110
 342 001a 6064     		str	r0, [r4, #68]
 178:Drivers/STM32G0xx_HAL_Driver/Src/stm32g0xx_hal_dma.c ****   }
 343              		.loc 1 178 5 is_stmt 1 view .LVU111
 178:Drivers/STM32G0xx_HAL_Driver/Src/stm32g0xx_hal_dma.c ****   }
 344              		.loc 1 178 26 is_stmt 0 view .LVU112
 345 001c 2B4B     		ldr	r3, .L24+8
 346 001e 2364     		str	r3, [r4, #64]
 347              	.L17:
 191:Drivers/STM32G0xx_HAL_Driver/Src/stm32g0xx_hal_dma.c **** 
 348              		.loc 1 191 3 is_stmt 1 view .LVU113
 191:Drivers/STM32G0xx_HAL_Driver/Src/stm32g0xx_hal_dma.c **** 
 349              		.loc 1 191 15 is_stmt 0 view .LVU114
 350 0020 2523     		movs	r3, #37
 351 0022 0222     		movs	r2, #2
 352 0024 E254     		strb	r2, [r4, r3]
 194:Drivers/STM32G0xx_HAL_Driver/Src/stm32g0xx_hal_dma.c ****                                   DMA_CCR_MINC  | DMA_CCR_PINC   | DMA_CCR_CIRC   | \
 353              		.loc 1 194 3 is_stmt 1 view .LVU115
 354 0026 2B68     		ldr	r3, [r5]
 355 0028 294A     		ldr	r2, .L24+12
 356 002a 1340     		ands	r3, r2
 357 002c 2B60     		str	r3, [r5]
 199:Drivers/STM32G0xx_HAL_Driver/Src/stm32g0xx_hal_dma.c ****                                 hdma->Init.PeriphInc           | hdma->Init.MemInc           | \
 358              		.loc 1 199 3 view .LVU116
 359 002e 2168     		ldr	r1, [r4]
 360 0030 0A68     		ldr	r2, [r1]
 361 0032 A368     		ldr	r3, [r4, #8]
 362 0034 E068     		ldr	r0, [r4, #12]
 363 0036 0343     		orrs	r3, r0
 364 0038 2069     		ldr	r0, [r4, #16]
 365 003a 0343     		orrs	r3, r0
 366 003c 6069     		ldr	r0, [r4, #20]
 367 003e 0343     		orrs	r3, r0
 368 0040 A069     		ldr	r0, [r4, #24]
 369 0042 0343     		orrs	r3, r0
 370 0044 E069     		ldr	r0, [r4, #28]
 371 0046 0343     		orrs	r3, r0
 372 0048 206A     		ldr	r0, [r4, #32]
 373 004a 0343     		orrs	r3, r0
 374 004c 1343     		orrs	r3, r2
 375 004e 0B60     		str	r3, [r1]
 207:Drivers/STM32G0xx_HAL_Driver/Src/stm32g0xx_hal_dma.c **** 
 376              		.loc 1 207 3 view .LVU117
 377 0050 2000     		movs	r0, r4
 378 0052 FFF7FEFF 		bl	DMA_CalcDMAMUXChannelBaseAndMask
 379              	.LVL21:
 209:Drivers/STM32G0xx_HAL_Driver/Src/stm32g0xx_hal_dma.c ****   {
 380              		.loc 1 209 3 view .LVU118
 209:Drivers/STM32G0xx_HAL_Driver/Src/stm32g0xx_hal_dma.c ****   {
 381              		.loc 1 209 17 is_stmt 0 view .LVU119
 382 0056 A268     		ldr	r2, [r4, #8]
ARM GAS  C:\Users\Domagoj\AppData\Local\Temp\cccolMwP.s 			page 29


 209:Drivers/STM32G0xx_HAL_Driver/Src/stm32g0xx_hal_dma.c ****   {
 383              		.loc 1 209 6 view .LVU120
 384 0058 8023     		movs	r3, #128
 385 005a DB01     		lsls	r3, r3, #7
 386 005c 9A42     		cmp	r2, r3
 387 005e 22D0     		beq	.L22
 388              	.L18:
 216:Drivers/STM32G0xx_HAL_Driver/Src/stm32g0xx_hal_dma.c **** 
 389              		.loc 1 216 3 is_stmt 1 view .LVU121
 216:Drivers/STM32G0xx_HAL_Driver/Src/stm32g0xx_hal_dma.c **** 
 390              		.loc 1 216 41 is_stmt 0 view .LVU122
 391 0060 6168     		ldr	r1, [r4, #4]
 216:Drivers/STM32G0xx_HAL_Driver/Src/stm32g0xx_hal_dma.c **** 
 392              		.loc 1 216 7 view .LVU123
 393 0062 A26C     		ldr	r2, [r4, #72]
 216:Drivers/STM32G0xx_HAL_Driver/Src/stm32g0xx_hal_dma.c **** 
 394              		.loc 1 216 50 view .LVU124
 395 0064 7F23     		movs	r3, #127
 396 0066 0B40     		ands	r3, r1
 216:Drivers/STM32G0xx_HAL_Driver/Src/stm32g0xx_hal_dma.c **** 
 397              		.loc 1 216 28 view .LVU125
 398 0068 1360     		str	r3, [r2]
 219:Drivers/STM32G0xx_HAL_Driver/Src/stm32g0xx_hal_dma.c **** 
 399              		.loc 1 219 3 is_stmt 1 view .LVU126
 219:Drivers/STM32G0xx_HAL_Driver/Src/stm32g0xx_hal_dma.c **** 
 400              		.loc 1 219 7 is_stmt 0 view .LVU127
 401 006a E36C     		ldr	r3, [r4, #76]
 219:Drivers/STM32G0xx_HAL_Driver/Src/stm32g0xx_hal_dma.c **** 
 402              		.loc 1 219 40 view .LVU128
 403 006c 226D     		ldr	r2, [r4, #80]
 219:Drivers/STM32G0xx_HAL_Driver/Src/stm32g0xx_hal_dma.c **** 
 404              		.loc 1 219 34 view .LVU129
 405 006e 5A60     		str	r2, [r3, #4]
 221:Drivers/STM32G0xx_HAL_Driver/Src/stm32g0xx_hal_dma.c ****   {
 406              		.loc 1 221 3 is_stmt 1 view .LVU130
 221:Drivers/STM32G0xx_HAL_Driver/Src/stm32g0xx_hal_dma.c ****   {
 407              		.loc 1 221 19 is_stmt 0 view .LVU131
 408 0070 6368     		ldr	r3, [r4, #4]
 221:Drivers/STM32G0xx_HAL_Driver/Src/stm32g0xx_hal_dma.c ****   {
 409              		.loc 1 221 36 view .LVU132
 410 0072 013B     		subs	r3, r3, #1
 221:Drivers/STM32G0xx_HAL_Driver/Src/stm32g0xx_hal_dma.c ****   {
 411              		.loc 1 221 6 view .LVU133
 412 0074 032B     		cmp	r3, #3
 413 0076 19D9     		bls	.L23
 236:Drivers/STM32G0xx_HAL_Driver/Src/stm32g0xx_hal_dma.c ****     hdma->DMAmuxRequestGenStatus = 0U;
 414              		.loc 1 236 5 is_stmt 1 view .LVU134
 236:Drivers/STM32G0xx_HAL_Driver/Src/stm32g0xx_hal_dma.c ****     hdma->DMAmuxRequestGenStatus = 0U;
 415              		.loc 1 236 28 is_stmt 0 view .LVU135
 416 0078 0023     		movs	r3, #0
 417 007a 6365     		str	r3, [r4, #84]
 237:Drivers/STM32G0xx_HAL_Driver/Src/stm32g0xx_hal_dma.c ****     hdma->DMAmuxRequestGenStatusMask = 0U;
 418              		.loc 1 237 5 is_stmt 1 view .LVU136
 237:Drivers/STM32G0xx_HAL_Driver/Src/stm32g0xx_hal_dma.c ****     hdma->DMAmuxRequestGenStatusMask = 0U;
 419              		.loc 1 237 34 is_stmt 0 view .LVU137
 420 007c A365     		str	r3, [r4, #88]
 238:Drivers/STM32G0xx_HAL_Driver/Src/stm32g0xx_hal_dma.c ****   }
ARM GAS  C:\Users\Domagoj\AppData\Local\Temp\cccolMwP.s 			page 30


 421              		.loc 1 238 5 is_stmt 1 view .LVU138
 238:Drivers/STM32G0xx_HAL_Driver/Src/stm32g0xx_hal_dma.c ****   }
 422              		.loc 1 238 38 is_stmt 0 view .LVU139
 423 007e E365     		str	r3, [r4, #92]
 424              	.L20:
 242:Drivers/STM32G0xx_HAL_Driver/Src/stm32g0xx_hal_dma.c **** 
 425              		.loc 1 242 3 is_stmt 1 view .LVU140
 242:Drivers/STM32G0xx_HAL_Driver/Src/stm32g0xx_hal_dma.c **** 
 426              		.loc 1 242 19 is_stmt 0 view .LVU141
 427 0080 0023     		movs	r3, #0
 428 0082 E363     		str	r3, [r4, #60]
 245:Drivers/STM32G0xx_HAL_Driver/Src/stm32g0xx_hal_dma.c **** 
 429              		.loc 1 245 3 is_stmt 1 view .LVU142
 245:Drivers/STM32G0xx_HAL_Driver/Src/stm32g0xx_hal_dma.c **** 
 430              		.loc 1 245 15 is_stmt 0 view .LVU143
 431 0084 2522     		movs	r2, #37
 432 0086 0121     		movs	r1, #1
 433 0088 A154     		strb	r1, [r4, r2]
 248:Drivers/STM32G0xx_HAL_Driver/Src/stm32g0xx_hal_dma.c **** 
 434              		.loc 1 248 3 is_stmt 1 view .LVU144
 248:Drivers/STM32G0xx_HAL_Driver/Src/stm32g0xx_hal_dma.c **** 
 435              		.loc 1 248 3 view .LVU145
 436 008a 013A     		subs	r2, r2, #1
 437 008c A354     		strb	r3, [r4, r2]
 248:Drivers/STM32G0xx_HAL_Driver/Src/stm32g0xx_hal_dma.c **** 
 438              		.loc 1 248 3 view .LVU146
 250:Drivers/STM32G0xx_HAL_Driver/Src/stm32g0xx_hal_dma.c **** }
 439              		.loc 1 250 3 view .LVU147
 250:Drivers/STM32G0xx_HAL_Driver/Src/stm32g0xx_hal_dma.c **** }
 440              		.loc 1 250 10 is_stmt 0 view .LVU148
 441 008e 0020     		movs	r0, #0
 442              	.L15:
 251:Drivers/STM32G0xx_HAL_Driver/Src/stm32g0xx_hal_dma.c **** 
 443              		.loc 1 251 1 view .LVU149
 444              		@ sp needed
 445              	.LVL22:
 251:Drivers/STM32G0xx_HAL_Driver/Src/stm32g0xx_hal_dma.c **** 
 446              		.loc 1 251 1 view .LVU150
 447 0090 70BD     		pop	{r4, r5, r6, pc}
 448              	.LVL23:
 449              	.L16:
 183:Drivers/STM32G0xx_HAL_Driver/Src/stm32g0xx_hal_dma.c ****     hdma->DmaBaseAddress = DMA2;
 450              		.loc 1 183 5 is_stmt 1 view .LVU151
 183:Drivers/STM32G0xx_HAL_Driver/Src/stm32g0xx_hal_dma.c ****     hdma->DmaBaseAddress = DMA2;
 451              		.loc 1 183 80 is_stmt 0 view .LVU152
 452 0092 1421     		movs	r1, #20
 453 0094 0F4B     		ldr	r3, .L24+16
 454 0096 E818     		adds	r0, r5, r3
 455              	.LVL24:
 183:Drivers/STM32G0xx_HAL_Driver/Src/stm32g0xx_hal_dma.c ****     hdma->DmaBaseAddress = DMA2;
 456              		.loc 1 183 80 view .LVU153
 457 0098 FFF7FEFF 		bl	__aeabi_uidiv
 458              	.LVL25:
 183:Drivers/STM32G0xx_HAL_Driver/Src/stm32g0xx_hal_dma.c ****     hdma->DmaBaseAddress = DMA2;
 459              		.loc 1 183 135 view .LVU154
 460 009c 8000     		lsls	r0, r0, #2
 183:Drivers/STM32G0xx_HAL_Driver/Src/stm32g0xx_hal_dma.c ****     hdma->DmaBaseAddress = DMA2;
ARM GAS  C:\Users\Domagoj\AppData\Local\Temp\cccolMwP.s 			page 31


 461              		.loc 1 183 24 view .LVU155
 462 009e 6064     		str	r0, [r4, #68]
 184:Drivers/STM32G0xx_HAL_Driver/Src/stm32g0xx_hal_dma.c ****   }
 463              		.loc 1 184 5 is_stmt 1 view .LVU156
 184:Drivers/STM32G0xx_HAL_Driver/Src/stm32g0xx_hal_dma.c ****   }
 464              		.loc 1 184 26 is_stmt 0 view .LVU157
 465 00a0 0D4B     		ldr	r3, .L24+20
 466 00a2 2364     		str	r3, [r4, #64]
 467 00a4 BCE7     		b	.L17
 468              	.L22:
 212:Drivers/STM32G0xx_HAL_Driver/Src/stm32g0xx_hal_dma.c ****   }
 469              		.loc 1 212 5 is_stmt 1 view .LVU158
 212:Drivers/STM32G0xx_HAL_Driver/Src/stm32g0xx_hal_dma.c ****   }
 470              		.loc 1 212 24 is_stmt 0 view .LVU159
 471 00a6 0023     		movs	r3, #0
 472 00a8 6360     		str	r3, [r4, #4]
 473 00aa D9E7     		b	.L18
 474              	.L23:
 226:Drivers/STM32G0xx_HAL_Driver/Src/stm32g0xx_hal_dma.c **** 
 475              		.loc 1 226 5 is_stmt 1 view .LVU160
 476 00ac 2000     		movs	r0, r4
 477 00ae FFF7FEFF 		bl	DMA_CalcDMAMUXRequestGenBaseAndMask
 478              	.LVL26:
 229:Drivers/STM32G0xx_HAL_Driver/Src/stm32g0xx_hal_dma.c **** 
 479              		.loc 1 229 5 view .LVU161
 229:Drivers/STM32G0xx_HAL_Driver/Src/stm32g0xx_hal_dma.c **** 
 480              		.loc 1 229 9 is_stmt 0 view .LVU162
 481 00b2 636D     		ldr	r3, [r4, #84]
 229:Drivers/STM32G0xx_HAL_Driver/Src/stm32g0xx_hal_dma.c **** 
 482              		.loc 1 229 34 view .LVU163
 483 00b4 0022     		movs	r2, #0
 484 00b6 1A60     		str	r2, [r3]
 232:Drivers/STM32G0xx_HAL_Driver/Src/stm32g0xx_hal_dma.c ****   }
 485              		.loc 1 232 5 is_stmt 1 view .LVU164
 232:Drivers/STM32G0xx_HAL_Driver/Src/stm32g0xx_hal_dma.c ****   }
 486              		.loc 1 232 9 is_stmt 0 view .LVU165
 487 00b8 A36D     		ldr	r3, [r4, #88]
 232:Drivers/STM32G0xx_HAL_Driver/Src/stm32g0xx_hal_dma.c ****   }
 488              		.loc 1 232 47 view .LVU166
 489 00ba E26D     		ldr	r2, [r4, #92]
 232:Drivers/STM32G0xx_HAL_Driver/Src/stm32g0xx_hal_dma.c ****   }
 490              		.loc 1 232 41 view .LVU167
 491 00bc 5A60     		str	r2, [r3, #4]
 492 00be DFE7     		b	.L20
 493              	.LVL27:
 494              	.L21:
 157:Drivers/STM32G0xx_HAL_Driver/Src/stm32g0xx_hal_dma.c ****   }
 495              		.loc 1 157 12 view .LVU168
 496 00c0 0120     		movs	r0, #1
 497              	.LVL28:
 157:Drivers/STM32G0xx_HAL_Driver/Src/stm32g0xx_hal_dma.c ****   }
 498              		.loc 1 157 12 view .LVU169
 499 00c2 E5E7     		b	.L15
 500              	.L25:
 501              		.align	2
 502              	.L24:
 503 00c4 07040240 		.word	1073873927
ARM GAS  C:\Users\Domagoj\AppData\Local\Temp\cccolMwP.s 			page 32


 504 00c8 F8FFFDBF 		.word	-1073872904
 505 00cc 00000240 		.word	1073872896
 506 00d0 0F80FFFF 		.word	-32753
 507 00d4 F8FBFDBF 		.word	-1073873928
 508 00d8 00040240 		.word	1073873920
 509              		.cfi_endproc
 510              	.LFE363:
 512              		.section	.text.HAL_DMA_DeInit,"ax",%progbits
 513              		.align	1
 514              		.global	HAL_DMA_DeInit
 515              		.syntax unified
 516              		.code	16
 517              		.thumb_func
 519              	HAL_DMA_DeInit:
 520              	.LVL29:
 521              	.LFB364:
 260:Drivers/STM32G0xx_HAL_Driver/Src/stm32g0xx_hal_dma.c ****   /* Check the DMA handle allocation */
 522              		.loc 1 260 1 is_stmt 1 view -0
 523              		.cfi_startproc
 524              		@ args = 0, pretend = 0, frame = 0
 525              		@ frame_needed = 0, uses_anonymous_args = 0
 260:Drivers/STM32G0xx_HAL_Driver/Src/stm32g0xx_hal_dma.c ****   /* Check the DMA handle allocation */
 526              		.loc 1 260 1 is_stmt 0 view .LVU171
 527 0000 70B5     		push	{r4, r5, r6, lr}
 528              	.LCFI3:
 529              		.cfi_def_cfa_offset 16
 530              		.cfi_offset 4, -16
 531              		.cfi_offset 5, -12
 532              		.cfi_offset 6, -8
 533              		.cfi_offset 14, -4
 534 0002 041E     		subs	r4, r0, #0
 262:Drivers/STM32G0xx_HAL_Driver/Src/stm32g0xx_hal_dma.c ****   {
 535              		.loc 1 262 3 is_stmt 1 view .LVU172
 262:Drivers/STM32G0xx_HAL_Driver/Src/stm32g0xx_hal_dma.c ****   {
 536              		.loc 1 262 6 is_stmt 0 view .LVU173
 537 0004 49D0     		beq	.L31
 268:Drivers/STM32G0xx_HAL_Driver/Src/stm32g0xx_hal_dma.c **** 
 538              		.loc 1 268 3 is_stmt 1 view .LVU174
 271:Drivers/STM32G0xx_HAL_Driver/Src/stm32g0xx_hal_dma.c **** 
 539              		.loc 1 271 3 view .LVU175
 540 0006 0268     		ldr	r2, [r0]
 541 0008 1368     		ldr	r3, [r2]
 542 000a 0121     		movs	r1, #1
 543 000c 8B43     		bics	r3, r1
 544 000e 1360     		str	r3, [r2]
 275:Drivers/STM32G0xx_HAL_Driver/Src/stm32g0xx_hal_dma.c ****   {
 545              		.loc 1 275 3 view .LVU176
 275:Drivers/STM32G0xx_HAL_Driver/Src/stm32g0xx_hal_dma.c ****   {
 546              		.loc 1 275 22 is_stmt 0 view .LVU177
 547 0010 0568     		ldr	r5, [r0]
 275:Drivers/STM32G0xx_HAL_Driver/Src/stm32g0xx_hal_dma.c ****   {
 548              		.loc 1 275 6 view .LVU178
 549 0012 234B     		ldr	r3, .L33
 550 0014 9D42     		cmp	r5, r3
 551 0016 2CD8     		bhi	.L28
 278:Drivers/STM32G0xx_HAL_Driver/Src/stm32g0xx_hal_dma.c ****     hdma->DmaBaseAddress = DMA1;
 552              		.loc 1 278 5 is_stmt 1 view .LVU179
ARM GAS  C:\Users\Domagoj\AppData\Local\Temp\cccolMwP.s 			page 33


 278:Drivers/STM32G0xx_HAL_Driver/Src/stm32g0xx_hal_dma.c ****     hdma->DmaBaseAddress = DMA1;
 553              		.loc 1 278 80 is_stmt 0 view .LVU180
 554 0018 1331     		adds	r1, r1, #19
 555 001a 224B     		ldr	r3, .L33+4
 556 001c E818     		adds	r0, r5, r3
 557              	.LVL30:
 278:Drivers/STM32G0xx_HAL_Driver/Src/stm32g0xx_hal_dma.c ****     hdma->DmaBaseAddress = DMA1;
 558              		.loc 1 278 80 view .LVU181
 559 001e FFF7FEFF 		bl	__aeabi_uidiv
 560              	.LVL31:
 278:Drivers/STM32G0xx_HAL_Driver/Src/stm32g0xx_hal_dma.c ****     hdma->DmaBaseAddress = DMA1;
 561              		.loc 1 278 135 view .LVU182
 562 0022 8000     		lsls	r0, r0, #2
 278:Drivers/STM32G0xx_HAL_Driver/Src/stm32g0xx_hal_dma.c ****     hdma->DmaBaseAddress = DMA1;
 563              		.loc 1 278 24 view .LVU183
 564 0024 6064     		str	r0, [r4, #68]
 279:Drivers/STM32G0xx_HAL_Driver/Src/stm32g0xx_hal_dma.c ****   }
 565              		.loc 1 279 5 is_stmt 1 view .LVU184
 279:Drivers/STM32G0xx_HAL_Driver/Src/stm32g0xx_hal_dma.c ****   }
 566              		.loc 1 279 26 is_stmt 0 view .LVU185
 567 0026 204B     		ldr	r3, .L33+8
 568 0028 2364     		str	r3, [r4, #64]
 569              	.L29:
 292:Drivers/STM32G0xx_HAL_Driver/Src/stm32g0xx_hal_dma.c **** 
 570              		.loc 1 292 3 is_stmt 1 view .LVU186
 292:Drivers/STM32G0xx_HAL_Driver/Src/stm32g0xx_hal_dma.c **** 
 571              		.loc 1 292 23 is_stmt 0 view .LVU187
 572 002a 0026     		movs	r6, #0
 573 002c 2E60     		str	r6, [r5]
 296:Drivers/STM32G0xx_HAL_Driver/Src/stm32g0xx_hal_dma.c **** #else
 574              		.loc 1 296 3 is_stmt 1 view .LVU188
 296:Drivers/STM32G0xx_HAL_Driver/Src/stm32g0xx_hal_dma.c **** #else
 575              		.loc 1 296 54 is_stmt 0 view .LVU189
 576 002e 636C     		ldr	r3, [r4, #68]
 296:Drivers/STM32G0xx_HAL_Driver/Src/stm32g0xx_hal_dma.c **** #else
 577              		.loc 1 296 69 view .LVU190
 578 0030 1C22     		movs	r2, #28
 579 0032 1A40     		ands	r2, r3
 296:Drivers/STM32G0xx_HAL_Driver/Src/stm32g0xx_hal_dma.c **** #else
 580              		.loc 1 296 7 view .LVU191
 581 0034 216C     		ldr	r1, [r4, #64]
 296:Drivers/STM32G0xx_HAL_Driver/Src/stm32g0xx_hal_dma.c **** #else
 582              		.loc 1 296 46 view .LVU192
 583 0036 0123     		movs	r3, #1
 584 0038 9340     		lsls	r3, r3, r2
 296:Drivers/STM32G0xx_HAL_Driver/Src/stm32g0xx_hal_dma.c **** #else
 585              		.loc 1 296 30 view .LVU193
 586 003a 4B60     		str	r3, [r1, #4]
 304:Drivers/STM32G0xx_HAL_Driver/Src/stm32g0xx_hal_dma.c **** 
 587              		.loc 1 304 3 is_stmt 1 view .LVU194
 588 003c 2000     		movs	r0, r4
 589 003e FFF7FEFF 		bl	DMA_CalcDMAMUXChannelBaseAndMask
 590              	.LVL32:
 307:Drivers/STM32G0xx_HAL_Driver/Src/stm32g0xx_hal_dma.c **** 
 591              		.loc 1 307 3 view .LVU195
 307:Drivers/STM32G0xx_HAL_Driver/Src/stm32g0xx_hal_dma.c **** 
 592              		.loc 1 307 7 is_stmt 0 view .LVU196
ARM GAS  C:\Users\Domagoj\AppData\Local\Temp\cccolMwP.s 			page 34


 593 0042 A36C     		ldr	r3, [r4, #72]
 307:Drivers/STM32G0xx_HAL_Driver/Src/stm32g0xx_hal_dma.c **** 
 594              		.loc 1 307 28 view .LVU197
 595 0044 1E60     		str	r6, [r3]
 310:Drivers/STM32G0xx_HAL_Driver/Src/stm32g0xx_hal_dma.c **** 
 596              		.loc 1 310 3 is_stmt 1 view .LVU198
 310:Drivers/STM32G0xx_HAL_Driver/Src/stm32g0xx_hal_dma.c **** 
 597              		.loc 1 310 7 is_stmt 0 view .LVU199
 598 0046 E36C     		ldr	r3, [r4, #76]
 310:Drivers/STM32G0xx_HAL_Driver/Src/stm32g0xx_hal_dma.c **** 
 599              		.loc 1 310 40 view .LVU200
 600 0048 226D     		ldr	r2, [r4, #80]
 310:Drivers/STM32G0xx_HAL_Driver/Src/stm32g0xx_hal_dma.c **** 
 601              		.loc 1 310 34 view .LVU201
 602 004a 5A60     		str	r2, [r3, #4]
 313:Drivers/STM32G0xx_HAL_Driver/Src/stm32g0xx_hal_dma.c ****   {
 603              		.loc 1 313 3 is_stmt 1 view .LVU202
 313:Drivers/STM32G0xx_HAL_Driver/Src/stm32g0xx_hal_dma.c ****   {
 604              		.loc 1 313 19 is_stmt 0 view .LVU203
 605 004c 6368     		ldr	r3, [r4, #4]
 313:Drivers/STM32G0xx_HAL_Driver/Src/stm32g0xx_hal_dma.c ****   {
 606              		.loc 1 313 36 view .LVU204
 607 004e 013B     		subs	r3, r3, #1
 313:Drivers/STM32G0xx_HAL_Driver/Src/stm32g0xx_hal_dma.c ****   {
 608              		.loc 1 313 6 view .LVU205
 609 0050 032B     		cmp	r3, #3
 610 0052 18D9     		bls	.L32
 611              	.L30:
 327:Drivers/STM32G0xx_HAL_Driver/Src/stm32g0xx_hal_dma.c ****   hdma->DMAmuxRequestGenStatus = 0U;
 612              		.loc 1 327 3 is_stmt 1 view .LVU206
 327:Drivers/STM32G0xx_HAL_Driver/Src/stm32g0xx_hal_dma.c ****   hdma->DMAmuxRequestGenStatus = 0U;
 613              		.loc 1 327 26 is_stmt 0 view .LVU207
 614 0054 0023     		movs	r3, #0
 615 0056 6365     		str	r3, [r4, #84]
 328:Drivers/STM32G0xx_HAL_Driver/Src/stm32g0xx_hal_dma.c ****   hdma->DMAmuxRequestGenStatusMask = 0U;
 616              		.loc 1 328 3 is_stmt 1 view .LVU208
 328:Drivers/STM32G0xx_HAL_Driver/Src/stm32g0xx_hal_dma.c ****   hdma->DMAmuxRequestGenStatusMask = 0U;
 617              		.loc 1 328 32 is_stmt 0 view .LVU209
 618 0058 A365     		str	r3, [r4, #88]
 329:Drivers/STM32G0xx_HAL_Driver/Src/stm32g0xx_hal_dma.c **** 
 619              		.loc 1 329 3 is_stmt 1 view .LVU210
 329:Drivers/STM32G0xx_HAL_Driver/Src/stm32g0xx_hal_dma.c **** 
 620              		.loc 1 329 36 is_stmt 0 view .LVU211
 621 005a E365     		str	r3, [r4, #92]
 332:Drivers/STM32G0xx_HAL_Driver/Src/stm32g0xx_hal_dma.c ****   hdma->XferHalfCpltCallback = NULL;
 622              		.loc 1 332 3 is_stmt 1 view .LVU212
 332:Drivers/STM32G0xx_HAL_Driver/Src/stm32g0xx_hal_dma.c ****   hdma->XferHalfCpltCallback = NULL;
 623              		.loc 1 332 26 is_stmt 0 view .LVU213
 624 005c E362     		str	r3, [r4, #44]
 333:Drivers/STM32G0xx_HAL_Driver/Src/stm32g0xx_hal_dma.c ****   hdma->XferErrorCallback = NULL;
 625              		.loc 1 333 3 is_stmt 1 view .LVU214
 333:Drivers/STM32G0xx_HAL_Driver/Src/stm32g0xx_hal_dma.c ****   hdma->XferErrorCallback = NULL;
 626              		.loc 1 333 30 is_stmt 0 view .LVU215
 627 005e 2363     		str	r3, [r4, #48]
 334:Drivers/STM32G0xx_HAL_Driver/Src/stm32g0xx_hal_dma.c ****   hdma->XferAbortCallback = NULL;
 628              		.loc 1 334 3 is_stmt 1 view .LVU216
 334:Drivers/STM32G0xx_HAL_Driver/Src/stm32g0xx_hal_dma.c ****   hdma->XferAbortCallback = NULL;
ARM GAS  C:\Users\Domagoj\AppData\Local\Temp\cccolMwP.s 			page 35


 629              		.loc 1 334 27 is_stmt 0 view .LVU217
 630 0060 6363     		str	r3, [r4, #52]
 335:Drivers/STM32G0xx_HAL_Driver/Src/stm32g0xx_hal_dma.c **** 
 631              		.loc 1 335 3 is_stmt 1 view .LVU218
 335:Drivers/STM32G0xx_HAL_Driver/Src/stm32g0xx_hal_dma.c **** 
 632              		.loc 1 335 27 is_stmt 0 view .LVU219
 633 0062 A363     		str	r3, [r4, #56]
 338:Drivers/STM32G0xx_HAL_Driver/Src/stm32g0xx_hal_dma.c **** 
 634              		.loc 1 338 3 is_stmt 1 view .LVU220
 338:Drivers/STM32G0xx_HAL_Driver/Src/stm32g0xx_hal_dma.c **** 
 635              		.loc 1 338 19 is_stmt 0 view .LVU221
 636 0064 E363     		str	r3, [r4, #60]
 341:Drivers/STM32G0xx_HAL_Driver/Src/stm32g0xx_hal_dma.c **** 
 637              		.loc 1 341 3 is_stmt 1 view .LVU222
 341:Drivers/STM32G0xx_HAL_Driver/Src/stm32g0xx_hal_dma.c **** 
 638              		.loc 1 341 15 is_stmt 0 view .LVU223
 639 0066 2522     		movs	r2, #37
 640 0068 A354     		strb	r3, [r4, r2]
 344:Drivers/STM32G0xx_HAL_Driver/Src/stm32g0xx_hal_dma.c **** 
 641              		.loc 1 344 3 is_stmt 1 view .LVU224
 344:Drivers/STM32G0xx_HAL_Driver/Src/stm32g0xx_hal_dma.c **** 
 642              		.loc 1 344 3 view .LVU225
 643 006a 013A     		subs	r2, r2, #1
 644 006c A354     		strb	r3, [r4, r2]
 344:Drivers/STM32G0xx_HAL_Driver/Src/stm32g0xx_hal_dma.c **** 
 645              		.loc 1 344 3 view .LVU226
 346:Drivers/STM32G0xx_HAL_Driver/Src/stm32g0xx_hal_dma.c **** }
 646              		.loc 1 346 3 view .LVU227
 346:Drivers/STM32G0xx_HAL_Driver/Src/stm32g0xx_hal_dma.c **** }
 647              		.loc 1 346 10 is_stmt 0 view .LVU228
 648 006e 0020     		movs	r0, #0
 649              	.L27:
 347:Drivers/STM32G0xx_HAL_Driver/Src/stm32g0xx_hal_dma.c **** 
 650              		.loc 1 347 1 view .LVU229
 651              		@ sp needed
 652              	.LVL33:
 347:Drivers/STM32G0xx_HAL_Driver/Src/stm32g0xx_hal_dma.c **** 
 653              		.loc 1 347 1 view .LVU230
 654 0070 70BD     		pop	{r4, r5, r6, pc}
 655              	.LVL34:
 656              	.L28:
 284:Drivers/STM32G0xx_HAL_Driver/Src/stm32g0xx_hal_dma.c ****     hdma->DmaBaseAddress = DMA2;
 657              		.loc 1 284 5 is_stmt 1 view .LVU231
 284:Drivers/STM32G0xx_HAL_Driver/Src/stm32g0xx_hal_dma.c ****     hdma->DmaBaseAddress = DMA2;
 658              		.loc 1 284 80 is_stmt 0 view .LVU232
 659 0072 1421     		movs	r1, #20
 660 0074 0D4B     		ldr	r3, .L33+12
 661 0076 E818     		adds	r0, r5, r3
 662              	.LVL35:
 284:Drivers/STM32G0xx_HAL_Driver/Src/stm32g0xx_hal_dma.c ****     hdma->DmaBaseAddress = DMA2;
 663              		.loc 1 284 80 view .LVU233
 664 0078 FFF7FEFF 		bl	__aeabi_uidiv
 665              	.LVL36:
 284:Drivers/STM32G0xx_HAL_Driver/Src/stm32g0xx_hal_dma.c ****     hdma->DmaBaseAddress = DMA2;
 666              		.loc 1 284 135 view .LVU234
 667 007c 8000     		lsls	r0, r0, #2
 284:Drivers/STM32G0xx_HAL_Driver/Src/stm32g0xx_hal_dma.c ****     hdma->DmaBaseAddress = DMA2;
ARM GAS  C:\Users\Domagoj\AppData\Local\Temp\cccolMwP.s 			page 36


 668              		.loc 1 284 24 view .LVU235
 669 007e 6064     		str	r0, [r4, #68]
 285:Drivers/STM32G0xx_HAL_Driver/Src/stm32g0xx_hal_dma.c ****   }
 670              		.loc 1 285 5 is_stmt 1 view .LVU236
 285:Drivers/STM32G0xx_HAL_Driver/Src/stm32g0xx_hal_dma.c ****   }
 671              		.loc 1 285 26 is_stmt 0 view .LVU237
 672 0080 0B4B     		ldr	r3, .L33+16
 673 0082 2364     		str	r3, [r4, #64]
 674 0084 D1E7     		b	.L29
 675              	.L32:
 318:Drivers/STM32G0xx_HAL_Driver/Src/stm32g0xx_hal_dma.c **** 
 676              		.loc 1 318 5 is_stmt 1 view .LVU238
 677 0086 2000     		movs	r0, r4
 678 0088 FFF7FEFF 		bl	DMA_CalcDMAMUXRequestGenBaseAndMask
 679              	.LVL37:
 321:Drivers/STM32G0xx_HAL_Driver/Src/stm32g0xx_hal_dma.c **** 
 680              		.loc 1 321 5 view .LVU239
 321:Drivers/STM32G0xx_HAL_Driver/Src/stm32g0xx_hal_dma.c **** 
 681              		.loc 1 321 9 is_stmt 0 view .LVU240
 682 008c 636D     		ldr	r3, [r4, #84]
 321:Drivers/STM32G0xx_HAL_Driver/Src/stm32g0xx_hal_dma.c **** 
 683              		.loc 1 321 34 view .LVU241
 684 008e 0022     		movs	r2, #0
 685 0090 1A60     		str	r2, [r3]
 324:Drivers/STM32G0xx_HAL_Driver/Src/stm32g0xx_hal_dma.c ****   }
 686              		.loc 1 324 5 is_stmt 1 view .LVU242
 324:Drivers/STM32G0xx_HAL_Driver/Src/stm32g0xx_hal_dma.c ****   }
 687              		.loc 1 324 9 is_stmt 0 view .LVU243
 688 0092 A36D     		ldr	r3, [r4, #88]
 324:Drivers/STM32G0xx_HAL_Driver/Src/stm32g0xx_hal_dma.c ****   }
 689              		.loc 1 324 47 view .LVU244
 690 0094 E26D     		ldr	r2, [r4, #92]
 324:Drivers/STM32G0xx_HAL_Driver/Src/stm32g0xx_hal_dma.c ****   }
 691              		.loc 1 324 41 view .LVU245
 692 0096 5A60     		str	r2, [r3, #4]
 693 0098 DCE7     		b	.L30
 694              	.LVL38:
 695              	.L31:
 264:Drivers/STM32G0xx_HAL_Driver/Src/stm32g0xx_hal_dma.c ****   }
 696              		.loc 1 264 12 view .LVU246
 697 009a 0120     		movs	r0, #1
 698              	.LVL39:
 264:Drivers/STM32G0xx_HAL_Driver/Src/stm32g0xx_hal_dma.c ****   }
 699              		.loc 1 264 12 view .LVU247
 700 009c E8E7     		b	.L27
 701              	.L34:
 702 009e C046     		.align	2
 703              	.L33:
 704 00a0 07040240 		.word	1073873927
 705 00a4 F8FFFDBF 		.word	-1073872904
 706 00a8 00000240 		.word	1073872896
 707 00ac F8FBFDBF 		.word	-1073873928
 708 00b0 00040240 		.word	1073873920
 709              		.cfi_endproc
 710              	.LFE364:
 712              		.section	.text.HAL_DMA_Start,"ax",%progbits
 713              		.align	1
ARM GAS  C:\Users\Domagoj\AppData\Local\Temp\cccolMwP.s 			page 37


 714              		.global	HAL_DMA_Start
 715              		.syntax unified
 716              		.code	16
 717              		.thumb_func
 719              	HAL_DMA_Start:
 720              	.LVL40:
 721              	.LFB365:
 383:Drivers/STM32G0xx_HAL_Driver/Src/stm32g0xx_hal_dma.c ****   HAL_StatusTypeDef status = HAL_OK;
 722              		.loc 1 383 1 is_stmt 1 view -0
 723              		.cfi_startproc
 724              		@ args = 0, pretend = 0, frame = 0
 725              		@ frame_needed = 0, uses_anonymous_args = 0
 383:Drivers/STM32G0xx_HAL_Driver/Src/stm32g0xx_hal_dma.c ****   HAL_StatusTypeDef status = HAL_OK;
 726              		.loc 1 383 1 is_stmt 0 view .LVU249
 727 0000 70B5     		push	{r4, r5, r6, lr}
 728              	.LCFI4:
 729              		.cfi_def_cfa_offset 16
 730              		.cfi_offset 4, -16
 731              		.cfi_offset 5, -12
 732              		.cfi_offset 6, -8
 733              		.cfi_offset 14, -4
 734 0002 0400     		movs	r4, r0
 384:Drivers/STM32G0xx_HAL_Driver/Src/stm32g0xx_hal_dma.c **** 
 735              		.loc 1 384 3 is_stmt 1 view .LVU250
 736              	.LVL41:
 387:Drivers/STM32G0xx_HAL_Driver/Src/stm32g0xx_hal_dma.c **** 
 737              		.loc 1 387 3 view .LVU251
 390:Drivers/STM32G0xx_HAL_Driver/Src/stm32g0xx_hal_dma.c **** 
 738              		.loc 1 390 3 view .LVU252
 390:Drivers/STM32G0xx_HAL_Driver/Src/stm32g0xx_hal_dma.c **** 
 739              		.loc 1 390 3 view .LVU253
 740 0004 2420     		movs	r0, #36
 741              	.LVL42:
 390:Drivers/STM32G0xx_HAL_Driver/Src/stm32g0xx_hal_dma.c **** 
 742              		.loc 1 390 3 is_stmt 0 view .LVU254
 743 0006 205C     		ldrb	r0, [r4, r0]
 744 0008 0128     		cmp	r0, #1
 745 000a 20D0     		beq	.L38
 390:Drivers/STM32G0xx_HAL_Driver/Src/stm32g0xx_hal_dma.c **** 
 746              		.loc 1 390 3 is_stmt 1 discriminator 2 view .LVU255
 747 000c 2420     		movs	r0, #36
 748 000e 0125     		movs	r5, #1
 749 0010 2554     		strb	r5, [r4, r0]
 390:Drivers/STM32G0xx_HAL_Driver/Src/stm32g0xx_hal_dma.c **** 
 750              		.loc 1 390 3 view .LVU256
 392:Drivers/STM32G0xx_HAL_Driver/Src/stm32g0xx_hal_dma.c ****   {
 751              		.loc 1 392 3 view .LVU257
 392:Drivers/STM32G0xx_HAL_Driver/Src/stm32g0xx_hal_dma.c ****   {
 752              		.loc 1 392 11 is_stmt 0 view .LVU258
 753 0012 0130     		adds	r0, r0, #1
 754 0014 205C     		ldrb	r0, [r4, r0]
 392:Drivers/STM32G0xx_HAL_Driver/Src/stm32g0xx_hal_dma.c ****   {
 755              		.loc 1 392 6 view .LVU259
 756 0016 0128     		cmp	r0, #1
 757 0018 06D0     		beq	.L39
 412:Drivers/STM32G0xx_HAL_Driver/Src/stm32g0xx_hal_dma.c **** 
 758              		.loc 1 412 5 is_stmt 1 view .LVU260
ARM GAS  C:\Users\Domagoj\AppData\Local\Temp\cccolMwP.s 			page 38


 412:Drivers/STM32G0xx_HAL_Driver/Src/stm32g0xx_hal_dma.c **** 
 759              		.loc 1 412 21 is_stmt 0 view .LVU261
 760 001a 8023     		movs	r3, #128
 761              	.LVL43:
 412:Drivers/STM32G0xx_HAL_Driver/Src/stm32g0xx_hal_dma.c **** 
 762              		.loc 1 412 21 view .LVU262
 763 001c E363     		str	r3, [r4, #60]
 415:Drivers/STM32G0xx_HAL_Driver/Src/stm32g0xx_hal_dma.c **** 
 764              		.loc 1 415 5 is_stmt 1 view .LVU263
 415:Drivers/STM32G0xx_HAL_Driver/Src/stm32g0xx_hal_dma.c **** 
 765              		.loc 1 415 5 view .LVU264
 766 001e 5C3B     		subs	r3, r3, #92
 767 0020 0022     		movs	r2, #0
 768              	.LVL44:
 415:Drivers/STM32G0xx_HAL_Driver/Src/stm32g0xx_hal_dma.c **** 
 769              		.loc 1 415 5 is_stmt 0 view .LVU265
 770 0022 E254     		strb	r2, [r4, r3]
 415:Drivers/STM32G0xx_HAL_Driver/Src/stm32g0xx_hal_dma.c **** 
 771              		.loc 1 415 5 is_stmt 1 view .LVU266
 418:Drivers/STM32G0xx_HAL_Driver/Src/stm32g0xx_hal_dma.c ****   }
 772              		.loc 1 418 5 view .LVU267
 773              	.LVL45:
 418:Drivers/STM32G0xx_HAL_Driver/Src/stm32g0xx_hal_dma.c ****   }
 774              		.loc 1 418 12 is_stmt 0 view .LVU268
 775 0024 0120     		movs	r0, #1
 776              	.LVL46:
 777              	.L36:
 422:Drivers/STM32G0xx_HAL_Driver/Src/stm32g0xx_hal_dma.c **** 
 778              		.loc 1 422 1 view .LVU269
 779              		@ sp needed
 780              	.LVL47:
 422:Drivers/STM32G0xx_HAL_Driver/Src/stm32g0xx_hal_dma.c **** 
 781              		.loc 1 422 1 view .LVU270
 782 0026 70BD     		pop	{r4, r5, r6, pc}
 783              	.LVL48:
 784              	.L39:
 395:Drivers/STM32G0xx_HAL_Driver/Src/stm32g0xx_hal_dma.c **** 
 785              		.loc 1 395 5 is_stmt 1 view .LVU271
 395:Drivers/STM32G0xx_HAL_Driver/Src/stm32g0xx_hal_dma.c **** 
 786              		.loc 1 395 17 is_stmt 0 view .LVU272
 787 0028 2430     		adds	r0, r0, #36
 788 002a 0135     		adds	r5, r5, #1
 789 002c 2554     		strb	r5, [r4, r0]
 398:Drivers/STM32G0xx_HAL_Driver/Src/stm32g0xx_hal_dma.c **** 
 790              		.loc 1 398 5 is_stmt 1 view .LVU273
 398:Drivers/STM32G0xx_HAL_Driver/Src/stm32g0xx_hal_dma.c **** 
 791              		.loc 1 398 21 is_stmt 0 view .LVU274
 792 002e 0020     		movs	r0, #0
 793 0030 E063     		str	r0, [r4, #60]
 401:Drivers/STM32G0xx_HAL_Driver/Src/stm32g0xx_hal_dma.c **** 
 794              		.loc 1 401 5 is_stmt 1 view .LVU275
 795 0032 2668     		ldr	r6, [r4]
 796 0034 3068     		ldr	r0, [r6]
 797 0036 013D     		subs	r5, r5, #1
 798 0038 A843     		bics	r0, r5
 799 003a 3060     		str	r0, [r6]
 404:Drivers/STM32G0xx_HAL_Driver/Src/stm32g0xx_hal_dma.c **** 
ARM GAS  C:\Users\Domagoj\AppData\Local\Temp\cccolMwP.s 			page 39


 800              		.loc 1 404 5 view .LVU276
 801 003c 2000     		movs	r0, r4
 802 003e FFF7FEFF 		bl	DMA_SetConfig
 803              	.LVL49:
 407:Drivers/STM32G0xx_HAL_Driver/Src/stm32g0xx_hal_dma.c ****   }
 804              		.loc 1 407 5 view .LVU277
 805 0042 2268     		ldr	r2, [r4]
 806 0044 1368     		ldr	r3, [r2]
 807 0046 2B43     		orrs	r3, r5
 808 0048 1360     		str	r3, [r2]
 384:Drivers/STM32G0xx_HAL_Driver/Src/stm32g0xx_hal_dma.c **** 
 809              		.loc 1 384 21 is_stmt 0 view .LVU278
 810 004a 0020     		movs	r0, #0
 811 004c EBE7     		b	.L36
 812              	.LVL50:
 813              	.L38:
 390:Drivers/STM32G0xx_HAL_Driver/Src/stm32g0xx_hal_dma.c **** 
 814              		.loc 1 390 3 discriminator 1 view .LVU279
 815 004e 0220     		movs	r0, #2
 816 0050 E9E7     		b	.L36
 817              		.cfi_endproc
 818              	.LFE365:
 820              		.section	.text.HAL_DMA_Start_IT,"ax",%progbits
 821              		.align	1
 822              		.global	HAL_DMA_Start_IT
 823              		.syntax unified
 824              		.code	16
 825              		.thumb_func
 827              	HAL_DMA_Start_IT:
 828              	.LVL51:
 829              	.LFB366:
 435:Drivers/STM32G0xx_HAL_Driver/Src/stm32g0xx_hal_dma.c ****   HAL_StatusTypeDef status = HAL_OK;
 830              		.loc 1 435 1 is_stmt 1 view -0
 831              		.cfi_startproc
 832              		@ args = 0, pretend = 0, frame = 0
 833              		@ frame_needed = 0, uses_anonymous_args = 0
 435:Drivers/STM32G0xx_HAL_Driver/Src/stm32g0xx_hal_dma.c ****   HAL_StatusTypeDef status = HAL_OK;
 834              		.loc 1 435 1 is_stmt 0 view .LVU281
 835 0000 70B5     		push	{r4, r5, r6, lr}
 836              	.LCFI5:
 837              		.cfi_def_cfa_offset 16
 838              		.cfi_offset 4, -16
 839              		.cfi_offset 5, -12
 840              		.cfi_offset 6, -8
 841              		.cfi_offset 14, -4
 842 0002 0400     		movs	r4, r0
 436:Drivers/STM32G0xx_HAL_Driver/Src/stm32g0xx_hal_dma.c **** 
 843              		.loc 1 436 3 is_stmt 1 view .LVU282
 844              	.LVL52:
 439:Drivers/STM32G0xx_HAL_Driver/Src/stm32g0xx_hal_dma.c **** 
 845              		.loc 1 439 3 view .LVU283
 442:Drivers/STM32G0xx_HAL_Driver/Src/stm32g0xx_hal_dma.c **** 
 846              		.loc 1 442 3 view .LVU284
 442:Drivers/STM32G0xx_HAL_Driver/Src/stm32g0xx_hal_dma.c **** 
 847              		.loc 1 442 3 view .LVU285
 848 0004 2420     		movs	r0, #36
 849              	.LVL53:
ARM GAS  C:\Users\Domagoj\AppData\Local\Temp\cccolMwP.s 			page 40


 442:Drivers/STM32G0xx_HAL_Driver/Src/stm32g0xx_hal_dma.c **** 
 850              		.loc 1 442 3 is_stmt 0 view .LVU286
 851 0006 205C     		ldrb	r0, [r4, r0]
 852 0008 0128     		cmp	r0, #1
 853 000a 45D0     		beq	.L47
 442:Drivers/STM32G0xx_HAL_Driver/Src/stm32g0xx_hal_dma.c **** 
 854              		.loc 1 442 3 is_stmt 1 discriminator 2 view .LVU287
 855 000c 2420     		movs	r0, #36
 856 000e 0125     		movs	r5, #1
 857 0010 2554     		strb	r5, [r4, r0]
 442:Drivers/STM32G0xx_HAL_Driver/Src/stm32g0xx_hal_dma.c **** 
 858              		.loc 1 442 3 view .LVU288
 444:Drivers/STM32G0xx_HAL_Driver/Src/stm32g0xx_hal_dma.c ****   {
 859              		.loc 1 444 3 view .LVU289
 444:Drivers/STM32G0xx_HAL_Driver/Src/stm32g0xx_hal_dma.c ****   {
 860              		.loc 1 444 11 is_stmt 0 view .LVU290
 861 0012 0130     		adds	r0, r0, #1
 862 0014 205C     		ldrb	r0, [r4, r0]
 444:Drivers/STM32G0xx_HAL_Driver/Src/stm32g0xx_hal_dma.c ****   {
 863              		.loc 1 444 6 view .LVU291
 864 0016 0128     		cmp	r0, #1
 865 0018 06D0     		beq	.L49
 489:Drivers/STM32G0xx_HAL_Driver/Src/stm32g0xx_hal_dma.c **** 
 866              		.loc 1 489 5 is_stmt 1 view .LVU292
 489:Drivers/STM32G0xx_HAL_Driver/Src/stm32g0xx_hal_dma.c **** 
 867              		.loc 1 489 21 is_stmt 0 view .LVU293
 868 001a 8023     		movs	r3, #128
 869              	.LVL54:
 489:Drivers/STM32G0xx_HAL_Driver/Src/stm32g0xx_hal_dma.c **** 
 870              		.loc 1 489 21 view .LVU294
 871 001c E363     		str	r3, [r4, #60]
 492:Drivers/STM32G0xx_HAL_Driver/Src/stm32g0xx_hal_dma.c **** 
 872              		.loc 1 492 5 is_stmt 1 view .LVU295
 492:Drivers/STM32G0xx_HAL_Driver/Src/stm32g0xx_hal_dma.c **** 
 873              		.loc 1 492 5 view .LVU296
 874 001e 5C3B     		subs	r3, r3, #92
 875 0020 0022     		movs	r2, #0
 876              	.LVL55:
 492:Drivers/STM32G0xx_HAL_Driver/Src/stm32g0xx_hal_dma.c **** 
 877              		.loc 1 492 5 is_stmt 0 view .LVU297
 878 0022 E254     		strb	r2, [r4, r3]
 492:Drivers/STM32G0xx_HAL_Driver/Src/stm32g0xx_hal_dma.c **** 
 879              		.loc 1 492 5 is_stmt 1 view .LVU298
 495:Drivers/STM32G0xx_HAL_Driver/Src/stm32g0xx_hal_dma.c ****   }
 880              		.loc 1 495 5 view .LVU299
 881              	.LVL56:
 495:Drivers/STM32G0xx_HAL_Driver/Src/stm32g0xx_hal_dma.c ****   }
 882              		.loc 1 495 12 is_stmt 0 view .LVU300
 883 0024 0120     		movs	r0, #1
 884              	.LVL57:
 885              	.L41:
 499:Drivers/STM32G0xx_HAL_Driver/Src/stm32g0xx_hal_dma.c **** 
 886              		.loc 1 499 1 view .LVU301
 887              		@ sp needed
 888              	.LVL58:
 499:Drivers/STM32G0xx_HAL_Driver/Src/stm32g0xx_hal_dma.c **** 
 889              		.loc 1 499 1 view .LVU302
ARM GAS  C:\Users\Domagoj\AppData\Local\Temp\cccolMwP.s 			page 41


 890 0026 70BD     		pop	{r4, r5, r6, pc}
 891              	.LVL59:
 892              	.L49:
 447:Drivers/STM32G0xx_HAL_Driver/Src/stm32g0xx_hal_dma.c ****     hdma->ErrorCode = HAL_DMA_ERROR_NONE;
 893              		.loc 1 447 5 is_stmt 1 view .LVU303
 447:Drivers/STM32G0xx_HAL_Driver/Src/stm32g0xx_hal_dma.c ****     hdma->ErrorCode = HAL_DMA_ERROR_NONE;
 894              		.loc 1 447 17 is_stmt 0 view .LVU304
 895 0028 2430     		adds	r0, r0, #36
 896 002a 0135     		adds	r5, r5, #1
 897 002c 2554     		strb	r5, [r4, r0]
 448:Drivers/STM32G0xx_HAL_Driver/Src/stm32g0xx_hal_dma.c **** 
 898              		.loc 1 448 5 is_stmt 1 view .LVU305
 448:Drivers/STM32G0xx_HAL_Driver/Src/stm32g0xx_hal_dma.c **** 
 899              		.loc 1 448 21 is_stmt 0 view .LVU306
 900 002e 0020     		movs	r0, #0
 901 0030 E063     		str	r0, [r4, #60]
 451:Drivers/STM32G0xx_HAL_Driver/Src/stm32g0xx_hal_dma.c **** 
 902              		.loc 1 451 5 is_stmt 1 view .LVU307
 903 0032 2568     		ldr	r5, [r4]
 904 0034 2868     		ldr	r0, [r5]
 905 0036 0126     		movs	r6, #1
 906 0038 B043     		bics	r0, r6
 907 003a 2860     		str	r0, [r5]
 454:Drivers/STM32G0xx_HAL_Driver/Src/stm32g0xx_hal_dma.c **** 
 908              		.loc 1 454 5 view .LVU308
 909 003c 2000     		movs	r0, r4
 910 003e FFF7FEFF 		bl	DMA_SetConfig
 911              	.LVL60:
 458:Drivers/STM32G0xx_HAL_Driver/Src/stm32g0xx_hal_dma.c ****     {
 912              		.loc 1 458 5 view .LVU309
 458:Drivers/STM32G0xx_HAL_Driver/Src/stm32g0xx_hal_dma.c ****     {
 913              		.loc 1 458 21 is_stmt 0 view .LVU310
 914 0042 236B     		ldr	r3, [r4, #48]
 458:Drivers/STM32G0xx_HAL_Driver/Src/stm32g0xx_hal_dma.c ****     {
 915              		.loc 1 458 8 view .LVU311
 916 0044 002B     		cmp	r3, #0
 917 0046 1CD0     		beq	.L43
 461:Drivers/STM32G0xx_HAL_Driver/Src/stm32g0xx_hal_dma.c ****     }
 918              		.loc 1 461 7 is_stmt 1 view .LVU312
 919 0048 2268     		ldr	r2, [r4]
 920 004a 1368     		ldr	r3, [r2]
 921 004c 0E21     		movs	r1, #14
 922 004e 0B43     		orrs	r3, r1
 923 0050 1360     		str	r3, [r2]
 924              	.L44:
 470:Drivers/STM32G0xx_HAL_Driver/Src/stm32g0xx_hal_dma.c ****     {
 925              		.loc 1 470 5 view .LVU313
 470:Drivers/STM32G0xx_HAL_Driver/Src/stm32g0xx_hal_dma.c ****     {
 926              		.loc 1 470 14 is_stmt 0 view .LVU314
 927 0052 A26C     		ldr	r2, [r4, #72]
 470:Drivers/STM32G0xx_HAL_Driver/Src/stm32g0xx_hal_dma.c ****     {
 928              		.loc 1 470 29 view .LVU315
 929 0054 1368     		ldr	r3, [r2]
 470:Drivers/STM32G0xx_HAL_Driver/Src/stm32g0xx_hal_dma.c ****     {
 930              		.loc 1 470 8 view .LVU316
 931 0056 DB03     		lsls	r3, r3, #15
 932 0058 04D5     		bpl	.L45
ARM GAS  C:\Users\Domagoj\AppData\Local\Temp\cccolMwP.s 			page 42


 473:Drivers/STM32G0xx_HAL_Driver/Src/stm32g0xx_hal_dma.c ****     }
 933              		.loc 1 473 7 is_stmt 1 view .LVU317
 473:Drivers/STM32G0xx_HAL_Driver/Src/stm32g0xx_hal_dma.c ****     }
 934              		.loc 1 473 26 is_stmt 0 view .LVU318
 935 005a 1168     		ldr	r1, [r2]
 473:Drivers/STM32G0xx_HAL_Driver/Src/stm32g0xx_hal_dma.c ****     }
 936              		.loc 1 473 32 view .LVU319
 937 005c 8023     		movs	r3, #128
 938 005e 5B00     		lsls	r3, r3, #1
 939 0060 0B43     		orrs	r3, r1
 940 0062 1360     		str	r3, [r2]
 941              	.L45:
 476:Drivers/STM32G0xx_HAL_Driver/Src/stm32g0xx_hal_dma.c ****     {
 942              		.loc 1 476 5 is_stmt 1 view .LVU320
 476:Drivers/STM32G0xx_HAL_Driver/Src/stm32g0xx_hal_dma.c ****     {
 943              		.loc 1 476 13 is_stmt 0 view .LVU321
 944 0064 636D     		ldr	r3, [r4, #84]
 476:Drivers/STM32G0xx_HAL_Driver/Src/stm32g0xx_hal_dma.c ****     {
 945              		.loc 1 476 8 view .LVU322
 946 0066 002B     		cmp	r3, #0
 947 0068 04D0     		beq	.L46
 480:Drivers/STM32G0xx_HAL_Driver/Src/stm32g0xx_hal_dma.c ****     }
 948              		.loc 1 480 7 is_stmt 1 view .LVU323
 480:Drivers/STM32G0xx_HAL_Driver/Src/stm32g0xx_hal_dma.c ****     }
 949              		.loc 1 480 29 is_stmt 0 view .LVU324
 950 006a 1968     		ldr	r1, [r3]
 480:Drivers/STM32G0xx_HAL_Driver/Src/stm32g0xx_hal_dma.c ****     }
 951              		.loc 1 480 36 view .LVU325
 952 006c 8022     		movs	r2, #128
 953 006e 5200     		lsls	r2, r2, #1
 954 0070 0A43     		orrs	r2, r1
 955 0072 1A60     		str	r2, [r3]
 956              	.L46:
 484:Drivers/STM32G0xx_HAL_Driver/Src/stm32g0xx_hal_dma.c ****   }
 957              		.loc 1 484 5 is_stmt 1 view .LVU326
 958 0074 2268     		ldr	r2, [r4]
 959 0076 1368     		ldr	r3, [r2]
 960 0078 0121     		movs	r1, #1
 961 007a 0B43     		orrs	r3, r1
 962 007c 1360     		str	r3, [r2]
 436:Drivers/STM32G0xx_HAL_Driver/Src/stm32g0xx_hal_dma.c **** 
 963              		.loc 1 436 21 is_stmt 0 view .LVU327
 964 007e 0020     		movs	r0, #0
 965 0080 D1E7     		b	.L41
 966              	.L43:
 465:Drivers/STM32G0xx_HAL_Driver/Src/stm32g0xx_hal_dma.c ****       __HAL_DMA_ENABLE_IT(hdma, (DMA_IT_TC | DMA_IT_TE));
 967              		.loc 1 465 7 is_stmt 1 view .LVU328
 968 0082 2268     		ldr	r2, [r4]
 969 0084 1368     		ldr	r3, [r2]
 970 0086 0421     		movs	r1, #4
 971 0088 8B43     		bics	r3, r1
 972 008a 1360     		str	r3, [r2]
 466:Drivers/STM32G0xx_HAL_Driver/Src/stm32g0xx_hal_dma.c ****     }
 973              		.loc 1 466 7 view .LVU329
 974 008c 2268     		ldr	r2, [r4]
 975 008e 1368     		ldr	r3, [r2]
 976 0090 0631     		adds	r1, r1, #6
ARM GAS  C:\Users\Domagoj\AppData\Local\Temp\cccolMwP.s 			page 43


 977 0092 0B43     		orrs	r3, r1
 978 0094 1360     		str	r3, [r2]
 979 0096 DCE7     		b	.L44
 980              	.LVL61:
 981              	.L47:
 442:Drivers/STM32G0xx_HAL_Driver/Src/stm32g0xx_hal_dma.c **** 
 982              		.loc 1 442 3 is_stmt 0 discriminator 1 view .LVU330
 983 0098 0220     		movs	r0, #2
 984 009a C4E7     		b	.L41
 985              		.cfi_endproc
 986              	.LFE366:
 988              		.section	.text.HAL_DMA_Abort,"ax",%progbits
 989              		.align	1
 990              		.global	HAL_DMA_Abort
 991              		.syntax unified
 992              		.code	16
 993              		.thumb_func
 995              	HAL_DMA_Abort:
 996              	.LVL62:
 997              	.LFB367:
 508:Drivers/STM32G0xx_HAL_Driver/Src/stm32g0xx_hal_dma.c ****   /* Check the DMA peripheral handle */
 998              		.loc 1 508 1 is_stmt 1 view -0
 999              		.cfi_startproc
 1000              		@ args = 0, pretend = 0, frame = 0
 1001              		@ frame_needed = 0, uses_anonymous_args = 0
 508:Drivers/STM32G0xx_HAL_Driver/Src/stm32g0xx_hal_dma.c ****   /* Check the DMA peripheral handle */
 1002              		.loc 1 508 1 is_stmt 0 view .LVU332
 1003 0000 10B5     		push	{r4, lr}
 1004              	.LCFI6:
 1005              		.cfi_def_cfa_offset 8
 1006              		.cfi_offset 4, -8
 1007              		.cfi_offset 14, -4
 510:Drivers/STM32G0xx_HAL_Driver/Src/stm32g0xx_hal_dma.c ****   {
 1008              		.loc 1 510 3 is_stmt 1 view .LVU333
 510:Drivers/STM32G0xx_HAL_Driver/Src/stm32g0xx_hal_dma.c ****   {
 1009              		.loc 1 510 6 is_stmt 0 view .LVU334
 1010 0002 0028     		cmp	r0, #0
 1011 0004 33D0     		beq	.L54
 516:Drivers/STM32G0xx_HAL_Driver/Src/stm32g0xx_hal_dma.c ****   {
 1012              		.loc 1 516 3 is_stmt 1 view .LVU335
 516:Drivers/STM32G0xx_HAL_Driver/Src/stm32g0xx_hal_dma.c ****   {
 1013              		.loc 1 516 11 is_stmt 0 view .LVU336
 1014 0006 2523     		movs	r3, #37
 1015 0008 C35C     		ldrb	r3, [r0, r3]
 516:Drivers/STM32G0xx_HAL_Driver/Src/stm32g0xx_hal_dma.c ****   {
 1016              		.loc 1 516 6 view .LVU337
 1017 000a 022B     		cmp	r3, #2
 1018 000c 06D0     		beq	.L52
 518:Drivers/STM32G0xx_HAL_Driver/Src/stm32g0xx_hal_dma.c **** 
 1019              		.loc 1 518 5 is_stmt 1 view .LVU338
 518:Drivers/STM32G0xx_HAL_Driver/Src/stm32g0xx_hal_dma.c **** 
 1020              		.loc 1 518 21 is_stmt 0 view .LVU339
 1021 000e 0423     		movs	r3, #4
 1022 0010 C363     		str	r3, [r0, #60]
 521:Drivers/STM32G0xx_HAL_Driver/Src/stm32g0xx_hal_dma.c **** 
 1023              		.loc 1 521 5 is_stmt 1 view .LVU340
 521:Drivers/STM32G0xx_HAL_Driver/Src/stm32g0xx_hal_dma.c **** 
ARM GAS  C:\Users\Domagoj\AppData\Local\Temp\cccolMwP.s 			page 44


 1024              		.loc 1 521 5 view .LVU341
 1025 0012 2033     		adds	r3, r3, #32
 1026 0014 0022     		movs	r2, #0
 1027 0016 C254     		strb	r2, [r0, r3]
 521:Drivers/STM32G0xx_HAL_Driver/Src/stm32g0xx_hal_dma.c **** 
 1028              		.loc 1 521 5 view .LVU342
 523:Drivers/STM32G0xx_HAL_Driver/Src/stm32g0xx_hal_dma.c ****   }
 1029              		.loc 1 523 5 view .LVU343
 523:Drivers/STM32G0xx_HAL_Driver/Src/stm32g0xx_hal_dma.c ****   }
 1030              		.loc 1 523 12 is_stmt 0 view .LVU344
 1031 0018 0120     		movs	r0, #1
 1032              	.LVL63:
 1033              	.L51:
 564:Drivers/STM32G0xx_HAL_Driver/Src/stm32g0xx_hal_dma.c **** 
 1034              		.loc 1 564 1 view .LVU345
 1035              		@ sp needed
 1036 001a 10BD     		pop	{r4, pc}
 1037              	.LVL64:
 1038              	.L52:
 528:Drivers/STM32G0xx_HAL_Driver/Src/stm32g0xx_hal_dma.c **** 
 1039              		.loc 1 528 5 is_stmt 1 view .LVU346
 1040 001c 0168     		ldr	r1, [r0]
 1041 001e 0A68     		ldr	r2, [r1]
 1042 0020 0123     		movs	r3, #1
 1043 0022 9A43     		bics	r2, r3
 1044 0024 0A60     		str	r2, [r1]
 531:Drivers/STM32G0xx_HAL_Driver/Src/stm32g0xx_hal_dma.c **** 
 1045              		.loc 1 531 5 view .LVU347
 1046 0026 0168     		ldr	r1, [r0]
 1047 0028 0A68     		ldr	r2, [r1]
 1048 002a 0E24     		movs	r4, #14
 1049 002c A243     		bics	r2, r4
 1050 002e 0A60     		str	r2, [r1]
 534:Drivers/STM32G0xx_HAL_Driver/Src/stm32g0xx_hal_dma.c **** 
 1051              		.loc 1 534 5 view .LVU348
 534:Drivers/STM32G0xx_HAL_Driver/Src/stm32g0xx_hal_dma.c **** 
 1052              		.loc 1 534 9 is_stmt 0 view .LVU349
 1053 0030 816C     		ldr	r1, [r0, #72]
 534:Drivers/STM32G0xx_HAL_Driver/Src/stm32g0xx_hal_dma.c **** 
 1054              		.loc 1 534 24 view .LVU350
 1055 0032 0A68     		ldr	r2, [r1]
 534:Drivers/STM32G0xx_HAL_Driver/Src/stm32g0xx_hal_dma.c **** 
 1056              		.loc 1 534 30 view .LVU351
 1057 0034 0F4C     		ldr	r4, .L55
 1058 0036 2240     		ands	r2, r4
 1059 0038 0A60     		str	r2, [r1]
 538:Drivers/STM32G0xx_HAL_Driver/Src/stm32g0xx_hal_dma.c **** #else
 1060              		.loc 1 538 5 is_stmt 1 view .LVU352
 538:Drivers/STM32G0xx_HAL_Driver/Src/stm32g0xx_hal_dma.c **** #else
 1061              		.loc 1 538 56 is_stmt 0 view .LVU353
 1062 003a 416C     		ldr	r1, [r0, #68]
 538:Drivers/STM32G0xx_HAL_Driver/Src/stm32g0xx_hal_dma.c **** #else
 1063              		.loc 1 538 71 view .LVU354
 1064 003c 1C22     		movs	r2, #28
 1065 003e 0A40     		ands	r2, r1
 538:Drivers/STM32G0xx_HAL_Driver/Src/stm32g0xx_hal_dma.c **** #else
 1066              		.loc 1 538 9 view .LVU355
ARM GAS  C:\Users\Domagoj\AppData\Local\Temp\cccolMwP.s 			page 45


 1067 0040 016C     		ldr	r1, [r0, #64]
 538:Drivers/STM32G0xx_HAL_Driver/Src/stm32g0xx_hal_dma.c **** #else
 1068              		.loc 1 538 48 view .LVU356
 1069 0042 9340     		lsls	r3, r3, r2
 538:Drivers/STM32G0xx_HAL_Driver/Src/stm32g0xx_hal_dma.c **** #else
 1070              		.loc 1 538 32 view .LVU357
 1071 0044 4B60     		str	r3, [r1, #4]
 544:Drivers/STM32G0xx_HAL_Driver/Src/stm32g0xx_hal_dma.c **** 
 1072              		.loc 1 544 5 is_stmt 1 view .LVU358
 544:Drivers/STM32G0xx_HAL_Driver/Src/stm32g0xx_hal_dma.c **** 
 1073              		.loc 1 544 9 is_stmt 0 view .LVU359
 1074 0046 C36C     		ldr	r3, [r0, #76]
 544:Drivers/STM32G0xx_HAL_Driver/Src/stm32g0xx_hal_dma.c **** 
 1075              		.loc 1 544 42 view .LVU360
 1076 0048 026D     		ldr	r2, [r0, #80]
 544:Drivers/STM32G0xx_HAL_Driver/Src/stm32g0xx_hal_dma.c **** 
 1077              		.loc 1 544 36 view .LVU361
 1078 004a 5A60     		str	r2, [r3, #4]
 546:Drivers/STM32G0xx_HAL_Driver/Src/stm32g0xx_hal_dma.c ****     {
 1079              		.loc 1 546 5 is_stmt 1 view .LVU362
 546:Drivers/STM32G0xx_HAL_Driver/Src/stm32g0xx_hal_dma.c ****     {
 1080              		.loc 1 546 13 is_stmt 0 view .LVU363
 1081 004c 436D     		ldr	r3, [r0, #84]
 546:Drivers/STM32G0xx_HAL_Driver/Src/stm32g0xx_hal_dma.c ****     {
 1082              		.loc 1 546 8 view .LVU364
 1083 004e 002B     		cmp	r3, #0
 1084 0050 05D0     		beq	.L53
 550:Drivers/STM32G0xx_HAL_Driver/Src/stm32g0xx_hal_dma.c **** 
 1085              		.loc 1 550 7 is_stmt 1 view .LVU365
 550:Drivers/STM32G0xx_HAL_Driver/Src/stm32g0xx_hal_dma.c **** 
 1086              		.loc 1 550 29 is_stmt 0 view .LVU366
 1087 0052 1A68     		ldr	r2, [r3]
 550:Drivers/STM32G0xx_HAL_Driver/Src/stm32g0xx_hal_dma.c **** 
 1088              		.loc 1 550 36 view .LVU367
 1089 0054 2240     		ands	r2, r4
 1090 0056 1A60     		str	r2, [r3]
 553:Drivers/STM32G0xx_HAL_Driver/Src/stm32g0xx_hal_dma.c ****     }
 1091              		.loc 1 553 7 is_stmt 1 view .LVU368
 553:Drivers/STM32G0xx_HAL_Driver/Src/stm32g0xx_hal_dma.c ****     }
 1092              		.loc 1 553 11 is_stmt 0 view .LVU369
 1093 0058 836D     		ldr	r3, [r0, #88]
 553:Drivers/STM32G0xx_HAL_Driver/Src/stm32g0xx_hal_dma.c ****     }
 1094              		.loc 1 553 49 view .LVU370
 1095 005a C26D     		ldr	r2, [r0, #92]
 553:Drivers/STM32G0xx_HAL_Driver/Src/stm32g0xx_hal_dma.c ****     }
 1096              		.loc 1 553 43 view .LVU371
 1097 005c 5A60     		str	r2, [r3, #4]
 1098              	.L53:
 557:Drivers/STM32G0xx_HAL_Driver/Src/stm32g0xx_hal_dma.c **** 
 1099              		.loc 1 557 5 is_stmt 1 view .LVU372
 557:Drivers/STM32G0xx_HAL_Driver/Src/stm32g0xx_hal_dma.c **** 
 1100              		.loc 1 557 17 is_stmt 0 view .LVU373
 1101 005e 2523     		movs	r3, #37
 1102 0060 0122     		movs	r2, #1
 1103 0062 C254     		strb	r2, [r0, r3]
 560:Drivers/STM32G0xx_HAL_Driver/Src/stm32g0xx_hal_dma.c ****   }
 1104              		.loc 1 560 5 is_stmt 1 view .LVU374
ARM GAS  C:\Users\Domagoj\AppData\Local\Temp\cccolMwP.s 			page 46


 560:Drivers/STM32G0xx_HAL_Driver/Src/stm32g0xx_hal_dma.c ****   }
 1105              		.loc 1 560 5 view .LVU375
 1106 0064 013B     		subs	r3, r3, #1
 1107 0066 0022     		movs	r2, #0
 1108 0068 C254     		strb	r2, [r0, r3]
 560:Drivers/STM32G0xx_HAL_Driver/Src/stm32g0xx_hal_dma.c ****   }
 1109              		.loc 1 560 5 view .LVU376
 563:Drivers/STM32G0xx_HAL_Driver/Src/stm32g0xx_hal_dma.c **** }
 1110              		.loc 1 563 3 view .LVU377
 563:Drivers/STM32G0xx_HAL_Driver/Src/stm32g0xx_hal_dma.c **** }
 1111              		.loc 1 563 10 is_stmt 0 view .LVU378
 1112 006a 0020     		movs	r0, #0
 1113              	.LVL65:
 563:Drivers/STM32G0xx_HAL_Driver/Src/stm32g0xx_hal_dma.c **** }
 1114              		.loc 1 563 10 view .LVU379
 1115 006c D5E7     		b	.L51
 1116              	.LVL66:
 1117              	.L54:
 512:Drivers/STM32G0xx_HAL_Driver/Src/stm32g0xx_hal_dma.c ****   }
 1118              		.loc 1 512 12 view .LVU380
 1119 006e 0120     		movs	r0, #1
 1120              	.LVL67:
 512:Drivers/STM32G0xx_HAL_Driver/Src/stm32g0xx_hal_dma.c ****   }
 1121              		.loc 1 512 12 view .LVU381
 1122 0070 D3E7     		b	.L51
 1123              	.L56:
 1124 0072 C046     		.align	2
 1125              	.L55:
 1126 0074 FFFEFFFF 		.word	-257
 1127              		.cfi_endproc
 1128              	.LFE367:
 1130              		.section	.text.HAL_DMA_Abort_IT,"ax",%progbits
 1131              		.align	1
 1132              		.global	HAL_DMA_Abort_IT
 1133              		.syntax unified
 1134              		.code	16
 1135              		.thumb_func
 1137              	HAL_DMA_Abort_IT:
 1138              	.LVL68:
 1139              	.LFB368:
 573:Drivers/STM32G0xx_HAL_Driver/Src/stm32g0xx_hal_dma.c ****   HAL_StatusTypeDef status = HAL_OK;
 1140              		.loc 1 573 1 is_stmt 1 view -0
 1141              		.cfi_startproc
 1142              		@ args = 0, pretend = 0, frame = 0
 1143              		@ frame_needed = 0, uses_anonymous_args = 0
 573:Drivers/STM32G0xx_HAL_Driver/Src/stm32g0xx_hal_dma.c ****   HAL_StatusTypeDef status = HAL_OK;
 1144              		.loc 1 573 1 is_stmt 0 view .LVU383
 1145 0000 10B5     		push	{r4, lr}
 1146              	.LCFI7:
 1147              		.cfi_def_cfa_offset 8
 1148              		.cfi_offset 4, -8
 1149              		.cfi_offset 14, -4
 574:Drivers/STM32G0xx_HAL_Driver/Src/stm32g0xx_hal_dma.c **** 
 1150              		.loc 1 574 3 is_stmt 1 view .LVU384
 1151              	.LVL69:
 576:Drivers/STM32G0xx_HAL_Driver/Src/stm32g0xx_hal_dma.c ****   {
 1152              		.loc 1 576 3 view .LVU385
ARM GAS  C:\Users\Domagoj\AppData\Local\Temp\cccolMwP.s 			page 47


 576:Drivers/STM32G0xx_HAL_Driver/Src/stm32g0xx_hal_dma.c ****   {
 1153              		.loc 1 576 11 is_stmt 0 view .LVU386
 1154 0002 2523     		movs	r3, #37
 1155 0004 C35C     		ldrb	r3, [r0, r3]
 576:Drivers/STM32G0xx_HAL_Driver/Src/stm32g0xx_hal_dma.c ****   {
 1156              		.loc 1 576 6 view .LVU387
 1157 0006 022B     		cmp	r3, #2
 1158 0008 03D0     		beq	.L58
 579:Drivers/STM32G0xx_HAL_Driver/Src/stm32g0xx_hal_dma.c **** 
 1159              		.loc 1 579 5 is_stmt 1 view .LVU388
 579:Drivers/STM32G0xx_HAL_Driver/Src/stm32g0xx_hal_dma.c **** 
 1160              		.loc 1 579 21 is_stmt 0 view .LVU389
 1161 000a 0423     		movs	r3, #4
 1162 000c C363     		str	r3, [r0, #60]
 581:Drivers/STM32G0xx_HAL_Driver/Src/stm32g0xx_hal_dma.c ****   }
 1163              		.loc 1 581 5 is_stmt 1 view .LVU390
 1164              	.LVL70:
 581:Drivers/STM32G0xx_HAL_Driver/Src/stm32g0xx_hal_dma.c ****   }
 1165              		.loc 1 581 12 is_stmt 0 view .LVU391
 1166 000e 0120     		movs	r0, #1
 1167              	.LVL71:
 1168              	.L59:
 626:Drivers/STM32G0xx_HAL_Driver/Src/stm32g0xx_hal_dma.c **** }
 1169              		.loc 1 626 3 is_stmt 1 view .LVU392
 627:Drivers/STM32G0xx_HAL_Driver/Src/stm32g0xx_hal_dma.c **** 
 1170              		.loc 1 627 1 is_stmt 0 view .LVU393
 1171              		@ sp needed
 1172 0010 10BD     		pop	{r4, pc}
 1173              	.LVL72:
 1174              	.L58:
 586:Drivers/STM32G0xx_HAL_Driver/Src/stm32g0xx_hal_dma.c **** 
 1175              		.loc 1 586 5 is_stmt 1 view .LVU394
 1176 0012 0168     		ldr	r1, [r0]
 1177 0014 0A68     		ldr	r2, [r1]
 1178 0016 0123     		movs	r3, #1
 1179 0018 9A43     		bics	r2, r3
 1180 001a 0A60     		str	r2, [r1]
 589:Drivers/STM32G0xx_HAL_Driver/Src/stm32g0xx_hal_dma.c **** 
 1181              		.loc 1 589 5 view .LVU395
 1182 001c 0168     		ldr	r1, [r0]
 1183 001e 0A68     		ldr	r2, [r1]
 1184 0020 0E24     		movs	r4, #14
 1185 0022 A243     		bics	r2, r4
 1186 0024 0A60     		str	r2, [r1]
 592:Drivers/STM32G0xx_HAL_Driver/Src/stm32g0xx_hal_dma.c **** 
 1187              		.loc 1 592 5 view .LVU396
 592:Drivers/STM32G0xx_HAL_Driver/Src/stm32g0xx_hal_dma.c **** 
 1188              		.loc 1 592 9 is_stmt 0 view .LVU397
 1189 0026 816C     		ldr	r1, [r0, #72]
 592:Drivers/STM32G0xx_HAL_Driver/Src/stm32g0xx_hal_dma.c **** 
 1190              		.loc 1 592 24 view .LVU398
 1191 0028 0A68     		ldr	r2, [r1]
 592:Drivers/STM32G0xx_HAL_Driver/Src/stm32g0xx_hal_dma.c **** 
 1192              		.loc 1 592 30 view .LVU399
 1193 002a 114C     		ldr	r4, .L62
 1194 002c 2240     		ands	r2, r4
 1195 002e 0A60     		str	r2, [r1]
ARM GAS  C:\Users\Domagoj\AppData\Local\Temp\cccolMwP.s 			page 48


 596:Drivers/STM32G0xx_HAL_Driver/Src/stm32g0xx_hal_dma.c **** #else
 1196              		.loc 1 596 5 is_stmt 1 view .LVU400
 596:Drivers/STM32G0xx_HAL_Driver/Src/stm32g0xx_hal_dma.c **** #else
 1197              		.loc 1 596 56 is_stmt 0 view .LVU401
 1198 0030 416C     		ldr	r1, [r0, #68]
 596:Drivers/STM32G0xx_HAL_Driver/Src/stm32g0xx_hal_dma.c **** #else
 1199              		.loc 1 596 71 view .LVU402
 1200 0032 1C22     		movs	r2, #28
 1201 0034 0A40     		ands	r2, r1
 596:Drivers/STM32G0xx_HAL_Driver/Src/stm32g0xx_hal_dma.c **** #else
 1202              		.loc 1 596 9 view .LVU403
 1203 0036 016C     		ldr	r1, [r0, #64]
 596:Drivers/STM32G0xx_HAL_Driver/Src/stm32g0xx_hal_dma.c **** #else
 1204              		.loc 1 596 48 view .LVU404
 1205 0038 9340     		lsls	r3, r3, r2
 596:Drivers/STM32G0xx_HAL_Driver/Src/stm32g0xx_hal_dma.c **** #else
 1206              		.loc 1 596 32 view .LVU405
 1207 003a 4B60     		str	r3, [r1, #4]
 602:Drivers/STM32G0xx_HAL_Driver/Src/stm32g0xx_hal_dma.c **** 
 1208              		.loc 1 602 5 is_stmt 1 view .LVU406
 602:Drivers/STM32G0xx_HAL_Driver/Src/stm32g0xx_hal_dma.c **** 
 1209              		.loc 1 602 9 is_stmt 0 view .LVU407
 1210 003c C36C     		ldr	r3, [r0, #76]
 602:Drivers/STM32G0xx_HAL_Driver/Src/stm32g0xx_hal_dma.c **** 
 1211              		.loc 1 602 42 view .LVU408
 1212 003e 026D     		ldr	r2, [r0, #80]
 602:Drivers/STM32G0xx_HAL_Driver/Src/stm32g0xx_hal_dma.c **** 
 1213              		.loc 1 602 36 view .LVU409
 1214 0040 5A60     		str	r2, [r3, #4]
 604:Drivers/STM32G0xx_HAL_Driver/Src/stm32g0xx_hal_dma.c ****     {
 1215              		.loc 1 604 5 is_stmt 1 view .LVU410
 604:Drivers/STM32G0xx_HAL_Driver/Src/stm32g0xx_hal_dma.c ****     {
 1216              		.loc 1 604 13 is_stmt 0 view .LVU411
 1217 0042 436D     		ldr	r3, [r0, #84]
 604:Drivers/STM32G0xx_HAL_Driver/Src/stm32g0xx_hal_dma.c ****     {
 1218              		.loc 1 604 8 view .LVU412
 1219 0044 002B     		cmp	r3, #0
 1220 0046 05D0     		beq	.L60
 608:Drivers/STM32G0xx_HAL_Driver/Src/stm32g0xx_hal_dma.c **** 
 1221              		.loc 1 608 7 is_stmt 1 view .LVU413
 608:Drivers/STM32G0xx_HAL_Driver/Src/stm32g0xx_hal_dma.c **** 
 1222              		.loc 1 608 29 is_stmt 0 view .LVU414
 1223 0048 1A68     		ldr	r2, [r3]
 608:Drivers/STM32G0xx_HAL_Driver/Src/stm32g0xx_hal_dma.c **** 
 1224              		.loc 1 608 36 view .LVU415
 1225 004a 2240     		ands	r2, r4
 1226 004c 1A60     		str	r2, [r3]
 611:Drivers/STM32G0xx_HAL_Driver/Src/stm32g0xx_hal_dma.c ****     }
 1227              		.loc 1 611 7 is_stmt 1 view .LVU416
 611:Drivers/STM32G0xx_HAL_Driver/Src/stm32g0xx_hal_dma.c ****     }
 1228              		.loc 1 611 11 is_stmt 0 view .LVU417
 1229 004e 836D     		ldr	r3, [r0, #88]
 611:Drivers/STM32G0xx_HAL_Driver/Src/stm32g0xx_hal_dma.c ****     }
 1230              		.loc 1 611 49 view .LVU418
 1231 0050 C26D     		ldr	r2, [r0, #92]
 611:Drivers/STM32G0xx_HAL_Driver/Src/stm32g0xx_hal_dma.c ****     }
 1232              		.loc 1 611 43 view .LVU419
ARM GAS  C:\Users\Domagoj\AppData\Local\Temp\cccolMwP.s 			page 49


 1233 0052 5A60     		str	r2, [r3, #4]
 1234              	.L60:
 615:Drivers/STM32G0xx_HAL_Driver/Src/stm32g0xx_hal_dma.c **** 
 1235              		.loc 1 615 5 is_stmt 1 view .LVU420
 615:Drivers/STM32G0xx_HAL_Driver/Src/stm32g0xx_hal_dma.c **** 
 1236              		.loc 1 615 17 is_stmt 0 view .LVU421
 1237 0054 2523     		movs	r3, #37
 1238 0056 0122     		movs	r2, #1
 1239 0058 C254     		strb	r2, [r0, r3]
 618:Drivers/STM32G0xx_HAL_Driver/Src/stm32g0xx_hal_dma.c **** 
 1240              		.loc 1 618 5 is_stmt 1 view .LVU422
 618:Drivers/STM32G0xx_HAL_Driver/Src/stm32g0xx_hal_dma.c **** 
 1241              		.loc 1 618 5 view .LVU423
 1242 005a 013B     		subs	r3, r3, #1
 1243 005c 0022     		movs	r2, #0
 1244 005e C254     		strb	r2, [r0, r3]
 618:Drivers/STM32G0xx_HAL_Driver/Src/stm32g0xx_hal_dma.c **** 
 1245              		.loc 1 618 5 view .LVU424
 621:Drivers/STM32G0xx_HAL_Driver/Src/stm32g0xx_hal_dma.c ****     {
 1246              		.loc 1 621 5 view .LVU425
 621:Drivers/STM32G0xx_HAL_Driver/Src/stm32g0xx_hal_dma.c ****     {
 1247              		.loc 1 621 13 is_stmt 0 view .LVU426
 1248 0060 836B     		ldr	r3, [r0, #56]
 621:Drivers/STM32G0xx_HAL_Driver/Src/stm32g0xx_hal_dma.c ****     {
 1249              		.loc 1 621 8 view .LVU427
 1250 0062 002B     		cmp	r3, #0
 1251 0064 02D0     		beq	.L61
 623:Drivers/STM32G0xx_HAL_Driver/Src/stm32g0xx_hal_dma.c ****     }
 1252              		.loc 1 623 7 is_stmt 1 view .LVU428
 1253 0066 9847     		blx	r3
 1254              	.LVL73:
 574:Drivers/STM32G0xx_HAL_Driver/Src/stm32g0xx_hal_dma.c **** 
 1255              		.loc 1 574 21 is_stmt 0 view .LVU429
 1256 0068 0020     		movs	r0, #0
 1257 006a D1E7     		b	.L59
 1258              	.LVL74:
 1259              	.L61:
 574:Drivers/STM32G0xx_HAL_Driver/Src/stm32g0xx_hal_dma.c **** 
 1260              		.loc 1 574 21 view .LVU430
 1261 006c 0020     		movs	r0, #0
 1262              	.LVL75:
 574:Drivers/STM32G0xx_HAL_Driver/Src/stm32g0xx_hal_dma.c **** 
 1263              		.loc 1 574 21 view .LVU431
 1264 006e CFE7     		b	.L59
 1265              	.L63:
 1266              		.align	2
 1267              	.L62:
 1268 0070 FFFEFFFF 		.word	-257
 1269              		.cfi_endproc
 1270              	.LFE368:
 1272              		.section	.text.HAL_DMA_PollForTransfer,"ax",%progbits
 1273              		.align	1
 1274              		.global	HAL_DMA_PollForTransfer
 1275              		.syntax unified
 1276              		.code	16
 1277              		.thumb_func
 1279              	HAL_DMA_PollForTransfer:
ARM GAS  C:\Users\Domagoj\AppData\Local\Temp\cccolMwP.s 			page 50


 1280              	.LVL76:
 1281              	.LFB369:
 639:Drivers/STM32G0xx_HAL_Driver/Src/stm32g0xx_hal_dma.c ****   uint32_t temp;
 1282              		.loc 1 639 1 is_stmt 1 view -0
 1283              		.cfi_startproc
 1284              		@ args = 0, pretend = 0, frame = 8
 1285              		@ frame_needed = 0, uses_anonymous_args = 0
 639:Drivers/STM32G0xx_HAL_Driver/Src/stm32g0xx_hal_dma.c ****   uint32_t temp;
 1286              		.loc 1 639 1 is_stmt 0 view .LVU433
 1287 0000 F0B5     		push	{r4, r5, r6, r7, lr}
 1288              	.LCFI8:
 1289              		.cfi_def_cfa_offset 20
 1290              		.cfi_offset 4, -20
 1291              		.cfi_offset 5, -16
 1292              		.cfi_offset 6, -12
 1293              		.cfi_offset 7, -8
 1294              		.cfi_offset 14, -4
 1295 0002 83B0     		sub	sp, sp, #12
 1296              	.LCFI9:
 1297              		.cfi_def_cfa_offset 32
 1298 0004 0600     		movs	r6, r0
 1299 0006 0C00     		movs	r4, r1
 1300 0008 1700     		movs	r7, r2
 640:Drivers/STM32G0xx_HAL_Driver/Src/stm32g0xx_hal_dma.c ****   uint32_t tickstart;
 1301              		.loc 1 640 3 is_stmt 1 view .LVU434
 641:Drivers/STM32G0xx_HAL_Driver/Src/stm32g0xx_hal_dma.c **** 
 1302              		.loc 1 641 3 view .LVU435
 643:Drivers/STM32G0xx_HAL_Driver/Src/stm32g0xx_hal_dma.c ****   {
 1303              		.loc 1 643 3 view .LVU436
 643:Drivers/STM32G0xx_HAL_Driver/Src/stm32g0xx_hal_dma.c ****   {
 1304              		.loc 1 643 11 is_stmt 0 view .LVU437
 1305 000a 2523     		movs	r3, #37
 1306 000c C35C     		ldrb	r3, [r0, r3]
 643:Drivers/STM32G0xx_HAL_Driver/Src/stm32g0xx_hal_dma.c ****   {
 1307              		.loc 1 643 6 view .LVU438
 1308 000e 022B     		cmp	r3, #2
 1309 0010 07D0     		beq	.L65
 646:Drivers/STM32G0xx_HAL_Driver/Src/stm32g0xx_hal_dma.c ****     __HAL_UNLOCK(hdma);
 1310              		.loc 1 646 5 is_stmt 1 view .LVU439
 646:Drivers/STM32G0xx_HAL_Driver/Src/stm32g0xx_hal_dma.c ****     __HAL_UNLOCK(hdma);
 1311              		.loc 1 646 21 is_stmt 0 view .LVU440
 1312 0012 0423     		movs	r3, #4
 1313 0014 C363     		str	r3, [r0, #60]
 647:Drivers/STM32G0xx_HAL_Driver/Src/stm32g0xx_hal_dma.c ****     return HAL_ERROR;
 1314              		.loc 1 647 5 is_stmt 1 view .LVU441
 647:Drivers/STM32G0xx_HAL_Driver/Src/stm32g0xx_hal_dma.c ****     return HAL_ERROR;
 1315              		.loc 1 647 5 view .LVU442
 1316 0016 2033     		adds	r3, r3, #32
 1317 0018 0022     		movs	r2, #0
 1318              	.LVL77:
 647:Drivers/STM32G0xx_HAL_Driver/Src/stm32g0xx_hal_dma.c ****     return HAL_ERROR;
 1319              		.loc 1 647 5 is_stmt 0 view .LVU443
 1320 001a C254     		strb	r2, [r0, r3]
 647:Drivers/STM32G0xx_HAL_Driver/Src/stm32g0xx_hal_dma.c ****     return HAL_ERROR;
 1321              		.loc 1 647 5 is_stmt 1 view .LVU444
 648:Drivers/STM32G0xx_HAL_Driver/Src/stm32g0xx_hal_dma.c ****   }
 1322              		.loc 1 648 5 view .LVU445
ARM GAS  C:\Users\Domagoj\AppData\Local\Temp\cccolMwP.s 			page 51


 648:Drivers/STM32G0xx_HAL_Driver/Src/stm32g0xx_hal_dma.c ****   }
 1323              		.loc 1 648 12 is_stmt 0 view .LVU446
 1324 001c 0120     		movs	r0, #1
 1325              	.LVL78:
 1326              	.L66:
 789:Drivers/STM32G0xx_HAL_Driver/Src/stm32g0xx_hal_dma.c **** 
 1327              		.loc 1 789 1 view .LVU447
 1328 001e 03B0     		add	sp, sp, #12
 1329              		@ sp needed
 1330              	.LVL79:
 1331              	.LVL80:
 1332              	.LVL81:
 789:Drivers/STM32G0xx_HAL_Driver/Src/stm32g0xx_hal_dma.c **** 
 1333              		.loc 1 789 1 view .LVU448
 1334 0020 F0BD     		pop	{r4, r5, r6, r7, pc}
 1335              	.LVL82:
 1336              	.L65:
 652:Drivers/STM32G0xx_HAL_Driver/Src/stm32g0xx_hal_dma.c ****   {
 1337              		.loc 1 652 3 is_stmt 1 view .LVU449
 652:Drivers/STM32G0xx_HAL_Driver/Src/stm32g0xx_hal_dma.c ****   {
 1338              		.loc 1 652 12 is_stmt 0 view .LVU450
 1339 0022 0368     		ldr	r3, [r0]
 652:Drivers/STM32G0xx_HAL_Driver/Src/stm32g0xx_hal_dma.c ****   {
 1340              		.loc 1 652 22 view .LVU451
 1341 0024 1B68     		ldr	r3, [r3]
 652:Drivers/STM32G0xx_HAL_Driver/Src/stm32g0xx_hal_dma.c ****   {
 1342              		.loc 1 652 6 view .LVU452
 1343 0026 9B06     		lsls	r3, r3, #26
 1344 0028 29D4     		bmi	.L79
 659:Drivers/STM32G0xx_HAL_Driver/Src/stm32g0xx_hal_dma.c ****   {
 1345              		.loc 1 659 3 is_stmt 1 view .LVU453
 659:Drivers/STM32G0xx_HAL_Driver/Src/stm32g0xx_hal_dma.c ****   {
 1346              		.loc 1 659 6 is_stmt 0 view .LVU454
 1347 002a 0029     		cmp	r1, #0
 1348 002c 2CD1     		bne	.L68
 662:Drivers/STM32G0xx_HAL_Driver/Src/stm32g0xx_hal_dma.c ****   }
 1349              		.loc 1 662 5 is_stmt 1 view .LVU455
 662:Drivers/STM32G0xx_HAL_Driver/Src/stm32g0xx_hal_dma.c ****   }
 1350              		.loc 1 662 33 is_stmt 0 view .LVU456
 1351 002e 426C     		ldr	r2, [r0, #68]
 1352              	.LVL83:
 662:Drivers/STM32G0xx_HAL_Driver/Src/stm32g0xx_hal_dma.c ****   }
 1353              		.loc 1 662 48 view .LVU457
 1354 0030 1C23     		movs	r3, #28
 1355 0032 1340     		ands	r3, r2
 662:Drivers/STM32G0xx_HAL_Driver/Src/stm32g0xx_hal_dma.c ****   }
 1356              		.loc 1 662 10 view .LVU458
 1357 0034 0225     		movs	r5, #2
 1358 0036 9D40     		lsls	r5, r5, r3
 1359              	.LVL84:
 1360              	.L69:
 671:Drivers/STM32G0xx_HAL_Driver/Src/stm32g0xx_hal_dma.c **** 
 1361              		.loc 1 671 3 is_stmt 1 view .LVU459
 671:Drivers/STM32G0xx_HAL_Driver/Src/stm32g0xx_hal_dma.c **** 
 1362              		.loc 1 671 15 is_stmt 0 view .LVU460
 1363 0038 FFF7FEFF 		bl	HAL_GetTick
 1364              	.LVL85:
ARM GAS  C:\Users\Domagoj\AppData\Local\Temp\cccolMwP.s 			page 52


 671:Drivers/STM32G0xx_HAL_Driver/Src/stm32g0xx_hal_dma.c **** 
 1365              		.loc 1 671 15 view .LVU461
 1366 003c 0190     		str	r0, [sp, #4]
 1367              	.LVL86:
 674:Drivers/STM32G0xx_HAL_Driver/Src/stm32g0xx_hal_dma.c ****   {
 1368              		.loc 1 674 3 is_stmt 1 view .LVU462
 1369              	.L72:
 674:Drivers/STM32G0xx_HAL_Driver/Src/stm32g0xx_hal_dma.c ****   {
 1370              		.loc 1 674 45 view .LVU463
 674:Drivers/STM32G0xx_HAL_Driver/Src/stm32g0xx_hal_dma.c ****   {
 1371              		.loc 1 674 15 is_stmt 0 view .LVU464
 1372 003e 326C     		ldr	r2, [r6, #64]
 674:Drivers/STM32G0xx_HAL_Driver/Src/stm32g0xx_hal_dma.c ****   {
 1373              		.loc 1 674 31 view .LVU465
 1374 0040 1368     		ldr	r3, [r2]
 674:Drivers/STM32G0xx_HAL_Driver/Src/stm32g0xx_hal_dma.c ****   {
 1375              		.loc 1 674 45 view .LVU466
 1376 0042 1D42     		tst	r5, r3
 1377 0044 32D1     		bne	.L80
 676:Drivers/STM32G0xx_HAL_Driver/Src/stm32g0xx_hal_dma.c ****     {
 1378              		.loc 1 676 5 is_stmt 1 view .LVU467
 676:Drivers/STM32G0xx_HAL_Driver/Src/stm32g0xx_hal_dma.c ****     {
 1379              		.loc 1 676 30 is_stmt 0 view .LVU468
 1380 0046 1068     		ldr	r0, [r2]
 676:Drivers/STM32G0xx_HAL_Driver/Src/stm32g0xx_hal_dma.c ****     {
 1381              		.loc 1 676 60 view .LVU469
 1382 0048 716C     		ldr	r1, [r6, #68]
 676:Drivers/STM32G0xx_HAL_Driver/Src/stm32g0xx_hal_dma.c ****     {
 1383              		.loc 1 676 75 view .LVU470
 1384 004a 1C23     		movs	r3, #28
 1385 004c 0B40     		ands	r3, r1
 676:Drivers/STM32G0xx_HAL_Driver/Src/stm32g0xx_hal_dma.c ****     {
 1386              		.loc 1 676 52 view .LVU471
 1387 004e 0821     		movs	r1, #8
 1388 0050 9940     		lsls	r1, r1, r3
 676:Drivers/STM32G0xx_HAL_Driver/Src/stm32g0xx_hal_dma.c ****     {
 1389              		.loc 1 676 8 view .LVU472
 1390 0052 0142     		tst	r1, r0
 1391 0054 1ED1     		bne	.L81
 717:Drivers/STM32G0xx_HAL_Driver/Src/stm32g0xx_hal_dma.c ****     {
 1392              		.loc 1 717 5 is_stmt 1 view .LVU473
 717:Drivers/STM32G0xx_HAL_Driver/Src/stm32g0xx_hal_dma.c ****     {
 1393              		.loc 1 717 8 is_stmt 0 view .LVU474
 1394 0056 7B1C     		adds	r3, r7, #1
 1395 0058 F1D0     		beq	.L72
 719:Drivers/STM32G0xx_HAL_Driver/Src/stm32g0xx_hal_dma.c ****       {
 1396              		.loc 1 719 7 is_stmt 1 view .LVU475
 719:Drivers/STM32G0xx_HAL_Driver/Src/stm32g0xx_hal_dma.c ****       {
 1397              		.loc 1 719 13 is_stmt 0 view .LVU476
 1398 005a FFF7FEFF 		bl	HAL_GetTick
 1399              	.LVL87:
 719:Drivers/STM32G0xx_HAL_Driver/Src/stm32g0xx_hal_dma.c ****       {
 1400              		.loc 1 719 27 discriminator 1 view .LVU477
 1401 005e 019B     		ldr	r3, [sp, #4]
 1402 0060 C01A     		subs	r0, r0, r3
 719:Drivers/STM32G0xx_HAL_Driver/Src/stm32g0xx_hal_dma.c ****       {
 1403              		.loc 1 719 10 discriminator 1 view .LVU478
ARM GAS  C:\Users\Domagoj\AppData\Local\Temp\cccolMwP.s 			page 53


 1404 0062 B842     		cmp	r0, r7
 1405 0064 01D8     		bhi	.L73
 719:Drivers/STM32G0xx_HAL_Driver/Src/stm32g0xx_hal_dma.c ****       {
 1406              		.loc 1 719 51 discriminator 1 view .LVU479
 1407 0066 002F     		cmp	r7, #0
 1408 0068 E9D1     		bne	.L72
 1409              	.L73:
 722:Drivers/STM32G0xx_HAL_Driver/Src/stm32g0xx_hal_dma.c **** 
 1410              		.loc 1 722 9 is_stmt 1 view .LVU480
 722:Drivers/STM32G0xx_HAL_Driver/Src/stm32g0xx_hal_dma.c **** 
 1411              		.loc 1 722 25 is_stmt 0 view .LVU481
 1412 006a 2023     		movs	r3, #32
 1413 006c F363     		str	r3, [r6, #60]
 725:Drivers/STM32G0xx_HAL_Driver/Src/stm32g0xx_hal_dma.c **** 
 1414              		.loc 1 725 9 is_stmt 1 view .LVU482
 725:Drivers/STM32G0xx_HAL_Driver/Src/stm32g0xx_hal_dma.c **** 
 1415              		.loc 1 725 21 is_stmt 0 view .LVU483
 1416 006e 0533     		adds	r3, r3, #5
 1417 0070 0122     		movs	r2, #1
 1418 0072 F254     		strb	r2, [r6, r3]
 728:Drivers/STM32G0xx_HAL_Driver/Src/stm32g0xx_hal_dma.c **** 
 1419              		.loc 1 728 9 is_stmt 1 view .LVU484
 728:Drivers/STM32G0xx_HAL_Driver/Src/stm32g0xx_hal_dma.c **** 
 1420              		.loc 1 728 9 view .LVU485
 1421 0074 013B     		subs	r3, r3, #1
 1422 0076 0022     		movs	r2, #0
 1423 0078 F254     		strb	r2, [r6, r3]
 728:Drivers/STM32G0xx_HAL_Driver/Src/stm32g0xx_hal_dma.c **** 
 1424              		.loc 1 728 9 view .LVU486
 730:Drivers/STM32G0xx_HAL_Driver/Src/stm32g0xx_hal_dma.c ****       }
 1425              		.loc 1 730 9 view .LVU487
 730:Drivers/STM32G0xx_HAL_Driver/Src/stm32g0xx_hal_dma.c ****       }
 1426              		.loc 1 730 16 is_stmt 0 view .LVU488
 1427 007a 0120     		movs	r0, #1
 1428 007c CFE7     		b	.L66
 1429              	.LVL88:
 1430              	.L79:
 654:Drivers/STM32G0xx_HAL_Driver/Src/stm32g0xx_hal_dma.c ****     return HAL_ERROR;
 1431              		.loc 1 654 5 is_stmt 1 view .LVU489
 654:Drivers/STM32G0xx_HAL_Driver/Src/stm32g0xx_hal_dma.c ****     return HAL_ERROR;
 1432              		.loc 1 654 21 is_stmt 0 view .LVU490
 1433 007e 8023     		movs	r3, #128
 1434 0080 5B00     		lsls	r3, r3, #1
 1435 0082 C363     		str	r3, [r0, #60]
 655:Drivers/STM32G0xx_HAL_Driver/Src/stm32g0xx_hal_dma.c ****   }
 1436              		.loc 1 655 5 is_stmt 1 view .LVU491
 655:Drivers/STM32G0xx_HAL_Driver/Src/stm32g0xx_hal_dma.c ****   }
 1437              		.loc 1 655 12 is_stmt 0 view .LVU492
 1438 0084 0120     		movs	r0, #1
 1439              	.LVL89:
 655:Drivers/STM32G0xx_HAL_Driver/Src/stm32g0xx_hal_dma.c ****   }
 1440              		.loc 1 655 12 view .LVU493
 1441 0086 CAE7     		b	.L66
 1442              	.LVL90:
 1443              	.L68:
 667:Drivers/STM32G0xx_HAL_Driver/Src/stm32g0xx_hal_dma.c ****   }
 1444              		.loc 1 667 5 is_stmt 1 view .LVU494
ARM GAS  C:\Users\Domagoj\AppData\Local\Temp\cccolMwP.s 			page 54


 667:Drivers/STM32G0xx_HAL_Driver/Src/stm32g0xx_hal_dma.c ****   }
 1445              		.loc 1 667 33 is_stmt 0 view .LVU495
 1446 0088 426C     		ldr	r2, [r0, #68]
 1447              	.LVL91:
 667:Drivers/STM32G0xx_HAL_Driver/Src/stm32g0xx_hal_dma.c ****   }
 1448              		.loc 1 667 48 view .LVU496
 1449 008a 1C23     		movs	r3, #28
 1450 008c 1340     		ands	r3, r2
 667:Drivers/STM32G0xx_HAL_Driver/Src/stm32g0xx_hal_dma.c ****   }
 1451              		.loc 1 667 10 view .LVU497
 1452 008e 0425     		movs	r5, #4
 1453 0090 9D40     		lsls	r5, r5, r3
 1454 0092 D1E7     		b	.L69
 1455              	.LVL92:
 1456              	.L81:
 681:Drivers/STM32G0xx_HAL_Driver/Src/stm32g0xx_hal_dma.c **** 
 1457              		.loc 1 681 7 is_stmt 1 view .LVU498
 681:Drivers/STM32G0xx_HAL_Driver/Src/stm32g0xx_hal_dma.c **** 
 1458              		.loc 1 681 50 is_stmt 0 view .LVU499
 1459 0094 0121     		movs	r1, #1
 1460 0096 0800     		movs	r0, r1
 1461 0098 9840     		lsls	r0, r0, r3
 681:Drivers/STM32G0xx_HAL_Driver/Src/stm32g0xx_hal_dma.c **** 
 1462              		.loc 1 681 34 view .LVU500
 1463 009a 5060     		str	r0, [r2, #4]
 684:Drivers/STM32G0xx_HAL_Driver/Src/stm32g0xx_hal_dma.c **** 
 1464              		.loc 1 684 7 is_stmt 1 view .LVU501
 684:Drivers/STM32G0xx_HAL_Driver/Src/stm32g0xx_hal_dma.c **** 
 1465              		.loc 1 684 23 is_stmt 0 view .LVU502
 1466 009c F163     		str	r1, [r6, #60]
 687:Drivers/STM32G0xx_HAL_Driver/Src/stm32g0xx_hal_dma.c **** 
 1467              		.loc 1 687 7 is_stmt 1 view .LVU503
 687:Drivers/STM32G0xx_HAL_Driver/Src/stm32g0xx_hal_dma.c **** 
 1468              		.loc 1 687 19 is_stmt 0 view .LVU504
 1469 009e 2523     		movs	r3, #37
 1470 00a0 F154     		strb	r1, [r6, r3]
 690:Drivers/STM32G0xx_HAL_Driver/Src/stm32g0xx_hal_dma.c **** 
 1471              		.loc 1 690 7 is_stmt 1 view .LVU505
 690:Drivers/STM32G0xx_HAL_Driver/Src/stm32g0xx_hal_dma.c **** 
 1472              		.loc 1 690 7 view .LVU506
 1473 00a2 013B     		subs	r3, r3, #1
 1474 00a4 0022     		movs	r2, #0
 1475 00a6 F254     		strb	r2, [r6, r3]
 690:Drivers/STM32G0xx_HAL_Driver/Src/stm32g0xx_hal_dma.c **** 
 1476              		.loc 1 690 7 view .LVU507
 692:Drivers/STM32G0xx_HAL_Driver/Src/stm32g0xx_hal_dma.c ****     }
 1477              		.loc 1 692 7 view .LVU508
 692:Drivers/STM32G0xx_HAL_Driver/Src/stm32g0xx_hal_dma.c ****     }
 1478              		.loc 1 692 14 is_stmt 0 view .LVU509
 1479 00a8 0120     		movs	r0, #1
 1480 00aa B8E7     		b	.L66
 1481              	.L80:
 736:Drivers/STM32G0xx_HAL_Driver/Src/stm32g0xx_hal_dma.c ****   {
 1482              		.loc 1 736 3 is_stmt 1 view .LVU510
 736:Drivers/STM32G0xx_HAL_Driver/Src/stm32g0xx_hal_dma.c ****   {
 1483              		.loc 1 736 11 is_stmt 0 view .LVU511
 1484 00ac 736D     		ldr	r3, [r6, #84]
ARM GAS  C:\Users\Domagoj\AppData\Local\Temp\cccolMwP.s 			page 55


 736:Drivers/STM32G0xx_HAL_Driver/Src/stm32g0xx_hal_dma.c ****   {
 1485              		.loc 1 736 6 view .LVU512
 1486 00ae 002B     		cmp	r3, #0
 1487 00b0 11D0     		beq	.L75
 739:Drivers/STM32G0xx_HAL_Driver/Src/stm32g0xx_hal_dma.c ****     {
 1488              		.loc 1 739 5 is_stmt 1 view .LVU513
 739:Drivers/STM32G0xx_HAL_Driver/Src/stm32g0xx_hal_dma.c ****     {
 1489              		.loc 1 739 14 is_stmt 0 view .LVU514
 1490 00b2 B26D     		ldr	r2, [r6, #88]
 739:Drivers/STM32G0xx_HAL_Driver/Src/stm32g0xx_hal_dma.c ****     {
 1491              		.loc 1 739 38 view .LVU515
 1492 00b4 1268     		ldr	r2, [r2]
 739:Drivers/STM32G0xx_HAL_Driver/Src/stm32g0xx_hal_dma.c ****     {
 1493              		.loc 1 739 51 view .LVU516
 1494 00b6 F16D     		ldr	r1, [r6, #92]
 739:Drivers/STM32G0xx_HAL_Driver/Src/stm32g0xx_hal_dma.c ****     {
 1495              		.loc 1 739 8 view .LVU517
 1496 00b8 1142     		tst	r1, r2
 1497 00ba 0CD0     		beq	.L75
 742:Drivers/STM32G0xx_HAL_Driver/Src/stm32g0xx_hal_dma.c **** 
 1498              		.loc 1 742 7 is_stmt 1 view .LVU518
 742:Drivers/STM32G0xx_HAL_Driver/Src/stm32g0xx_hal_dma.c **** 
 1499              		.loc 1 742 29 is_stmt 0 view .LVU519
 1500 00bc 1968     		ldr	r1, [r3]
 742:Drivers/STM32G0xx_HAL_Driver/Src/stm32g0xx_hal_dma.c **** 
 1501              		.loc 1 742 36 view .LVU520
 1502 00be 8022     		movs	r2, #128
 1503 00c0 5200     		lsls	r2, r2, #1
 1504 00c2 0A43     		orrs	r2, r1
 1505 00c4 1A60     		str	r2, [r3]
 745:Drivers/STM32G0xx_HAL_Driver/Src/stm32g0xx_hal_dma.c **** 
 1506              		.loc 1 745 7 is_stmt 1 view .LVU521
 745:Drivers/STM32G0xx_HAL_Driver/Src/stm32g0xx_hal_dma.c **** 
 1507              		.loc 1 745 11 is_stmt 0 view .LVU522
 1508 00c6 B36D     		ldr	r3, [r6, #88]
 745:Drivers/STM32G0xx_HAL_Driver/Src/stm32g0xx_hal_dma.c **** 
 1509              		.loc 1 745 49 view .LVU523
 1510 00c8 F26D     		ldr	r2, [r6, #92]
 745:Drivers/STM32G0xx_HAL_Driver/Src/stm32g0xx_hal_dma.c **** 
 1511              		.loc 1 745 43 view .LVU524
 1512 00ca 5A60     		str	r2, [r3, #4]
 748:Drivers/STM32G0xx_HAL_Driver/Src/stm32g0xx_hal_dma.c ****     }
 1513              		.loc 1 748 7 is_stmt 1 view .LVU525
 748:Drivers/STM32G0xx_HAL_Driver/Src/stm32g0xx_hal_dma.c ****     }
 1514              		.loc 1 748 11 is_stmt 0 view .LVU526
 1515 00cc F26B     		ldr	r2, [r6, #60]
 748:Drivers/STM32G0xx_HAL_Driver/Src/stm32g0xx_hal_dma.c ****     }
 1516              		.loc 1 748 23 view .LVU527
 1517 00ce 8023     		movs	r3, #128
 1518 00d0 DB00     		lsls	r3, r3, #3
 1519 00d2 1343     		orrs	r3, r2
 1520 00d4 F363     		str	r3, [r6, #60]
 1521              	.L75:
 753:Drivers/STM32G0xx_HAL_Driver/Src/stm32g0xx_hal_dma.c ****   {
 1522              		.loc 1 753 3 is_stmt 1 view .LVU528
 753:Drivers/STM32G0xx_HAL_Driver/Src/stm32g0xx_hal_dma.c ****   {
 1523              		.loc 1 753 12 is_stmt 0 view .LVU529
ARM GAS  C:\Users\Domagoj\AppData\Local\Temp\cccolMwP.s 			page 56


 1524 00d6 F36C     		ldr	r3, [r6, #76]
 753:Drivers/STM32G0xx_HAL_Driver/Src/stm32g0xx_hal_dma.c ****   {
 1525              		.loc 1 753 33 view .LVU530
 1526 00d8 1968     		ldr	r1, [r3]
 753:Drivers/STM32G0xx_HAL_Driver/Src/stm32g0xx_hal_dma.c ****   {
 1527              		.loc 1 753 45 view .LVU531
 1528 00da 326D     		ldr	r2, [r6, #80]
 753:Drivers/STM32G0xx_HAL_Driver/Src/stm32g0xx_hal_dma.c ****   {
 1529              		.loc 1 753 6 view .LVU532
 1530 00dc 0A42     		tst	r2, r1
 1531 00de 05D0     		beq	.L76
 756:Drivers/STM32G0xx_HAL_Driver/Src/stm32g0xx_hal_dma.c **** 
 1532              		.loc 1 756 5 is_stmt 1 view .LVU533
 756:Drivers/STM32G0xx_HAL_Driver/Src/stm32g0xx_hal_dma.c **** 
 1533              		.loc 1 756 36 is_stmt 0 view .LVU534
 1534 00e0 5A60     		str	r2, [r3, #4]
 759:Drivers/STM32G0xx_HAL_Driver/Src/stm32g0xx_hal_dma.c ****   }
 1535              		.loc 1 759 5 is_stmt 1 view .LVU535
 759:Drivers/STM32G0xx_HAL_Driver/Src/stm32g0xx_hal_dma.c ****   }
 1536              		.loc 1 759 9 is_stmt 0 view .LVU536
 1537 00e2 F26B     		ldr	r2, [r6, #60]
 759:Drivers/STM32G0xx_HAL_Driver/Src/stm32g0xx_hal_dma.c ****   }
 1538              		.loc 1 759 21 view .LVU537
 1539 00e4 8023     		movs	r3, #128
 1540 00e6 9B00     		lsls	r3, r3, #2
 1541 00e8 1343     		orrs	r3, r2
 1542 00ea F363     		str	r3, [r6, #60]
 1543              	.L76:
 762:Drivers/STM32G0xx_HAL_Driver/Src/stm32g0xx_hal_dma.c ****   {
 1544              		.loc 1 762 3 is_stmt 1 view .LVU538
 762:Drivers/STM32G0xx_HAL_Driver/Src/stm32g0xx_hal_dma.c ****   {
 1545              		.loc 1 762 6 is_stmt 0 view .LVU539
 1546 00ec 002C     		cmp	r4, #0
 1547 00ee 0ED1     		bne	.L77
 766:Drivers/STM32G0xx_HAL_Driver/Src/stm32g0xx_hal_dma.c **** #else
 1548              		.loc 1 766 5 is_stmt 1 view .LVU540
 766:Drivers/STM32G0xx_HAL_Driver/Src/stm32g0xx_hal_dma.c **** #else
 1549              		.loc 1 766 56 is_stmt 0 view .LVU541
 1550 00f0 736C     		ldr	r3, [r6, #68]
 766:Drivers/STM32G0xx_HAL_Driver/Src/stm32g0xx_hal_dma.c **** #else
 1551              		.loc 1 766 71 view .LVU542
 1552 00f2 1C22     		movs	r2, #28
 1553 00f4 1A40     		ands	r2, r3
 766:Drivers/STM32G0xx_HAL_Driver/Src/stm32g0xx_hal_dma.c **** #else
 1554              		.loc 1 766 9 view .LVU543
 1555 00f6 316C     		ldr	r1, [r6, #64]
 766:Drivers/STM32G0xx_HAL_Driver/Src/stm32g0xx_hal_dma.c **** #else
 1556              		.loc 1 766 48 view .LVU544
 1557 00f8 0223     		movs	r3, #2
 1558 00fa 9340     		lsls	r3, r3, r2
 766:Drivers/STM32G0xx_HAL_Driver/Src/stm32g0xx_hal_dma.c **** #else
 1559              		.loc 1 766 32 view .LVU545
 1560 00fc 4B60     		str	r3, [r1, #4]
 772:Drivers/STM32G0xx_HAL_Driver/Src/stm32g0xx_hal_dma.c **** 
 1561              		.loc 1 772 5 is_stmt 1 view .LVU546
 772:Drivers/STM32G0xx_HAL_Driver/Src/stm32g0xx_hal_dma.c **** 
 1562              		.loc 1 772 5 view .LVU547
ARM GAS  C:\Users\Domagoj\AppData\Local\Temp\cccolMwP.s 			page 57


 1563 00fe 2423     		movs	r3, #36
 1564 0100 0022     		movs	r2, #0
 1565 0102 F254     		strb	r2, [r6, r3]
 772:Drivers/STM32G0xx_HAL_Driver/Src/stm32g0xx_hal_dma.c **** 
 1566              		.loc 1 772 5 view .LVU548
 776:Drivers/STM32G0xx_HAL_Driver/Src/stm32g0xx_hal_dma.c ****   }
 1567              		.loc 1 776 5 view .LVU549
 776:Drivers/STM32G0xx_HAL_Driver/Src/stm32g0xx_hal_dma.c ****   }
 1568              		.loc 1 776 17 is_stmt 0 view .LVU550
 1569 0104 0133     		adds	r3, r3, #1
 1570 0106 0132     		adds	r2, r2, #1
 1571 0108 F254     		strb	r2, [r6, r3]
 788:Drivers/STM32G0xx_HAL_Driver/Src/stm32g0xx_hal_dma.c **** }
 1572              		.loc 1 788 10 view .LVU551
 1573 010a 2000     		movs	r0, r4
 1574 010c 87E7     		b	.L66
 1575              	.L77:
 782:Drivers/STM32G0xx_HAL_Driver/Src/stm32g0xx_hal_dma.c **** #else
 1576              		.loc 1 782 5 is_stmt 1 view .LVU552
 782:Drivers/STM32G0xx_HAL_Driver/Src/stm32g0xx_hal_dma.c **** #else
 1577              		.loc 1 782 56 is_stmt 0 view .LVU553
 1578 010e 736C     		ldr	r3, [r6, #68]
 782:Drivers/STM32G0xx_HAL_Driver/Src/stm32g0xx_hal_dma.c **** #else
 1579              		.loc 1 782 71 view .LVU554
 1580 0110 1C22     		movs	r2, #28
 1581 0112 1A40     		ands	r2, r3
 782:Drivers/STM32G0xx_HAL_Driver/Src/stm32g0xx_hal_dma.c **** #else
 1582              		.loc 1 782 9 view .LVU555
 1583 0114 316C     		ldr	r1, [r6, #64]
 782:Drivers/STM32G0xx_HAL_Driver/Src/stm32g0xx_hal_dma.c **** #else
 1584              		.loc 1 782 48 view .LVU556
 1585 0116 0423     		movs	r3, #4
 1586 0118 9340     		lsls	r3, r3, r2
 782:Drivers/STM32G0xx_HAL_Driver/Src/stm32g0xx_hal_dma.c **** #else
 1587              		.loc 1 782 32 view .LVU557
 1588 011a 4B60     		str	r3, [r1, #4]
 788:Drivers/STM32G0xx_HAL_Driver/Src/stm32g0xx_hal_dma.c **** }
 1589              		.loc 1 788 10 view .LVU558
 1590 011c 0020     		movs	r0, #0
 1591 011e 7EE7     		b	.L66
 1592              		.cfi_endproc
 1593              	.LFE369:
 1595              		.section	.text.HAL_DMA_IRQHandler,"ax",%progbits
 1596              		.align	1
 1597              		.global	HAL_DMA_IRQHandler
 1598              		.syntax unified
 1599              		.code	16
 1600              		.thumb_func
 1602              	HAL_DMA_IRQHandler:
 1603              	.LVL93:
 1604              	.LFB370:
 798:Drivers/STM32G0xx_HAL_Driver/Src/stm32g0xx_hal_dma.c **** #if defined(DMA2)
 1605              		.loc 1 798 1 is_stmt 1 view -0
 1606              		.cfi_startproc
 1607              		@ args = 0, pretend = 0, frame = 0
 1608              		@ frame_needed = 0, uses_anonymous_args = 0
 798:Drivers/STM32G0xx_HAL_Driver/Src/stm32g0xx_hal_dma.c **** #if defined(DMA2)
ARM GAS  C:\Users\Domagoj\AppData\Local\Temp\cccolMwP.s 			page 58


 1609              		.loc 1 798 1 is_stmt 0 view .LVU560
 1610 0000 70B5     		push	{r4, r5, r6, lr}
 1611              	.LCFI10:
 1612              		.cfi_def_cfa_offset 16
 1613              		.cfi_offset 4, -16
 1614              		.cfi_offset 5, -12
 1615              		.cfi_offset 6, -8
 1616              		.cfi_offset 14, -4
 800:Drivers/STM32G0xx_HAL_Driver/Src/stm32g0xx_hal_dma.c **** #else
 1617              		.loc 1 800 3 is_stmt 1 view .LVU561
 800:Drivers/STM32G0xx_HAL_Driver/Src/stm32g0xx_hal_dma.c **** #else
 1618              		.loc 1 800 26 is_stmt 0 view .LVU562
 1619 0002 036C     		ldr	r3, [r0, #64]
 800:Drivers/STM32G0xx_HAL_Driver/Src/stm32g0xx_hal_dma.c **** #else
 1620              		.loc 1 800 12 view .LVU563
 1621 0004 1968     		ldr	r1, [r3]
 1622              	.LVL94:
 804:Drivers/STM32G0xx_HAL_Driver/Src/stm32g0xx_hal_dma.c **** 
 1623              		.loc 1 804 3 is_stmt 1 view .LVU564
 804:Drivers/STM32G0xx_HAL_Driver/Src/stm32g0xx_hal_dma.c **** 
 1624              		.loc 1 804 28 is_stmt 0 view .LVU565
 1625 0006 0468     		ldr	r4, [r0]
 804:Drivers/STM32G0xx_HAL_Driver/Src/stm32g0xx_hal_dma.c **** 
 1626              		.loc 1 804 12 view .LVU566
 1627 0008 2568     		ldr	r5, [r4]
 1628              	.LVL95:
 807:Drivers/STM32G0xx_HAL_Driver/Src/stm32g0xx_hal_dma.c ****   {
 1629              		.loc 1 807 3 is_stmt 1 view .LVU567
 807:Drivers/STM32G0xx_HAL_Driver/Src/stm32g0xx_hal_dma.c ****   {
 1630              		.loc 1 807 41 is_stmt 0 view .LVU568
 1631 000a 426C     		ldr	r2, [r0, #68]
 807:Drivers/STM32G0xx_HAL_Driver/Src/stm32g0xx_hal_dma.c ****   {
 1632              		.loc 1 807 56 view .LVU569
 1633 000c 1C23     		movs	r3, #28
 1634 000e 1340     		ands	r3, r2
 807:Drivers/STM32G0xx_HAL_Driver/Src/stm32g0xx_hal_dma.c ****   {
 1635              		.loc 1 807 33 view .LVU570
 1636 0010 0422     		movs	r2, #4
 1637 0012 9A40     		lsls	r2, r2, r3
 807:Drivers/STM32G0xx_HAL_Driver/Src/stm32g0xx_hal_dma.c ****   {
 1638              		.loc 1 807 6 view .LVU571
 1639 0014 1142     		tst	r1, r2
 1640 0016 14D0     		beq	.L83
 807:Drivers/STM32G0xx_HAL_Driver/Src/stm32g0xx_hal_dma.c ****   {
 1641              		.loc 1 807 74 discriminator 1 view .LVU572
 1642 0018 6A07     		lsls	r2, r5, #29
 1643 001a 12D5     		bpl	.L83
 810:Drivers/STM32G0xx_HAL_Driver/Src/stm32g0xx_hal_dma.c ****     {
 1644              		.loc 1 810 5 is_stmt 1 view .LVU573
 810:Drivers/STM32G0xx_HAL_Driver/Src/stm32g0xx_hal_dma.c ****     {
 1645              		.loc 1 810 24 is_stmt 0 view .LVU574
 1646 001c 2368     		ldr	r3, [r4]
 810:Drivers/STM32G0xx_HAL_Driver/Src/stm32g0xx_hal_dma.c ****     {
 1647              		.loc 1 810 8 view .LVU575
 1648 001e 9B06     		lsls	r3, r3, #26
 1649 0020 03D4     		bmi	.L84
 813:Drivers/STM32G0xx_HAL_Driver/Src/stm32g0xx_hal_dma.c ****     }
ARM GAS  C:\Users\Domagoj\AppData\Local\Temp\cccolMwP.s 			page 59


 1650              		.loc 1 813 7 is_stmt 1 view .LVU576
 1651 0022 2368     		ldr	r3, [r4]
 1652 0024 0422     		movs	r2, #4
 1653 0026 9343     		bics	r3, r2
 1654 0028 2360     		str	r3, [r4]
 1655              	.L84:
 817:Drivers/STM32G0xx_HAL_Driver/Src/stm32g0xx_hal_dma.c **** #else
 1656              		.loc 1 817 5 view .LVU577
 817:Drivers/STM32G0xx_HAL_Driver/Src/stm32g0xx_hal_dma.c **** #else
 1657              		.loc 1 817 56 is_stmt 0 view .LVU578
 1658 002a 436C     		ldr	r3, [r0, #68]
 817:Drivers/STM32G0xx_HAL_Driver/Src/stm32g0xx_hal_dma.c **** #else
 1659              		.loc 1 817 71 view .LVU579
 1660 002c 1C22     		movs	r2, #28
 1661 002e 1A40     		ands	r2, r3
 817:Drivers/STM32G0xx_HAL_Driver/Src/stm32g0xx_hal_dma.c **** #else
 1662              		.loc 1 817 9 view .LVU580
 1663 0030 016C     		ldr	r1, [r0, #64]
 1664              	.LVL96:
 817:Drivers/STM32G0xx_HAL_Driver/Src/stm32g0xx_hal_dma.c **** #else
 1665              		.loc 1 817 48 view .LVU581
 1666 0032 0423     		movs	r3, #4
 1667 0034 9340     		lsls	r3, r3, r2
 817:Drivers/STM32G0xx_HAL_Driver/Src/stm32g0xx_hal_dma.c **** #else
 1668              		.loc 1 817 32 view .LVU582
 1669 0036 4B60     		str	r3, [r1, #4]
 825:Drivers/STM32G0xx_HAL_Driver/Src/stm32g0xx_hal_dma.c ****     {
 1670              		.loc 1 825 5 is_stmt 1 view .LVU583
 825:Drivers/STM32G0xx_HAL_Driver/Src/stm32g0xx_hal_dma.c ****     {
 1671              		.loc 1 825 13 is_stmt 0 view .LVU584
 1672 0038 036B     		ldr	r3, [r0, #48]
 825:Drivers/STM32G0xx_HAL_Driver/Src/stm32g0xx_hal_dma.c ****     {
 1673              		.loc 1 825 8 view .LVU585
 1674 003a 002B     		cmp	r3, #0
 1675 003c 00D0     		beq	.L82
 828:Drivers/STM32G0xx_HAL_Driver/Src/stm32g0xx_hal_dma.c ****     }
 1676              		.loc 1 828 7 is_stmt 1 view .LVU586
 1677 003e 9847     		blx	r3
 1678              	.LVL97:
 1679              	.L82:
 891:Drivers/STM32G0xx_HAL_Driver/Src/stm32g0xx_hal_dma.c **** 
 1680              		.loc 1 891 1 is_stmt 0 view .LVU587
 1681              		@ sp needed
 1682 0040 70BD     		pop	{r4, r5, r6, pc}
 1683              	.LVL98:
 1684              	.L83:
 833:Drivers/STM32G0xx_HAL_Driver/Src/stm32g0xx_hal_dma.c ****   {
 1685              		.loc 1 833 8 is_stmt 1 view .LVU588
 833:Drivers/STM32G0xx_HAL_Driver/Src/stm32g0xx_hal_dma.c ****   {
 1686              		.loc 1 833 44 is_stmt 0 view .LVU589
 1687 0042 0222     		movs	r2, #2
 1688 0044 9A40     		lsls	r2, r2, r3
 833:Drivers/STM32G0xx_HAL_Driver/Src/stm32g0xx_hal_dma.c ****   {
 1689              		.loc 1 833 11 view .LVU590
 1690 0046 1142     		tst	r1, r2
 1691 0048 26D0     		beq	.L86
 833:Drivers/STM32G0xx_HAL_Driver/Src/stm32g0xx_hal_dma.c ****   {
ARM GAS  C:\Users\Domagoj\AppData\Local\Temp\cccolMwP.s 			page 60


 1692              		.loc 1 833 79 discriminator 1 view .LVU591
 1693 004a AA07     		lsls	r2, r5, #30
 1694 004c 24D5     		bpl	.L86
 835:Drivers/STM32G0xx_HAL_Driver/Src/stm32g0xx_hal_dma.c ****     {
 1695              		.loc 1 835 5 is_stmt 1 view .LVU592
 835:Drivers/STM32G0xx_HAL_Driver/Src/stm32g0xx_hal_dma.c ****     {
 1696              		.loc 1 835 24 is_stmt 0 view .LVU593
 1697 004e 2368     		ldr	r3, [r4]
 835:Drivers/STM32G0xx_HAL_Driver/Src/stm32g0xx_hal_dma.c ****     {
 1698              		.loc 1 835 8 view .LVU594
 1699 0050 9B06     		lsls	r3, r3, #26
 1700 0052 06D4     		bmi	.L87
 838:Drivers/STM32G0xx_HAL_Driver/Src/stm32g0xx_hal_dma.c **** 
 1701              		.loc 1 838 7 is_stmt 1 view .LVU595
 1702 0054 2368     		ldr	r3, [r4]
 1703 0056 0A22     		movs	r2, #10
 1704 0058 9343     		bics	r3, r2
 1705 005a 2360     		str	r3, [r4]
 841:Drivers/STM32G0xx_HAL_Driver/Src/stm32g0xx_hal_dma.c ****     }
 1706              		.loc 1 841 7 view .LVU596
 841:Drivers/STM32G0xx_HAL_Driver/Src/stm32g0xx_hal_dma.c ****     }
 1707              		.loc 1 841 19 is_stmt 0 view .LVU597
 1708 005c 2523     		movs	r3, #37
 1709 005e 093A     		subs	r2, r2, #9
 1710 0060 C254     		strb	r2, [r0, r3]
 1711              	.L87:
 844:Drivers/STM32G0xx_HAL_Driver/Src/stm32g0xx_hal_dma.c **** 
 1712              		.loc 1 844 5 is_stmt 1 view .LVU598
 1713 0062 0268     		ldr	r2, [r0]
 1714 0064 1B4B     		ldr	r3, .L95
 1715 0066 9A42     		cmp	r2, r3
 1716 0068 0ED9     		bls	.L88
 844:Drivers/STM32G0xx_HAL_Driver/Src/stm32g0xx_hal_dma.c **** 
 1717              		.loc 1 844 5 is_stmt 0 discriminator 1 view .LVU599
 1718 006a 436C     		ldr	r3, [r0, #68]
 1719 006c 1C22     		movs	r2, #28
 1720 006e 1A40     		ands	r2, r3
 1721 0070 0223     		movs	r3, #2
 1722 0072 9340     		lsls	r3, r3, r2
 1723 0074 184A     		ldr	r2, .L95+4
 1724 0076 5360     		str	r3, [r2, #4]
 1725              	.L89:
 847:Drivers/STM32G0xx_HAL_Driver/Src/stm32g0xx_hal_dma.c **** 
 1726              		.loc 1 847 5 is_stmt 1 view .LVU600
 847:Drivers/STM32G0xx_HAL_Driver/Src/stm32g0xx_hal_dma.c **** 
 1727              		.loc 1 847 5 view .LVU601
 1728 0078 2423     		movs	r3, #36
 1729 007a 0022     		movs	r2, #0
 1730 007c C254     		strb	r2, [r0, r3]
 847:Drivers/STM32G0xx_HAL_Driver/Src/stm32g0xx_hal_dma.c **** 
 1731              		.loc 1 847 5 view .LVU602
 849:Drivers/STM32G0xx_HAL_Driver/Src/stm32g0xx_hal_dma.c ****     {
 1732              		.loc 1 849 5 view .LVU603
 849:Drivers/STM32G0xx_HAL_Driver/Src/stm32g0xx_hal_dma.c ****     {
 1733              		.loc 1 849 13 is_stmt 0 view .LVU604
 1734 007e C36A     		ldr	r3, [r0, #44]
 849:Drivers/STM32G0xx_HAL_Driver/Src/stm32g0xx_hal_dma.c ****     {
ARM GAS  C:\Users\Domagoj\AppData\Local\Temp\cccolMwP.s 			page 61


 1735              		.loc 1 849 8 view .LVU605
 1736 0080 002B     		cmp	r3, #0
 1737 0082 DDD0     		beq	.L82
 852:Drivers/STM32G0xx_HAL_Driver/Src/stm32g0xx_hal_dma.c ****     }
 1738              		.loc 1 852 7 is_stmt 1 view .LVU606
 1739 0084 9847     		blx	r3
 1740              	.LVL99:
 852:Drivers/STM32G0xx_HAL_Driver/Src/stm32g0xx_hal_dma.c ****     }
 1741              		.loc 1 852 7 is_stmt 0 view .LVU607
 1742 0086 DBE7     		b	.L82
 1743              	.LVL100:
 1744              	.L88:
 844:Drivers/STM32G0xx_HAL_Driver/Src/stm32g0xx_hal_dma.c **** 
 1745              		.loc 1 844 5 discriminator 2 view .LVU608
 1746 0088 436C     		ldr	r3, [r0, #68]
 1747 008a 1C22     		movs	r2, #28
 1748 008c 1A40     		ands	r2, r3
 1749 008e 0223     		movs	r3, #2
 1750 0090 9340     		lsls	r3, r3, r2
 1751 0092 124A     		ldr	r2, .L95+8
 1752 0094 5360     		str	r3, [r2, #4]
 1753 0096 EFE7     		b	.L89
 1754              	.L86:
 857:Drivers/STM32G0xx_HAL_Driver/Src/stm32g0xx_hal_dma.c ****   {
 1755              		.loc 1 857 8 is_stmt 1 view .LVU609
 857:Drivers/STM32G0xx_HAL_Driver/Src/stm32g0xx_hal_dma.c ****   {
 1756              		.loc 1 857 38 is_stmt 0 view .LVU610
 1757 0098 0822     		movs	r2, #8
 1758 009a 9A40     		lsls	r2, r2, r3
 857:Drivers/STM32G0xx_HAL_Driver/Src/stm32g0xx_hal_dma.c ****   {
 1759              		.loc 1 857 11 view .LVU611
 1760 009c 1142     		tst	r1, r2
 1761 009e CFD0     		beq	.L82
 857:Drivers/STM32G0xx_HAL_Driver/Src/stm32g0xx_hal_dma.c ****   {
 1762              		.loc 1 857 79 discriminator 1 view .LVU612
 1763 00a0 2D07     		lsls	r5, r5, #28
 1764 00a2 CDD5     		bpl	.L82
 1765              	.LVL101:
 862:Drivers/STM32G0xx_HAL_Driver/Src/stm32g0xx_hal_dma.c **** 
 1766              		.loc 1 862 5 is_stmt 1 view .LVU613
 1767 00a4 2368     		ldr	r3, [r4]
 1768 00a6 0E22     		movs	r2, #14
 1769 00a8 9343     		bics	r3, r2
 1770 00aa 2360     		str	r3, [r4]
 866:Drivers/STM32G0xx_HAL_Driver/Src/stm32g0xx_hal_dma.c **** #else
 1771              		.loc 1 866 5 view .LVU614
 866:Drivers/STM32G0xx_HAL_Driver/Src/stm32g0xx_hal_dma.c **** #else
 1772              		.loc 1 866 56 is_stmt 0 view .LVU615
 1773 00ac 436C     		ldr	r3, [r0, #68]
 866:Drivers/STM32G0xx_HAL_Driver/Src/stm32g0xx_hal_dma.c **** #else
 1774              		.loc 1 866 71 view .LVU616
 1775 00ae 0E32     		adds	r2, r2, #14
 1776 00b0 1A40     		ands	r2, r3
 866:Drivers/STM32G0xx_HAL_Driver/Src/stm32g0xx_hal_dma.c **** #else
 1777              		.loc 1 866 9 view .LVU617
 1778 00b2 016C     		ldr	r1, [r0, #64]
 1779              	.LVL102:
ARM GAS  C:\Users\Domagoj\AppData\Local\Temp\cccolMwP.s 			page 62


 866:Drivers/STM32G0xx_HAL_Driver/Src/stm32g0xx_hal_dma.c **** #else
 1780              		.loc 1 866 48 view .LVU618
 1781 00b4 0123     		movs	r3, #1
 1782 00b6 1C00     		movs	r4, r3
 1783 00b8 9440     		lsls	r4, r4, r2
 866:Drivers/STM32G0xx_HAL_Driver/Src/stm32g0xx_hal_dma.c **** #else
 1784              		.loc 1 866 32 view .LVU619
 1785 00ba 4C60     		str	r4, [r1, #4]
 872:Drivers/STM32G0xx_HAL_Driver/Src/stm32g0xx_hal_dma.c **** 
 1786              		.loc 1 872 5 is_stmt 1 view .LVU620
 872:Drivers/STM32G0xx_HAL_Driver/Src/stm32g0xx_hal_dma.c **** 
 1787              		.loc 1 872 21 is_stmt 0 view .LVU621
 1788 00bc C363     		str	r3, [r0, #60]
 875:Drivers/STM32G0xx_HAL_Driver/Src/stm32g0xx_hal_dma.c **** 
 1789              		.loc 1 875 5 is_stmt 1 view .LVU622
 875:Drivers/STM32G0xx_HAL_Driver/Src/stm32g0xx_hal_dma.c **** 
 1790              		.loc 1 875 17 is_stmt 0 view .LVU623
 1791 00be 2522     		movs	r2, #37
 1792 00c0 8354     		strb	r3, [r0, r2]
 878:Drivers/STM32G0xx_HAL_Driver/Src/stm32g0xx_hal_dma.c **** 
 1793              		.loc 1 878 5 is_stmt 1 view .LVU624
 878:Drivers/STM32G0xx_HAL_Driver/Src/stm32g0xx_hal_dma.c **** 
 1794              		.loc 1 878 5 view .LVU625
 1795 00c2 2333     		adds	r3, r3, #35
 1796 00c4 0022     		movs	r2, #0
 1797 00c6 C254     		strb	r2, [r0, r3]
 878:Drivers/STM32G0xx_HAL_Driver/Src/stm32g0xx_hal_dma.c **** 
 1798              		.loc 1 878 5 view .LVU626
 880:Drivers/STM32G0xx_HAL_Driver/Src/stm32g0xx_hal_dma.c ****     {
 1799              		.loc 1 880 5 view .LVU627
 880:Drivers/STM32G0xx_HAL_Driver/Src/stm32g0xx_hal_dma.c ****     {
 1800              		.loc 1 880 13 is_stmt 0 view .LVU628
 1801 00c8 436B     		ldr	r3, [r0, #52]
 880:Drivers/STM32G0xx_HAL_Driver/Src/stm32g0xx_hal_dma.c ****     {
 1802              		.loc 1 880 8 view .LVU629
 1803 00ca 002B     		cmp	r3, #0
 1804 00cc B8D0     		beq	.L82
 883:Drivers/STM32G0xx_HAL_Driver/Src/stm32g0xx_hal_dma.c ****     }
 1805              		.loc 1 883 7 is_stmt 1 view .LVU630
 1806 00ce 9847     		blx	r3
 1807              	.LVL103:
 889:Drivers/STM32G0xx_HAL_Driver/Src/stm32g0xx_hal_dma.c ****   return;
 1808              		.loc 1 889 3 view .LVU631
 890:Drivers/STM32G0xx_HAL_Driver/Src/stm32g0xx_hal_dma.c **** }
 1809              		.loc 1 890 3 view .LVU632
 1810 00d0 B6E7     		b	.L82
 1811              	.L96:
 1812 00d2 C046     		.align	2
 1813              	.L95:
 1814 00d4 80000240 		.word	1073873024
 1815 00d8 00040240 		.word	1073873920
 1816 00dc 00000240 		.word	1073872896
 1817              		.cfi_endproc
 1818              	.LFE370:
 1820              		.section	.text.HAL_DMA_RegisterCallback,"ax",%progbits
 1821              		.align	1
 1822              		.global	HAL_DMA_RegisterCallback
ARM GAS  C:\Users\Domagoj\AppData\Local\Temp\cccolMwP.s 			page 63


 1823              		.syntax unified
 1824              		.code	16
 1825              		.thumb_func
 1827              	HAL_DMA_RegisterCallback:
 1828              	.LVL104:
 1829              	.LFB371:
 904:Drivers/STM32G0xx_HAL_Driver/Src/stm32g0xx_hal_dma.c ****   HAL_StatusTypeDef status = HAL_OK;
 1830              		.loc 1 904 1 view -0
 1831              		.cfi_startproc
 1832              		@ args = 0, pretend = 0, frame = 0
 1833              		@ frame_needed = 0, uses_anonymous_args = 0
 904:Drivers/STM32G0xx_HAL_Driver/Src/stm32g0xx_hal_dma.c ****   HAL_StatusTypeDef status = HAL_OK;
 1834              		.loc 1 904 1 is_stmt 0 view .LVU634
 1835 0000 10B5     		push	{r4, lr}
 1836              	.LCFI11:
 1837              		.cfi_def_cfa_offset 8
 1838              		.cfi_offset 4, -8
 1839              		.cfi_offset 14, -4
 1840 0002 0300     		movs	r3, r0
 905:Drivers/STM32G0xx_HAL_Driver/Src/stm32g0xx_hal_dma.c **** 
 1841              		.loc 1 905 3 is_stmt 1 view .LVU635
 1842              	.LVL105:
 908:Drivers/STM32G0xx_HAL_Driver/Src/stm32g0xx_hal_dma.c **** 
 1843              		.loc 1 908 3 view .LVU636
 908:Drivers/STM32G0xx_HAL_Driver/Src/stm32g0xx_hal_dma.c **** 
 1844              		.loc 1 908 3 view .LVU637
 1845 0004 2420     		movs	r0, #36
 1846              	.LVL106:
 908:Drivers/STM32G0xx_HAL_Driver/Src/stm32g0xx_hal_dma.c **** 
 1847              		.loc 1 908 3 is_stmt 0 view .LVU638
 1848 0006 185C     		ldrb	r0, [r3, r0]
 1849 0008 0128     		cmp	r0, #1
 1850 000a 21D0     		beq	.L105
 908:Drivers/STM32G0xx_HAL_Driver/Src/stm32g0xx_hal_dma.c **** 
 1851              		.loc 1 908 3 is_stmt 1 discriminator 2 view .LVU639
 1852 000c 2420     		movs	r0, #36
 1853 000e 0124     		movs	r4, #1
 1854 0010 1C54     		strb	r4, [r3, r0]
 908:Drivers/STM32G0xx_HAL_Driver/Src/stm32g0xx_hal_dma.c **** 
 1855              		.loc 1 908 3 view .LVU640
 910:Drivers/STM32G0xx_HAL_Driver/Src/stm32g0xx_hal_dma.c ****   {
 1856              		.loc 1 910 3 view .LVU641
 910:Drivers/STM32G0xx_HAL_Driver/Src/stm32g0xx_hal_dma.c ****   {
 1857              		.loc 1 910 11 is_stmt 0 view .LVU642
 1858 0012 0130     		adds	r0, r0, #1
 1859 0014 1C5C     		ldrb	r4, [r3, r0]
 1860 0016 E0B2     		uxtb	r0, r4
 910:Drivers/STM32G0xx_HAL_Driver/Src/stm32g0xx_hal_dma.c ****   {
 1861              		.loc 1 910 6 view .LVU643
 1862 0018 012C     		cmp	r4, #1
 1863 001a 04D0     		beq	.L107
 937:Drivers/STM32G0xx_HAL_Driver/Src/stm32g0xx_hal_dma.c ****   }
 1864              		.loc 1 937 12 view .LVU644
 1865 001c 0120     		movs	r0, #1
 1866              	.L99:
 1867              	.LVL107:
 941:Drivers/STM32G0xx_HAL_Driver/Src/stm32g0xx_hal_dma.c **** 
ARM GAS  C:\Users\Domagoj\AppData\Local\Temp\cccolMwP.s 			page 64


 1868              		.loc 1 941 3 is_stmt 1 view .LVU645
 941:Drivers/STM32G0xx_HAL_Driver/Src/stm32g0xx_hal_dma.c **** 
 1869              		.loc 1 941 3 view .LVU646
 1870 001e 2422     		movs	r2, #36
 1871              	.LVL108:
 941:Drivers/STM32G0xx_HAL_Driver/Src/stm32g0xx_hal_dma.c **** 
 1872              		.loc 1 941 3 is_stmt 0 view .LVU647
 1873 0020 0021     		movs	r1, #0
 1874              	.LVL109:
 941:Drivers/STM32G0xx_HAL_Driver/Src/stm32g0xx_hal_dma.c **** 
 1875              		.loc 1 941 3 view .LVU648
 1876 0022 9954     		strb	r1, [r3, r2]
 941:Drivers/STM32G0xx_HAL_Driver/Src/stm32g0xx_hal_dma.c **** 
 1877              		.loc 1 941 3 is_stmt 1 view .LVU649
 943:Drivers/STM32G0xx_HAL_Driver/Src/stm32g0xx_hal_dma.c **** }
 1878              		.loc 1 943 3 view .LVU650
 1879              	.LVL110:
 1880              	.L98:
 944:Drivers/STM32G0xx_HAL_Driver/Src/stm32g0xx_hal_dma.c **** 
 1881              		.loc 1 944 1 is_stmt 0 view .LVU651
 1882              		@ sp needed
 1883 0024 10BD     		pop	{r4, pc}
 1884              	.LVL111:
 1885              	.L107:
 912:Drivers/STM32G0xx_HAL_Driver/Src/stm32g0xx_hal_dma.c ****     {
 1886              		.loc 1 912 5 is_stmt 1 view .LVU652
 1887 0026 0229     		cmp	r1, #2
 1888 0028 0FD0     		beq	.L100
 1889 002a 06D8     		bhi	.L101
 1890 002c 0029     		cmp	r1, #0
 1891 002e 09D0     		beq	.L102
 1892 0030 0129     		cmp	r1, #1
 1893 0032 F4D1     		bne	.L99
 919:Drivers/STM32G0xx_HAL_Driver/Src/stm32g0xx_hal_dma.c ****         break;
 1894              		.loc 1 919 9 view .LVU653
 919:Drivers/STM32G0xx_HAL_Driver/Src/stm32g0xx_hal_dma.c ****         break;
 1895              		.loc 1 919 36 is_stmt 0 view .LVU654
 1896 0034 1A63     		str	r2, [r3, #48]
 920:Drivers/STM32G0xx_HAL_Driver/Src/stm32g0xx_hal_dma.c **** 
 1897              		.loc 1 920 9 is_stmt 1 view .LVU655
 905:Drivers/STM32G0xx_HAL_Driver/Src/stm32g0xx_hal_dma.c **** 
 1898              		.loc 1 905 21 is_stmt 0 view .LVU656
 1899 0036 0020     		movs	r0, #0
 920:Drivers/STM32G0xx_HAL_Driver/Src/stm32g0xx_hal_dma.c **** 
 1900              		.loc 1 920 9 view .LVU657
 1901 0038 F1E7     		b	.L99
 1902              	.L101:
 912:Drivers/STM32G0xx_HAL_Driver/Src/stm32g0xx_hal_dma.c ****     {
 1903              		.loc 1 912 5 view .LVU658
 1904 003a 0329     		cmp	r1, #3
 1905 003c EFD1     		bne	.L99
 927:Drivers/STM32G0xx_HAL_Driver/Src/stm32g0xx_hal_dma.c ****         break;
 1906              		.loc 1 927 9 is_stmt 1 view .LVU659
 927:Drivers/STM32G0xx_HAL_Driver/Src/stm32g0xx_hal_dma.c ****         break;
 1907              		.loc 1 927 33 is_stmt 0 view .LVU660
 1908 003e 9A63     		str	r2, [r3, #56]
 928:Drivers/STM32G0xx_HAL_Driver/Src/stm32g0xx_hal_dma.c **** 
ARM GAS  C:\Users\Domagoj\AppData\Local\Temp\cccolMwP.s 			page 65


 1909              		.loc 1 928 9 is_stmt 1 view .LVU661
 905:Drivers/STM32G0xx_HAL_Driver/Src/stm32g0xx_hal_dma.c **** 
 1910              		.loc 1 905 21 is_stmt 0 view .LVU662
 1911 0040 0020     		movs	r0, #0
 928:Drivers/STM32G0xx_HAL_Driver/Src/stm32g0xx_hal_dma.c **** 
 1912              		.loc 1 928 9 view .LVU663
 1913 0042 ECE7     		b	.L99
 1914              	.L102:
 915:Drivers/STM32G0xx_HAL_Driver/Src/stm32g0xx_hal_dma.c ****         break;
 1915              		.loc 1 915 9 is_stmt 1 view .LVU664
 915:Drivers/STM32G0xx_HAL_Driver/Src/stm32g0xx_hal_dma.c ****         break;
 1916              		.loc 1 915 32 is_stmt 0 view .LVU665
 1917 0044 DA62     		str	r2, [r3, #44]
 916:Drivers/STM32G0xx_HAL_Driver/Src/stm32g0xx_hal_dma.c **** 
 1918              		.loc 1 916 9 is_stmt 1 view .LVU666
 905:Drivers/STM32G0xx_HAL_Driver/Src/stm32g0xx_hal_dma.c **** 
 1919              		.loc 1 905 21 is_stmt 0 view .LVU667
 1920 0046 0800     		movs	r0, r1
 916:Drivers/STM32G0xx_HAL_Driver/Src/stm32g0xx_hal_dma.c **** 
 1921              		.loc 1 916 9 view .LVU668
 1922 0048 E9E7     		b	.L99
 1923              	.L100:
 923:Drivers/STM32G0xx_HAL_Driver/Src/stm32g0xx_hal_dma.c ****         break;
 1924              		.loc 1 923 9 is_stmt 1 view .LVU669
 923:Drivers/STM32G0xx_HAL_Driver/Src/stm32g0xx_hal_dma.c ****         break;
 1925              		.loc 1 923 33 is_stmt 0 view .LVU670
 1926 004a 5A63     		str	r2, [r3, #52]
 924:Drivers/STM32G0xx_HAL_Driver/Src/stm32g0xx_hal_dma.c **** 
 1927              		.loc 1 924 9 is_stmt 1 view .LVU671
 905:Drivers/STM32G0xx_HAL_Driver/Src/stm32g0xx_hal_dma.c **** 
 1928              		.loc 1 905 21 is_stmt 0 view .LVU672
 1929 004c 0020     		movs	r0, #0
 924:Drivers/STM32G0xx_HAL_Driver/Src/stm32g0xx_hal_dma.c **** 
 1930              		.loc 1 924 9 view .LVU673
 1931 004e E6E7     		b	.L99
 1932              	.L105:
 908:Drivers/STM32G0xx_HAL_Driver/Src/stm32g0xx_hal_dma.c **** 
 1933              		.loc 1 908 3 discriminator 1 view .LVU674
 1934 0050 0220     		movs	r0, #2
 1935 0052 E7E7     		b	.L98
 1936              		.cfi_endproc
 1937              	.LFE371:
 1939              		.section	.text.HAL_DMA_UnRegisterCallback,"ax",%progbits
 1940              		.align	1
 1941              		.global	HAL_DMA_UnRegisterCallback
 1942              		.syntax unified
 1943              		.code	16
 1944              		.thumb_func
 1946              	HAL_DMA_UnRegisterCallback:
 1947              	.LVL112:
 1948              	.LFB372:
 955:Drivers/STM32G0xx_HAL_Driver/Src/stm32g0xx_hal_dma.c ****   HAL_StatusTypeDef status = HAL_OK;
 1949              		.loc 1 955 1 is_stmt 1 view -0
 1950              		.cfi_startproc
 1951              		@ args = 0, pretend = 0, frame = 0
 1952              		@ frame_needed = 0, uses_anonymous_args = 0
 1953              		@ link register save eliminated.
ARM GAS  C:\Users\Domagoj\AppData\Local\Temp\cccolMwP.s 			page 66


 955:Drivers/STM32G0xx_HAL_Driver/Src/stm32g0xx_hal_dma.c ****   HAL_StatusTypeDef status = HAL_OK;
 1954              		.loc 1 955 1 is_stmt 0 view .LVU676
 1955 0000 0300     		movs	r3, r0
 956:Drivers/STM32G0xx_HAL_Driver/Src/stm32g0xx_hal_dma.c **** 
 1956              		.loc 1 956 3 is_stmt 1 view .LVU677
 1957              	.LVL113:
 959:Drivers/STM32G0xx_HAL_Driver/Src/stm32g0xx_hal_dma.c **** 
 1958              		.loc 1 959 3 view .LVU678
 959:Drivers/STM32G0xx_HAL_Driver/Src/stm32g0xx_hal_dma.c **** 
 1959              		.loc 1 959 3 view .LVU679
 1960 0002 2422     		movs	r2, #36
 1961 0004 825C     		ldrb	r2, [r0, r2]
 1962 0006 012A     		cmp	r2, #1
 1963 0008 29D0     		beq	.L117
 959:Drivers/STM32G0xx_HAL_Driver/Src/stm32g0xx_hal_dma.c **** 
 1964              		.loc 1 959 3 discriminator 2 view .LVU680
 1965 000a 2422     		movs	r2, #36
 1966 000c 0120     		movs	r0, #1
 1967              	.LVL114:
 959:Drivers/STM32G0xx_HAL_Driver/Src/stm32g0xx_hal_dma.c **** 
 1968              		.loc 1 959 3 is_stmt 0 discriminator 2 view .LVU681
 1969 000e 9854     		strb	r0, [r3, r2]
 959:Drivers/STM32G0xx_HAL_Driver/Src/stm32g0xx_hal_dma.c **** 
 1970              		.loc 1 959 3 is_stmt 1 view .LVU682
 961:Drivers/STM32G0xx_HAL_Driver/Src/stm32g0xx_hal_dma.c ****   {
 1971              		.loc 1 961 3 view .LVU683
 961:Drivers/STM32G0xx_HAL_Driver/Src/stm32g0xx_hal_dma.c ****   {
 1972              		.loc 1 961 11 is_stmt 0 view .LVU684
 1973 0010 0132     		adds	r2, r2, #1
 1974 0012 9A5C     		ldrb	r2, [r3, r2]
 1975 0014 D0B2     		uxtb	r0, r2
 961:Drivers/STM32G0xx_HAL_Driver/Src/stm32g0xx_hal_dma.c ****   {
 1976              		.loc 1 961 6 view .LVU685
 1977 0016 012A     		cmp	r2, #1
 1978 0018 04D0     		beq	.L119
 995:Drivers/STM32G0xx_HAL_Driver/Src/stm32g0xx_hal_dma.c ****   }
 1979              		.loc 1 995 12 view .LVU686
 1980 001a 0120     		movs	r0, #1
 1981              	.L110:
 1982              	.LVL115:
 999:Drivers/STM32G0xx_HAL_Driver/Src/stm32g0xx_hal_dma.c **** 
 1983              		.loc 1 999 3 is_stmt 1 view .LVU687
 999:Drivers/STM32G0xx_HAL_Driver/Src/stm32g0xx_hal_dma.c **** 
 1984              		.loc 1 999 3 view .LVU688
 1985 001c 2422     		movs	r2, #36
 1986 001e 0021     		movs	r1, #0
 1987              	.LVL116:
 999:Drivers/STM32G0xx_HAL_Driver/Src/stm32g0xx_hal_dma.c **** 
 1988              		.loc 1 999 3 is_stmt 0 view .LVU689
 1989 0020 9954     		strb	r1, [r3, r2]
 999:Drivers/STM32G0xx_HAL_Driver/Src/stm32g0xx_hal_dma.c **** 
 1990              		.loc 1 999 3 is_stmt 1 view .LVU690
1001:Drivers/STM32G0xx_HAL_Driver/Src/stm32g0xx_hal_dma.c **** }
 1991              		.loc 1 1001 3 view .LVU691
 1992              	.LVL117:
 1993              	.L109:
1002:Drivers/STM32G0xx_HAL_Driver/Src/stm32g0xx_hal_dma.c **** 
ARM GAS  C:\Users\Domagoj\AppData\Local\Temp\cccolMwP.s 			page 67


 1994              		.loc 1 1002 1 is_stmt 0 view .LVU692
 1995              		@ sp needed
 1996 0022 7047     		bx	lr
 1997              	.LVL118:
 1998              	.L119:
 963:Drivers/STM32G0xx_HAL_Driver/Src/stm32g0xx_hal_dma.c ****     {
 1999              		.loc 1 963 5 is_stmt 1 view .LVU693
 2000 0024 0429     		cmp	r1, #4
 2001 0026 F9D8     		bhi	.L110
 2002 0028 8A00     		lsls	r2, r1, #2
 2003 002a 0E48     		ldr	r0, .L120
 2004 002c 8258     		ldr	r2, [r0, r2]
 2005 002e 9746     		mov	pc, r2
 2006              		.section	.rodata.HAL_DMA_UnRegisterCallback,"a",%progbits
 2007              		.align	2
 2008              	.L112:
 2009 0000 30000000 		.word	.L116
 2010 0004 38000000 		.word	.L115
 2011 0008 40000000 		.word	.L114
 2012 000c 48000000 		.word	.L113
 2013 0010 50000000 		.word	.L111
 2014              		.section	.text.HAL_DMA_UnRegisterCallback
 2015              	.L116:
 966:Drivers/STM32G0xx_HAL_Driver/Src/stm32g0xx_hal_dma.c ****         break;
 2016              		.loc 1 966 9 view .LVU694
 966:Drivers/STM32G0xx_HAL_Driver/Src/stm32g0xx_hal_dma.c ****         break;
 2017              		.loc 1 966 32 is_stmt 0 view .LVU695
 2018 0030 0022     		movs	r2, #0
 2019 0032 DA62     		str	r2, [r3, #44]
 967:Drivers/STM32G0xx_HAL_Driver/Src/stm32g0xx_hal_dma.c **** 
 2020              		.loc 1 967 9 is_stmt 1 view .LVU696
 956:Drivers/STM32G0xx_HAL_Driver/Src/stm32g0xx_hal_dma.c **** 
 2021              		.loc 1 956 21 is_stmt 0 view .LVU697
 2022 0034 0800     		movs	r0, r1
 967:Drivers/STM32G0xx_HAL_Driver/Src/stm32g0xx_hal_dma.c **** 
 2023              		.loc 1 967 9 view .LVU698
 2024 0036 F1E7     		b	.L110
 2025              	.L115:
 970:Drivers/STM32G0xx_HAL_Driver/Src/stm32g0xx_hal_dma.c ****         break;
 2026              		.loc 1 970 9 is_stmt 1 view .LVU699
 970:Drivers/STM32G0xx_HAL_Driver/Src/stm32g0xx_hal_dma.c ****         break;
 2027              		.loc 1 970 36 is_stmt 0 view .LVU700
 2028 0038 0022     		movs	r2, #0
 2029 003a 1A63     		str	r2, [r3, #48]
 971:Drivers/STM32G0xx_HAL_Driver/Src/stm32g0xx_hal_dma.c **** 
 2030              		.loc 1 971 9 is_stmt 1 view .LVU701
 956:Drivers/STM32G0xx_HAL_Driver/Src/stm32g0xx_hal_dma.c **** 
 2031              		.loc 1 956 21 is_stmt 0 view .LVU702
 2032 003c 0020     		movs	r0, #0
 971:Drivers/STM32G0xx_HAL_Driver/Src/stm32g0xx_hal_dma.c **** 
 2033              		.loc 1 971 9 view .LVU703
 2034 003e EDE7     		b	.L110
 2035              	.L114:
 974:Drivers/STM32G0xx_HAL_Driver/Src/stm32g0xx_hal_dma.c ****         break;
 2036              		.loc 1 974 9 is_stmt 1 view .LVU704
 974:Drivers/STM32G0xx_HAL_Driver/Src/stm32g0xx_hal_dma.c ****         break;
 2037              		.loc 1 974 33 is_stmt 0 view .LVU705
ARM GAS  C:\Users\Domagoj\AppData\Local\Temp\cccolMwP.s 			page 68


 2038 0040 0022     		movs	r2, #0
 2039 0042 5A63     		str	r2, [r3, #52]
 975:Drivers/STM32G0xx_HAL_Driver/Src/stm32g0xx_hal_dma.c **** 
 2040              		.loc 1 975 9 is_stmt 1 view .LVU706
 956:Drivers/STM32G0xx_HAL_Driver/Src/stm32g0xx_hal_dma.c **** 
 2041              		.loc 1 956 21 is_stmt 0 view .LVU707
 2042 0044 0020     		movs	r0, #0
 975:Drivers/STM32G0xx_HAL_Driver/Src/stm32g0xx_hal_dma.c **** 
 2043              		.loc 1 975 9 view .LVU708
 2044 0046 E9E7     		b	.L110
 2045              	.L113:
 978:Drivers/STM32G0xx_HAL_Driver/Src/stm32g0xx_hal_dma.c ****         break;
 2046              		.loc 1 978 9 is_stmt 1 view .LVU709
 978:Drivers/STM32G0xx_HAL_Driver/Src/stm32g0xx_hal_dma.c ****         break;
 2047              		.loc 1 978 33 is_stmt 0 view .LVU710
 2048 0048 0022     		movs	r2, #0
 2049 004a 9A63     		str	r2, [r3, #56]
 979:Drivers/STM32G0xx_HAL_Driver/Src/stm32g0xx_hal_dma.c **** 
 2050              		.loc 1 979 9 is_stmt 1 view .LVU711
 956:Drivers/STM32G0xx_HAL_Driver/Src/stm32g0xx_hal_dma.c **** 
 2051              		.loc 1 956 21 is_stmt 0 view .LVU712
 2052 004c 0020     		movs	r0, #0
 979:Drivers/STM32G0xx_HAL_Driver/Src/stm32g0xx_hal_dma.c **** 
 2053              		.loc 1 979 9 view .LVU713
 2054 004e E5E7     		b	.L110
 2055              	.L111:
 982:Drivers/STM32G0xx_HAL_Driver/Src/stm32g0xx_hal_dma.c ****         hdma->XferHalfCpltCallback = NULL;
 2056              		.loc 1 982 9 is_stmt 1 view .LVU714
 982:Drivers/STM32G0xx_HAL_Driver/Src/stm32g0xx_hal_dma.c ****         hdma->XferHalfCpltCallback = NULL;
 2057              		.loc 1 982 32 is_stmt 0 view .LVU715
 2058 0050 0022     		movs	r2, #0
 2059 0052 DA62     		str	r2, [r3, #44]
 983:Drivers/STM32G0xx_HAL_Driver/Src/stm32g0xx_hal_dma.c ****         hdma->XferErrorCallback = NULL;
 2060              		.loc 1 983 9 is_stmt 1 view .LVU716
 983:Drivers/STM32G0xx_HAL_Driver/Src/stm32g0xx_hal_dma.c ****         hdma->XferErrorCallback = NULL;
 2061              		.loc 1 983 36 is_stmt 0 view .LVU717
 2062 0054 1A63     		str	r2, [r3, #48]
 984:Drivers/STM32G0xx_HAL_Driver/Src/stm32g0xx_hal_dma.c ****         hdma->XferAbortCallback = NULL;
 2063              		.loc 1 984 9 is_stmt 1 view .LVU718
 984:Drivers/STM32G0xx_HAL_Driver/Src/stm32g0xx_hal_dma.c ****         hdma->XferAbortCallback = NULL;
 2064              		.loc 1 984 33 is_stmt 0 view .LVU719
 2065 0056 5A63     		str	r2, [r3, #52]
 985:Drivers/STM32G0xx_HAL_Driver/Src/stm32g0xx_hal_dma.c ****         break;
 2066              		.loc 1 985 9 is_stmt 1 view .LVU720
 985:Drivers/STM32G0xx_HAL_Driver/Src/stm32g0xx_hal_dma.c ****         break;
 2067              		.loc 1 985 33 is_stmt 0 view .LVU721
 2068 0058 9A63     		str	r2, [r3, #56]
 986:Drivers/STM32G0xx_HAL_Driver/Src/stm32g0xx_hal_dma.c **** 
 2069              		.loc 1 986 9 is_stmt 1 view .LVU722
 956:Drivers/STM32G0xx_HAL_Driver/Src/stm32g0xx_hal_dma.c **** 
 2070              		.loc 1 956 21 is_stmt 0 view .LVU723
 2071 005a 0020     		movs	r0, #0
 986:Drivers/STM32G0xx_HAL_Driver/Src/stm32g0xx_hal_dma.c **** 
 2072              		.loc 1 986 9 view .LVU724
 2073 005c DEE7     		b	.L110
 2074              	.LVL119:
 2075              	.L117:
ARM GAS  C:\Users\Domagoj\AppData\Local\Temp\cccolMwP.s 			page 69


 959:Drivers/STM32G0xx_HAL_Driver/Src/stm32g0xx_hal_dma.c **** 
 2076              		.loc 1 959 3 discriminator 1 view .LVU725
 2077 005e 0220     		movs	r0, #2
 2078              	.LVL120:
 959:Drivers/STM32G0xx_HAL_Driver/Src/stm32g0xx_hal_dma.c **** 
 2079              		.loc 1 959 3 discriminator 1 view .LVU726
 2080 0060 DFE7     		b	.L109
 2081              	.L121:
 2082 0062 C046     		.align	2
 2083              	.L120:
 2084 0064 00000000 		.word	.L112
 2085              		.cfi_endproc
 2086              	.LFE372:
 2088              		.section	.text.HAL_DMA_GetState,"ax",%progbits
 2089              		.align	1
 2090              		.global	HAL_DMA_GetState
 2091              		.syntax unified
 2092              		.code	16
 2093              		.thumb_func
 2095              	HAL_DMA_GetState:
 2096              	.LVL121:
 2097              	.LFB373:
1032:Drivers/STM32G0xx_HAL_Driver/Src/stm32g0xx_hal_dma.c ****   /* Return DMA handle state */
 2098              		.loc 1 1032 1 is_stmt 1 view -0
 2099              		.cfi_startproc
 2100              		@ args = 0, pretend = 0, frame = 0
 2101              		@ frame_needed = 0, uses_anonymous_args = 0
 2102              		@ link register save eliminated.
1034:Drivers/STM32G0xx_HAL_Driver/Src/stm32g0xx_hal_dma.c **** }
 2103              		.loc 1 1034 3 view .LVU728
1034:Drivers/STM32G0xx_HAL_Driver/Src/stm32g0xx_hal_dma.c **** }
 2104              		.loc 1 1034 14 is_stmt 0 view .LVU729
 2105 0000 2523     		movs	r3, #37
 2106 0002 C05C     		ldrb	r0, [r0, r3]
 2107              	.LVL122:
1034:Drivers/STM32G0xx_HAL_Driver/Src/stm32g0xx_hal_dma.c **** }
 2108              		.loc 1 1034 14 view .LVU730
 2109 0004 C0B2     		uxtb	r0, r0
1035:Drivers/STM32G0xx_HAL_Driver/Src/stm32g0xx_hal_dma.c **** 
 2110              		.loc 1 1035 1 view .LVU731
 2111              		@ sp needed
 2112 0006 7047     		bx	lr
 2113              		.cfi_endproc
 2114              	.LFE373:
 2116              		.section	.text.HAL_DMA_GetError,"ax",%progbits
 2117              		.align	1
 2118              		.global	HAL_DMA_GetError
 2119              		.syntax unified
 2120              		.code	16
 2121              		.thumb_func
 2123              	HAL_DMA_GetError:
 2124              	.LVL123:
 2125              	.LFB374:
1044:Drivers/STM32G0xx_HAL_Driver/Src/stm32g0xx_hal_dma.c ****   /* Return the DMA error code */
 2126              		.loc 1 1044 1 is_stmt 1 view -0
 2127              		.cfi_startproc
 2128              		@ args = 0, pretend = 0, frame = 0
ARM GAS  C:\Users\Domagoj\AppData\Local\Temp\cccolMwP.s 			page 70


 2129              		@ frame_needed = 0, uses_anonymous_args = 0
 2130              		@ link register save eliminated.
1046:Drivers/STM32G0xx_HAL_Driver/Src/stm32g0xx_hal_dma.c **** }
 2131              		.loc 1 1046 3 view .LVU733
1046:Drivers/STM32G0xx_HAL_Driver/Src/stm32g0xx_hal_dma.c **** }
 2132              		.loc 1 1046 14 is_stmt 0 view .LVU734
 2133 0000 C06B     		ldr	r0, [r0, #60]
 2134              	.LVL124:
1047:Drivers/STM32G0xx_HAL_Driver/Src/stm32g0xx_hal_dma.c **** 
 2135              		.loc 1 1047 1 view .LVU735
 2136              		@ sp needed
 2137 0002 7047     		bx	lr
 2138              		.cfi_endproc
 2139              	.LFE374:
 2141              		.text
 2142              	.Letext0:
 2143              		.file 2 "C:\\ST\\STM32CubeIDE_2.2.0\\STM32CubeIDE\\plugins\\com.st.stm32cube.ide.mcu.externaltools
 2144              		.file 3 "C:\\ST\\STM32CubeIDE_2.2.0\\STM32CubeIDE\\plugins\\com.st.stm32cube.ide.mcu.externaltools
 2145              		.file 4 "Drivers/CMSIS/Device/ST/STM32G0xx/Include/stm32g0b1xx.h"
 2146              		.file 5 "Drivers/STM32G0xx_HAL_Driver/Inc/stm32g0xx_hal_def.h"
 2147              		.file 6 "Drivers/STM32G0xx_HAL_Driver/Inc/stm32g0xx_hal_dma.h"
 2148              		.file 7 "Drivers/STM32G0xx_HAL_Driver/Inc/stm32g0xx_ll_dma.h"
 2149              		.file 8 "Drivers/STM32G0xx_HAL_Driver/Inc/stm32g0xx_hal.h"
ARM GAS  C:\Users\Domagoj\AppData\Local\Temp\cccolMwP.s 			page 71


DEFINED SYMBOLS
                            *ABS*:00000000 stm32g0xx_hal_dma.c
C:\Users\Domagoj\AppData\Local\Temp\cccolMwP.s:19     .text.DMA_SetConfig:00000000 $t
C:\Users\Domagoj\AppData\Local\Temp\cccolMwP.s:24     .text.DMA_SetConfig:00000000 DMA_SetConfig
C:\Users\Domagoj\AppData\Local\Temp\cccolMwP.s:118    .text.DMA_CalcDMAMUXChannelBaseAndMask:00000000 $t
C:\Users\Domagoj\AppData\Local\Temp\cccolMwP.s:123    .text.DMA_CalcDMAMUXChannelBaseAndMask:00000000 DMA_CalcDMAMUXChannelBaseAndMask
C:\Users\Domagoj\AppData\Local\Temp\cccolMwP.s:224    .text.DMA_CalcDMAMUXChannelBaseAndMask:00000058 $d
C:\Users\Domagoj\AppData\Local\Temp\cccolMwP.s:232    .text.DMA_CalcDMAMUXRequestGenBaseAndMask:00000000 $t
C:\Users\Domagoj\AppData\Local\Temp\cccolMwP.s:237    .text.DMA_CalcDMAMUXRequestGenBaseAndMask:00000000 DMA_CalcDMAMUXRequestGenBaseAndMask
C:\Users\Domagoj\AppData\Local\Temp\cccolMwP.s:283    .text.DMA_CalcDMAMUXRequestGenBaseAndMask:00000020 $d
C:\Users\Domagoj\AppData\Local\Temp\cccolMwP.s:289    .text.HAL_DMA_Init:00000000 $t
C:\Users\Domagoj\AppData\Local\Temp\cccolMwP.s:295    .text.HAL_DMA_Init:00000000 HAL_DMA_Init
C:\Users\Domagoj\AppData\Local\Temp\cccolMwP.s:503    .text.HAL_DMA_Init:000000c4 $d
C:\Users\Domagoj\AppData\Local\Temp\cccolMwP.s:513    .text.HAL_DMA_DeInit:00000000 $t
C:\Users\Domagoj\AppData\Local\Temp\cccolMwP.s:519    .text.HAL_DMA_DeInit:00000000 HAL_DMA_DeInit
C:\Users\Domagoj\AppData\Local\Temp\cccolMwP.s:704    .text.HAL_DMA_DeInit:000000a0 $d
C:\Users\Domagoj\AppData\Local\Temp\cccolMwP.s:713    .text.HAL_DMA_Start:00000000 $t
C:\Users\Domagoj\AppData\Local\Temp\cccolMwP.s:719    .text.HAL_DMA_Start:00000000 HAL_DMA_Start
C:\Users\Domagoj\AppData\Local\Temp\cccolMwP.s:821    .text.HAL_DMA_Start_IT:00000000 $t
C:\Users\Domagoj\AppData\Local\Temp\cccolMwP.s:827    .text.HAL_DMA_Start_IT:00000000 HAL_DMA_Start_IT
C:\Users\Domagoj\AppData\Local\Temp\cccolMwP.s:989    .text.HAL_DMA_Abort:00000000 $t
C:\Users\Domagoj\AppData\Local\Temp\cccolMwP.s:995    .text.HAL_DMA_Abort:00000000 HAL_DMA_Abort
C:\Users\Domagoj\AppData\Local\Temp\cccolMwP.s:1126   .text.HAL_DMA_Abort:00000074 $d
C:\Users\Domagoj\AppData\Local\Temp\cccolMwP.s:1131   .text.HAL_DMA_Abort_IT:00000000 $t
C:\Users\Domagoj\AppData\Local\Temp\cccolMwP.s:1137   .text.HAL_DMA_Abort_IT:00000000 HAL_DMA_Abort_IT
C:\Users\Domagoj\AppData\Local\Temp\cccolMwP.s:1268   .text.HAL_DMA_Abort_IT:00000070 $d
C:\Users\Domagoj\AppData\Local\Temp\cccolMwP.s:1273   .text.HAL_DMA_PollForTransfer:00000000 $t
C:\Users\Domagoj\AppData\Local\Temp\cccolMwP.s:1279   .text.HAL_DMA_PollForTransfer:00000000 HAL_DMA_PollForTransfer
C:\Users\Domagoj\AppData\Local\Temp\cccolMwP.s:1596   .text.HAL_DMA_IRQHandler:00000000 $t
C:\Users\Domagoj\AppData\Local\Temp\cccolMwP.s:1602   .text.HAL_DMA_IRQHandler:00000000 HAL_DMA_IRQHandler
C:\Users\Domagoj\AppData\Local\Temp\cccolMwP.s:1814   .text.HAL_DMA_IRQHandler:000000d4 $d
C:\Users\Domagoj\AppData\Local\Temp\cccolMwP.s:1821   .text.HAL_DMA_RegisterCallback:00000000 $t
C:\Users\Domagoj\AppData\Local\Temp\cccolMwP.s:1827   .text.HAL_DMA_RegisterCallback:00000000 HAL_DMA_RegisterCallback
C:\Users\Domagoj\AppData\Local\Temp\cccolMwP.s:1940   .text.HAL_DMA_UnRegisterCallback:00000000 $t
C:\Users\Domagoj\AppData\Local\Temp\cccolMwP.s:1946   .text.HAL_DMA_UnRegisterCallback:00000000 HAL_DMA_UnRegisterCallback
C:\Users\Domagoj\AppData\Local\Temp\cccolMwP.s:2007   .rodata.HAL_DMA_UnRegisterCallback:00000000 $d
C:\Users\Domagoj\AppData\Local\Temp\cccolMwP.s:2084   .text.HAL_DMA_UnRegisterCallback:00000064 $d
C:\Users\Domagoj\AppData\Local\Temp\cccolMwP.s:2089   .text.HAL_DMA_GetState:00000000 $t
C:\Users\Domagoj\AppData\Local\Temp\cccolMwP.s:2095   .text.HAL_DMA_GetState:00000000 HAL_DMA_GetState
C:\Users\Domagoj\AppData\Local\Temp\cccolMwP.s:2117   .text.HAL_DMA_GetError:00000000 $t
C:\Users\Domagoj\AppData\Local\Temp\cccolMwP.s:2123   .text.HAL_DMA_GetError:00000000 HAL_DMA_GetError

UNDEFINED SYMBOLS
__aeabi_uidiv
HAL_GetTick
